  0
SECTION
  2
HEADER
  9
$ACADVER
  1
AC1027
  9
$ACADMAINTVER
 70
   125
  9
$DWGCODEPAGE
  3
ANSI_1252
  9
$REQUIREDVERSIONS
160
                 0
  9
$INSBASE
 10
0.0
 20
0.0
 30
0.0
  9
$EXTMIN
 10
1.000000000000000E+20
 20
1.000000000000000E+20
 30
1.000000000000000E+20
  9
$EXTMAX
 10
-1.000000000000000E+20
 20
-1.000000000000000E+20
 30
-1.000000000000000E+20
  9
$LIMMIN
 10
0.0
 20
0.0
  9
$LIMMAX
 10
12.0
 20
9.0
  9
$ORTHOMODE
 70
     0
  9
$REGENMODE
 70
     1
  9
$FILLMODE
 70
     1
  9
$QTEXTMODE
 70
     0
  9
$MIRRTEXT
 70
     0
  9
$LTSCALE
 40
1.0
  9
$ATTMODE
 70
     1
  9
$TEXTSIZE
 40
0.2
  9
$TRACEWID
 40
0.05
  9
$TEXTSTYLE
  7
Standard
  9
$CLAYER
  8
0
  9
$CELTYPE
  6
ByLayer
  9
$CECOLOR
 62
   256
  9
$CELTSCALE
 40
1.0
  9
$DISPSILH
 70
     0
  9
$DIMSCALE
 40
1.0
  9
$DIMASZ
 40
0.18
  9
$DIMEXO
 40
0.0625
  9
$DIMDLI
 40
0.38
  9
$DIMRND
 40
0.0
  9
$DIMDLE
 40
0.0
  9
$DIMEXE
 40
0.18
  9
$DIMTP
 40
0.0
  9
$DIMTM
 40
0.0
  9
$DIMTXT
 40
0.18
  9
$DIMCEN
 40
0.09
  9
$DIMTSZ
 40
0.0
  9
$DIMTOL
 70
     0
  9
$DIMLIM
 70
     0
  9
$DIMTIH
 70
     1
  9
$DIMTOH
 70
     1
  9
$DIMSE1
 70
     0
  9
$DIMSE2
 70
     0
  9
$DIMTAD
 70
     0
  9
$DIMZIN
 70
     0
  9
$DIMBLK
  1

  9
$DIMASO
 70
     1
  9
$DIMSHO
 70
     1
  9
$DIMPOST
  1

  9
$DIMAPOST
  1

  9
$DIMALT
 70
     0
  9
$DIMALTD
 70
     2
  9
$DIMALTF
 40
25.4
  9
$DIMLFAC
 40
1.0
  9
$DIMTOFL
 70
     0
  9
$DIMTVP
 40
0.0
  9
$DIMTIX
 70
     0
  9
$DIMSOXD
 70
     0
  9
$DIMSAH
 70
     0
  9
$DIMBLK1
  1

  9
$DIMBLK2
  1

  9
$DIMSTYLE
  2
Standard
  9
$DIMCLRD
 70
     0
  9
$DIMCLRE
 70
     0
  9
$DIMCLRT
 70
     0
  9
$DIMTFAC
 40
1.0
  9
$DIMGAP
 40
0.09
  9
$DIMJUST
 70
     0
  9
$DIMSD1
 70
     0
  9
$DIMSD2
 70
     0
  9
$DIMTOLJ
 70
     1
  9
$DIMTZIN
 70
     0
  9
$DIMALTZ
 70
     0
  9
$DIMALTTZ
 70
     0
  9
$DIMUPT
 70
     0
  9
$DIMDEC
 70
     4
  9
$DIMTDEC
 70
     4
  9
$DIMALTU
 70
     2
  9
$DIMALTTD
 70
     2
  9
$DIMTXSTY
  7
Standard
  9
$DIMAUNIT
 70
     0
  9
$DIMADEC
 70
     0
  9
$DIMALTRND
 40
0.0
  9
$DIMAZIN
 70
     0
  9
$DIMDSEP
 70
    46
  9
$DIMATFIT
 70
     3
  9
$DIMFRAC
 70
     0
  9
$DIMLDRBLK
  1

  9
$DIMLUNIT
 70
     2
  9
$DIMLWD
 70
    -2
  9
$DIMLWE
 70
    -2
  9
$DIMTMOVE
 70
     0
  9
$DIMFXL
 40
1.0
  9
$DIMFXLON
 70
     0
  9
$DIMJOGANG
 40
0.7853981633974483
  9
$DIMTFILL
 70
     0
  9
$DIMTFILLCLR
 70
     0
  9
$DIMARCSYM
 70
     0
  9
$DIMLTYPE
  6

  9
$DIMLTEX1
  6

  9
$DIMLTEX2
  6

  9
$DIMTXTDIRECTION
 70
     0
  9
$LUNITS
 70
     2
  9
$LUPREC
 70
     4
  9
$SKETCHINC
 40
0.1
  9
$FILLETRAD
 40
0.0
  9
$AUNITS
 70
     0
  9
$AUPREC
 70
     0
  9
$MENU
  1
.
  9
$ELEVATION
 40
0.0
  9
$PELEVATION
 40
0.0
  9
$THICKNESS
 40
0.0
  9
$LIMCHECK
 70
     0
  9
$CHAMFERA
 40
0.0
  9
$CHAMFERB
 40
0.0
  9
$CHAMFERC
 40
0.0
  9
$CHAMFERD
 40
0.0
  9
$SKPOLY
 70
     0
  9
$TDCREATE
 40
2461183.542928241
  9
$TDUCREATE
 40
2461183.542928241
  9
$TDUPDATE
 40
2461183.542928241
  9
$TDUUPDATE
 40
2461183.542928241
  9
$TDINDWG
 40
0.0000115741
  9
$TDUSRTIMER
 40
0.0000115741
  9
$USRTIMER
 70
     1
  9
$ANGBASE
 50
0.0
  9
$ANGDIR
 70
     0
  9
$PDMODE
 70
     0
  9
$PDSIZE
 40
0.0
  9
$PLINEWID
 40
0.0
  9
$SPLFRAME
 70
     0
  9
$SPLINETYPE
 70
     6
  9
$SPLINESEGS
 70
     8
  9
$HANDSEED
  5
9D
  9
$SURFTAB1
 70
     6
  9
$SURFTAB2
 70
     6
  9
$SURFTYPE
 70
     6
  9
$SURFU
 70
     6
  9
$SURFV
 70
     6
  9
$UCSBASE
  2

  9
$UCSNAME
  2

  9
$UCSORG
 10
0.0
 20
0.0
 30
0.0
  9
$UCSXDIR
 10
1.0
 20
0.0
 30
0.0
  9
$UCSYDIR
 10
0.0
 20
1.0
 30
0.0
  9
$UCSORTHOREF
  2

  9
$UCSORTHOVIEW
 70
     0
  9
$UCSORGTOP
 10
0.0
 20
0.0
 30
0.0
  9
$UCSORGBOTTOM
 10
0.0
 20
0.0
 30
0.0
  9
$UCSORGLEFT
 10
0.0
 20
0.0
 30
0.0
  9
$UCSORGRIGHT
 10
0.0
 20
0.0
 30
0.0
  9
$UCSORGFRONT
 10
0.0
 20
0.0
 30
0.0
  9
$UCSORGBACK
 10
0.0
 20
0.0
 30
0.0
  9
$PUCSBASE
  2

  9
$PUCSNAME
  2

  9
$PUCSORG
 10
0.0
 20
0.0
 30
0.0
  9
$PUCSXDIR
 10
1.0
 20
0.0
 30
0.0
  9
$PUCSYDIR
 10
0.0
 20
1.0
 30
0.0
  9
$PUCSORTHOREF
  2

  9
$PUCSORTHOVIEW
 70
     0
  9
$PUCSORGTOP
 10
0.0
 20
0.0
 30
0.0
  9
$PUCSORGBOTTOM
 10
0.0
 20
0.0
 30
0.0
  9
$PUCSORGLEFT
 10
0.0
 20
0.0
 30
0.0
  9
$PUCSORGRIGHT
 10
0.0
 20
0.0
 30
0.0
  9
$PUCSORGFRONT
 10
0.0
 20
0.0
 30
0.0
  9
$PUCSORGBACK
 10
0.0
 20
0.0
 30
0.0
  9
$USERI1
 70
     0
  9
$USERI2
 70
     0
  9
$USERI3
 70
     0
  9
$USERI4
 70
     0
  9
$USERI5
 70
     0
  9
$USERR1
 40
0.0
  9
$USERR2
 40
0.0
  9
$USERR3
 40
0.0
  9
$USERR4
 40
0.0
  9
$USERR5
 40
0.0
  9
$WORLDVIEW
 70
     1
  9
$SHADEDGE
 70
     3
  9
$SHADEDIF
 70
    70
  9
$TILEMODE
 70
     1
  9
$MAXACTVP
 70
    64
  9
$PINSBASE
 10
0.0
 20
0.0
 30
0.0
  9
$PLIMCHECK
 70
     0
  9
$PEXTMIN
 10
1.000000000000000E+20
 20
1.000000000000000E+20
 30
1.000000000000000E+20
  9
$PEXTMAX
 10
-1.000000000000000E+20
 20
-1.000000000000000E+20
 30
-1.000000000000000E+20
  9
$PLIMMIN
 10
0.0
 20
0.0
  9
$PLIMMAX
 10
12.0
 20
9.0
  9
$UNITMODE
 70
     0
  9
$VISRETAIN
 70
     1
  9
$PLINEGEN
 70
     0
  9
$PSLTSCALE
 70
     1
  9
$TREEDEPTH
 70
  3020
  9
$CMLSTYLE
  2
Standard
  9
$CMLJUST
 70
     0
  9
$CMLSCALE
 40
1.0
  9
$PROXYGRAPHICS
 70
     1
  9
$MEASUREMENT
 70
     0
  9
$CELWEIGHT
370
    -1
  9
$ENDCAPS
280
     0
  9
$JOINSTYLE
280
     0
  9
$LWDISPLAY
290
     0
  9
$INSUNITS
 70
     4
  9
$HYPERLINKBASE
  1

  9
$STYLESHEET
  1

  9
$XEDIT
290
     1
  9
$CEPSNTYPE
380
     0
  9
$PSTYLEMODE
290
     1
  9
$FINGERPRINTGUID
  2
{B30DD10F-6C9D-8C48-AE6F-2EA46B84DA09}
  9
$VERSIONGUID
  2
{6DDE75E7-AAC6-1745-A29B-328E8E2EF558}
  9
$EXTNAMES
290
     1
  9
$PSVPSCALE
 40
0.0
  9
$OLESTARTUP
290
     0
  9
$SORTENTS
280
   127
  9
$INDEXCTL
280
     0
  9
$HIDETEXT
280
     1
  9
$XCLIPFRAME
280
     2
  9
$HALOGAP
280
     0
  9
$OBSCOLOR
 70
   257
  9
$OBSLTYPE
280
     0
  9
$INTERSECTIONDISPLAY
280
     0
  9
$INTERSECTIONCOLOR
 70
   257
  9
$DIMASSOC
280
     2
  9
$PROJECTNAME
  1

  9
$CAMERADISPLAY
290
     0
  9
$LENSLENGTH
 40
50.0
  9
$CAMERAHEIGHT
 40
0.0
  9
$STEPSPERSEC
 40
2.0
  9
$STEPSIZE
 40
6.0
  9
$3DDWFPREC
 40
2.0
  9
$PSOLWIDTH
 40
0.25
  9
$PSOLHEIGHT
 40
4.0
  9
$LOFTANG1
 40
1.570796326794896
  9
$LOFTANG2
 40
1.570796326794896
  9
$LOFTMAG1
 40
0.0
  9
$LOFTMAG2
 40
0.0
  9
$LOFTPARAM
 70
     7
  9
$LOFTNORMALS
280
     1
  9
$LATITUDE
 40
37.795
  9
$LONGITUDE
 40
-122.394
  9
$NORTHDIRECTION
 40
0.0
  9
$TIMEZONE
 70
 -8000
  9
$LIGHTGLYPHDISPLAY
280
     1
  9
$TILEMODELIGHTSYNCH
280
     1
  9
$CMATERIAL
347
11
  9
$SOLIDHIST
280
     0
  9
$SHOWHIST
280
     1
  9
$DWFFRAME
280
     2
  9
$DGNFRAME
280
     0
  9
$REALWORLDSCALE
290
     1
  9
$INTERFERECOLOR
 62
     1
  9
$INTERFEREOBJVS
345
33
  9
$INTERFEREVPVS
346
30
  9
$CSHADOW
280
     0
  9
$SHADOWPLANELOCATION
 40
0.0
  0
ENDSEC
  0
SECTION
  2
CLASSES
  0
CLASS
  1
ACDBDICTIONARYWDFLT
  2
AcDbDictionaryWithDefault
  3
ObjectDBX Classes
 90
        0
 91
        1
280
     0
281
     0
  0
CLASS
  1
MATERIAL
  2
AcDbMaterial
  3
ObjectDBX Classes
 90
     1153
 91
        4
280
     0
281
     0
  0
CLASS
  1
VISUALSTYLE
  2
AcDbVisualStyle
  3
ObjectDBX Classes
 90
     4095
 91
       24
280
     0
281
     0
  0
CLASS
  1
SCALE
  2
AcDbScale
  3
ObjectDBX Classes
 90
     1153
 91
       17
280
     0
281
     0
  0
CLASS
  1
TABLESTYLE
  2
AcDbTableStyle
  3
ObjectDBX Classes
 90
     4095
 91
        1
280
     0
281
     0
  0
CLASS
  1
MLEADERSTYLE
  2
AcDbMLeaderStyle
  3
ACDB_MLEADERSTYLE_CLASS
 90
     4095
 91
        1
280
     0
281
     0
  0
CLASS
  1
ACDBSECTIONVIEWSTYLE
  2
AcDbSectionViewStyle
  3
ObjectDBX Classes
 90
     1025
 91
        1
280
     0
281
     0
  0
CLASS
  1
ACDBDETAILVIEWSTYLE
  2
AcDbDetailViewStyle
  3
ObjectDBX Classes
 90
     1025
 91
        1
280
     0
281
     0
  0
CLASS
  1
DICTIONARYVAR
  2
AcDbDictionaryVar
  3
ObjectDBX Classes
 90
        0
 91
        5
280
     0
281
     0
  0
CLASS
  1
CELLSTYLEMAP
  2
AcDbCellStyleMap
  3
ObjectDBX Classes
 90
     1152
 91
        1
280
     0
281
     0
  0
ENDSEC
  0
SECTION
  2
TABLES
  0
TABLE
  2
VPORT
  5
8
330
0
100
AcDbSymbolTable
 70
     1
1001
ACAD
1000
DbSaveVer
1071
      471
  0
VPORT
  5
57
330
8
100
AcDbSymbolTableRecord
100
AcDbViewportTableRecord
  2
*Active
 70
     0
 10
0.0
 20
0.0
 11
1.0
 21
1.0
 12
500.0
 22
500.0
 13
0.0
 23
0.0
 14
1.0
 24
1.0
 15
0.0
 25
0.0
 16
0.0
 26
0.0
 36
1.0
 17
0.0
 27
0.0
 37
0.0
 40
12.0
 41
1.0
 42
50.0
 43
0.0
 44
0.0
 50
0.0
 51
0.0
 71
     0
 72
   100
 73
     1
 74
     1
 75
     0
 76
     0
 77
     0
 78
     0
281
     0
 65
     1
110
0.0
120
0.0
130
0.0
111
1.0
121
0.0
131
0.0
112
0.0
122
1.0
132
0.0
 79
     0
146
0.0
 60
     3
 61
     5
292
     1
282
     1
141
0.0
142
0.0
 63
   250
421
  3355443
  0
ENDTAB
  0
TABLE
  2
LTYPE
  5
5
330
0
100
AcDbSymbolTable
 70
     1
  0
LTYPE
  5
5B
330
5
100
AcDbSymbolTableRecord
100
AcDbLinetypeTableRecord
  2
ByBlock
 70
     0
  3

 72
    65
 73
     0
 40
0.0
  0
LTYPE
  5
5C
330
5
100
AcDbSymbolTableRecord
100
AcDbLinetypeTableRecord
  2
ByLayer
 70
     0
  3

 72
    65
 73
     0
 40
0.0
  0
LTYPE
  5
5D
330
5
100
AcDbSymbolTableRecord
100
AcDbLinetypeTableRecord
  2
Continuous
 70
     0
  3
Solid line
 72
    65
 73
     0
 40
0.0
  0
ENDTAB
  0
TABLE
  2
LAYER
  5
2
330
0
100
AcDbSymbolTable
 70
     2
  0
LAYER
  5
54
330
2
100
AcDbSymbolTableRecord
100
AcDbLayerTableRecord
  2
0
 70
     0
 62
     7
  6
Continuous
370
    -3
390
F
347
21
348
0
  0
LAYER
  5
85
330
2
100
AcDbSymbolTableRecord
100
AcDbLayerTableRecord
  2
Head_TopPlateSidesLaser v2_Sketch1
 70
     0
 62
     7
  6
Continuous
370
    -3
390
F
347
21
348
0
1001
NFusion_SketchTransform
1000
1.000000;0.000000;0.000000;0.000000;0.000000;1.000000;0.000000;0.000000;0.000000;0.000000;1.000000;0.000000;0.000000;0.000000;0.000000;1.000000
  0
ENDTAB
  0
TABLE
  2
STYLE
  5
3
330
0
100
AcDbSymbolTable
 70
     2
  0
STYLE
  5
55
330
3
100
AcDbSymbolTableRecord
100
AcDbTextStyleTableRecord
  2
Standard
 70
     0
 40
0.0
 41
1.0
 50
0.0
 71
     0
 42
0.2
  3
txt
  4

  0
STYLE
  5
5A
330
3
100
AcDbSymbolTableRecord
100
AcDbTextStyleTableRecord
  2
Annotative
 70
     0
 40
0.0
 41
1.0
 50
0.0
 71
     0
 42
0.2
  3
txt
  4

1001
AcadAnnotative
1000
AnnotativeData
1002
{
1070
     1
1070
     1
1002
}
  0
ENDTAB
  0
TABLE
  2
VIEW
  5
6
330
0
100
AcDbSymbolTable
 70
     0
  0
ENDTAB
  0
TABLE
  2
UCS
  5
7
330
0
100
AcDbSymbolTable
 70
     0
  0
ENDTAB
  0
TABLE
  2
APPID
  5
9
330
0
100
AcDbSymbolTable
 70
     4
  0
APPID
  5
56
330
9
100
AcDbSymbolTableRecord
100
AcDbRegAppTableRecord
  2
ACAD
 70
     0
  0
APPID
  5
5E
330
9
100
AcDbSymbolTableRecord
100
AcDbRegAppTableRecord
  2
AcadAnnotative
 70
     0
  0
APPID
  5
78
330
9
100
AcDbSymbolTableRecord
100
AcDbRegAppTableRecord
  2
EDIT_IN_FUSION_ACAD_ADDIN
 70
     0
  0
APPID
  5
79
330
9
100
AcDbSymbolTableRecord
100
AcDbRegAppTableRecord
  2
NFusion_SketchTransform
 70
     0
  0
ENDTAB
  0
TABLE
  2
DIMSTYLE
  5
A
330
0
100
AcDbSymbolTable
 70
     2
100
AcDbDimStyleTable
 71
     0
  0
DIMSTYLE
105
58
330
A
100
AcDbSymbolTableRecord
100
AcDbDimStyleTableRecord
  2
Standard
 70
     0
340
55
  0
DIMSTYLE
105
59
330
A
100
AcDbSymbolTableRecord
100
AcDbDimStyleTableRecord
  2
Annotative
 70
     0
340
55
1001
AcadAnnotative
1000
AnnotativeData
1002
{
1070
     1
1070
     1
1002
}
  0
ENDTAB
  0
TABLE
  2
BLOCK_RECORD
  5
1
330
0
100
AcDbSymbolTable
 70
     1
  0
BLOCK_RECORD
  5
70
330
1
100
AcDbSymbolTableRecord
100
AcDbBlockTableRecord
  2
*Model_Space
340
73
 70
     0
280
     1
281
     0
  0
BLOCK_RECORD
  5
6C
330
1
100
AcDbSymbolTableRecord
100
AcDbBlockTableRecord
  2
*Paper_Space
340
6F
 70
     0
280
     1
281
     0
  0
BLOCK_RECORD
  5
74
330
1
100
AcDbSymbolTableRecord
100
AcDbBlockTableRecord
  2
*Paper_Space0
340
77
 70
     0
280
     1
281
     0
  0
ENDTAB
  0
ENDSEC
  0
SECTION
  2
BLOCKS
  0
BLOCK
  5
71
330
70
100
AcDbEntity
  8
0
100
AcDbBlockBegin
  2
*Model_Space
 70
     0
 10
0.0
 20
0.0
 30
0.0
  3
*Model_Space
  1

  0
ENDBLK
  5
72
330
70
100
AcDbEntity
  8
0
100
AcDbBlockEnd
  0
BLOCK
  5
6D
330
6C
100
AcDbEntity
 67
     1
  8
0
100
AcDbBlockBegin
  2
*Paper_Space
 70
     0
 10
0.0
 20
0.0
 30
0.0
  3
*Paper_Space
  1

  0
ENDBLK
  5
6E
330
6C
100
AcDbEntity
 67
     1
  8
0
100
AcDbBlockEnd
  0
BLOCK
  5
75
330
74
100
AcDbEntity
 67
     1
  8
0
100
AcDbBlockBegin
  2
*Paper_Space0
 70
     0
 10
0.0
 20
0.0
 30
0.0
  3
*Paper_Space0
  1

  0
ENDBLK
  5
76
330
74
100
AcDbEntity
 67
     1
  8
0
100
AcDbBlockEnd
  0
ENDSEC
  0
SECTION
  2
ENTITIES
  0
3DSOLID
  5
84
330
70
100
AcDbEntity
  8
0
347
7A
100
AcDbModelerGeometry
290
     1
  2
{a19602c3-1130-884e-be0b-80731ebf0041}
100
AcDb3dSolid
350
0
  0
POINT
  5
86
330
70
100
AcDbEntity
  8
Head_TopPlateSidesLaser v2_Sketch1
100
AcDbPoint
 10
0.0
 20
0.0
 30
0.0
  0
LINE
  5
87
330
70
100
AcDbEntity
  8
Head_TopPlateSidesLaser v2_Sketch1
100
AcDbLine
 10
0.0
 20
20.0
 30
0.0
 11
-4.0
 21
20.0
 31
0.0
  0
LINE
  5
88
330
70
100
AcDbEntity
  8
Head_TopPlateSidesLaser v2_Sketch1
100
AcDbLine
 10
-4.0
 20
20.0
 30
0.0
 11
-4.0
 21
10.0
 31
0.0
  0
LINE
  5
89
330
70
100
AcDbEntity
  8
Head_TopPlateSidesLaser v2_Sketch1
100
AcDbLine
 10
-4.0
 20
10.0
 30
0.0
 11
0.0
 21
10.0
 31
0.0
  0
LINE
  5
8A
330
70
100
AcDbEntity
  8
Head_TopPlateSidesLaser v2_Sketch1
100
AcDbLine
 10
10.0
 20
0.0
 30
0.0
 11
10.0
 21
-4.000000059604644
 31
0.0
  0
LINE
  5
8B
330
70
100
AcDbEntity
  8
Head_TopPlateSidesLaser v2_Sketch1
100
AcDbLine
 10
0.0
 20
-4.000000059604644
 30
0.0
 11
0.0
 21
0.0
 31
0.0
  0
LINE
  5
8C
330
70
100
AcDbEntity
  8
Head_TopPlateSidesLaser v2_Sketch1
100
AcDbLine
 10
10.0
 20
0.0
 30
0.0
 11
15.0
 21
0.0
 31
0.0
  0
LINE
  5
8D
330
70
100
AcDbEntity
  8
Head_TopPlateSidesLaser v2_Sketch1
100
AcDbLine
 10
10.0
 20
-4.000000059604644
 30
0.0
 11
0.0
 21
-4.000000059604644
 31
0.0
  0
LINE
  5
8E
330
70
100
AcDbEntity
  8
Head_TopPlateSidesLaser v2_Sketch1
100
AcDbLine
 10
0.0
 20
20.0
 30
0.0
 11
15.0
 21
0.0
 31
0.0
  0
LINE
  5
8F
330
70
100
AcDbEntity
  8
Head_TopPlateSidesLaser v2_Sketch1
100
AcDbLine
 10
0.0
 20
10.0
 30
0.0
 11
0.0
 21
0.0
 31
0.0
  0
ENDSEC
  0
SECTION
  2
OBJECTS
  0
DICTIONARY
  5
C
330
0
100
AcDbDictionary
281
     1
  3
ACAD_COLOR
350
63
  3
ACAD_DETAILVIEWSTYLE
350
6A
  3
ACAD_GROUP
350
D
  3
ACAD_LAYOUT
350
62
  3
ACAD_MATERIAL
350
10
  3
ACAD_MLEADERSTYLE
350
66
  3
ACAD_MLINESTYLE
350
5F
  3
ACAD_PLOTSETTINGS
350
61
  3
ACAD_PLOTSTYLENAME
350
E
  3
ACAD_SCALELIST
350
42
  3
ACAD_SECTIONVIEWSTYLE
350
68
  3
ACAD_TABLESTYLE
350
64
  3
ACAD_VISUALSTYLE
350
29
  3
ACDB_RECOMPOSE_DATA
350
98
  3
AcDbVariableDictionary
350
90
  0
DICTIONARY
  5
63
102
{ACAD_REACTORS
330
C
102
}
330
C
100
AcDbDictionary
281
     1
  0
DICTIONARY
  5
6A
102
{ACAD_REACTORS
330
C
102
}
330
C
100
AcDbDictionary
281
     1
  3
Imperial24
350
6B
  0
DICTIONARY
  5
D
102
{ACAD_REACTORS
330
C
102
}
330
C
100
AcDbDictionary
281
     1
  0
DICTIONARY
  5
62
102
{ACAD_REACTORS
330
C
102
}
330
C
100
AcDbDictionary
281
     1
  3
Layout1
350
6F
  3
Layout2
350
77
  3
Model
350
73
  0
DICTIONARY
  5
10
102
{ACAD_REACTORS
330
C
102
}
330
C
100
AcDbDictionary
281
     1
  3
ByBlock
350
19
  3
ByLayer
350
11
  3
Global
350
21
  3
Mahogany - Semigloss
350
7A
  0
DICTIONARY
  5
66
102
{ACAD_REACTORS
330
C
102
}
330
C
100
AcDbDictionary
281
     1
  3
Standard
350
67
  0
DICTIONARY
  5
5F
102
{ACAD_REACTORS
330
C
102
}
330
C
100
AcDbDictionary
281
     1
  3
Standard
350
60
  0
DICTIONARY
  5
61
102
{ACAD_REACTORS
330
C
102
}
330
C
100
AcDbDictionary
281
     1
  0
ACDBDICTIONARYWDFLT
  5
E
102
{ACAD_REACTORS
330
C
102
}
330
C
100
AcDbDictionary
281
     1
  3
Normal
350
F
100
AcDbDictionaryWithDefault
340
F
  0
DICTIONARY
  5
42
102
{ACAD_REACTORS
330
C
102
}
330
C
100
AcDbDictionary
281
     1
  3
A0
350
43
  3
A1
350
44
  3
A2
350
45
  3
A3
350
46
  3
A4
350
47
  3
A5
350
48
  3
A6
350
49
  3
A7
350
4A
  3
A8
350
4B
  3
A9
350
4C
  3
B0
350
4D
  3
B1
350
4E
  3
B2
350
4F
  3
B3
350
50
  3
B4
350
51
  3
B5
350
52
  3
B6
350
53
  0
DICTIONARY
  5
68
102
{ACAD_REACTORS
330
C
102
}
330
C
100
AcDbDictionary
281
     1
  3
Imperial24
350
69
  0
DICTIONARY
  5
64
102
{ACAD_REACTORS
330
C
102
}
330
C
100
AcDbDictionary
281
     1
  3
Standard
350
65
  0
DICTIONARY
  5
29
102
{ACAD_REACTORS
330
C
102
}
330
C
100
AcDbDictionary
281
     1
  3
2dWireframe
350
2F
  3
Basic
350
2E
  3
Brighten
350
35
  3
ColorChange
350
39
  3
Conceptual
350
32
  3
Dim
350
34
  3
EdgeColorOff
350
41
  3
Facepattern
350
38
  3
Flat
350
2A
  3
FlatWithEdges
350
2B
  3
Gouraud
350
2C
  3
GouraudWithEdges
350
2D
  3
Hidden
350
31
  3
JitterOff
350
3F
  3
Linepattern
350
37
  3
OverhangOff
350
40
  3
Realistic
350
33
  3
Shaded
350
3E
  3
Shaded with edges
350
3D
  3
Shades of Gray
350
3A
  3
Sketchy
350
3B
  3
Thicken
350
36
  3
Wireframe
350
30
  3
X-Ray
350
3C
  0
XRECORD
  5
98
102
{ACAD_REACTORS
330
C
102
}
330
C
100
AcDbXrecord
280
     1
 90
        1
330
65
  0
DICTIONARY
  5
90
102
{ACAD_REACTORS
330
C
102
}
330
C
100
AcDbDictionary
281
     1
  3
CANNOSCALE
350
95
  3
CMLEADERSTYLE
350
92
  3
CTABLESTYLE
350
91
  3
CVIEWDETAILSTYLE
350
93
  3
CVIEWSECTIONSTYLE
350
94
  0
ACDBDETAILVIEWSTYLE
  5
6B
102
{ACAD_XDICTIONARY
360
9B
102
}
102
{ACAD_REACTORS
330
6A
102
}
330
6A
100
AcDbModelDocViewStyle
 70
     0
  3
Imperial24
290
     0
100
AcDbDetailViewStyle
 70
     0
 71
     0
 90
        3
 71
     1
340
55
 62
   256
 40
0.24
340
0
 62
   256
 40
0.24
300

 40
0.36
280
     3
 71
     2
340
5D
 90
       25
 62
   256
 71
     3
340
55
 62
   256
 40
0.24
 90
        1
 40
0.75
 90
        1
300
%<\AcVar ViewType \f "%tc1">% %<\AcVar ViewDetailId>%\PSCALE %<\AcVar ViewScale \f "%sn">%
 71
     4
340
5D
 90
       25
 62
   256
340
5D
 90
       25
 62
   256
280
     0
  0
LAYOUT
  5
6F
102
{ACAD_REACTORS
330
62
102
}
330
62
100
AcDbPlotSettings
  1

  2

  4

  6

 40
0.0
 41
0.0
 42
0.0
 43
0.0
 44
0.0
 45
0.0
 46
0.0
 47
0.0
 48
0.0
 49
0.0
140
0.0
141
0.0
142
1.0
143
1.0
 70
   688
 72
     0
 73
     0
 74
     5
  7

 75
    16
147
1.0
 76
     0
 77
     2
 78
   300
148
0.0
149
0.0
100
AcDbLayout
  1
Layout1
 70
     1
 71
     1
 10
0.0
 20
0.0
 11
12.0
 21
9.0
 12
0.0
 22
0.0
 32
0.0
 14
0.0
 24
0.0
 34
0.0
 15
0.0
 25
0.0
 35
0.0
146
0.0
 13
0.0
 23
0.0
 33
0.0
 16
1.0
 26
0.0
 36
0.0
 17
0.0
 27
1.0
 37
0.0
 76
     0
330
6C
  0
LAYOUT
  5
77
102
{ACAD_REACTORS
330
62
102
}
330
62
100
AcDbPlotSettings
  1

  2

  4

  6

 40
0.0
 41
0.0
 42
0.0
 43
0.0
 44
0.0
 45
0.0
 46
0.0
 47
0.0
 48
0.0
 49
0.0
140
0.0
141
0.0
142
1.0
143
1.0
 70
   688
 72
     0
 73
     0
 74
     5
  7

 75
    16
147
1.0
 76
     0
 77
     2
 78
   300
148
0.0
149
0.0
100
AcDbLayout
  1
Layout2
 70
     1
 71
     2
 10
0.0
 20
0.0
 11
12.0
 21
9.0
 12
0.0
 22
0.0
 32
0.0
 14
0.0
 24
0.0
 34
0.0
 15
0.0
 25
0.0
 35
0.0
146
0.0
 13
0.0
 23
0.0
 33
0.0
 16
1.0
 26
0.0
 36
0.0
 17
0.0
 27
1.0
 37
0.0
 76
     0
330
74
  0
LAYOUT
  5
73
102
{ACAD_REACTORS
330
62
102
}
330
62
100
AcDbPlotSettings
  1

  2

  4

  6

 40
0.0
 41
0.0
 42
0.0
 43
0.0
 44
0.0
 45
0.0
 46
0.0
 47
0.0
 48
0.0
 49
0.0
140
0.0
141
0.0
142
1.0
143
1.0
 70
  1712
 72
     0
 73
     0
 74
     0
  7

 75
     0
147
1.0
 76
     0
 77
     2
 78
   300
148
0.0
149
0.0
100
AcDbLayout
  1
Model
 70
     1
 71
     0
 10
0.0
 20
0.0
 11
12.0
 21
9.0
 12
0.0
 22
0.0
 32
0.0
 14
0.0
 24
0.0
 34
0.0
 15
0.0
 25
0.0
 35
0.0
146
0.0
 13
0.0
 23
0.0
 33
0.0
 16
1.0
 26
0.0
 36
0.0
 17
0.0
 27
1.0
 37
0.0
 76
     0
330
70
  0
MATERIAL
  5
19
102
{ACAD_XDICTIONARY
360
1A
102
}
102
{ACAD_REACTORS
330
10
102
}
330
10
100
AcDbMaterial
  1
ByBlock
 72
     0
 43
0.0208333333333333
 43
0.0
 43
0.0
 43
0.0
 43
0.0
 43
0.0208333333333333
 43
0.0
 43
0.0
 43
0.0
 43
0.0
 43
1.0
 43
0.0
 43
0.0
 43
0.0
 43
0.0
 43
1.0
 77
     0
 47
0.0208333333333333
 47
0.0
 47
0.0
 47
0.0
 47
0.0
 47
0.0208333333333333
 47
0.0
 47
0.0
 47
0.0
 47
0.0
 47
1.0
 47
0.0
 47
0.0
 47
0.0
 47
0.0
 47
1.0
171
     0
 49
0.0208333333333333
 49
0.0
 49
0.0
 49
0.0
 49
0.0
 49
0.0208333333333333
 49
0.0
 49
0.0
 49
0.0
 49
0.0
 49
1.0
 49
0.0
 49
0.0
 49
0.0
 49
0.0
 49
1.0
175
     0
142
0.0208333333333333
142
0.0
142
0.0
142
0.0
142
0.0
142
0.0208333333333333
142
0.0
142
0.0
142
0.0
142
0.0
142
1.0
142
0.0
142
0.0
142
0.0
142
0.0
142
1.0
179
     0
144
0.0208333333333333
144
0.0
144
0.0
144
0.0
144
0.0
144
0.0208333333333333
144
0.0
144
0.0
144
0.0
144
0.0
144
1.0
144
0.0
144
0.0
144
0.0
144
0.0
144
1.0
147
0.0208333333333333
147
0.0
147
0.0
147
0.0
147
0.0
147
0.0208333333333333
147
0.0
147
0.0
147
0.0
147
0.0
147
1.0
147
0.0
147
0.0
147
0.0
147
0.0
147
1.0
  0
MATERIAL
  5
11
102
{ACAD_XDICTIONARY
360
12
102
}
102
{ACAD_REACTORS
330
10
102
}
330
10
100
AcDbMaterial
  1
ByLayer
 72
     0
 43
0.0208333333333333
 43
0.0
 43
0.0
 43
0.0
 43
0.0
 43
0.0208333333333333
 43
0.0
 43
0.0
 43
0.0
 43
0.0
 43
1.0
 43
0.0
 43
0.0
 43
0.0
 43
0.0
 43
1.0
 77
     0
 47
0.0208333333333333
 47
0.0
 47
0.0
 47
0.0
 47
0.0
 47
0.0208333333333333
 47
0.0
 47
0.0
 47
0.0
 47
0.0
 47
1.0
 47
0.0
 47
0.0
 47
0.0
 47
0.0
 47
1.0
171
     0
 49
0.0208333333333333
 49
0.0
 49
0.0
 49
0.0
 49
0.0
 49
0.0208333333333333
 49
0.0
 49
0.0
 49
0.0
 49
0.0
 49
1.0
 49
0.0
 49
0.0
 49
0.0
 49
0.0
 49
1.0
175
     0
142
0.0208333333333333
142
0.0
142
0.0
142
0.0
142
0.0
142
0.0208333333333333
142
0.0
142
0.0
142
0.0
142
0.0
142
1.0
142
0.0
142
0.0
142
0.0
142
0.0
142
1.0
179
     0
144
0.0208333333333333
144
0.0
144
0.0
144
0.0
144
0.0
144
0.0208333333333333
144
0.0
144
0.0
144
0.0
144
0.0
144
1.0
144
0.0
144
0.0
144
0.0
144
0.0
144
1.0
147
0.0208333333333333
147
0.0
147
0.0
147
0.0
147
0.0
147
0.0208333333333333
147
0.0
147
0.0
147
0.0
147
0.0
147
1.0
147
0.0
147
0.0
147
0.0
147
0.0
147
1.0
  0
MATERIAL
  5
21
102
{ACAD_XDICTIONARY
360
22
102
}
102
{ACAD_REACTORS
330
10
102
}
330
10
100
AcDbMaterial
  1
Global
 72
     0
 43
0.0208333333333333
 43
0.0
 43
0.0
 43
0.0
 43
0.0
 43
0.0208333333333333
 43
0.0
 43
0.0
 43
0.0
 43
0.0
 43
1.0
 43
0.0
 43
0.0
 43
0.0
 43
0.0
 43
1.0
 77
     0
 47
0.0208333333333333
 47
0.0
 47
0.0
 47
0.0
 47
0.0
 47
0.0208333333333333
 47
0.0
 47
0.0
 47
0.0
 47
0.0
 47
1.0
 47
0.0
 47
0.0
 47
0.0
 47
0.0
 47
1.0
171
     0
 49
0.0208333333333333
 49
0.0
 49
0.0
 49
0.0
 49
0.0
 49
0.0208333333333333
 49
0.0
 49
0.0
 49
0.0
 49
0.0
 49
1.0
 49
0.0
 49
0.0
 49
0.0
 49
0.0
 49
1.0
175
     0
142
0.0208333333333333
142
0.0
142
0.0
142
0.0
142
0.0
142
0.0208333333333333
142
0.0
142
0.0
142
0.0
142
0.0
142
1.0
142
0.0
142
0.0
142
0.0
142
0.0
142
1.0
179
     0
144
0.0208333333333333
144
0.0
144
0.0
144
0.0
144
0.0
144
0.0208333333333333
144
0.0
144
0.0
144
0.0
144
0.0
144
1.0
144
0.0
144
0.0
144
0.0
144
0.0
144
1.0
147
0.0208333333333333
147
0.0
147
0.0
147
0.0
147
0.0
147
0.0208333333333333
147
0.0
147
0.0
147
0.0
147
0.0
147
1.0
147
0.0
147
0.0
147
0.0
147
0.0
147
1.0
  0
MATERIAL
  5
7A
102
{ACAD_XDICTIONARY
360
7B
102
}
102
{ACAD_REACTORS
330
10
102
}
330
10
100
AcDbMaterial
  1
Mahogany - Semigloss
 70
     1
 90
-1023410177
 71
     1
 91
-1023410177
  3
C:\worker\deploy\Material Library\assetlibrary_base.fbm\1\Mats\wood_mahogany_color.jpg
 43
0.0555555559694767
 43
0.0
 43
0.0
 43
0.0
 43
0.0
 43
0.0277777779847384
 43
0.0
 43
0.0
 43
0.0
 43
0.0
 43
1.0
 43
0.0
 43
0.0
 43
0.0
 43
0.0
 43
1.0
 44
1.0
 76
     1
 92
-1023410177
 77
     0
171
     0
175
     0
143
0.5001500248908997
  8
C:\worker\deploy\Material Library\assetlibrary_base.fbm\1\Mats\wood_mahogany_bump.jpg
144
0.0555555559694767
144
0.0
144
0.0
144
0.0
144
0.0
144
0.0277777779847384
144
0.0
144
0.0
144
0.0
144
0.0
144
1.0
144
0.0
144
0.0
144
0.0
144
0.0
144
1.0
145
1.399999976158142
148
0.5
468
0.0602702498435974
 94
       17
1001
ACAD
1070
    -1
1070
     3
1070
     0
1000

1071
       72
1070
     0
  0
MLEADERSTYLE
  5
67
102
{ACAD_REACTORS
330
66
102
}
330
66
100
AcDbMLeaderStyle
179
     2
170
     2
171
     1
172
     0
 90
        2
 40
0.0
 41
0.0
173
     1
 91
-1056964608
340
5B
 92
       -2
290
     1
 42
0.09
291
     1
 43
0.36
  3
Standard
 44
0.18
300

342
55
174
     1
178
     6
175
     1
176
     0
 93
-1056964608
 45
0.18
292
     0
297
     0
 46
0.18
 94
-1056964608
 47
1.0
 49
1.0
140
1.0
293
     1
141
0.0
294
     1
177
     0
142
1.0
295
     0
296
     0
143
0.125
271
     0
272
     9
273
     9
298
     1
  0
MLINESTYLE
  5
60
102
{ACAD_REACTORS
330
5F
102
}
330
5F
100
AcDbMlineStyle
  2
STANDARD
 70
     0
  3

 62
   256
 51
90.0
 52
90.0
 71
     2
 49
0.5
 62
   256
  6
BYLAYER
 49
-0.5
 62
   256
  6
BYLAYER
  0
ACDBPLACEHOLDER
  5
F
102
{ACAD_REACTORS
330
E
102
}
330
E
  0
SCALE
  5
43
102
{ACAD_REACTORS
330
42
102
}
330
42
100
AcDbScale
 70
     0
300
1:1
140
1.0
141
1.0
290
     1
  0
SCALE
  5
44
102
{ACAD_REACTORS
330
42
102
}
330
42
100
AcDbScale
 70
     0
300
1/128" = 1'-0"
140
0.0078125
141
12.0
290
     0
  0
SCALE
  5
45
102
{ACAD_REACTORS
330
42
102
}
330
42
100
AcDbScale
 70
     0
300
1/64" = 1'-0"
140
0.015625
141
12.0
290
     0
  0
SCALE
  5
46
102
{ACAD_REACTORS
330
42
102
}
330
42
100
AcDbScale
 70
     0
300
1/32" = 1'-0"
140
0.03125
141
12.0
290
     0
  0
SCALE
  5
47
102
{ACAD_REACTORS
330
42
102
}
330
42
100
AcDbScale
 70
     0
300
1/16" = 1'-0"
140
0.0625
141
12.0
290
     0
  0
SCALE
  5
48
102
{ACAD_REACTORS
330
42
102
}
330
42
100
AcDbScale
 70
     0
300
3/32" = 1'-0"
140
0.09375
141
12.0
290
     0
  0
SCALE
  5
49
102
{ACAD_REACTORS
330
42
102
}
330
42
100
AcDbScale
 70
     0
300
1/8" = 1'-0"
140
0.125
141
12.0
290
     0
  0
SCALE
  5
4A
102
{ACAD_REACTORS
330
42
102
}
330
42
100
AcDbScale
 70
     0
300
3/16" = 1'-0"
140
0.1875
141
12.0
290
     0
  0
SCALE
  5
4B
102
{ACAD_REACTORS
330
42
102
}
330
42
100
AcDbScale
 70
     0
300
1/4" = 1'-0"
140
0.25
141
12.0
290
     0
  0
SCALE
  5
4C
102
{ACAD_REACTORS
330
42
102
}
330
42
100
AcDbScale
 70
     0
300
3/8" = 1'-0"
140
0.375
141
12.0
290
     0
  0
SCALE
  5
4D
102
{ACAD_REACTORS
330
42
102
}
330
42
100
AcDbScale
 70
     0
300
1/2" = 1'-0"
140
0.5
141
12.0
290
     0
  0
SCALE
  5
4E
102
{ACAD_REACTORS
330
42
102
}
330
42
100
AcDbScale
 70
     0
300
3/4" = 1'-0"
140
0.75
141
12.0
290
     0
  0
SCALE
  5
4F
102
{ACAD_REACTORS
330
42
102
}
330
42
100
AcDbScale
 70
     0
300
1" = 1'-0"
140
1.0
141
12.0
290
     0
  0
SCALE
  5
50
102
{ACAD_REACTORS
330
42
102
}
330
42
100
AcDbScale
 70
     0
300
1-1/2" = 1'-0"
140
1.5
141
12.0
290
     0
  0
SCALE
  5
51
102
{ACAD_REACTORS
330
42
102
}
330
42
100
AcDbScale
 70
     0
300
3" = 1'-0"
140
3.0
141
12.0
290
     0
  0
SCALE
  5
52
102
{ACAD_REACTORS
330
42
102
}
330
42
100
AcDbScale
 70
     0
300
6" = 1'-0"
140
6.0
141
12.0
290
     0
  0
SCALE
  5
53
102
{ACAD_REACTORS
330
42
102
}
330
42
100
AcDbScale
 70
     0
300
1'-0" = 1'-0"
140
12.0
141
12.0
290
     0
  0
ACDBSECTIONVIEWSTYLE
  5
69
102
{ACAD_XDICTIONARY
360
99
102
}
102
{ACAD_REACTORS
330
68
102
}
330
68
100
AcDbModelDocViewStyle
 70
     0
  3
Imperial24
290
     0
100
AcDbSectionViewStyle
 70
     0
 71
     0
 90
       78
 71
     1
340
55
 62
   256
 40
0.24
340
0
340
0
 62
   256
 40
0.24
300
I, O, Q, S, X, Z
 40
0.48
 90
        3
 40
0.18
 90
        1
 71
     2
340
5D
 90
       25
 62
   256
340
5D
 90
       50
 62
   256
 40
0.24
 40
0.0
 40
0.24
 71
     3
340
55
 62
   256
 40
0.24
 90
        1
 40
0.75
 90
        1
300
%<\AcVar ViewType \f "%tc1">% %<\AcVar ViewSectionStartId>%-%<\AcVar ViewSectionEndId>%\PSCALE %<\AcVar ViewScale \f "%sn">%
 71
     4
 62
   256
 62
   257
300
ANSI31
 40
1.0
 90
        0
290
     0
290
     0
 90
        6
 40
0.0
 40
1.570796326794896
 40
0.2617993877991494
 40
1.308996938995747
 40
-0.2617993877991494
 40
1.832595714594046
  0
TABLESTYLE
  5
65
102
{ACAD_XDICTIONARY
360
96
102
}
102
{ACAD_REACTORS
330
64
102
}
330
64
100
AcDbTableStyle
280
     0
  3
Standard
 70
     0
 71
     0
 40
0.06
 41
0.06
280
     0
281
     0
  7
Standard
140
0.18
170
     2
 62
     0
 63
     7
283
     0
 90
      512
 91
        0
  1

274
    -2
284
     1
 64
     0
275
    -2
285
     1
 65
     0
276
    -2
286
     1
 66
     0
277
    -2
287
     1
 67
     0
278
    -2
288
     1
 68
     0
279
    -2
289
     1
 69
     0
  7
Standard
140
0.25
170
     5
 62
     0
 63
     7
283
     0
 90
      512
 91
        0
  1

274
    -2
284
     1
 64
     0
275
    -2
285
     1
 65
     0
276
    -2
286
     1
 66
     0
277
    -2
287
     1
 67
     0
278
    -2
288
     1
 68
     0
279
    -2
289
     1
 69
     0
  7
Standard
140
0.18
170
     5
 62
     0
 63
     7
283
     0
 90
      512
 91
        0
  1

274
    -2
284
     1
 64
     0
275
    -2
285
     1
 65
     0
276
    -2
286
     1
 66
     0
277
    -2
287
     1
 67
     0
278
    -2
288
     1
 68
     0
279
    -2
289
     1
 69
     0
  0
VISUALSTYLE
  5
2F
102
{ACAD_REACTORS
330
29
102
}
330
29
100
AcDbVisualStyle
  2
2dWireframe
 70
     4
177
     3
291
     0
 70
    58
 90
        0
176
     1
 90
        2
176
     1
 90
        0
176
     1
 90
        0
176
     1
 40
0.6
176
     1
 40
30.0
176
     1
 62
     7
420
 16777215
176
     1
 90
        1
176
     1
 90
        4
176
     1
 62
     7
176
     1
 62
   257
176
     1
 90
        1
176
     1
 90
        1
176
     1
 40
1.0
176
     1
 90
        0
176
     1
 62
   257
176
     1
 40
1.0
176
     1
 90
        1
176
     1
 90
        6
176
     1
 90
        2
176
     1
 62
     7
176
     1
 90
        5
176
     1
 90
        0
176
     1
 90
        0
176
     1
290
     0
176
     1
 90
        1
176
     1
 40
0.0
176
     1
 90
        0
176
     1
290
     1
176
     1
290
     1
176
     1
290
     0
176
     1
290
     0
176
     1
290
     0
176
     1
290
     0
176
     1
290
     0
176
     1
290
     0
176
     1
290
     0
176
     1
 90
       50
176
     1
 40
0.0
176
     1
 40
1.0
176
     1
 90
        0
176
     1
 62
    18
420
        0
176
     1
 90
       50
176
     1
 90
        3
176
     1
 62
     5
420
      255
176
     1
290
     0
176
     1
 90
       50
176
     1
 90
       50
176
     1
 90
       50
176
     1
290
     0
176
     1
 90
       50
176
     1
 62
   256
176
     0
 40
1.0
176
     0
 90
        2
176
     1
  1
strokes_ogs.tif
176
     1
290
     0
176
     1
 40
1.0
176
     1
 40
1.0
176
     1
1001
ACAD
1000
AcDbSavedByObjectVersion
1070
     0
  0
VISUALSTYLE
  5
2E
102
{ACAD_REACTORS
330
29
102
}
330
29
100
AcDbVisualStyle
  2
Basic
 70
     7
177
     3
291
     1
 70
    58
 90
        1
176
     1
 90
        0
176
     1
 90
        1
176
     1
 90
        0
176
     1
 40
0.6
176
     1
 40
30.0
176
     1
 62
     7
420
 16777215
176
     1
 90
        0
176
     1
 90
        4
176
     1
 62
     7
176
     1
 62
   257
176
     1
 90
        1
176
     1
 90
        1
176
     1
 40
1.0
176
     1
 90
        8
176
     1
 62
     7
176
     1
 40
1.0
176
     1
 90
        1
176
     1
 90
        6
176
     1
 90
        2
176
     1
 62
     7
176
     1
 90
        5
176
     1
 90
        0
176
     1
 90
        0
176
     1
290
     0
176
     1
 90
        1
176
     1
 40
0.0
176
     1
 90
        0
176
     1
290
     0
176
     1
290
     1
176
     1
290
     1
176
     1
290
     0
176
     1
290
     0
176
     1
290
     0
176
     1
290
     0
176
     1
290
     0
176
     1
290
     0
176
     1
 90
       50
176
     1
 40
0.0
176
     1
 40
1.0
176
     1
 90
        0
176
     1
 62
    18
420
        0
176
     1
 90
       50
176
     1
 90
        3
176
     1
 62
     5
420
      255
176
     1
290
     0
176
     1
 90
       50
176
     1
 90
       50
176
     1
 90
       50
176
     1
290
     0
176
     1
 90
       50
176
     1
 62
   256
176
     0
 40
1.0
176
     0
 90
        2
176
     1
  1
strokes_ogs.tif
176
     1
290
     0
176
     1
 40
1.0
176
     1
 40
1.0
176
     1
1001
ACAD
1000
AcDbSavedByObjectVersion
1070
     0
  0
VISUALSTYLE
  5
35
102
{ACAD_REACTORS
330
29
102
}
330
29
100
AcDbVisualStyle
  2
Brighten
 70
    12
177
     3
291
     1
 70
    58
 90
        2
176
     1
 90
        2
176
     1
 90
        0
176
     1
 90
        0
176
     1
 40
0.6
176
     1
 40
30.0
176
     1
 62
     7
420
 16777215
176
     1
 90
        1
176
     1
 90
        4
176
     1
 62
     7
176
     1
 62
   257
176
     1
 90
        1
176
     1
 90
        1
176
     1
 40
1.0
176
     1
 90
        8
176
     1
 62
     7
176
     1
 40
1.0
176
     1
 90
        1
176
     1
 90
        6
176
     1
 90
        2
176
     1
 62
     7
176
     1
 90
        5
176
     1
 90
        0
176
     1
 90
        0
176
     1
290
     0
176
     1
 90
        1
176
     1
 40
50.0
176
     1
 90
        0
176
     1
290
     0
176
     1
290
     1
176
     1
290
     1
176
     1
290
     0
176
     1
290
     0
176
     1
290
     0
176
     1
290
     0
176
     1
290
     0
176
     1
290
     0
176
     1
 90
       50
176
     1
 40
0.0
176
     1
 40
1.0
176
     1
 90
        0
176
     1
 62
    18
420
        0
176
     1
 90
       50
176
     1
 90
        3
176
     1
 62
     5
420
      255
176
     1
290
     0
176
     1
 90
       50
176
     1
 90
       50
176
     1
 90
       50
176
     1
290
     0
176
     1
 90
       50
176
     1
 62
   256
176
     0
 40
1.0
176
     0
 90
        2
176
     1
  1
strokes_ogs.tif
176
     1
290
     0
176
     1
 40
1.0
176
     1
 40
1.0
176
     1
1001
ACAD
1000
AcDbSavedByObjectVersion
1070
     0
  0
VISUALSTYLE
  5
39
102
{ACAD_REACTORS
330
29
102
}
330
29
100
AcDbVisualStyle
  2
ColorChange
 70
    16
177
     3
291
     1
 70
    58
 90
        2
176
     1
 90
        2
176
     1
 90
        3
176
     1
 90
        0
176
     1
 40
0.6
176
     1
 40
30.0
176
     1
 62
     8
420
  8421504
176
     1
 90
        1
176
     1
 90
        4
176
     1
 62
     7
176
     1
 62
   257
176
     1
 90
        1
176
     1
 90
        1
176
     1
 40
1.0
176
     1
 90
        8
176
     1
 62
     8
420
  8421504
176
     1
 40
1.0
176
     1
 90
        1
176
     1
 90
        6
176
     1
 90
        2
176
     1
 62
     7
176
     1
 90
        5
176
     1
 90
        0
176
     1
 90
        0
176
     1
290
     0
176
     1
 90
        1
176
     1
 40
0.0
176
     1
 90
        0
176
     1
290
     0
176
     1
290
     1
176
     1
290
     1
176
     1
290
     0
176
     1
290
     0
176
     1
290
     0
176
     1
290
     0
176
     1
290
     0
176
     1
290
     0
176
     1
 90
       50
176
     1
 40
0.0
176
     1
 40
1.0
176
     1
 90
        0
176
     1
 62
    18
420
        0
176
     1
 90
       50
176
     1
 90
        3
176
     1
 62
     5
420
      255
176
     1
290
     0
176
     1
 90
       50
176
     1
 90
       50
176
     1
 90
       50
176
     1
290
     0
176
     1
 90
       50
176
     1
 62
   256
176
     0
 40
1.0
176
     0
 90
        2
176
     1
  1
strokes_ogs.tif
176
     1
290
     0
176
     1
 40
1.0
176
     1
 40
1.0
176
     1
1001
ACAD
1000
AcDbSavedByObjectVersion
1070
     0
  0
VISUALSTYLE
  5
32
102
{ACAD_REACTORS
330
29
102
}
330
29
100
AcDbVisualStyle
  2
Conceptual
 70
     9
177
     3
291
     0
 70
    58
 90
        3
176
     1
 90
        2
176
     1
 90
        0
176
     1
 90
        0
176
     1
 40
0.6
176
     1
 40
30.0
176
     1
 62
     7
420
 16777215
176
     1
 90
        2
176
     1
 90
        2
176
     1
 62
     7
176
     1
 62
   257
176
     1
 90
        1
176
     1
 90
        1
176
     1
 40
179.0
176
     1
 90
        8
176
     1
 62
     7
176
     1
 40
1.0
176
     1
 90
        1
176
     1
 90
        6
176
     1
 90
        2
176
     1
 62
     7
176
     1
 90
        3
176
     1
 90
        0
176
     1
 90
        0
176
     1
290
     0
176
     1
 90
        1
176
     1
 40
0.0
176
     1
 90
        0
176
     1
290
     0
176
     1
290
     1
176
     1
290
     1
176
     1
290
     0
176
     1
290
     0
176
     1
290
     0
176
     1
290
     0
176
     1
290
     0
176
     1
290
     0
176
     1
 90
       50
176
     1
 40
0.0
176
     1
 40
1.0
176
     1
 90
        0
176
     1
 62
    18
420
        0
176
     1
 90
       50
176
     1
 90
        3
176
     1
 62
     5
420
      255
176
     1
290
     0
176
     1
 90
       50
176
     1
 90
       50
176
     1
 90
       50
176
     1
290
     0
176
     1
 90
       50
176
     1
 62
   256
176
     0
 40
1.0
176
     0
 90
        2
176
     1
  1
strokes_ogs.tif
176
     1
290
     0
176
     1
 40
1.0
176
     1
 40
1.0
176
     1
1001
ACAD
1000
AcDbSavedByObjectVersion
1070
     0
  0
VISUALSTYLE
  5
34
102
{ACAD_REACTORS
330
29
102
}
330
29
100
AcDbVisualStyle
  2
Dim
 70
    11
177
     3
291
     1
 70
    58
 90
        2
176
     1
 90
        2
176
     1
 90
        0
176
     1
 90
        0
176
     1
 40
0.6
176
     1
 40
30.0
176
     1
 62
     7
420
 16777215
176
     1
 90
        1
176
     1
 90
        4
176
     1
 62
     7
176
     1
 62
   257
176
     1
 90
        1
176
     1
 90
        1
176
     1
 40
1.0
176
     1
 90
        8
176
     1
 62
     7
176
     1
 40
1.0
176
     1
 90
        1
176
     1
 90
        6
176
     1
 90
        2
176
     1
 62
     7
176
     1
 90
        5
176
     1
 90
        0
176
     1
 90
        0
176
     1
290
     0
176
     1
 90
        1
176
     1
 40
-50.0
176
     1
 90
        0
176
     1
290
     0
176
     1
290
     1
176
     1
290
     1
176
     1
290
     0
176
     1
290
     0
176
     1
290
     0
176
     1
290
     0
176
     1
290
     0
176
     1
290
     0
176
     1
 90
       50
176
     1
 40
0.0
176
     1
 40
1.0
176
     1
 90
        0
176
     1
 62
    18
420
        0
176
     1
 90
       50
176
     1
 90
        3
176
     1
 62
     5
420
      255
176
     1
290
     0
176
     1
 90
       50
176
     1
 90
       50
176
     1
 90
       50
176
     1
290
     0
176
     1
 90
       50
176
     1
 62
   256
176
     0
 40
1.0
176
     0
 90
        2
176
     1
  1
strokes_ogs.tif
176
     1
290
     0
176
     1
 40
1.0
176
     1
 40
1.0
176
     1
1001
ACAD
1000
AcDbSavedByObjectVersion
1070
     0
  0
VISUALSTYLE
  5
41
102
{ACAD_REACTORS
330
29
102
}
330
29
100
AcDbVisualStyle
  2
EdgeColorOff
 70
    22
177
     3
291
     1
 70
    58
 90
        2
176
     0
 90
        2
176
     0
 90
        0
176
     0
 90
        0
176
     0
 40
0.6
176
     0
 40
30.0
176
     0
 62
     7
420
 16777215
176
     0
 90
        1
176
     0
 90
        4
176
     0
 62
     7
176
     0
 62
   257
176
     0
 90
        1
176
     0
 90
        1
176
     0
 40
1.0
176
     0
 90
        8
176
     2
 62
     7
176
     0
 40
1.0
176
     0
 90
        1
176
     0
 90
        6
176
     0
 90
        2
176
     0
 62
     7
176
     0
 90
        5
176
     0
 90
        0
176
     0
 90
        0
176
     0
290
     0
176
     0
 90
        1
176
     0
 40
0.0
176
     0
 90
        0
176
     0
290
     0
176
     0
290
     1
176
     0
290
     1
176
     0
290
     0
176
     0
290
     0
176
     0
290
     0
176
     0
290
     0
176
     0
290
     0
176
     0
290
     0
176
     0
 90
       50
176
     0
 40
0.0
176
     0
 40
1.0
176
     0
 90
        0
176
     0
 62
    18
420
        0
176
     0
 90
       50
176
     0
 90
        3
176
     0
 62
     5
420
      255
176
     0
290
     0
176
     0
 90
       50
176
     0
 90
       50
176
     0
 90
       50
176
     0
290
     0
176
     0
 90
       50
176
     0
 62
   256
176
     0
 40
1.0
176
     0
 90
        2
176
     0
  1
strokes_ogs.tif
176
     0
290
     0
176
     0
 40
1.0
176
     0
 40
1.0
176
     0
1001
ACAD
1000
AcDbSavedByObjectVersion
1070
     0
  0
VISUALSTYLE
  5
38
102
{ACAD_REACTORS
330
29
102
}
330
29
100
AcDbVisualStyle
  2
Facepattern
 70
    15
177
     3
291
     1
 70
    58
 90
        2
176
     1
 90
        2
176
     1
 90
        0
176
     1
 90
        0
176
     1
 40
0.6
176
     1
 40
30.0
176
     1
 62
     7
420
 16777215
176
     1
 90
        1
176
     1
 90
        4
176
     1
 62
     7
176
     1
 62
   257
176
     1
 90
        1
176
     1
 90
        1
176
     1
 40
1.0
176
     1
 90
        8
176
     1
 62
     7
176
     1
 40
1.0
176
     1
 90
        1
176
     1
 90
        6
176
     1
 90
        2
176
     1
 62
     7
176
     1
 90
        5
176
     1
 90
        0
176
     1
 90
        0
176
     1
290
     0
176
     1
 90
        1
176
     1
 40
0.0
176
     1
 90
        0
176
     1
290
     0
176
     1
290
     1
176
     1
290
     1
176
     1
290
     0
176
     1
290
     0
176
     1
290
     0
176
     1
290
     0
176
     1
290
     0
176
     1
290
     0
176
     1
 90
       50
176
     1
 40
0.0
176
     1
 40
1.0
176
     1
 90
        0
176
     1
 62
    18
420
        0
176
     1
 90
       50
176
     1
 90
        3
176
     1
 62
     5
420
      255
176
     1
290
     0
176
     1
 90
       50
176
     1
 90
       50
176
     1
 90
       50
176
     1
290
     0
176
     1
 90
       50
176
     1
 62
   256
176
     0
 40
1.0
176
     0
 90
        2
176
     1
  1
strokes_ogs.tif
176
     1
290
     0
176
     1
 40
1.0
176
     1
 40
1.0
176
     1
1001
ACAD
1000
AcDbSavedByObjectVersion
1070
     0
  0
VISUALSTYLE
  5
2A
102
{ACAD_REACTORS
330
29
102
}
330
29
100
AcDbVisualStyle
  2
Flat
 70
     0
177
     3
291
     1
 70
    58
 90
        2
176
     1
 90
        1
176
     1
 90
        1
176
     1
 90
        2
176
     1
 40
0.6
176
     1
 40
30.0
176
     1
 62
     7
420
 16777215
176
     1
 90
        0
176
     1
 90
        0
176
     1
 62
     7
176
     1
 62
   257
176
     1
 90
        1
176
     1
 90
        1
176
     1
 40
1.0
176
     1
 90
        8
176
     1
 62
     7
176
     1
 40
1.0
176
     1
 90
        1
176
     1
 90
        6
176
     1
 90
        2
176
     1
 62
     7
176
     1
 90
        5
176
     1
 90
        0
176
     1
 90
        0
176
     1
290
     0
176
     1
 90
       13
176
     1
 40
0.0
176
     1
 90
        0
176
     1
290
     0
176
     1
290
     1
176
     1
290
     1
176
     1
290
     0
176
     1
290
     0
176
     1
290
     0
176
     1
290
     0
176
     1
290
     0
176
     1
290
     0
176
     1
 90
       50
176
     1
 40
0.0
176
     1
 40
1.0
176
     1
 90
        0
176
     1
 62
    18
420
        0
176
     1
 90
       50
176
     1
 90
        3
176
     1
 62
     5
420
      255
176
     1
290
     0
176
     1
 90
       50
176
     1
 90
       50
176
     1
 90
       50
176
     1
290
     0
176
     1
 90
       50
176
     1
 62
   256
176
     0
 40
1.0
176
     0
 90
        2
176
     1
  1
strokes_ogs.tif
176
     1
290
     0
176
     1
 40
1.0
176
     1
 40
1.0
176
     1
1001
ACAD
1000
AcDbSavedByObjectVersion
1070
     0
  0
VISUALSTYLE
  5
2B
102
{ACAD_REACTORS
330
29
102
}
330
29
100
AcDbVisualStyle
  2
FlatWithEdges
 70
     1
177
     3
291
     1
 70
    58
 90
        2
176
     1
 90
        1
176
     1
 90
        1
176
     1
 90
        2
176
     1
 40
0.6
176
     1
 40
30.0
176
     1
 62
     7
420
 16777215
176
     1
 90
        1
176
     1
 90
        0
176
     1
 62
     7
176
     1
 62
   257
176
     1
 90
        1
176
     1
 90
        1
176
     1
 40
1.0
176
     1
 90
        0
176
     1
 62
   257
176
     1
 40
1.0
176
     1
 90
        1
176
     1
 90
        6
176
     1
 90
        2
176
     1
 62
     7
176
     1
 90
        5
176
     1
 90
        0
176
     1
 90
        0
176
     1
290
     0
176
     1
 90
       13
176
     1
 40
0.0
176
     1
 90
        0
176
     1
290
     0
176
     1
290
     1
176
     1
290
     1
176
     1
290
     0
176
     1
290
     0
176
     1
290
     0
176
     1
290
     0
176
     1
290
     0
176
     1
290
     0
176
     1
 90
       50
176
     1
 40
0.0
176
     1
 40
1.0
176
     1
 90
        0
176
     1
 62
    18
420
        0
176
     1
 90
       50
176
     1
 90
        3
176
     1
 62
     5
420
      255
176
     1
290
     0
176
     1
 90
       50
176
     1
 90
       50
176
     1
 90
       50
176
     1
290
     0
176
     1
 90
       50
176
     1
 62
   256
176
     0
 40
1.0
176
     0
 90
        2
176
     1
  1
strokes_ogs.tif
176
     1
290
     0
176
     1
 40
1.0
176
     1
 40
1.0
176
     1
1001
ACAD
1000
AcDbSavedByObjectVersion
1070
     0
  0
VISUALSTYLE
  5
2C
102
{ACAD_REACTORS
330
29
102
}
330
29
100
AcDbVisualStyle
  2
Gouraud
 70
     2
177
     3
291
     1
 70
    58
 90
        2
176
     1
 90
        2
176
     1
 90
        1
176
     1
 90
        2
176
     1
 40
0.6
176
     1
 40
30.0
176
     1
 62
     7
420
 16777215
176
     1
 90
        0
176
     1
 90
        0
176
     1
 62
     7
176
     1
 62
   257
176
     1
 90
        1
176
     1
 90
        1
176
     1
 40
1.0
176
     1
 90
        0
176
     1
 62
     7
176
     1
 40
1.0
176
     1
 90
        1
176
     1
 90
        6
176
     1
 90
        2
176
     1
 62
     7
176
     1
 90
        5
176
     1
 90
        0
176
     1
 90
        0
176
     1
290
     0
176
     1
 90
       13
176
     1
 40
0.0
176
     1
 90
        0
176
     1
290
     0
176
     1
290
     1
176
     1
290
     1
176
     1
290
     0
176
     1
290
     0
176
     1
290
     0
176
     1
290
     0
176
     1
290
     0
176
     1
290
     0
176
     1
 90
       50
176
     1
 40
0.0
176
     1
 40
1.0
176
     1
 90
        0
176
     1
 62
    18
420
        0
176
     1
 90
       50
176
     1
 90
        3
176
     1
 62
     5
420
      255
176
     1
290
     0
176
     1
 90
       50
176
     1
 90
       50
176
     1
 90
       50
176
     1
290
     0
176
     1
 90
       50
176
     1
 62
   256
176
     0
 40
1.0
176
     0
 90
        2
176
     1
  1
strokes_ogs.tif
176
     1
290
     0
176
     1
 40
1.0
176
     1
 40
1.0
176
     1
1001
ACAD
1000
AcDbSavedByObjectVersion
1070
     0
  0
VISUALSTYLE
  5
2D
102
{ACAD_REACTORS
330
29
102
}
330
29
100
AcDbVisualStyle
  2
GouraudWithEdges
 70
     3
177
     3
291
     1
 70
    58
 90
        2
176
     1
 90
        2
176
     1
 90
        1
176
     1
 90
        2
176
     1
 40
0.6
176
     1
 40
30.0
176
     1
 62
     7
420
 16777215
176
     1
 90
        1
176
     1
 90
        0
176
     1
 62
     7
176
     1
 62
   257
176
     1
 90
        1
176
     1
 90
        1
176
     1
 40
1.0
176
     1
 90
        0
176
     1
 62
   257
176
     1
 40
1.0
176
     1
 90
        1
176
     1
 90
        6
176
     1
 90
        2
176
     1
 62
     7
176
     1
 90
        5
176
     1
 90
        0
176
     1
 90
        0
176
     1
290
     0
176
     1
 90
       13
176
     1
 40
0.0
176
     1
 90
        0
176
     1
290
     0
176
     1
290
     1
176
     1
290
     1
176
     1
290
     0
176
     1
290
     0
176
     1
290
     0
176
     1
290
     0
176
     1
290
     0
176
     1
290
     0
176
     1
 90
       50
176
     1
 40
0.0
176
     1
 40
1.0
176
     1
 90
        0
176
     1
 62
    18
420
        0
176
     1
 90
       50
176
     1
 90
        3
176
     1
 62
     5
420
      255
176
     1
290
     0
176
     1
 90
       50
176
     1
 90
       50
176
     1
 90
       50
176
     1
290
     0
176
     1
 90
       50
176
     1
 62
   256
176
     0
 40
1.0
176
     0
 90
        2
176
     1
  1
strokes_ogs.tif
176
     1
290
     0
176
     1
 40
1.0
176
     1
 40
1.0
176
     1
1001
ACAD
1000
AcDbSavedByObjectVersion
1070
     0
  0
VISUALSTYLE
  5
31
102
{ACAD_REACTORS
330
29
102
}
330
29
100
AcDbVisualStyle
  2
Hidden
 70
     6
177
     3
291
     0
 70
    58
 90
        1
176
     1
 90
        2
176
     1
 90
        2
176
     1
 90
        0
176
     1
 40
0.6
176
     1
 40
30.0
176
     1
 62
     7
420
 16777215
176
     1
 90
        2
176
     1
 90
        2
176
     1
 62
     7
176
     1
 62
   257
176
     1
 90
        2
176
     1
 90
        1
176
     1
 40
40.0
176
     1
 90
        0
176
     1
 62
   257
176
     1
 40
1.0
176
     1
 90
        1
176
     1
 90
        6
176
     1
 90
        2
176
     1
 62
     7
176
     1
 90
        3
176
     1
 90
        0
176
     1
 90
        0
176
     1
290
     0
176
     1
 90
        1
176
     1
 40
0.0
176
     1
 90
        0
176
     1
290
     0
176
     1
290
     1
176
     1
290
     1
176
     1
290
     0
176
     1
290
     0
176
     1
290
     0
176
     1
290
     0
176
     1
290
     0
176
     1
290
     0
176
     1
 90
       50
176
     1
 40
0.0
176
     1
 40
1.0
176
     1
 90
        0
176
     1
 62
    18
420
        0
176
     1
 90
       50
176
     1
 90
        3
176
     1
 62
     5
420
      255
176
     1
290
     0
176
     1
 90
       50
176
     1
 90
       50
176
     1
 90
       50
176
     1
290
     0
176
     1
 90
       50
176
     1
 62
   256
176
     0
 40
1.0
176
     0
 90
        2
176
     1
  1
strokes_ogs.tif
176
     1
290
     0
176
     1
 40
1.0
176
     1
 40
1.0
176
     1
1001
ACAD
1000
AcDbSavedByObjectVersion
1070
     0
  0
VISUALSTYLE
  5
3F
102
{ACAD_REACTORS
330
29
102
}
330
29
100
AcDbVisualStyle
  2
JitterOff
 70
    20
177
     3
291
     1
 70
    58
 90
        2
176
     0
 90
        2
176
     0
 90
        0
176
     0
 90
        0
176
     0
 40
0.6
176
     0
 40
30.0
176
     0
 62
     7
420
 16777215
176
     0
 90
        1
176
     0
 90
        4
176
     0
 62
     7
176
     0
 62
   257
176
     0
 90
        1
176
     0
 90
        1
176
     0
 40
1.0
176
     0
 90
       10
176
     2
 62
     7
176
     0
 40
1.0
176
     0
 90
        1
176
     0
 90
        6
176
     0
 90
        2
176
     0
 62
     7
176
     0
 90
        5
176
     0
 90
        0
176
     0
 90
        0
176
     0
290
     0
176
     0
 90
        1
176
     0
 40
0.0
176
     0
 90
        0
176
     0
290
     0
176
     0
290
     1
176
     0
290
     1
176
     0
290
     0
176
     0
290
     0
176
     0
290
     0
176
     0
290
     0
176
     0
290
     0
176
     0
290
     0
176
     0
 90
       50
176
     0
 40
0.0
176
     0
 40
1.0
176
     0
 90
        0
176
     0
 62
    18
420
        0
176
     0
 90
       50
176
     0
 90
        3
176
     0
 62
     5
420
      255
176
     0
290
     0
176
     0
 90
       50
176
     0
 90
       50
176
     0
 90
       50
176
     0
290
     0
176
     0
 90
       50
176
     0
 62
   256
176
     0
 40
1.0
176
     0
 90
        2
176
     0
  1
strokes_ogs.tif
176
     0
290
     0
176
     0
 40
1.0
176
     0
 40
1.0
176
     0
1001
ACAD
1000
AcDbSavedByObjectVersion
1070
     0
  0
VISUALSTYLE
  5
37
102
{ACAD_REACTORS
330
29
102
}
330
29
100
AcDbVisualStyle
  2
Linepattern
 70
    14
177
     3
291
     1
 70
    58
 90
        2
176
     1
 90
        2
176
     1
 90
        0
176
     1
 90
        0
176
     1
 40
0.6
176
     1
 40
30.0
176
     1
 62
     7
420
 16777215
176
     1
 90
        1
176
     1
 90
        4
176
     1
 62
     7
176
     1
 62
   257
176
     1
 90
        7
176
     1
 90
        7
176
     1
 40
1.0
176
     1
 90
        8
176
     1
 62
     7
176
     1
 40
1.0
176
     1
 90
        1
176
     1
 90
        6
176
     1
 90
        2
176
     1
 62
     7
176
     1
 90
        5
176
     1
 90
        0
176
     1
 90
        0
176
     1
290
     0
176
     1
 90
        1
176
     1
 40
0.0
176
     1
 90
        0
176
     1
290
     0
176
     1
290
     1
176
     1
290
     1
176
     1
290
     0
176
     1
290
     0
176
     1
290
     0
176
     1
290
     0
176
     1
290
     0
176
     1
290
     0
176
     1
 90
       50
176
     1
 40
0.0
176
     1
 40
1.0
176
     1
 90
        0
176
     1
 62
    18
420
        0
176
     1
 90
       50
176
     1
 90
        3
176
     1
 62
     5
420
      255
176
     1
290
     0
176
     1
 90
       50
176
     1
 90
       50
176
     1
 90
       50
176
     1
290
     0
176
     1
 90
       50
176
     1
 62
   256
176
     0
 40
1.0
176
     0
 90
        2
176
     1
  1
strokes_ogs.tif
176
     1
290
     0
176
     1
 40
1.0
176
     1
 40
1.0
176
     1
1001
ACAD
1000
AcDbSavedByObjectVersion
1070
     0
  0
VISUALSTYLE
  5
40
102
{ACAD_REACTORS
330
29
102
}
330
29
100
AcDbVisualStyle
  2
OverhangOff
 70
    21
177
     3
291
     1
 70
    58
 90
        2
176
     0
 90
        2
176
     0
 90
        0
176
     0
 90
        0
176
     0
 40
0.6
176
     0
 40
30.0
176
     0
 62
     7
420
 16777215
176
     0
 90
        1
176
     0
 90
        4
176
     0
 62
     7
176
     0
 62
   257
176
     0
 90
        1
176
     0
 90
        1
176
     0
 40
1.0
176
     0
 90
        9
176
     2
 62
     7
176
     0
 40
1.0
176
     0
 90
        1
176
     0
 90
        6
176
     0
 90
        2
176
     0
 62
     7
176
     0
 90
        5
176
     0
 90
        0
176
     0
 90
        0
176
     0
290
     0
176
     0
 90
        1
176
     0
 40
0.0
176
     0
 90
        0
176
     0
290
     0
176
     0
290
     1
176
     0
290
     1
176
     0
290
     0
176
     0
290
     0
176
     0
290
     0
176
     0
290
     0
176
     0
290
     0
176
     0
290
     0
176
     0
 90
       50
176
     0
 40
0.0
176
     0
 40
1.0
176
     0
 90
        0
176
     0
 62
    18
420
        0
176
     0
 90
       50
176
     0
 90
        3
176
     0
 62
     5
420
      255
176
     0
290
     0
176
     0
 90
       50
176
     0
 90
       50
176
     0
 90
       50
176
     0
290
     0
176
     0
 90
       50
176
     0
 62
   256
176
     0
 40
1.0
176
     0
 90
        2
176
     0
  1
strokes_ogs.tif
176
     0
290
     0
176
     0
 40
1.0
176
     0
 40
1.0
176
     0
1001
ACAD
1000
AcDbSavedByObjectVersion
1070
     0
  0
VISUALSTYLE
  5
33
102
{ACAD_REACTORS
330
29
102
}
330
29
100
AcDbVisualStyle
  2
Realistic
 70
     8
177
     3
291
     0
 70
    58
 90
        2
176
     1
 90
        3
176
     1
 90
        0
176
     1
 90
        2
176
     1
 40
0.6
176
     1
 40
30.0
176
     1
 62
     7
420
 16777215
176
     1
 90
        0
176
     1
 90
        0
176
     1
 62
     7
176
     1
 62
   257
176
     1
 90
        1
176
     1
 90
        1
176
     1
 40
1.0
176
     1
 90
        8
176
     1
 62
   257
176
     1
 40
1.0
176
     1
 90
        1
176
     1
 90
        6
176
     1
 90
        2
176
     1
 62
     7
176
     1
 90
        3
176
     1
 90
        0
176
     1
 90
        0
176
     1
290
     0
176
     1
 90
       13
176
     1
 40
0.0
176
     1
 90
        0
176
     1
290
     0
176
     1
290
     1
176
     1
290
     1
176
     1
290
     0
176
     1
290
     0
176
     1
290
     0
176
     1
290
     0
176
     1
290
     0
176
     1
290
     0
176
     1
 90
       50
176
     1
 40
0.0
176
     1
 40
1.0
176
     1
 90
        0
176
     1
 62
    18
420
        0
176
     1
 90
       50
176
     1
 90
        3
176
     1
 62
     5
420
      255
176
     1
290
     0
176
     1
 90
       50
176
     1
 90
       50
176
     1
 90
       50
176
     1
290
     0
176
     1
 90
       50
176
     1
 62
   256
176
     0
 40
1.0
176
     0
 90
        2
176
     1
  1
strokes_ogs.tif
176
     1
290
     0
176
     1
 40
1.0
176
     1
 40
1.0
176
     1
1001
ACAD
1000
AcDbSavedByObjectVersion
1070
     0
  0
VISUALSTYLE
  5
3E
102
{ACAD_REACTORS
330
29
102
}
330
29
100
AcDbVisualStyle
  2
Shaded
 70
    27
177
     3
291
     0
 70
    58
 90
        2
176
     1
 90
        2
176
     1
 90
        1
176
     1
 90
        2
176
     1
 40
0.6
176
     1
 40
30.0
176
     1
 62
     7
420
 16777215
176
     1
 90
        0
176
     1
 90
        4
176
     1
 62
     7
176
     1
 62
   257
176
     1
 90
        1
176
     1
 90
        1
176
     1
 40
1.0
176
     1
 90
        8
176
     1
 62
   257
176
     1
 40
1.0
176
     1
 90
        1
176
     1
 90
        6
176
     1
 90
        2
176
     1
 62
     8
420
  7895160
176
     1
 90
        3
176
     1
 90
        0
176
     1
 90
        0
176
     1
290
     0
176
     1
 90
        5
176
     1
 40
0.0
176
     1
 90
        0
176
     1
290
     0
176
     1
290
     1
176
     1
290
     1
176
     1
290
     0
176
     1
290
     0
176
     1
290
     0
176
     1
290
     0
176
     1
290
     0
176
     1
290
     0
176
     1
 90
       50
176
     1
 40
0.0
176
     1
 40
1.0
176
     1
 90
        0
176
     1
 62
    18
420
        0
176
     1
 90
       50
176
     1
 90
        3
176
     1
 62
     5
420
      255
176
     1
290
     0
176
     1
 90
       50
176
     1
 90
       50
176
     1
 90
       50
176
     1
290
     0
176
     1
 90
       50
176
     1
 62
   256
176
     0
 40
1.0
176
     0
 90
        2
176
     1
  1
strokes_ogs.tif
176
     1
290
     0
176
     1
 40
1.0
176
     1
 40
1.0
176
     1
1001
ACAD
1000
AcDbSavedByObjectVersion
1070
     0
  0
VISUALSTYLE
  5
3D
102
{ACAD_REACTORS
330
29
102
}
330
29
100
AcDbVisualStyle
  2
Shaded with edges
 70
    26
177
     3
291
     0
 70
    58
 90
        2
176
     1
 90
        2
176
     1
 90
        1
176
     1
 90
        2
176
     1
 40
0.6
176
     1
 40
30.0
176
     1
 62
     7
420
 16777215
176
     1
 90
        1
176
     1
 90
        2
176
     1
 62
     7
176
     1
 62
   257
176
     1
 90
        2
176
     1
 90
        1
176
     1
 40
1.0
176
     1
 90
        8
176
     1
 62
   257
176
     1
 40
1.0
176
     1
 90
        1
176
     1
 90
        6
176
     1
 90
        2
176
     1
 62
     7
176
     1
 90
        3
176
     1
 90
        0
176
     1
 90
        0
176
     1
290
     0
176
     1
 90
        5
176
     1
 40
0.0
176
     1
 90
        0
176
     1
290
     0
176
     1
290
     1
176
     1
290
     1
176
     1
290
     0
176
     1
290
     0
176
     1
290
     0
176
     1
290
     0
176
     1
290
     0
176
     1
290
     0
176
     1
 90
       50
176
     1
 40
0.0
176
     1
 40
1.0
176
     1
 90
        0
176
     1
 62
    18
420
        0
176
     1
 90
       50
176
     1
 90
        3
176
     1
 62
     5
420
      255
176
     1
290
     0
176
     1
 90
       50
176
     1
 90
       50
176
     1
 90
       50
176
     1
290
     0
176
     1
 90
       50
176
     1
 62
   256
176
     0
 40
1.0
176
     0
 90
        2
176
     1
  1
strokes_ogs.tif
176
     1
290
     0
176
     1
 40
1.0
176
     1
 40
1.0
176
     1
1001
ACAD
1000
AcDbSavedByObjectVersion
1070
     0
  0
VISUALSTYLE
  5
3A
102
{ACAD_REACTORS
330
29
102
}
330
29
100
AcDbVisualStyle
  2
Shades of Gray
 70
    23
177
     3
291
     0
 70
    58
 90
        2
176
     1
 90
        2
176
     1
 90
        3
176
     1
 90
        0
176
     1
 40
0.6
176
     1
 40
30.0
176
     1
 62
     7
420
 16777215
176
     1
 90
        2
176
     1
 90
        2
176
     1
 62
     7
176
     1
 62
     7
176
     1
 90
        1
176
     1
 90
        1
176
     1
 40
40.0
176
     1
 90
        8
176
     1
 62
     7
176
     1
 40
1.0
176
     1
 90
        1
176
     1
 90
        6
176
     1
 90
        2
176
     1
 62
     7
176
     1
 90
        3
176
     1
 90
        0
176
     1
 90
        0
176
     1
290
     0
176
     1
 90
        1
176
     1
 40
0.0
176
     1
 90
        0
176
     1
290
     0
176
     1
290
     1
176
     1
290
     1
176
     1
290
     0
176
     1
290
     0
176
     1
290
     0
176
     1
290
     0
176
     1
290
     0
176
     1
290
     0
176
     1
 90
       50
176
     1
 40
0.0
176
     1
 40
1.0
176
     1
 90
        0
176
     1
 62
    18
420
        0
176
     1
 90
       50
176
     1
 90
        3
176
     1
 62
     5
420
      255
176
     1
290
     0
176
     1
 90
       50
176
     1
 90
       50
176
     1
 90
       50
176
     1
290
     0
176
     1
 90
       50
176
     1
 62
   256
176
     0
 40
1.0
176
     0
 90
        2
176
     1
  1
strokes_ogs.tif
176
     1
290
     0
176
     1
 40
1.0
176
     1
 40
1.0
176
     1
1001
ACAD
1000
AcDbSavedByObjectVersion
1070
     0
  0
VISUALSTYLE
  5
3B
102
{ACAD_REACTORS
330
29
102
}
330
29
100
AcDbVisualStyle
  2
Sketchy
 70
    24
177
     3
291
     0
 70
    58
 90
        1
176
     1
 90
        2
176
     1
 90
        2
176
     1
 90
        0
176
     1
 40
0.6
176
     1
 40
30.0
176
     1
 62
     7
420
 16777215
176
     1
 90
        2
176
     1
 90
        2
176
     1
 62
     7
176
     1
 62
     7
176
     1
 90
        1
176
     1
 90
        1
176
     1
 40
40.0
176
     1
 90
       11
176
     1
 62
     7
176
     1
 40
1.0
176
     1
 90
        1
176
     1
 90
        6
176
     1
 90
        2
176
     1
 62
     7
176
     1
 90
        6
176
     1
 90
        0
176
     1
 90
        0
176
     1
290
     0
176
     1
 90
        1
176
     1
 40
0.0
176
     1
 90
        0
176
     1
290
     0
176
     1
290
     1
176
     1
290
     1
176
     1
290
     0
176
     1
290
     0
176
     1
290
     0
176
     1
290
     0
176
     1
290
     0
176
     1
290
     0
176
     1
 90
       50
176
     1
 40
0.0
176
     1
 40
1.0
176
     1
 90
        0
176
     1
 62
    18
420
        0
176
     1
 90
       50
176
     1
 90
        3
176
     1
 62
     5
420
      255
176
     1
290
     0
176
     1
 90
       50
176
     1
 90
       50
176
     1
 90
       50
176
     1
290
     0
176
     1
 90
       50
176
     1
 62
   256
176
     0
 40
1.0
176
     0
 90
        2
176
     1
  1
strokes_ogs.tif
176
     1
290
     0
176
     1
 40
1.0
176
     1
 40
1.0
176
     1
1001
ACAD
1000
AcDbSavedByObjectVersion
1070
     0
  0
VISUALSTYLE
  5
36
102
{ACAD_REACTORS
330
29
102
}
330
29
100
AcDbVisualStyle
  2
Thicken
 70
    13
177
     3
291
     1
 70
    58
 90
        2
176
     1
 90
        2
176
     1
 90
        0
176
     1
 90
        0
176
     1
 40
0.6
176
     1
 40
30.0
176
     1
 62
     7
420
 16777215
176
     1
 90
        1
176
     1
 90
        4
176
     1
 62
     7
176
     1
 62
   257
176
     1
 90
        1
176
     1
 90
        1
176
     1
 40
1.0
176
     1
 90
       12
176
     1
 62
     7
176
     1
 40
1.0
176
     1
 90
        1
176
     1
 90
        6
176
     1
 90
        2
176
     1
 62
     7
176
     1
 90
        5
176
     1
 90
        0
176
     1
 90
        0
176
     1
290
     0
176
     1
 90
        1
176
     1
 40
0.0
176
     1
 90
        0
176
     1
290
     0
176
     1
290
     1
176
     1
290
     1
176
     1
290
     0
176
     1
290
     0
176
     1
290
     0
176
     1
290
     0
176
     1
290
     0
176
     1
290
     0
176
     1
 90
       50
176
     1
 40
0.0
176
     1
 40
1.0
176
     1
 90
        0
176
     1
 62
    18
420
        0
176
     1
 90
       50
176
     1
 90
        3
176
     1
 62
     5
420
      255
176
     1
290
     0
176
     1
 90
       50
176
     1
 90
       50
176
     1
 90
       50
176
     1
290
     0
176
     1
 90
       50
176
     1
 62
   256
176
     0
 40
1.0
176
     0
 90
        2
176
     1
  1
strokes_ogs.tif
176
     1
290
     0
176
     1
 40
1.0
176
     1
 40
1.0
176
     1
1001
ACAD
1000
AcDbSavedByObjectVersion
1070
     0
  0
VISUALSTYLE
  5
30
102
{ACAD_REACTORS
330
29
102
}
330
29
100
AcDbVisualStyle
  2
Wireframe
 70
     5
177
     3
291
     0
 70
    58
 90
        0
176
     1
 90
        2
176
     1
 90
        0
176
     1
 90
        0
176
     1
 40
0.6
176
     1
 40
30.0
176
     1
 62
     7
420
 16777215
176
     1
 90
        1
176
     1
 90
        4
176
     1
 62
     7
176
     1
 62
   257
176
     1
 90
        1
176
     1
 90
        1
176
     1
 40
1.0
176
     1
 90
        0
176
     1
 62
   257
176
     1
 40
1.0
176
     1
 90
        1
176
     1
 90
        6
176
     1
 90
        2
176
     1
 62
     7
176
     1
 90
        3
176
     1
 90
        0
176
     1
 90
        0
176
     1
290
     0
176
     1
 90
        1
176
     1
 40
0.0
176
     1
 90
        0
176
     1
290
     0
176
     1
290
     1
176
     1
290
     1
176
     1
290
     0
176
     1
290
     0
176
     1
290
     0
176
     1
290
     0
176
     1
290
     0
176
     1
290
     0
176
     1
 90
       50
176
     1
 40
0.0
176
     1
 40
1.0
176
     1
 90
        0
176
     1
 62
    18
420
        0
176
     1
 90
       50
176
     1
 90
        3
176
     1
 62
     5
420
      255
176
     1
290
     0
176
     1
 90
       50
176
     1
 90
       50
176
     1
 90
       50
176
     1
290
     0
176
     1
 90
       50
176
     1
 62
   256
176
     0
 40
1.0
176
     0
 90
        2
176
     1
  1
strokes_ogs.tif
176
     1
290
     0
176
     1
 40
1.0
176
     1
 40
1.0
176
     1
1001
ACAD
1000
AcDbSavedByObjectVersion
1070
     0
  0
VISUALSTYLE
  5
3C
102
{ACAD_REACTORS
330
29
102
}
330
29
100
AcDbVisualStyle
  2
X-Ray
 70
    25
177
     3
291
     0
 70
    58
 90
        2
176
     1
 90
        2
176
     1
 90
        1
176
     1
 90
        1
176
     1
 40
0.5
176
     1
 40
30.0
176
     1
 62
     7
420
 16777215
176
     1
 90
        1
176
     1
 90
        0
176
     1
 62
     7
176
     1
 62
   257
176
     1
 90
        1
176
     1
 90
        1
176
     1
 40
1.0
176
     1
 90
        8
176
     1
 62
     7
176
     1
 40
1.0
176
     1
 90
        1
176
     1
 90
        6
176
     1
 90
        2
176
     1
 62
     7
176
     1
 90
        3
176
     1
 90
        0
176
     1
 90
        0
176
     1
290
     0
176
     1
 90
       13
176
     1
 40
0.0
176
     1
 90
        0
176
     1
290
     0
176
     1
290
     1
176
     1
290
     1
176
     1
290
     0
176
     1
290
     0
176
     1
290
     0
176
     1
290
     0
176
     1
290
     0
176
     1
290
     0
176
     1
 90
       50
176
     1
 40
0.0
176
     1
 40
1.0
176
     1
 90
        0
176
     1
 62
    18
420
        0
176
     1
 90
       50
176
     1
 90
        3
176
     1
 62
     5
420
      255
176
     1
290
     0
176
     1
 90
       50
176
     1
 90
       50
176
     1
 90
       50
176
     1
290
     0
176
     1
 90
       50
176
     1
 62
   256
176
     0
 40
1.0
176
     0
 90
        2
176
     1
  1
strokes_ogs.tif
176
     1
290
     0
176
     1
 40
1.0
176
     1
 40
1.0
176
     1
1001
ACAD
1000
AcDbSavedByObjectVersion
1070
     0
  0
DICTIONARYVAR
  5
95
102
{ACAD_REACTORS
330
90
102
}
330
90
100
DictionaryVariables
280
     0
  1
1:1
  0
DICTIONARYVAR
  5
92
102
{ACAD_REACTORS
330
90
102
}
330
90
100
DictionaryVariables
280
     0
  1
STANDARD
  0
DICTIONARYVAR
  5
91
102
{ACAD_REACTORS
330
90
102
}
330
90
100
DictionaryVariables
280
     0
  1
STANDARD
  0
DICTIONARYVAR
  5
93
102
{ACAD_REACTORS
330
90
102
}
330
90
100
DictionaryVariables
280
     0
  1
Imperial24
  0
DICTIONARYVAR
  5
94
102
{ACAD_REACTORS
330
90
102
}
330
90
100
DictionaryVariables
280
     0
  1
Imperial24
  0
DICTIONARY
  5
9B
330
6B
100
AcDbDictionary
280
     1
281
     1
  3
ACAD_XREC_ROUNDTRIP
360
9C
  0
DICTIONARY
  5
1A
330
19
100
AcDbDictionary
280
     1
281
     1
  3
BUMPTILE
360
1C
  3
DIFFUSETILE
360
1B
  3
OPACITYTILE
360
1F
  3
REFLECTIONTILE
360
1E
  3
REFRACTIONTILE
360
20
  3
SPECULARTILE
360
1D
  0
DICTIONARY
  5
12
330
11
100
AcDbDictionary
280
     1
281
     1
  3
BUMPTILE
360
14
  3
DIFFUSETILE
360
13
  3
OPACITYTILE
360
17
  3
REFLECTIONTILE
360
16
  3
REFRACTIONTILE
360
18
  3
SPECULARTILE
360
15
  0
DICTIONARY
  5
22
330
21
100
AcDbDictionary
280
     1
281
     1
  3
BUMPTILE
360
24
  3
DIFFUSETILE
360
23
  3
OPACITYTILE
360
27
  3
REFLECTIONTILE
360
26
  3
REFRACTIONTILE
360
28
  3
SPECULARTILE
360
25
  0
DICTIONARY
  5
7B
330
7A
100
AcDbDictionary
280
     1
281
     1
  3
ADVMATERIAL
360
83
  3
BUMPTILE
360
7E
  3
DIFFUSETILE
360
7D
  3
FBXASSET
360
7C
  3
OPACITYTILE
360
7F
  3
REFLECTIONTILE
360
81
  3
REFRACTIONTILE
360
82
  3
SPECULARTILE
360
80
  0
DICTIONARY
  5
99
330
69
100
AcDbDictionary
280
     1
281
     1
  3
ACAD_XREC_ROUNDTRIP
360
9A
  0
DICTIONARY
  5
96
330
65
100
AcDbDictionary
280
     1
281
     1
  3
ACAD_ROUNDTRIP_2008_TABLESTYLE_CELLSTYLEMAP
360
97
  0
XRECORD
  5
9C
102
{ACAD_REACTORS
330
9B
102
}
330
9B
100
AcDbXrecord
280
     1
102
DISPLAYNAME
  1
Imperial24
102
FLAGS
 90
        0
  0
XRECORD
  5
1C
102
{ACAD_REACTORS
330
1A
102
}
330
1A
100
AcDbXrecord
280
     1
270
     1
271
     1
  0
XRECORD
  5
1B
102
{ACAD_REACTORS
330
1A
102
}
330
1A
100
AcDbXrecord
280
     1
270
     1
271
     1
  0
XRECORD
  5
1F
102
{ACAD_REACTORS
330
1A
102
}
330
1A
100
AcDbXrecord
280
     1
270
     1
271
     1
  0
XRECORD
  5
1E
102
{ACAD_REACTORS
330
1A
102
}
330
1A
100
AcDbXrecord
280
     1
270
     1
271
     1
  0
XRECORD
  5
20
102
{ACAD_REACTORS
330
1A
102
}
330
1A
100
AcDbXrecord
280
     1
270
     1
271
     1
  0
XRECORD
  5
1D
102
{ACAD_REACTORS
330
1A
102
}
330
1A
100
AcDbXrecord
280
     1
270
     1
271
     1
  0
XRECORD
  5
14
102
{ACAD_REACTORS
330
12
102
}
330
12
100
AcDbXrecord
280
     1
270
     1
271
     1
  0
XRECORD
  5
13
102
{ACAD_REACTORS
330
12
102
}
330
12
100
AcDbXrecord
280
     1
270
     1
271
     1
  0
XRECORD
  5
17
102
{ACAD_REACTORS
330
12
102
}
330
12
100
AcDbXrecord
280
     1
270
     1
271
     1
  0
XRECORD
  5
16
102
{ACAD_REACTORS
330
12
102
}
330
12
100
AcDbXrecord
280
     1
270
     1
271
     1
  0
XRECORD
  5
18
102
{ACAD_REACTORS
330
12
102
}
330
12
100
AcDbXrecord
280
     1
270
     1
271
     1
  0
XRECORD
  5
15
102
{ACAD_REACTORS
330
12
102
}
330
12
100
AcDbXrecord
280
     1
270
     1
271
     1
  0
XRECORD
  5
24
102
{ACAD_REACTORS
330
22
102
}
330
22
100
AcDbXrecord
280
     1
270
     1
271
     1
  0
XRECORD
  5
23
102
{ACAD_REACTORS
330
22
102
}
330
22
100
AcDbXrecord
280
     1
270
     1
271
     1
  0
XRECORD
  5
27
102
{ACAD_REACTORS
330
22
102
}
330
22
100
AcDbXrecord
280
     1
270
     1
271
     1
  0
XRECORD
  5
26
102
{ACAD_REACTORS
330
22
102
}
330
22
100
AcDbXrecord
280
     1
270
     1
271
     1
  0
XRECORD
  5
28
102
{ACAD_REACTORS
330
22
102
}
330
22
100
AcDbXrecord
280
     1
270
     1
271
     1
  0
XRECORD
  5
25
102
{ACAD_REACTORS
330
22
102
}
330
22
100
AcDbXrecord
280
     1
270
     1
271
     1
  0
XRECORD
  5
83
102
{ACAD_REACTORS
330
7B
102
}
330
7B
100
AcDbXrecord
280
     1
460
100.0
461
100.0
462
100.0
463
100.0
290
     0
270
     1
464
0.0
293
     0
272
     3
273
     3
  0
XRECORD
  5
7E
102
{ACAD_REACTORS
330
7B
102
}
330
7B
100
AcDbXrecord
280
     1
270
     1
271
     1
  0
XRECORD
  5
7D
102
{ACAD_REACTORS
330
7B
102
}
330
7B
100
AcDbXrecord
280
     1
270
     1
271
     1
  0
XRECORD
  5
7C
102
{ACAD_REACTORS
330
7B
102
}
330
7B
100
AcDbXrecord
280
     1
 70
     0
 90
-1500291969
 71
     1
  1
7BECD97E-E2B4-4133-BE51-AB3A42579A60
311
504B03041400060808003968B65C84B1267A04030000900800004F00000042353632344142362D323545412D343836302D393743382D4643383146434644313042382F4173736574446174612F446566696E6974696F6E4974657261746F7250726F706572746965732E62696EDD55CB6BD440181FDFB54545442AF4B2F424
311
C274F3DE6CC147B249F4522C55F1B8C4DDD9DD481EEB66831569ED41D09BFE037A144510C5BB143C58F5E2B10741A917413CF52222E8F7E5D174B56E2B851E0C4C66E67BCC7CF39BDFF7CD6D42C8CFF48321D9066D0EFE87A0BFE03B0D87D575A7EBD9ED73B516F36CB2EF77F91F0230200772AB42E23EB61D443BA1C15261
311
DC3B610D379B8166D7DBE327ED3064DDE3455D560449D331A4CBA052A8209B1A955485A3E55245A55645E5AD8A65F09CAE16A75818449D1A0B8B9CCA73655901F38A6A5149064BB5A419B4C2596649B22CD332CC62B71579977CDB718B5CB1E770D5B6DF64F5D1130227289493A9209CE7C5718E1F9776400CFDF01806FD64
311
C7093DCA4B7C3568DB572256B5DD4BAC1EF45181D33F628478CCA2DB1A586D1D4684EC8210FAE13102FA1C8F30EA34EC1AAB7682A8D9F25918AEA3C6036E8C3BBBE33808E9C7A1ADC005EF0563B1DBC8218CBFF79B7F30B3F8FD0621F30F93FE73DA9F7A35F5FC0BE4C4C2CBA43F9AB91D9E8DED333DB7FCF619DA3D4DED3F
311
EE4FF4ED74FEEDF1FD3BA81F007FBC174CC7D3CC671DA79666EC9E5CB26A082E04A7066BD891DB45B709C848E6BAB6CF82283C987B153CBB0BEBD96E9CC37B419109425CA199EC86B97C35A925D330DC0C4F4BBA5931CA25939A822E51891745AA9B324F355DD424412E953585EBC9E53404BC814182011232080DF1C073C4
311
7C3C1BA7668A09DAACB0B46782B86079BA1804F555F88CA6A20205345A41D3F6AF151A8EEF842D562F84CC739A6E10C6752D73C60BB11C7F08BA3968B1650F76C89AA45E207437A16D22B5D7850C798A1C03E8AA9341D815385EEEC1B05B5D0104715C5C589B978BAF1379C6CB336F9279C6CB81747EF751C24BD832FEDE8D
311
24BC45A2653CD523AF3DB1F2B21C014D1E425639FCA0E3D96E3F1D2E8FC0E26A0558EEAF2F0DB0338718F1F04190BF381BAD16866C7082CE2954352C994ABA2C534DB1442A6A22A79445B9A21BE51E64D36322AA63C79E28BEFBE2C38FAFCBB796EE2D0D7DBA8ED5AE5F3D1D067D8ECAFFFEBEBC9FFE05504B030414000608
311
08003968B65C1224308ECB040000580D00004500000042353632344142362D323545412D343836302D393743382D4643383146434644313042382F4173736574446174612F496E7374616E636550726F706572746965732E62696EE5565D685C55103EB1A9B1B5AD89896948513741DAF870EAFDBF7B4BCDE6FE164AA5AD4D
311
A3A8B0DC6C6EB21BB23FDD9F86A8E8560AE6AD4240AC0F0505D1A75029E843AA963C048BF441AD412B627C100AA2446A44F2A233F767EFEE666B56B14FCE72EFCCCE9933E79CF9E6CE995942C89F3E81485AE029C3BB13F8C94C6A3CE58C69A962DACE9D48249DB4FD08A89928CB28A224514E8F5A5410F5288DCAAA4175C6
311
3265C1B24CCB3077D64FC7893C2B1826272A5414049E0A12C752CDD20CCACA3CA34BBAAEA8A602662EDD05EF323C8F3E776E716DE07AAC9EBB4664358676EEA65D05EEDEA5EE882F006B2C7343A15E1BAA4CF485D598377F1543F30CC8FEFFCA5A810128BA61783A9B1D8BA7ED6476C2CECCC4474BE9DCFEC9DC04FA78A16B
311
FED00FCF9FADCC479D4FABB156906C729A382442C6E16D93222991BCFBBF00D204FC1C52002D5A6E820BC78A162FEA2C053020BC8A60529537452A3196260A326B42D877839B63F954214D59818D6773F6A99213B7A7469DB16C73086D75F7414888543D32C17F3004BA5308212E8EB780BB0E2CE4F14608E1A96B114A64A7
311
B2F9A6219A3AF858299F1A3C5828E653998948C64E3B8FF71767724EFF601BB8DE0C179D9165965329C7AA0A15649EA39ACC47A9CE45594551194162E43DE026C4A550CA8FDB09279ECF96269219A750D81C9B7BDC7D1052FB150558D4733006BA13D8202E05CF3D2EE049016F844D1F98D46273DACE675285A433E69DBF69
311
945EFB098AC130CB1F60D803C276708BB860213AE4649C7C2A11563059337543914D6A729A400596E7A9668A2C55355E1538515654894160FD899B47BF36EAD545EB5E771F84D41431D001D586BF7D88B4A376FDA5C9CBC5B964259B51D78056632D2D58AB706FCD14E41D605786C7A30A2081B09187EE9BA92B10F93AD781
311
475CF8FA2F4FB57CFCED3C9E09F128C3E313A60B5A8CBBF4BB7FEA95DB9F3E70DB80877B08BC57F15690315E88C78969BB880BA39C4852BD34EAE0F0D7EB2F13F2DEE74F5EC23C8AFABC07478002BDF78F903FFCF1815B9FBD8FF63D5F78F382F1FB7C21180FF4F51CED304F3B80BB05E0A85B93BD5CA5A06C2657E3C7B285
311
22C7B0E2B6C00B96774C8DA6AFDC76302EC353A1060176C7AA13CF8C6A82A5C23D23EB0C039D80C25345840B5D9724D9304C86B3440B83EE5255120014B92D81DEE7FE7A188732AA1AAC1FB8DA154103A4153F511A18BBE3A00F26854223D71BACEF074DD9D5D6BDD05FF86D18A2C1701A23D1A8618954D04491AA92C5535E
311
E5194981DB58332A2D4DC5D19BE791AE567DC1DC6DAF08CCD33E98195E15E826C8623F7B714F9F48C30FF74EEE59BAFBA1EC9133ADCBFBE49177D76FBC2A7DBA656FC7D1A7DBDF88F4F6762447BB743572581E36E6CE6FDB5FBA34FB9BB9B4AF6D6591153F5858B83097F8AA7864C7C2CEFECE6B23DCDB5796D31FF61E674E
311
5D38F7F38F1FBDB876AD0B96C03CC5EF5783F6E689EA8EB09928F4C0C48D375C269B4FDB53FF20531F70F701AF4DDA2E6CEE6A4B699023FF4D4F89B8605F08CB0414F6934DF6967EF2C2593C17E10EB1E82CAD9F24C7771F1EF87566EFD25BB1CEF99BDF7FB3363572E6D6E28DADCBBB2E4AAF5C1DBDE9CC72D8DA202E7FD3
311
AF37F395A29B109D7FD11722BC6578FE577DE1ECB37DEF7C39184F5D9CCE11E7C1B6EF7649DBA3CAEB97CF5E2977FF05504B03041400060808003968B65C615CC3277D0C0000780C00007100000042353632344142362D323545412D343836302D393743382D4643383146434644313042382F5265736F75726365732F3038
311
3130393536362D324338462D343543382D383741442D4330464537344646454644452F7468756D626E61696C2F302F556E69666965644269746D61705F706E6701780C87F389504E470D0A1A0A0000000D4948445200000040000000400802000000250BE689000000097048597300000B1300000B1301009A9C1800000A4F
311
6943435050686F746F73686F70204943432070726F66696C65000078DA9D53675453E9163DF7DEF4424B8880944B6F5215082052428B801491262A2109104A8821A1D91551C1114545041BC8A088038E8E808C15512C0C8A0AD807E421A28E83A3888ACAFBE17BA36BD6BCF7E6CDFEB5D73EE7ACF39DB3CF07C0080C964833
311
5135800CA9421E11E083C7C4C6E1E42E40810A2470001008B3642173FD230100F87E3C3C2B22C007BE000178D30B0800C04D9BC0301C87FF0FEA42995C01808401C07491384B08801400407A8E42A600404601809D98265300A0040060CB6362E300502D0060277FE6D300809DF8997B01005B94211501A091002013658844
311
00683B00ACCF568A450058300014664BC43900D82D00304957664800B0B700C0CE100BB200080C00305188852900047B0060C8232378008499001446F2573CF12BAE10E72A00007899B23CB9243945815B082D710757572E1E28CE49172B14366102619A402EC27999193281340FE0F3CC0000A0911511E083F3FD78CE0EAE
311
CECE368EB60E5F2DEABF06FF226262E3FEE5CFAB70400000E1747ED1FE2C2FB31A803B06806DFEA225EE04685E0BA075F78B66B20F40B500A0E9DA57F370F87E3C3C45A190B9D9D9E5E4E4D84AC4425B61CA577DFE67C25FC057FD6CF97E3CFCF7F5E0BEE22481325D814704F8E0C2CCF44CA51CCF92098462DCE68F47FCB7
311
0BFFFC1DD322C44962B9582A14E35112718E449A8CF332A52289429229C525D2FF64E2DF2CFB033EDF3500B06A3E017B912DA85D6303F64B27105874C0E2F70000F2BB6FC1D4280803806883E1CF77FFEF3FFD47A02500806649927100005E44242E54CAB33FC708000044A0812AB0411BF4C1182CC0061CC105DCC10BFC60
311
36844224C4C24210420A64801C726029AC82422886CDB01D2A602FD4401D34C051688693700E2EC255B80E3D700FFA61089EC128BC81090441C808136121DA8801628A58238E08179985F821C14804128B2420C9881451224B91354831528A542055481DF23D720239875C46BA913BC8003282FC86BC47319481B2513DD40C
311
B543B9A8371A8446A20BD06474319A8F16A09BD072B41A3D8C36A1E7D0AB680FDA8F3E43C730C0E8180733C46C302EC6C342B1382C099363CBB122AC0CABC61AB056AC03BB89F563CFB17704128145C0093604774220611E4148584C584ED848A8201C243411DA093709038451C2272293A84BB426BA11F9C4186232318758
311
482C23D6128F132F107B8843C437241289433227B9900249B1A454D212D246D26E5223E92CA99B34481A2393C9DA646BB20739942C202BC885E49DE4C3E433E41BE421F25B0A9D624071A4F853E22852CA6A4A19E510E534E5066598324155A39A52DDA8A15411358F5A42ADA1B652AF5187A81334759A39CD8316494BA5AD
311
A295D31A681768F769AFE874BA11DD951E4E97D057D2CBE947E897E803F4770C0D861583C7886728199B18071867197718AF984CA619D38B19C754303731EB98E7990F996F55582AB62A7C1591CA0A954A9526951B2A2F54A9AAA6AADEAA0B55F355CB548FA95E537DAE46553353E3A909D496AB55AA9D50EB531B5367A93B
311
A887AA67A86F543FA47E59FD890659C34CC34F43A451A0B15FE3BCC6200B6319B3782C216B0DAB86758135C426B1CDD97C762ABB98FD1DBB8B3DAAA9A13943334A3357B352F394663F07E39871F89C744E09E728A797F37E8ADE14EF29E2291BA6344CB931655C6BAA96979658AB48AB51AB47EBBD36AEEDA79DA6BD45BB59
311
FB810E41C74A275C2747678FCE059DE753D953DDA70AA7164D3D3AF5AE2EAA6BA51BA1BB4477BF6EA7EE989EBE5E809E4C6FA7DE79BDE7FA1C7D2FFD54FD6DFAA7F5470C5806B30C2406DB0CCE183CC535716F3C1D2FC7DBF151435DC34043A561956197E18491B9D13CA3D5468D460F8C69C65CE324E36DC66DC6A3260626
311
21264B4DEA4DEE9A524DB9A629A63B4C3B4CC7CDCCCDA2CDD699359B3D31D732E79BE79BD79BDFB7605A785A2CB6A8B6B86549B2E45AA659EEB6BC6E855A3959A558555A5DB346AD9DAD25D6BBADBBA711A7B94E934EAB9ED667C3B0F1B6C9B6A9B719B0E5D806DBAEB66DB67D6167621767B7C5AEC3EE93BD937DBA7D8DFD
311
3D070D87D90EAB1D5A1D7E73B472143A563ADE9ACE9CEE3F7DC5F496E92F6758CF10CFD833E3B613CB29C4699D539BD347671767B97383F3888B894B82CB2E973E2E9B1BC6DDC8BDE44A74F5715DE17AD2F59D9BB39BC2EDA8DBAFEE36EE69EE87DC9FCC349F299E593373D0C3C843E051E5D13F0B9F95306BDFAC7E4F434F
311
8167B5E7232F632F9157ADD7B0B7A577AAF761EF173EF63E729FE33EE33C37DE32DE595FCC37C0B7C8B7CB4FC36F9E5F85DF437F23FF64FF7AFFD100A78025016703898141815B02FBF87A7C21BF8E3F3ADB65F6B2D9ED418CA0B94115418F82AD82E5C1AD2168C8EC90AD21F7E798CE91CE690E85507EE8D6D00761E6618B
311
C37E0C2785878557863F8E7088581AD131973577D1DC4373DF44FA449644DE9B67314F39AF2D4A352A3EAA2E6A3CDA37BA34BA3FC62E6659CCD5589D58496C4B1C392E2AAE366E6CBEDFFCEDF387E29DE20BE37B17982FC85D7079A1CEC2F485A716A92E122C3A96404C884E3894F041102AA8168C25F21377258E0A79C21D
311
C267222FD136D188D8435C2A1E4EF2482A4D7A92EC91BC357924C533A52CE5B98427A990BC4C0D4CDD9B3A9E169A76206D323D3ABD31839291907142AA214D93B667EA67E66676CBAC6585B2FEC56E8BB72F1E9507C96BB390AC05592D0AB642A6E8545A28D72A07B267655766BFCD89CA3996AB9E2BCDEDCCB3CADB90379C
311
EF9FFFED12C212E192B6A5864B572D1D58E6BDAC6A39B23C7179DB0AE315052B865606AC3CB88AB62A6DD54FABED5797AE7EBD267A4D6B815EC1CA82C1B5016BEB0B550AE5857DEBDCD7ED5D4F582F59DFB561FA869D1B3E15898AAE14DB1797157FD828DC78E51B876FCABF99DC94B4A9ABC4B964CF66D266E9E6DE2D9E5B
311
0E96AA97E6970E6E0DD9DAB40DDF56B4EDF5F645DB2F97CD28DBBB83B643B9A3BF3CB8BC65A7C9CECD3B3F54A454F454FA5436EED2DDB561D7F86ED1EE1B7BBCF634ECD5DB5BBCF7FD3EC9BEDB5501554DD566D565FB49FBB3F73FAE89AAE9F896FB6D5DAD4E6D71EDC703D203FD07230EB6D7B9D4D51DD23D54528FD62BEB
311
470EC71FBEFE9DEF772D0D360D558D9CC6E223704479E4E9F709DFF71E0D3ADA768C7BACE107D31F761D671D2F6A429AF29A469B539AFB5B625BBA4FCC3ED1D6EADE7AFC47DB1F0F9C343C59794AF354C969DAE982D39367F2CF8C9D959D7D7E2EF9DC60DBA2B67BE763CEDF6A0F6FEFBA1074E1D245FF8BE73BBC3BCE5CF2
311
B874F2B2DBE51357B8579AAF3A5F6DEA74EA3CFE93D34FC7BB9CBB9AAEB95C6BB9EE7ABDB57B66F7E91B9E37CEDDF4BD79F116FFD6D59E393DDDBDF37A6FF7C5F7F5DF16DD7E7227FDCECBBBD97727EEADBC4FBC5FF440ED41D943DD87D53F5BFEDCD8EFDC7F6AC077A0F3D1DC47F7068583CFFE91F58F0F43058F998FCB86
311
0D86EB9E383E3939E23F72FDE9FCA743CF64CF269E17FEA2FECBAE17162F7EF8D5EBD7CED198D1A197F29793BF6D7CA5FDEAC0EB19AFDBC6C2C61EBEC97833315EF456FBEDC177DC771DEFA3DF0F4FE47C207F28FF68F9B1F553D0A7FB93199393FF040398F3FC63332DDB0000000467414D410000B18E7CFB519300000020
311
6348524D00007A25000080830000F9FF000080E9000075300000EA6000003A980000176F925FC546000001934944415478DAEC955D9583301085C33A4825C4C258A012A804905024800422A19540253416B01009DD877B764E0A6996435FEFF704C39CCCDCF909C6104208218410420821841042C821EABA7EE5B85EAF7068
311
DB1696799E8D31D334BD3E0087D462ADC521CFE7538D755D67A34FD3942636CF73212BF05310360C43DBB6DF57C71863AD1591AC43D334E9B30A2E64956A7813B02C4B5555555579EF61C946EDBA0E6E7DDFC3E2BD87E57C3EAB5B8C514F800C5852ACB510804FFA9A8DA8E1D206FE94E586100ED7FEF1786830C88065557E
311
947C1CC76D433E9116E24D80730E7386C9E9FB5E5B718010428C5144ACB590B12D87A6EBBDBFDFEF10EC9C5BB961EB8661484BB36B07F6D4A300726A9A46449665590970CEA9B018A37E2D048D31765D979635BF033ACAAB6BE1D814617E20265B7E11490BBCBD3974EB4EA7D36A28F21DD0ABE0DF3B618F002454989F15DA
311
993DE477E076BB6DA7ED00E960AC8E121174268450FDA1F7CCFED12DEDC0388E97CBE5CBFF00F2C69467CB9F0AD3E73D3F0442082184104208218410420839CCEF0093FA2B2C77C209510000000049454E44AE426082504B03041400060808003968B65CB5A795FFE3790000DE7900006B00000042353632344142362D3235
311
45412D343836302D393743382D4643383146434644313042382F5265736F75726365732F37424543443937452D453242342D343133332D424535312D4142334134323537394136302F7468756D626E61696C2F302F67656E657269635F706E6701DE79218689504E470D0A1A0A0000000D4948445200000100000001000803
311
0000006BAC58540000000467414D410000B18F0BFC6105000000017352474200AECE1CE900000192504C5445818181B3B3B35A5A5A4848486060605C5C5C6464648383835E5E5E6262624E4E4EAFAFAF4A4A4AB5B5B54C4C4CB1B1B1858585B7B7B7585858ADADAD7C7C7C464646787878ABABAB747474A7A7A76868687070
311
70B9B9B96E6E6E6A6A6A8B8B8B666666545454565656A5A5A5505050A1A1A1BBBBBB8F8F8F9F9F9F4242425252527676764040403E3E3E9B9B9B7A7A7A8989897E7E7E9393939797974444448787873C3C3C727272BDBDBD3A3A3A6C6C6CA9A9A9A3A3A32020209D9D9DBFBFBF8D8D8D959595919191262626999999222222
311
2424241E1E1EC1C1C1282828C3C3C32C2C2C2A2A2A2E2E2E303030C5C5C53232321C1C1C363636383838343434C7C7C71A1A1A0E0E0E121212484A484C4E4C1616160A0A0A4A4C4A787A781414147C7E7C9193915E605E464846838583878987B1B3B18587856668665A5C5A626462818381A7A7A5A3A3A1B1B1AFADAFAD70
311
72705C5E5C9D9D9BABADAB7E817EB7B9B7585A58BBBDBB4C4C4A8D8F8D747674B5B5B3B7B7B59FA19F606260ABABA9A5A5A39B9B99A9A9A78F8F8D6C6C6AC7C7C5451AD12700002000494441547801DCBD89771BD7B5A70B8EE04C702641712605CE034890E220088028C93245451215B713AF388E7DFD9EEDB8DDCE6ABFF4
311
B57D97137BE50FEFEFDBA74049B6AEED74869B7E87404D2814EBB7F76F0F67A8835CEEBFA0E42B854AA5B2BB5B6BCC951A8D52A93657A914FE0BEEE39FFE2FF395B9B9C6CAD2D4C4606F4B7FFF8D1B37EEDCB97587F7CD9B4343BD134BABE7DB48E3FFA7A228ECD6F6574E4786C0FC8B5FFCE2CD5FFCE297BF7CF3CD5FFC92
311
B52FFE58BFF9E69B776E0EF5F79E55CBBBF9FC3F5D3DFFB07F5898ABAF7CDA3B74E74EC0CE20230561BF096E97E05712BFFCC59BC80539DCE83DDD6E54FE61B7747DE17FB8980BBBFB2BBD4337DF487881AAE6C5ACC6AF25207877B2B527BFF1CB3B77FA47561ABBD7F7FA7FE146A5B6BD74E3164C7F51449AE95DB412200E
311
C539418717E7F2F11B376FF62E95FEAF1442BED0581DBCA1BD2780D23F506AFA16E1A7AD974EF17876F00DD7BCB187A1A97AE51FCED5BF2BC1F2BBE5B3C19BE27B43CF26DE00933658FE129B109C2FFF922CC22C4260FA01BEFB462A77DEBC35F42F600C3F5B0795D2E9E02DAD5E650B4438A92801B65C35CBAB7B1EE5041C
311
E69D3B6F1822DFB873EBD6AD3B6FBC71EBC6C86AE967DFC2DFA4CEBFF1BF54F6276EBC114E2F43FEC60B01A0D440A868B2920E5C4BC10D60931ADCB871F3268B21D3851B08E1D6AD9BFD4BF57F7577909FAB86F29B982571136AF01DF5FE32AC3BD9406CAAF2440A54CF176EDD01FBADA1FEFEFE21FE4C9858DFF4183458A9
311
FD2B6708A5A5A137E0EE1D11A9EC0C7C58B2C73C0AD6B479BD76B7790CF899E287FA5B06FB7B07C9195B7851FA8794031EF1FC5F9406BBFB23375420286399B631E93B08022A785C4DBF9996EC3551874094D71B6F487E80F6837E50F483BDBDBD83232323AC420A18C68DA196EDDADF68A77F938F78FD972BABBDB7B87FB1
311
64AC6FC2CB760365821ACB74AED44FFAD7E7431ECD7E08AC421F391D199998989A383D9D98E8E56F84A318C58D9BFD2DAB73FF5222C8EFAEF4DE7AF30D756E5108683DA471E70D0502099A7240F19E4089D3FD203E620F1B47BF43501E85031AE44B4B9F2E4D2D9D4D51D8970983FA861B3706FF950CA170DE82F6B312CC4F
311
42C8966295F7D725ED29882415DC055F36DEA1FE96FEC141493F05FAA9A9A5A595B333DED5B3D5A533F62183323032F46EFF13EA0AAFA5FBF7C8976F8C10F7280A014832593B90004D52341980D907EAEB73411EB2F1EBC9F507F92746C40E7AE0AFAE54292BAB2BAB67CAE0746264A277B06508168C94BF772BE9765F7BF0
311
B548FE1E07F3B5A521340A5CB5297C4B12811B89E82191ECF3E41B3259C529F135E23CF4C7F961FB13537F5A02ECCAEA76B5BA5D3D3FDF3F2FEFEFB3AA22053E5008833428DC6C59FA2F770595F311F235D427F379BB8A121BD901B96076A388DC4C3C61C7933CCCD770FF375A6E0CE9F535FE2534BF5ADD3E3FAFD71BF57A
311
A951B6D4CFEBFB8864758A26154430080B06ABFF557610ECC93726224F155D1471041E0D42F82F4891C926C1355B0831649FF365F46FF05300A7A790BD8ADEEB0D4AA9569A9BDBADCCD56AA55AE377F5F3F3EA2A34983A1DE91D810543138D7F28E57FF4E2B5335A3928B76EA1CB9B00BF158C8F63A2E788826896D0B5E7C4
311
61949ECE089144F8EBEFC7FB4D8C9C4E9DAD60F7FBE572B416C2F2423ECF8B86C439E450DA970634ACFDA977629098D0B2FAF313A36B3869E37AF7853378CDA1171FBEBA95DF1E44FD5144A420588641B0055A79ED91CC0DC41E27064512FB33F1F04D09D0D2DF0203A646A6CECE80DF28356A348CED8C4F1EF137B9319E1B
311
CD29867CA556AA97F7B757567006A447FD375A26CAAFDED9CFDCFB2BB0BEEE8AA5911BC2C7F85DF88A3775389990AA72219D582409210F85A4E66F2987D875C30848023088FDF77E87F96FD7CBA5B9DCCEF4F4C9FC7C676777577B7B7B67E7ECCCE4E8DEE85E81A6D55AA3BC7FBEB242589CE8ED4770E785D7DDE23FF2587E
311
BF57F50B9E820527316488E5C32D50F979BCA58207297E2B6D658702FFCD211840FE43FC9F3A5BAD9E97E6F21B9FCF16BBBB3A3A5A175B5B1787875B5B3B86DFEFFC687A72674F19D46A8DFDF3EACA59E405375ACE76FFA922C817CE86A89BDD92F400F2C55B7462F610459837D3A61ACF50C7471C8F2F2A9D38C3DA2F0680
311
07F80EFCDBFBE5DCC674B1D83EBCBEB8BCBCBC3ED0D3D333D0B3DE33BCBEB0D8DA35FBF9F8CECE68AE020BCE61C112A4C1138CD47F9AD13F7DC6AB9CF9CFCFAF9D0E01FFE6CD503F5B91C5218E2899CA15098714848B04FCE5654884ABF0E554F11F6C21D73D5D5AADD64B7B9327DDAD8B0B7D7D6D6D07070763BC0F3E38E8
311
EB4310EBEB8BC3DDB347E3E37B5842B97C4E44A0C630427E5CFDFB71E03F471E12CA9FF70E055AE141042DD81234B879EB4606361D9328149037D7D76A571A7E974FA20AD0323832713AB5BA7ABE3B3E3D3FBC30307070B0B9B645D93C3CDC3CDCA41CFC6AAC2D64D0D579B4B1B397A7C1BDBEBD7D36657A3CD4B2F44F4909
311
F2B9CA597F4245C59DEC354316F0587020D0C661742BC02869435FD12CF195C422DB3C5A3E2305C000CE6B7B27ED8B7D63079B5B5B878787C787C7C7C757C76C51B60ED60EDAFA06D67B965B3B672677080BB5329E60E9B477847AE2E9EB53E35779FD37EFCD2D0DDD68AA355B6B0D81860502B8B68C801F5C697E9AD62F4B
311
406244CB975560BAC756AAA577675B07C6D03778C17E7C95CAF1B3ABABE3E3ADADE3CDB1B1B6B681014470343EBA979F8B90383545727C63E43549D14FD0F927E5F1FDEFD7263058FE02EBCD1BDCBCA053496BD58E69BC44F9F854D4D979AE9ADB908824382AC1D4014E9756EAF9CE85B6B54DB01F02F8EA5908E0D9D5F1B3
311
E72188C3C3AB67879B07C8A0A767B8B831FE5E7EB754DEAE5261460243FFF07858D8EF0D658BDC563A2C5EF5833C13C90B69248C4DD97842B61DFA7F210A2F6108A0F96B62E2D3B3F3DD939EA47E30ABF5AB2B903F4BE5F9B36757CF65021E616DAC6F60A1FB647274B4B05B2E5341B082D43278F67D8DFDA48AFF9A13F22B
311
34C7586C9992BA6E66CABC190E313E7C811AA57304B421A75B289B9D174CC868C24548823E230B9A5A2DCD2CAFE1F98E61C015CA7E96B083FC59F3ED06EE60F360B3AD6F79787ED278D0A86FAFE00BA9220EAEFE1D5DE1F7855939C3FCC1332426B377F692406E022C010DB437EF009803F0DCFD3B7C94440571D8F2C328F1
311
15F47FD324802070BAB43FBA80EFDB92FCA1F7E7CF9FA875CBB327CF9EB08C4DE4815BC4210E2CB7CF1CEDECEDCED5B757490968286899FAF95583BF46F9393CEE6A86D6F618CAAD9BFF0BE22B042412C5CFB50556815CC5BBE33E9F61ECEC26A9BCB8145FD10590078F9C9E953B513FAE1FE387FAC246E14F9E3CE7F5F819
311
4BD6594140876B6B84C5D6799C61A16434201E5237582AFD75C07EEED9863F463284E2E13425A036BD41061259289B6BDC1ED656FC8B8592C9D00701E27CEA749F0D8EF44EAD8C1F80FFF8F8F9D513191F6803384C800097F24069C407CFAE88136B7DCB3D5D4A60B711F19070D83235F77331FD35E715966889038E2E0B34
311
6EAB7936C4162043E1A1F144093695443A570144898BC4079CEF1912809A3035A1D3F361235F90FFF1E3E0FB93C7E2750719F88E7D8E68123883ADB5B18185AE99F1D11C1238A792DC4BEDE8EC6FF503DF377E0445F68FAF4E08D43082D02170F30131A154206CC559A8D9CFDD762B31273E4947A581E0D9BB71E33FFA07CD
311
02CE2A6BE1EC80167497F2A81CFA3F7EFE58D0CF5D5D170DE4F89070B0BC4040CC17BEAC6B0586C3D3FF0309BC06F44B04A1E13729929B4DF73C44070692C810B08AC3012E8EE9EAE22067796288C193B2139B970B86F47FAD0F98382B1E035D9C32FD318A4FAFCB274F2E1FA772F94411B0CD42493C23393A685B5FEF3E1A
311
CF554AF5F3552A478383374E6B2FDDFC4F6DFE38F4F4ED7A7FE838F488EA852482F412D3CB07E293D02C9F074F12E84C5AAC423271450572A385449844706475FD38DC3C22486A0639E5F1E38B0CFE93CB4B25910EF309A2224BD8DAD40C682C28341AD69047E8539A6AFC14EC573F7FAD10AE0FE6EB13E87B28E093B513B5
311
803514DE408809BC12A14876DE0A25F643009E9176D9F0C330164285A7444DC8CAF0E9FE41429EE0A2F6A6DE91C0856C501272404A8468822E24C807030B1D33D40D4AFBDBABB411D093D88C86D7205E05FC57EDD1F805FA4CED5920F0CED39157E007CE21757C5DE440ECBCB46CD283E378029B43FB077B4F47E60E9F61E8
311
D01BE017D7E843EB49F50A2028F1E442FCC90C9EE308E4C0C2C94EAE30B75FAD3A0EAFA57FE9EF960F14BE15638840EAF3BA490BB6850EDB38EECAFD21A0C746D0C4234DBD035EFC7EDD121FA585FAB73DB89FE6A03CF833AB0730E5E2F1A36CE3F202A128934B44E396961121E1F2C9F32BFCC0C140CFE22C1CA8E109B182
311
919696BFB98120234F61B59F7BF46EC30CF067B21A33B0FB3E402448EE266CCD93135A8E823DB31F85E677434E608F53F8100BC0098EA2FD6BC01770E0F2F2D1E5452A711C4BB8486248FAD756D852026B6DC90A2AA5C6B69E9068B8F27AFABFFEE8AB36F1D23985D5960014FD711940800B560250D2272CC54FF1D3A660B2
311
75AC3881E349689C1616E1E9044129D032313509DE4700BC867C71F128C400159407C761022BA8A040F40A244788808C60B3AD67A17576279F6F946923191921B0545FC2F12AC0EFEFBD7262B6935679FC7F80629160ABFAEC88E8430E76D82A8DE62ACE50BD4A42FBF03B387B37FD321B37E31C3F063D99703F5160E6C9E5
311
A300CF32A91E0A085A29C0FC507F6C21012303C6104B82C1F1E156DB3229D1A855A32A8352C9077AF733A0AFE0FB3EF81FDF2F0F82C21B0EB06998866878B103305E31EC17F4FD43831E570A2118D1667632D4FFFFB125782F96168A833DBE78C3F11F8383A79D49F58F1E3DBC780417AE6581381E8610604888E2913E1249
311
2881274822C221AD04CB0B1D273B8542837460898C686864FF6F801E8269F40AD0481DFAF5E6E9C1F3BE391C325004DF0746A4E4448F7B52C0D5EAD39EC46896B888C4210D68E99DFA2820DF7FF850EC407EB55C3EBC5028611409BFCB8889C90F1C52355AEF98B18100094C9D0EF6F64FD47E5CBF3FF5293DDFB4B50DDD54
311
F351446FA1F14580DC3902C085F593CB24ACC917B213BBC11B3F0A61042FD8B24F4FB9C4556D0CB9E1A880DE89934CE9607F18F81FDD950DD0E1D143F41D56110E227C250621FF098838042BC85B5B6BCBCBC31DD37B34966E9FFD9936A2FEFEA9EBA4182E5CD3E17AE35501FCE0707E5525A7DBC64DFD077825BE37CE0BBE
311
1BBEC061410C660B6E49912665E2B3749C7C9F93834022F74CDE6CA5EB501D9CBC04B768292C5CCB84478F3CA83074092C6082169015E5800D5839DC6C1B58EFE83ECA513BDE3EFB8EF1242D2D4B3FD55AFE03D42F8492AF8A3F21444FA2FA9ABBF525EAF84C09F0168527B0138A85D1EC0443C467B28BF844EAF76323BE13
311
D7C11F72FED783837B970FEFDE7D7817E077C17EF7E2A1C2C0FE851FE4C008388C15E818958746129E1009D054B67530D6B3D8DA3D59D82D9D57CF70039FF50FFE0DE94089DB269C3655A4F25B38C49D0BD48E59F1526887C18FC5272197F85CA72862A593A4843CD25F920487DDF7AA0441A2C0600D062001F103FCEEA3D8
311
560CEC3EBACB01CAE5A51E420349F602191E5F901893142381351CE17047E764BE50DEAF9E4D8C38B6ECFFACEB141E54A6865A88A60133EE9CBB4C256930B0B168C1C3AB59FE1743FB422C7166082E934AFA5EFA3E4BCE0B69362FA7041818B7FDECE1DDFB4D022007CA23E521F0700AAEB5888BBBF08023E128B404538154
311
2FA256B0D04E28A0C3804E233A1BFB476A2F48FD135BAF9843BEDA3264EB42BA499601F16B566E72C7EA35908ABCB9176BBED43204C696AFD3D7B24B08D3AFA44BE243D88A6D9D0B6562B52F741E1610C0EFBBAF2B0829289A640EC4C8A4FF66A24430786CEBE1E1E61AF9507BFB496EAEB64F8F49B4129EBDEC065EC1F8A3
311
F228A3CD0950883B41BEC6D1944AE06147289600A7726313AC69A3F91197F1438BCB743E76F01F6EF1D1C854071670FFFE43FF1EDED702EE5A14C85D0C42DF90B86068800659AC88981855E3E774A71C0CAC2F76754EE7CC87C808D1E1E0F6CF47FD4224731337BE1E39C5010823EE997B1491BBD99FC8D8EF77482BEB5EB2
311
CF66499A8E0F7511B19B3EFBDACB6507BC78731B1B383D02FFDD7BE8DD9256F7D0BA7B46015941097B80018F700FFA024CC08078F51806100ADBFA163ABA8A3B95B9D2F92AC30BC908ED31FABE0CBEBFFF0279B675868F9AA24E9530B08C174055B7F48E4F58002F3E82F0BDFA003E8B431EB6C4A91E4D9B5FFB791265BA88
311
27BBE5F1BCFA7F789F72F75EC800F8AE43FFAEC42F13009FB905A9A0132015D0068ED7682AC608BA6771038DEDB3B33082891FAB1ABF5614F93238079726B833958796B845B731FCB86316713C1DC581B1E19B424EE32674093F80776F7E27C6FBFAC85C536CD955B96EDA2A3FBF770FF4BE11845470EB3E42D022000E0FE0
311
7D161811020742162444668308801E133A4C163BE68F6826A5523071CA78B2FED51F28F8C70FE4190073A3E5D3259D7A288CD19BDE623F10021BAB0C6E327FD507B2741627727EA00D31856492F9F009D7F152D930704E642795C1C1B336E0DEBB7F0FDCB79318543B25341F36802D64A981A690B94259607DE0B19D466BF8
311
C1C5E1CEF9A3FC5C639FD6117B4BAEAB453F8EFBDA500A67E8BAF76C8A06566E36EE1184E8329419161F83D843D5DE7D8221163E145F56921C3EE383978072129E290A9B7166E63D26BAB1FCDBF710009E4051842390031845F20077CD079407C575F20364C4910ED2A574BC357630B0BCD8DE39335EB175646A698458F6A3
311
46F003A93002E846FFE0C459B8006E506D79BF902908A0AA05CB5E73530E33BA1D3C2EF99C712B7C8B41DF4D2A7830BE8707485FCFAEEB85A09AB6D39BBF7B4F23E00509C20DB04E240822A4B810E04D8D53D10D504C059ED86BB8697F514777717A8F8144D48A4C89077F7EDB00E2D89DC02A7B975640A282C49A4AA84B70
311
B12BFED8EA6584860DFB7EE23FCB00C6BAF7332FF259FA3C9346508813E372F1DDE425065BB61FDF8300F7EEDDBE8D0C6EDF46F7D8823478590AE23759D60DA6B7A9F125EDE8F4A5D2B37470D0B63C30DCDE3D3D59A8D1501EB1B0A5377517BDD6E301F995E3F955F0F58FAC2E81CE172A8344AC03DC6781939D2484B8FFC1
311
5E8F3ACCD3954CE19576B942D0A029188EC7013FE59AE90B71292DE774F1F63D60230180B30A2EDC65291B6211B4081128856001A680015CE000708254891851D4B3BED0FA4D7166B466BFF1D2A924885AD12B387FC0FCE6819AC3AE06A7AA4B715F0927B74D119D4A668FB54B8A8C268D8B038A207D10A7B1E95E42195B69
311
5BE0240F7408B311257C23F581E987C180140C584A02B1670CB817CEC0A080F259F1360E58452013200E3EC107AC1DF4FD7B0F6D23F33347F9527D9F51E6138E31AF35F1BDAAEEEBA3D71BB402E2FB47CECEE96B4DB85536772B07C82A34F3E66D0BCEC207FEB9E70643761276F7B50D5EE963CFF80C7AF4A2130F5BF8C4EB
311
FB5F07B709840480DBD8007FB7EF3F90104908BA457D43AA2A6A02C91422285E5AAC143F3313A0CB74D9D164933B86C25587134E8D342B453FC982860D09FD13ABE72055ED020E85D3E312F74C25CB0293D978A1C4001927C80B86FD06349126EC219F0C735C8053D8F5F310817EA01F1B7851F406144C211C6362C27DD51F
311
1E310C0102280ADB891E9B085CC528A2B1369A46BA195B9A2B351862CE43174BA73FB7CBB430A5798F4C54B7333B96C3224A9863AD02B9FBD8E63092191924E77C199D92887DA594B6DCF0112857162FD0949FE6A441F5E62E42FB2105BC405A2301A3424601DC807912CB2C39C604A27908021CDA30C4C8C2019A883B3A8B
311
D393BB3546136EAF561980FB63E9E035FF73B96D09A905ACB2C11D79571C5159026227DDBDB81396EB03F14100BEB66DE1FA9EF82C3ECCBE318119C4269FD014E66361FC8BB0B4EA9A98EF3D8848A01360430284335004C183CC25BCA82D2302EB03B8419241C64DF4F5ADAF77B533BE786334BFCBB8DA72BDBEFFC36103AF
311
B30608A0B39B58D93F0BF42180841DD26BDC22CF0A770E90240006BAC65197D90920131C7B2EB3CFD3C71C6378A305EE8488FC1FF8D391E2BDDB0F6E3F45E7C8207C419800DB410073A3173942CA8D5242642A74496FF115832A6314D9FA4257577BF7FCF8F8E8CEE8DEDE5EBE76DD3CF892BA7FB8B90F629431B5525E92A1
311
5A3A4A6FEA3FDD73136172060959206591F4C927196CF645AA285CF3014630121754261C0D31E1A7E3DA2DBDB54B04703BDE3A4209F02045C4BB0F529A14BED07098A2A1CD47513DA64B512F409BC01663090796D787173B5AA141B1B39BB470EEBCF1E30F9D263ACC4D05110797CEF7B923B027F089F74D1D06F0A4D8C0CD
311
A6604023FCA45B76C5CDE0BF3845ECBE13E0C0ED73700A8A753C1AC8AEFFF1B407FC8A20F42F0D94019121DE304077A027D4112283BB8FF0072444D68AAD111D6F591BC0061854BBC048EBBE9E81F6A33A95C21BFD13AF3C7E7DCDFFEB0DE8903F77B41DF178E99C289895B0EA8CD640549D68935BA7C5294E0A1D66DA0CC4
311
19BD398E6265789CA1241441AC94532A3C19C95340BEFC68703077EFC1D307B71F3C500859C11494838E902203A2BE90EACC5135B80B078804340C920C2300BCC06F7A1C71B875DC572C9BD1D84BD5FB9363CA6BA7D03E5C40FDFC54FC23C9B4B9DDD028787D89219038523BF64E638BB37CC25335937A00DFD32869C5B390
311
C8C32FF25C8C47A7181B4A599A224A9DADB0E0406FEFF9F183B7448F081E3C55024FB33828784AB61704482CD0160C04174F9E33BA9291D58C2F1F1B1B3B5863B0D9F3E51C35C253D54A23E560E2C0CB3A6F7A81382601C2079CAE96B7B1560D20A341E85A928A4E01083256420576C2ED477E2E565FD9223BCC691CF394D3
311
D8E281501E0EE5C1C8159E92585D255CF30CC854C75318006EA4A01028EC853F9407C6053910BE105348324002260254886C156260F9189EE0F8C9A3CBAE9D5A992184568A69D5183A7DB97DB089FDC57AEE54F858FE54F577DBA85309640290F2D220952620750C5811FB772A7876D1E4040FBFC6474D51246D8B3FB37828
311
3FB514F8AB3C20B8BF7DBE5DE541C9A5D3D38DDB30E00151E02523081BC89C2214103E0BC1B3D0199A08E002681A2613A2616CEDF0F0F9C5DDC75DA395C25C0309C03DEC8091A4AFD3FEB504AAC6633930556DAC86EE3561941E862C4A75DD6B6BB3A0C59BE153DFA73EDFCBC3CE2188D3D378FC976D0EF9A95B7C8532F527
311
CE3CF539581E0FE501291E9139FFB65EFF5DBD8E0C18DE3077170A64E033FD278F18068028802F156C3809FDEB11B1019C208D020C9BA2870457F0F8E1FDC7EDD393E3B9FC9C4308E9315704233F960E554802C14716B0B45DAB5EAB5E25AB7830EBB8D25E6CA94E4AA01794FB1EE164FE9F040FE82C940A4BCEF913075D08
311
7E85A7237D3CF29C47E4E676777779528C4781761F0BFBC1D3A77880E40C9A2E5109180D5255317890394229F0F082010354082D574F1E3FBAB7D6553C2113DACB97BEB5526C7C6F69F9310A94C46CD89FF8F379AD1AA035FD00FF3F320180F01417A6F255A3A8D86319FE0C0B0E06A0DCD33F79841339C01E5BBE1911AFCF
311
F7C1E0A540BFBDBFCF2372352686D863F83F59CB6865F43104007EE06F52406F680341102048A01BB048823082CBCB0B6AC48C313F3E7CFEF8F2D1FDC3D6F6F9F9D9E98D9D7CAE5EADE2A6512FAD7AB526E17F600C85550DDE9ACFE9D97E694513103BC69F8A2813176032C890C1E9C49FC09C61670FF8705B1D7386260E7C
311
8E7122C7F8208A55139E8C8D4763F7EBF5728DF9C34677364E3A3F9AEFDEC9CD95470788834F9FBEC512379890B38C94205B2557987C4186DF5C0837608DF0F9F3CB87B7EF6E920475752A01460E556919B2B64296FB9FB70DD5F47232A0F77465BF140CD001F00ADCA175090E2665A14E6329B62660E02A1CB50C6025E3DA
311
252A670B3F0FFAA5EAD94A509FE7036B159E0D1D9F2E76B7AE1FD5A606198D3A747AF450023CBDFD162278B9446688111009B4029B0F2180AE20A542D40610C073B47FEFE1416B2B12200F3C991C2F54EC2491027A816B0A34A9D05C6F437AC23462385DADD75642EDDA738AF1600DBE07EE8437804D2D011A94DF71C2085E
311
DD40266A407FFA1D1C00B0C03927E60338E3B9D8C47D1F8CAED578E06F7CFAA4BB63B175FA7C301B747CB377F45192003CB8FD34B12009224543D8604494011A80C1903CE0518C986208E1C5FDDB8FDA161686873BBABABAE74FA637BEA894A44078C19696F326E057D7F95D061A6B0394A9D5F2DCAAFE4C2388D8A6E9AB76
311
95CB0BDD0A332430F1A9333DA41D1FFB97FA09AE84E738C75C407C260408F8DBD5EDED7DE1570A7BE333C54F16963B46AB0C2B71208EA3D16EF4EEDCD7005241166C005A73C03164792151205C007288AE337B4D7103741BDE7B7AC913350B348B2D767515674EC6F72A0402BBCB41C81305AFCF05F2758D3ECAC8D26AB976
311
06DB9581A4B7A8FFB068CD5C0604E6849046B70C2B60FF0CDDF93C13822B4E82FA0479A68220E66D9FD775FB3C1A9CDBDB9829B6AF2F77EC9E0678FB20ED8D1B1A1A39D10F9812E20D6281F5673121AACAA9C53424000DAC173F7E18C3052EEE3E78E7F1160F5AAEAFB70E0F7775CFCE4EF384DDEEBEB9C0889D5243BDF557
311
559FEDE5F17AB21E118C4C31A3DF6A96B56AC62180293910ECD6B721047664BCFCC6B2DD3C65CA0F0C823DFEF84083C7ECCDF05898EEF158F4FEF97EB9C123F1B9D1D1A3D9F9AEC5F5CEDA84A3C96C14A55584D62893D6A54D8D2028D05C8B1F124884543F3223B29D208B04910D3FC43F5C52196AEB5B5F5E58E8E82610F0
311
8C21BD443801233C0CE8BD1E40F84A1CA86001990048031ABBAB11EF83F9283EA89F181F2A0D9A9F62D94B7F625FD727E6A93F63F200F614F7CF100D4511C07DB45FC5F0CB4CA359ABE4774631FDAE85E599EA0878A3C33D5AD6430CF4C055EE5FDB80629000D7855DED3F436F3B61B3DC7FFACEFD2B1BC6FB0696312CFA47
311
7CE87A87070C7998E04FBA78AE3F915A065E819FCF35B410321D9ABB308146A11AD5196CDDD7C477A171C8AFC74B45CBC6F641AB53C8D4ADA5870C02379BC0470CF83DB55F073E29CF5CE5F7A3F8FD62EB7AEB1774C2C6780B9523F9287193FD23DDB79FBEA513B45200E2E0C1B51350163AC19043C600F2C1DBF7DEBA7BB9
311
B5457BC0D840CF325EB0BBABBB786D301437000020004944415472B491ABCCEDAFC0591201CAC8EBFACBF367FE7B6E40E69F551BBBE7123E3C00AC560CE20C62436E8C3C54CC225EE08C0D74CE26148877689EDD004FB2BFBFFFBB984035373A7954EC5EE8591FE531348654514DB1D1C56411DFA2A7C212BE5ED91278F285
311
1A432244C6822C29C85A8B320ADCBDFDD63BF71FD32648E7D098CD018BC35D7FE89E250EF2AC75F96C15271602687965C844B8807C6E7729D93F22E81D39ABD62A0820C1FE9F11CFA7208125D33E96FD69E83AF6052DD32D49FF0802CD9F9DFD39260389A950887A647CCC99BAB17132DFB5DED35138FB3A060F6295AA5E19
311
5BF0BB56495A5A4A8FA440026E46A047D40ED2520A441C302D240F201FB8F7E0EDDB0E12A04D8816215A0579E8FE1B1281E9F19C9900DE79842E2A7CCD48E9876EB01C75DBA0E0C8D44AB5512947A00BE7CF5DE9E1A6A6BE43CF1A78783DFD5A404E4477336C1ED8B18908B2A847B2AFE9839E891137A6673BBB96FBBA2A4B
311
8E9373B001F08369BA11BE8ABC4302FD2345FD6014A127068427D007BE28B41D9B0D40FFB7EE531FA673C8870A69135B1CEEE8D009C08042A5B4EDA314920B635BF941E7487E45256439DFE9D276295F87E698389CD49FB394FE19720412DEDDC40E9CE9C6DD605E0B719FADC416CB15AB3A61F9B5B9B9426E54F81D8B03DD
311
950946D432B40CEDAB7BB5AF11213CBA73C9BCCCDAFBCF06127C7980FE6D1DC9B4DF14832D6568FEAEEBA76FBF438300B541064ED33F3AC0B0D10505306FD370AED02859234402F6C3FED006766DDED2034D90D119057225EEE3DAF787EBF30EC51ACB4F551678BD6728E1944730C095F13E4D81A4DFFBF67C5BEE37E62A85
311
FCCEC6CC6C7BC77A5B477E22223ECA4FCC0F87E2A5E3EB782BDB25B8CFC6736A044DE5A7CDA604526361D650484FE283B77EFBD65D52C1C73C4F48E7D0D81ACF572F2E2280F98FB230508FA906B42DE240ED651B301CEC83DE1790C9FD96B6CBF986BECF3BD332C18EF627A0B6EECD5B152E02088D03D828AFFAD26B05BF67
311
1B4F9A09A8CE0CD2707F67F2A4B3BB75B9ADA331C1305BBAC182FB4A79820B7EEAF73199B8404C0B81231CDCBB871B80FC41FF5860E8E108222A1A076C29E6E03B6F3FBD4F1F295DC457573C7ADED636D6B7B8C88413DDF3B327E1046AA51040B40CB50C7E3F1D2E44DAD34CFA604029BFFBE714DF0C069908027EB275F1F3
311
66C132E1A7450B04011CF82B2B647CE754F650FF6E25BF37AAF65B7BDA16CAA791F1D09F6CAB989EC5AB7809BE145FA459E8D3E4B0FB47DAEF093B946FED585B80FE1A0305FD5330FEDB4FDF79FBF6BDE81D8300CF6815E5F9896552412A03F31FCDCC7CB5E32365550CD9365FDCCEC8752E943161D78047336F8AF6539840
311
A1F2E764FDA2970999F205CD2BD1F5CF496571F76EAEFA0E1CF8FD2A55FD06391F9EEF8B9DC9994E72BEBEE1FC928E2F223EBA0FBFBFB4F2DF137BC894B8087643D64ADE6EDED67F7680FAC9060239E845FC94AE93D880F994FBF71FBCF5F66F9F32C292EA900F9C1E6F1105E81C5B5F58A067A448143842008D7275EA3BBA
311
3D2516FDF02FF79260020D6B3C714711F3CFB61BFF56A826E627E82256F7400FB387FEF23C1C1E77FD6A21EBB1B2B35F2F95E7760BE1FA3ABB3A981423477517EEE36FF96F122B942F6FB64D9502BD1B9089162532A2FEFED255028FE653C9F46FA321E0B588B7DE79FBED07C44106CC85133CA65190543004D01D02D8181D
311
DDA5A9C91A7110805B7875B689FC3902200FB192E7DFD936B37B57D9C338BD49E99E181F4E5FCAB2ABC1CA7AAB382CBC7D515457CFABE6FBC63D525E5CDF74B16378B9AD6774A58531912D232DF01BAA913DFB7D3AAFF912984302B84D0500077800D26C60A4742101DE420C610C2E92FA93056022EFBCFD5BB6B38651470C
311
D33BD87630C05831BA864C85997B8754B05167F0706499DC442FCD22592AEC2ABF3FF13F950039BF159FA9B36ABDB2778EFF83F70972B83BFD3F4899E64DD8346AA495CB155A7499F2CE39B0AAE755125EB84FD8CF8D8E4F4E9FB4B72E8F1DBCCB98B31BC4607C2CFF21C8145FB48EA0F2159F86A3098415609554DEFA7B27
311
EF1301033DD06D274BAF6821D220DEF96FA4CBB60B3CA241C021D38E1AA76B4406B4767576166766A6C7F77273F5F395291BBA19F64F2E3095C14F3E60371827741CB27E89543857D6D96BF9A47C6A9A26057840332EB843717AAD171880217B71FCCC0355AED3D4819911F79D0EA8AD6DA31A83E36C5DC2D470295C011302
311
387069158F6C9966022367ECF1D00BA9BB95C389AE7B6105A1FB640689033A7FCCFFEDB762189103A61C3A4FEFE0D6A6B5A19EC5755A443AE78BC5E9235B047890A65919A0D2F96AA3C01CEE913BB3ED239C3E0CD8DDAB99E4348BF3F8B977B6C43DEBEFBD7721A839A63B94C06A10DB87FCBFA3C2932F8C26F88B6D6BB30C
311
3C4E09AFE40FAB52EFAA1EC0316920E031A46D65A0FFE45A673432E907FBCF86717AC04F2CD0EF512D665FF53F05BFCDC43489F150890C60A8E0314E70A06F619D30D841189CA15D3417F3CD50191AE4396543F0C42BCFD696C58DF163F5B46D708BD5FDDA5E5E5FDF9401BC4F7E00E8A17520833D1CBFF495B5D1CE037C66
311
4123EEE74737268B5D1D3DBFDA6AAD8C08DF2C0BC7A737E10AAB2A7B958990CEBF556CDBEE823CB09FB344143463C630CFFF585D330CF0320E921744A7918280FEEF981161008E9FBC78C830217A07B7D6985E83F9A79884ABB5AB383B4D7D788F9FB3D867A2112A43F19042B33A108690CF6F472F8661CFAC971478757F6E
311
6F2F7AEB82FEA85E5715941778B278281F28C268AB24BDB470EF3303E09C359E9DF1CF990D8A096106E6A66C8620DDE7D281DF0B2831F20439A30D68386CE13E002F7EDA8D7806162B205D6A19AA1FABFD6B1B400EC2BFFDD66FDF7E8755B4883C043F43046C1326136680404F1F934EBDDFDD39CB58A98DF1BD7880E0532E
311
671FA1435E9D6EA5E9071000BE8F262E7C4044FD95D5FD526EB40A05A634775F32205C3D779FDC168CD5E56BF982508BF572BDA4F6F57D3304BE9EB18149461B12F760D7485891CA47CFC44909136FBF4931716A2E100123FC6CCAA6A644F25EDF4AC980B14039009BECE8B798BF69A05DC5B6885CD23F8E13A46FF0C0A986
311
D617F001C52241801E87C2974C31411DA3A5D7B6175472763D637D3E57C33B908F867F4A59CFCA7923375E5F027A983E18BD7BD4E6FDDBB2250C1529F4202EFAAF979DFFB1F2612E87EBEFEC58581EDB9AA95AD1D7C1905F7305BF8182D5BBB524D47C4E3B81CD843220DE1E6536497C0962C225F75A2D6A998303B23FC501
311
F0B3F736EE1FF01200FC8C99F5515207C9C40081DF304C0A17D06E26CCBC5B3C47459308178301FA8057C2C0AE9D99B05F038828B08400F2E3251254DD7EB8BC4853B101F99AB48E387457C96951E5DB670648BAB70A7B04FE93EEC5F5B183F9739C98952C6845C380D401B8FC86E70A20744EC720E09D35955D96A9041720
311
196D183AC2CFE6AEA816652D0234883D788BEC8F5DF2615261DB031C2381092401B48D8D2D870FECEA9C3D99DDB036C8A051058030E32190976718C89F031DFBFF2EEA3D88606A8A19BD0AE305BDFD12BA4FF46F1A0002B07137989C748936E9DB2C91F43B07E4E4D16C3779CF5A4FFE8CC981F07C29E34B7C012AF0054FAE
311
A4A6A3D49D3A16D2B3CF220A029003366663053C89B3FB1827080DEC2780076FBFFD8E39810CB0593CC68B5D9009F2D400418028B0BC6CC74067E7C9CC0C2690FBB084AA5254A12AF63543B35EB40D17B693F7E3464D5094C00AA9E04E0E0524F5C35C5EC6BA94B21AAF2440725E2A9FF94FE7A8F0E769EB83FDEB039B631B
311
18BF396F5C13CF89ACC02C387DA56DC3B1CD84B96CFAAA37B55FE723B611062258257D331F186AC93D8AD600B4FEF4AD777E4BF68F2168FF08C081A37AC13446C859964803961928476D78F68419390D830C1935B5C2A0A22A3AB17D3D6428BF12DC373B8D464E04C0A496BB3B3B75639DCC2500E0F0B15FB6F47B5A7ED018
311
3A87CAE8D535F2EDBD4B3B7FC762DFE65A07C30B2851DB890082ADC07131EEEFA3DB7DD5CD32C0860CA83CD4B7993A175F422A8149B1C1D94C1145059D9C78A8A572A90B7C8B1E3392FF77A80C50220880FF3669004E90F101740D2B808181455A044904674E7482CC3EC85C4BCE339404C0B0BF6A5611E4F9B8157BAB6DE3
311
27EC9BFBA1B4557ECB609C1F45326499EFB90EE78F18227F09E563C9E63D847EDB3B68EB9C39E95AC4F7ADCF7D87F6752BB6912040281E4A0D8A8314E80D60470999B8A51FB1488A66A9F3F81FFA61C83F4FA6969E472288FADFD61B005E0EA4284822E018911828E868614DA0C36E11F3A051070BF2F0840E35F200E2C0C8
311
0A776CC9E7E6841C0503D0EDF15ED9AFE527E798D23BEE5F0604E58DFB7099D739BF0BA5D332EF29F1535995BDBD0DE681C4F71DFE6A7AC5A13554AE6910963E9ABC9A0DB5B202225545F5CFACC942B5B93C207352B6E5310BF349AF200175D7DFDF78F6D683B7C87E087FA9B35812C4F8F13452CED610A2207541E6D659A7
311
39441F3833CD0C9C3C3DC2B0712F62333C4FA9327C9CA1124904B4FDE0FE21C119776CB0C212AAFBA5CAF80EB43772ADFE77CD9FA8A4144C54C2FB2304C65F62FC3678E4F6C68F30FEE1BE8383CE7DB86F58B1AE0C51F0F055E188D02F00911DDB0991832228B3172B3E623E513FF1734FF414A611A603163F401BEA790FC9
311
FF7FC3FD3DB02DC00184145B850D01D120424DC03C00FCEB7880EEEE939399F1F18DBD4AA54C939899304D913CC2D5CFBC55E50C7FBE4C0E14AEEF53D6843DFF56BE2D554637EA047D3C210E2C61077875FB5B40E19F43AB7470CAFE1C0D3ED3B3B4778D1DF6D4F837C08747180FE8394F2CA1E0A46B6DA62CE2B2DABEDE0B
311
1924098580FC16B369730E9E90541D3730D47FDE16EE1FFAD3419CDA05ED1F2715C607F2E81893AFC5936303F40EB776F1D808BDE393A3FA401E1C706E154C892860AD74A2949C409E28A8FB3349C764D13E4D1D3468952B7B1B35001BF41142CAD58D6011C8B78961EACAB66E9AFBC627673B61FFDA4167950A274145BF11
311
EA17BA9AA60815C2C43AE1F648E3772E53C94E6364AF826019E723069A8AA353A3BF7FB5359281700061FF64C28C10B9AF0B70B0B0D30A31CD1CFD22F68C76DA1E44558869257892363C091D313EFA46B57C3BEB252E9C6BF5B4799EC58F1910F469E25AA17B343799DB3E33CF410061F96C6D63FA91B1000CEBB7D2971BDD
311
39A2A76361E000F5DBC1688D47CB812DD60F8001AF25B328D173A9E4BAC18CE9F1F628704330741B2649B92E9714447C68559C6CD2F681919367E4811100750058809D0230C087A89FF3C80C23C4C60882E481F48D531764BABD5CCECA308DE2F63D3BB50373D630796126803C2D1FBAC148F7592881B395ED7D26B7DD38D7
311
096AF98841CB37592561D9C6565317AFBE9FC4AF7371E060736C7635E0CBA1809FC80F544DBAA1F2F9393D970D44C0615A0C6930E758B9E63AE690F73045F0C8C0731DE9CD80F718E94652383458799E02C06D328010011C7090D8C5E5336A83D4059953877EA1E1D66FBE994F04608C4C991917230FB61F9AEE183A40AB91
311
08D032449FD1A7283DD25ED15360EF7EA9303EDDC0043403531EDEAB10DFF87F5E2FD56DF0F1B701A9F614DB17FA0E0EDF6FD0B1622A81FA3D1DE5A33F551930335C353A87F9AB05C60455193448246944A232C5D07636D864CDD7A50D0B4440CDCC465D1C418321F50E1648D500294065D869559EF3C40C8FCC6C323E989A
311
D0F0C73142480B200842802C061008B480A9954AF282052B3AF67350FD0DD30D1F4075AC303A5D490250F5400ACF479656861E4C77AFF327F3EBECA4B57B6B6C8FF62602BF150744656A87DABD7BC6BED50527B2120C001A0B3718C74F0C65CD34F275164D7968148DDF259AB8AD6CA81CDA4E8819509B996A7F642D987A40
311
1A2B04018C01E6C169A8700F9DE3B489DB2BC49C9B7B858A4F50D22AE15428FCA4A1EDB20C83492690CFE361CC7F8C8066FFD0D77AEE797977F468A36E0B0DFC87F90EE6348BC748F7CB73B5B9DD5C6EE7AB19ADBF6DF359F1DC2A0F9E44F213F8041F64274C0859A2AB7C37440FEDDD2F95BE44065F22067E3EA0CC3BD8C0
311
D8194EAB291CCEE20B9CD8E02950AD806080047A279F19024C837C848816719AC4A34DF8F0706CED904E8185753A458A27E4C1E37B5F30A104932BE140E0BF4E400160F320B054A8705042FFC47B4940810173F9C9E97240C7FCC3F3813EA239B745DE9F1B1F3FC2F9330374DBD1A7B475923F9A2ED81716D18D1B577DAAB9
311
D1A0458655AD3CA7E211867AE7C702DCACCD291E0F798013DC01BC326087775C0833E04EA3778FBCB8DA4687A0255CA0AD210C15661E4E92001A4449031D1DD27D327334BE830B64DAD90CBF537A45FBD4E94A7A88888E715B7E74FCD040E818BDC1BF5AC609CCCC015DED23877080FCDC47BD8EF3A7B783A17D33F3ADEB6D
311
6BC7AD75EA7C7852C5B6FDADA6AFEFC2D181C03F8C40DD8A4AB5024F0B72E34B57BC1182472DC80946789AFB711DB7F1193C03C893B0345F420246114D3EA71D04FBA731C0DAB0D3CD311B218F0D5A15ECC105D02F3AC32F13600084731A83220040019B03180634B5923D438300B05BAC80881F061095FED5D572A3323ABD
311
83F1D37A2301A8C930AB3F66ADF7CBEFED30BAAD7D78A06DEB6A87F15491F5AB7E25842B6B34BEFC12C8A159F187C64B3CBD2356DE5FBAB98BBE9583F0E3280C0076DA15BF34C15238145742B07080B1EFB83382F9FEF2239D003541041083C5AF9EF3C8944DC2030BC3ADEDDD9D27475800693049E05413BFB3FEB4308731
311
512F13400D06F813368A0101D8D863EB3E75FCCADED124F532AD3F123F131AB46A93DF1ECE7F96CE9EB6C365C6D6A07EEC461FC919FE288AF7AE1A7D012D291EB073735FF26BBB1C99FB706E972192819B7A34BF22424BEA1CC7958AC2E04BFC8E02DB90A4A1DD04811ACDBC181037864672C78F6C0EC3073A40CC49D5E813
311
593B7002763BC6A909D31AC86F3F6E335C9E1C309BC58F16418642E2AF6B290A34FEDC0CFEE08FCA0F56700699CB73B9C99302AA17BD516D7F1FD755A2B32B3FBE7134D3BEC813195BD355020A7DBB541539CD2C06E45F46FC0EE08293E6C0E1972176D9B678340AA1A4823404EF79B1E2347E47C35D0A2260730E0B513025
311
DC0BD1C07E3366E9B9D17F767405FB531070700035618606F0B40C73C974CFD321B0C174A80C0F3AA54945FFEF348F5488895713E89B5C98DA501E06D8D24FF04FF0CD7ECD7BAA755A854EC6A180AD13BE094E8D5D63BFD6DFA5F5D3E4DB1BA18FD8473DC6E17FFC9832B71A2A94D96E808BB53F9192955D62C82E282B0516
311
8AA0927D54AB20A20A74800B7CC9655C8B15F62377CA4C91641F9F4D0478F4FEFDCE273A002CC0A725EC165CE3A149F0333E8E9600B2C05A7D15FD831F0938DBE5D0FF13E3C0F0765965A0961C3FA86DEEB0E28304747BFBA5FCDEE44C23544F7BB7BF7A132DDE34F99E44EC3FEEAE92F667A10F7E90B0E8C6442DF5A5318B
311
0F816311DB2E6DC6F172C363FC800EE09186BB9EC82A24C0117700CD884AA42023B81EA6E0CF8B3056411110D78606EBC5AD5417B45BCC8E61EA01C4006AC233933E35D860BC1B6CB9C9CCCE7840D2E0C1C1FFC11CCE54D59300F2B47D66A10F09D8E24B71B9BDDF98FB62A3B897C53EC88D16D1FFE8C649B17BB8E760EB20
311
B784F52F992544753F2CBF642CD3C9C70D8722C197142C567E74FB431EE248A8F3FC00377F5142144A82FFC28AC2970A780C85A7EE9146FA4B2981F3C93BCB0F3FBCB6DD3DE69C72B6073B99140DE28B8E919D9D9E7C2F5FA99FC1FFD07E9AC0965CDAEA0A945FADE52C791EA989E8E7A21A355FB37E44405D171B98A6E946
311
DB26AE71DBD01FEF07FD378F5B4B518724481820890E7486E3FCE61A60E096D577701890EE07CA5D7F2B086040749FCEF3F81972E510A86359C9BB579883035887542090614E5C4461705D7CA1CF84DB564838606CF1597E8119790D021080C935A908324EDE9F60A04B7830A33F0670CB08605B8D01BF9A3D435693FAB4FD
311
84EF6754930640C1F9D74B052A7ABBA9F502B39DA3BF6BC7514EA4BEC71D752BFDC198EDA8DFE8F32B3EF811E4576B0A2074B99B070A069F60173E7427BDF285024E35A4418B7A412914F2800F1965C4F1120A2D5D2C64400563D5942044807BE7C738EBF3034C4A6F4D70C04ED1F97673C039FABC4CFF18866E08200BB66B
311
DC9CCDCC3FFD1E43BEFC52C317F0F5E64900FBFCDA4DEE68768FFF46350E0EDADB7B34DBBEDE3776BC55599AF84E312229F931E700D04478D66A0D88D09B2276141AF0F8811C5F8067DC04C0F90929F7F1AC9CCD368488AFB965C97B855A3E2E93AE5B4866502E55991B82D4388614F2C36B8484A5FA06E3EFFA984A6AF17D
311
5C2073299D9F12FD63826F67FC460E54030981684E9FBFC22009A3006962285FDF4FC84B699FB5BEF3736C6072F6844C15EDF25883037DE6BB7AFAD6AE164B367812FA8CFCA6FA25725D99AEC5C6EDEEC64ADDA2BE0056002032E1D7A20A54CF444E360D520A5B69816C0A953CE0434A8A898BF18E2B704588C01BDB213334
311
2F5404FEE698957C200EF54E31BE6DF4E888C9C67F5F3F1B41F922777E7FA6332677C20098C59F762F5DFE4A23F9801A3BB6F8A4F66E0D40EC867E92DEFCE84C714FC7CE8DD3DD3BDBF9C781B1C3B549FAD2C89D711808CAB100E09700BB85240374A7209212F320CA577222A7020E7824500179FC7096C714884BDFD9499E
311
027ABEB3CB0226CD293CAE6E0C41A6788F396606A073E28CBE5CC67D584D36CA39D37974FE1023253E3FFB007A26F657FFC901D851130DDC2BF54884F20D5D40A0B7E5C7BCC7CC87B84F2ED820192CCE1AABA1FF24ADBE1D03635B5B3B53D4A5F84120125FADC36A0E792D3AD7E255792CD5241A4C84171F1104090017DA49
311
3D0A7790A7BDE6DF326180398E4B0DEADA5C2763825E43E05C388E184678C88CE6422606C017F030366981353DF03A753DBF6370879F79889DD0BF75408724DB53C5B0063AB6568D02DC47AE4627B58D7E367A6000267E7840C23A0940B992DB98ED1C4731B4FB4DCFB6D3EAFB6CAC7646F0335C5031888CD74E2103380260
311
AD47176D703960230370FBBF28813524C17FFFBD6288BB28E4F905ADB4A788B40B4A6201C1878BED224DE9906C4C79EF32EE679B9F5D3B5DFA137327320643909A823F62106CB8F9BFE4BFEAFF0FC7A6393EC7F64A698EFF8ACE31BA05ECE6DAB6DF124118D1D13F892F3D3530602E3F3ED3D59DFB821ECFA3D9AE85B1ADAB
311
9E328DE738BF55D5DFD039445AE76D0194180F57B15BEE5F09C07F952F9A10372BC894CF7DA12CF6507E2A8916E0DF430C519485C55D61EFE209912D8C32866214E121611E22A0B1238DB18E86636A3BFAFD5B4EE02FF1E505F902BDF424D0516907BFC95EF3A76B6B3872769D67E25B548F0DA46E2B93DFDFD5F2B9E9EEE1
311
EE1DCC7FBE6380DFBF38A165CAC73DF912AD76A4690D2B766A3EB4AFA2D05BE543EA20B095FB17AE3F1928D84482049B659E671A4763CFA567C08824913D37F2F92F841FC244085C1681225C04AD6DE1684831682CE0D6096B56101C0D4FB3A1BD3F11FC1105AECF5660BD3FEEDF162B0D9DEC6DB55AF27FC98050BDDEDFF6
311
3ED14B01336053A19DE9AEF5F5D9E9D9F9E19ECDADCD497BCC57681922F327EB41FF681E17C1921B04FBAE371AC69E53F98183E91B84897A5DB164158BD1D12FF6F6BEF0E02847727BF2628F9FD48B6FB11DF6928C868B29590A0606F92140D0C08850DAA7DD8A5FE8A50389F61288AEB743E9C801BB67DBE0A7F64F63BC87
311
770FDF57AA73FE1F5A84F8DD3AADDFC32087FBC0A7D645C327B97D65E7A8BBA76DFD9BCEE1B1CDE3F5F7CE4E6DF4013ECD7CB60BD1239E8A4E9A5722AD9C4FAC8F7FF17B214AF8801950430639A08E3ABD05A0D94E253BD5951C885B0CE750309070555FF21F2EF83FF53F4E15038B8D8A244740A5C9CBC120043DA0B323FB
311
1DA0A4EDA268C05A304619505000BE10415DE898809DB6B66896E60AE347ED3D6DC707CB7D5B5BC374A158EDC343D0EA61C217D4878CBBDC1D85686782C3CF4272E7DCFB5E9EF628F5A95AC1AC0C6848F5771329EF8DF2BB79EFEDEC8DBEC72EB7F245287FD4B31008AB38EA4D52F2BF57167159E3004CD8950E217DDD6F69
311
9FC763E9D1A0AECC701F7BD4430A3E030374066938F883C01DE40E7DAFD609345E33570F4CE6BE467FBD7F793B5AF2A9D331D86DBA7BF98067918F9FCDD609A0384B523F4413B574B818C6889FAEFC5E7B8F90CEFD62BC2C85B2478D54DD076635BE434FCADE68B3ECF1C8708E27863DBEC352D87BCC7A92A8E135700CDE65
311
BC114026DE5DB68275E656D2C0D4087293D43BB4C9C14EA83C0D806783B40DD7CD4F19EE9F33801F55A3F1FD600017A6CD5DE607783D5F74E34680E7DAB98D99F6E5B5ABC7F7DF19D8278322F6A97FDB2FADE1539BD945DDF868EE2B8B70D9EDAA45D1BB0A5801198CF1DA891540474745BF0317F8A3703E02510AE94B0842
311
21F887FE950272D62D4232781054A87C58D015CD45EBF9B70E60820A2056E9D4D619E8494BBFA68B61EBDD8CF52CCBA124BACD4A4077E8420A7F36FCDAF661E577B792A7E1B7E337C7CF1FDEBB3B49F501F3C7366C1730E793F51FA20A9C3D2E9F18E63DC277449054CEADA36DA0807467D45F8A744E1BDED725A033868703
311
F1392BBE221158220588F30574A0B0893D0515B0B7C404AD0E7F40C11D504C49BD7DA39A85A19CD7357DFC966E5D92272FF06D59CA5A6A1C8AE30E52F1247C1F1D78F81887F9F3E387075B170F9F5EEE4A7F5BFC69DF02FD8795FCFFAB472E7C88D563DA514861B85BD41594A75F5E866BE69471110A9F75C8609C7E6BF6C7
311
C727431EE3E9E3773D2378C25226E82C08104A57ED273FE0921D6990E02B006BD038263BA360355E8DC446A380F0BA35FA9945A80CF60DFD54054202F91897C241C147D59F8E0FC67CD0F2BF377A3463F8BBBABCFBD6833C57E214AC3F5AE9C2FDE88852968F20337972C7E04EE5658223008AE82D93BC37D8DDD900BD6B16
311
EF221F0D4149045D740A8A215D4FC186C658E01994B8CCD317465828704BB630DA2243B3B4ADD3EA554A97408454148C04A1A0CAAC2E04033C04073851F54380E0BF2DFFA43FAD3D6B574F2E1E5EF6E5F4FEFBD1CA87C161FCBCF5C7AAE2F726F814027BAE10F79BC3D765D61D1803952210A9AA07F8C6BB2105B61145B324
311
F96014EF223D4A9261080239F03FF6F4DD4975C183B887E081F7A467A25EAA0C94028FEB808637768B07400A8235D4EF33143253198900E079E3FACB0C59B00F827A5785A6FFE2FCF0C0E6F1714F11CDE5140D931D707950631F3DE877F300002000494441540ADFB08704E252AADE1BD4E8DF55796A32B9B6F17737C67702
311
E5C638682737286CB0E0A89B624D5BF28222432848C9AB8C07170C97B814FF492A61072407D638006F7C8400860444C01B1930A522788045633DFA9507267A3A42BA05925BAD705CDD3792FA23C1075C6EE768A673919EB6C3FCFE7629B7310AA794CC9C0D14A1FB88F95C845BF22543F57996E0B26C9E4C2ADF187F979F8A
311
55F11B47BC26594C52588518D25E6C2B1CCED231EA1B748F093E5726A21A54C91EF95789041030C20FD5AD68613432E19A4D0DA2505B6BD843516E10BB00AF9AC315EE9FDB39CC1F9EA59CD88F9CD071D470C86C4647FDEDDBB1CDAB81DA94034747A779F4CED497CFF817348F69F52E55490840E48840BA72DB71F3E84F6D
311
A2F4717AA928F153DA6E4C7E8E00363CEC9A2E1C8E65F298FC4A52F087FCDEE5CBA38A80CBE11FF7BC2AFF249203FFAB77A128A001B1987BD334AD9B901890A8C2005B6B248196AD09C0025ED841325B31845032E327C531C839E66DBAB39566B631C2FF0A1DA5A3CC47E665AD8751B47CFE33899DF047C9F3C365E3B11278
311
D49DF939298E09002F6430F9958803309827A7C791048CA070061B7E9A64C557D235F83EE24822E5EAB805F9862F20FC58F483DC0EF02181F572930205107E00E523861895A2811309808F2B6C14B2AA579E893753C155D2F54302007E9FF36AC5FEDBCAD47E182D91A73920CFA5C18E01F8FFF4C3F1FF553BCAD0E58DEF85
311
DD63B91BE38ECE1A9FFC4AD4A1FBA30D462C328C5A0340DFD393D3D3D3C0659195C96990F391EFF4175213BC74C020922D4830FE215E76940962BC0713A3B82784C0CB6623DC40D6E1485BAD454F6892200B225096127FBD82D2B12006BAE2E329C771E25FEBC0DAB3B5395289D56D7A8A89081B34EE06F80F819EFE75C67D
311
EEE95D227E283FE98A7B9F1C97D2D05B4D07A469153C3DA3048EA68FA667A6D90E291C7D7E2D063E4D044964D055F2DBF3E31BB851AE9F78A0A7314F0AD24901F581D74A6929142039C65AF5830D1C809536CDC05E4BA51038F79D713DA930CF18BA3010E385351CF47F74D439BCBC793556A1F99814926AF12835E251C59B
311
EA3C083EC2B2760FEBDF4304C9EB87B35769E1EB24B648542CFA4EBA9EF93CD42F03C08F249A2C98897D8E2225E90077823F4A52171A61219998CED6FA050992B6B0A74A2220ED12123004FB977084208F8E2AFC80F456CB110BCA647A3A0F854085D84FE0052BE31FFE7F925610BAFEC06FC33F9931BF063F39DB3D1BB20E
311
E357F594045F4226131578582CB055A59A073AE0413989D215019B6EB8A21CF154D71164E0D8F4E730C2CD382D098DA5261456A425643686BC8301710F2C50665881399156AA2B4C3191BC555728384800CE10040F746A3D8A80A5F0E500A93456FEC52833BBB45203DACCA37FE1D3EE4B9BF0EC27ED47D89B8266F11EA2DB
311
8B5A8BB93EAEDF0C06B7AD0402B9EAC6E787365535AF19F15158308A9D9785C1BC1C01377F8C6B4D07B50DAD25649764A91DC9812C7B34CA98184084F7C01055466B48058CD44085AF26648520C85C41C67805462D8425680425559F4440F3ABBE1F3F81B1EC72708767DDC8FFB6465796C8FE310FEABE0C9B242A74137EC3
311
E0427091967023299BE5D6D4D0C6D15747DC2AEA4ECC57C72856E827D33CBD319D70FF854369EB841282F84B7CA4881447ACFCB257E252E00FBB3272120A75B99119840858486615636E0E0334031AAA8C08A62E080053A0AAA4158431EC727A084021D41CF5D630C94184F6FE7432E8F5F9A4FCDF3EA7CF136FC2988093F9
311
8ED622E38E4976E1BF0CF49D2889E6DF3566719FE1F9B47A2D3BF89C69155DCF24F88C609EE551160F0415900B4C48FB013D8900A9192A700748002924771A3686A0A580FE4009E00ACC090253E280B90AC15048E047020483A038A60ED232831F2CC90498648690D960C48E439F18F4DDBEB0B6F5AC7B7B89F6230243B4FA
311
160A7B9327F3AD5D937C8BFFE5FF8B3A5E64283BEF8EAB9F71159514CFED62DBC880614AA1F7994CCFAE7D8C87057F451733699B8DF87056E1F0654B5021E38097E4E23221B810DE20559AD183A61C2C88A648DB096081E9801CA00BC1DA0124E08DAAC15FD2936905CA8DA1C40E42B13F1764E0C4015EAD7F8BFEC99A310B
311
1B7C0BCC7746D3C0702759C89EAD57122092122D1F857067684A578F1DAB7EAC400841F493A468113282FFE42316CC74C756B1C880FE78795C692813CF4644480EE9B02991BCA257A71861F00666D9410288487618D120D0E80D7773E2B7DD180E100EC98B221C94BFC4FF531A09B986230F1CD08378A8E4D0FDD7D9B1BC75
311
F5C12EAD7FF83F3ED19EB018620303C217A6A35D826E72ABF2D8E2BB1B783F6E48D2E3F360806E1D192085D022103473A10375B63853EC54F500B5B064DBC20945B88160DCF7E4F83A0200BF6FAEAC88E9F54D22D898E43F378D20B51B5D6B1457000922202800DD401A9266483029C0D6D57ED80D42A0E6E08835F0F3AC73
311
D7FAE6D56185F04FC44472B854EB7D9CBF7134DF3DDC35A9F6B38417DD6F508B37C1A718B0D054124176F7222F62DFB327F34D451799D56216880193254FF782D7DDE26C271BF38C6E422E271CE4AB8823C9510F021126A7A944E00DB4031D013C88EA0746C96D4574069BD5439C4110403B40020C30B07A604F1E41D19C21
311
A93FD9002DFC35F23B1E7B98E95E38387E3603FE7393680410D702FF9ED5A3C5E5CE68B5827D721FA78F3A9A0C08A79722D9C9B418F46C0057BB1640C70AA4A03D29CECF33987596D53CFB27B32C3BE304C540E14BF8464E080918268D254838C91A01F0FFB99154FD8A9C0495EAA6534A6C464440B4A71E16100E74050881
311
22A35F7A511DC003D002E6C8E7E15F6D1D2FD09014139EC11FDC89394621F77B9F88EB5A583C41E2FEDBC8F82334494C0BFA97FF3C3A34ADE60385B60E5A30CF036E5E75370BE3B83AE73B3B7DC0BB337DA0045299ED0C66681E4AE223D01B1BC3BD4C921E2005FEB5114739040758189BA8A320067B62A3995E4720055065
311
AC2B4A8006BF8CFCC907C0063EACE41813C5F017065AD46CFDC6FF1BFEE052932CA3478C8E5A6F25DC8503D40F61FC1B047E4DFFE8E84407C81F1AC7B5C79DA358551CD0D13785A9AEB38D6EB68A0A8087FC6543E7471082873CDCE5CBEA1EFC5CC0579469E225428E9A43D6A6000B4219DE52E8DF00A55F4BF5035960661C
311
2DB88AC1F67C2890A93FC420193C8326409E7B595FBBBA9AE1D1511B3F6D65B09AC10A71C2317201A603E88C56CC68C91279E83F5C147787EFE6C675F00941D23EF092920330982DF38C65EDFCA89DA98E8ADDECCD77CB86D85118F3DD9884820B1128010D02F1060F582871CC8FF42024C02239273A1CC3BF71E770DFB7E9
311
6081682803188118B50310BD620234F230B12711B063E0F0490FCDA9248B580D3D3DE944A30CFCF2A1E0F6E59E8FBEA289CCCC943785BB8880ADA9C2FD70F6A13F5418444E3A669273C006C4B4EEEC067827539FFBEA9CFF04D84E7F170480037005AAC8829084329899F90B5E013927F8E646514B4824B01D11F72C012CEA
311
CD163B6358A4454A4221D06E68A71062520649BF9E9127D0772D6E5EADED52FF216BC2FC513C7D3C5CC4C8AF009811826AE20203B076A2AA66D8D32E317DEE0EFC000FCE16D9E0BEB17C74AB009256C5D8AD1CBABBDA61402612C675FBD72D07E633B1A42F2421208CE01397560811204306617A5141706105C9F4984C459F
311
2D0F6C392FA05BED808512B0B9A8A9FC6CED89640EA347D31F0DF76D3D9E61E800FE9F7601BE4C9614A1C58E6C839F13A12D0EB426DE6386B82369A9E6A7F1F9146EB578A2EF4289AA109B4F6CEFEC0463E0072A05CC9DEDEDFE08407B173B8AA65399C80B2911252E6290C82CC1B8909140C11B7AE161B42B93905045D017
311
E00CED6D27AAA15F2C2179F1E83D411A7020B9408D202381E7E5DEE5A9E7E5CDE3B186433F488AC81554BEC09BC579018ADD1DCB3D9D70F02B14BF9159A4DA376225FE43DA224FED327941705DA582B2FD1BB5DC0540667B650BECDD1D5DDFB0C7F36DEE2B94F6EE2EE4E426F20A1174C31DF153321A24114C4FFF25E50547
311
5F6906D4149B21F1BD9D9DF7B059F8E0FD83323CB97991FE80EE131A9003B81C491B218B1D42C0C0D593D9D548003839DC29A740298B0C23F0CE14BB167BD61989AEF0B985C8FAC8F923A73F31953989F0F6C96CA6C4D0A9A88184BEDBBBDA3BBADE77CD8E2FFEDEEF46184A86671D7DDC51417477BE9F04804F305AC82C2D
311
018A21EA903866A0F959FBD4139916D036635EE03DDB7408BCF0627A03027AD314C09B0A27F0A79490D53839D0DAF1416995CAB24101FA63F75029D57A4CBBA9FB4D120ADB17FB5A999FC9420DFE04FA670430B90FE7F589F7FE8D50A4B5F004CE5F07EB4EA007F8AEAE8E8EF7DB3BE2F81F42166C7246FA9E62D02C8209BA
311
1024414C483498B50229FD923F2414040B2081390AAC353B5283EADA12A30B1080866D746B9ABF5BC107F33C2A015B275480759334B83AB02175EFD0DEC785DFC505E0064F4EBA5A97073A74C5C9FEC97BD25D819E28AEE661FD2732B8BBFB1BF13441B3C1F45E8AC1752BBF80C113DE960E0AC7D9D02C58C80505A19BA0E8
311
4B14402601A590A4AE00A825E98C3212342302EE10FC5100681F86834A2804BC409D70270A2091DCE874B16BE0706C974EB3D26EFEDFFCA6C4579AA4DB781708469F055532A7046C6BEB0CF39F3ED2EC4FBCA3D00EA91CA68FD2B87B5C191E0EB2C300F00A1C9881F263571C6CFD83D079D09F176FAD839340CF030F70458F
311
81F09AEE1329505150CA0A00576B56C06D58070B23086F685E44232D9D53DE3FC3731044F286D19F459351863F749F1104198D6E14BBC68E17CAE70D7AFD958E350BEBBC70C9C4DFBA075240DA27D40AD7DB063A097DD3F041EDB3E4B682A7A12A548F3393DB01945547175879989302521EEB1431B08759B632B174E0F700
311
E774FCA1BB83F95029ED1A084288C8893520E49415E00DA080AE8027C34206D35491D050A4C6B080F6A20889A2FF82379AB6234F6710C05F9080ADF002B9C9F9C583AB220F45D618D7E7F7547FB27CED8A8B7A7D24EDA4988B0C1C2A1AFB53FDC61BF3DE50D63C560F0120B0372F0839DDDAF13E583B868717C1CB8CC71D1D
311
7F440CC82184803144196EFD58BBE00B7EE77DE8C015942357FB06FC906A5E2B8882CCF9FFE184B0035A5CF186A962A63F84B3AAEE3D5A2C830008807568B6A9F424086D2095A3E262DBF124350082C4B5DF4704A9D2C93553DE47BD6766B69349610716999FA25854F759CA9792599D3837ACF6247CE8597B0F960FA3EC45
311
B61715050260C5844FCCFEC9666BC71F875B17E3BCB4CB151405D7D08F846B4CB952248B4603CC402B609E90F0044A007FA800EC46D07A51232B00E5683C55D5096E1374DA4FCBBDE2C25A5B8D26008227CA7758033D7D70DF12CAF7F247939F93F1CC63047D63ADA0B7CC8771B234D8095FCDB577B586D1834062035670E2
311
04B245EC093FCBE15626C10D210CB38A13F50E10A0D5C0814B0C4B30AA9858516001669002229618F100767AA3D6D2528595FE7A398C2D2300ED0013A0AE60B91644A057327BD3C36BEBF48C91279B45F8BD145494674AFB211A91977CB838DF35DCB3D6D6AA2FB2784B591ED785DFD7DB77747DAC9D2F7674810EFC2895F9
311
ED8007EC7885101679C06F21E4B1C8A6120956F80518D1DAF1717BEBFB5803E20C6F2A11B2E48AFF4AD2810A70054623E341B3D1ACD92DA91150DE631EEB2C28882D092049C0DD38E262A7BD6F98549930C9D44B7C37028AEA9F8C5628A2BEF5704C0DCB2B428181B1BE766F43014498D2E57791E4C8DA6BD2ABF5003F0C40
311
202E2E32EDFB02852D16C30B7F646B98FDF86C7891690043128B0A0DE6B4EA27F08C30CA34C9D0AA0852A5997F8D11A6EE84E040B20472020256F4AFEBBB74E6705A12083B249089218E6452C8E5A69717E904A3F5EF3D5D08EC1F4D4E85086B238CFFC11AB9AE972CB775616C6D1DE04DDF073B4DE3747C41FBAE6072901C
311
AD0237100670C5A00C2C3CE063610ED824826C1F6650700E88C00B62468903A0D71D3A390255AD7040048348C56C4647413C2C2561216E0C469203EF06A5B101AD40D0E207F78B124747DB5B4BBB4E88B1C373C114E0470B345156EDDBCE1B4DBDF81DBC400746B0B54E05F693707B89A5E430982C2AC7D10DFF11D5B102B9
311
505034B35D07E8E5F585757F088B390F2D4C85CF7218E8418BB4F25B885053D07D5A908326809F31D6CC6B77CC948413B28664484439D118DBAC27DB5AC40C1AD166F25E6A2F0AE82100C0BF220405323E1FF80DFC518CACA8DE1003F3C9FAE9C7B2D60703A0004F8EAEAD2DE0F5485452D15B77B4B67F4C2403B8D8F9C533
311
558ADE058A9E177A1698F75DC0EB4C800F74C0270178C8579C1FACD025F0560844502D2BBC01E620030CB93636C1041636A693949CD80139FD15BE107F905590A292840F8860706D07E2970A2F15E5B13B87C3143CB2930374CC46A6F9B9D7A5CCCC14E11B9E879A49FBE27ADBD6DA82410FBB94FAA8487D61B51F4BE0A03F
311
D08743C31020D6628ED20305A22C2C2FAFA7ED1E7881C438AA5B9035F20759E243C51F34D0D5F02F11403B9E204CC1686C0B6C9000470561519CBE1B0E4FBEAB37A39EE4B84C05F023858779341991F36D9D9F351E7BB3B5ADF00148D9D05784F9AD8B037D48C01BFA83D4247F03BB768BEEF973A14E610090D4B96B1EEC5C
311
5E66928F28EBEB6CF578B067DD83086081579848E60DFC7684044D8174993C39F886043481F6A2B743B18749E52447CD4D230513032D20D20206E536E15BCF7B7D211634F98FF9986287F33F9A94615A5A0A7CACF8DF5DCC1AC6EF9AF1945EB78E0A2FED1DA2ACC00EF983F9A012260BD722EF61C9DBCDD8719703ECF83902
311
9010CA0B9F100B1D2842153E01A1A3837AB579516A31982FD2908A09100DAE591016CBCD4B011A2F4DE299E1338CE065DC4841BF9895D8C81714800CD08F5AD39601BC929B55D291F6CDCEF2AB40DD5D98F4E6F107C47AEE4A09A079C05316F479DAF4C2BAB83221BCC0CE23FE3D3D4C7BC9AB673D89A3677D6020F6E18233
311
2028012FA0FBE0B2668FB85485902A8E7FA0BA2105C213E20BC2169211A4BABA7D693C3F1DA961F203694853137073AD5CD25F1C017DE0477626D7BA55B88F83B5EE513C41D814639FD1BF759171F4577D3CAB0C3DFF68B2D3B1F8478C18F67BEBB2598FA76A4545E9E961BACF657E0791D2373030E0EC9FAEDD17BEA7703A
311
738185D08236C407448A4CB504CBF01FF43859D3115488EA01B55078000DF085911805790DE1B41B6F8CB2889C3834FE02AFE07D85143C6C008438A944EA63E047023A7EF37E13B0903AFEA7BBAB9579330FAFDAACD540022980B65A75FBA17D388F1E6576405CCE7032D95BDA420E7DC0EFA320879E5F8B3B04C1D2D9C111
311
4210C19FCC49DC6A855E12010184DB8968109ED016E4683CD552A36B3AFA13BFC2114068935A7E774CD2C7225642B73325938052D8634ABC18DC9442BF9E0402E85B42F9F3273672DA8E8F1070405D1DC3248487574CD98092B8B956E6AFE1566530B78FAE05B4A0DE51FBAF85DD075C7E11939F80E015A58D1F87E400CFFD
311
2306C4D1D3C634380A201545A92BE01F445800BE12302AB477BD6F62600D211232EB061448A0D2B877BB940D63D059C37E0569A83DE93E214F4BD86209FF6F479C640AFF8AF6D1BFD987D029A94DB7C329B4184D4BB013BF912FB88FEEF913071A8D82B651BC10DB067A7EC52FE1B421883144C00F64FA23A11CF708BF16CA
311
59F18D4C04B8085964B2D8DA4A855187000BE440BC816FFB13374640B0EB1D0998AF38A1AEF503F14302E2811081FC12EA6CD38A63B33035125F40F170C0B0AA45E9FCA38FC6D688D48563B5C4B4B7C359D3C7AE0EFB16ACD5E2FAA47EF8307044B4EBE1C71E84E742D81431FB06B90B600B9C239E277A57C94C427EE10E78
311
26980C0136600D916A06058CBE8604DB4D314FBC014EDAACD0820F14BF75449B70339490FE5A0491221BF95F949DF1235380E969AABDBE2D32EB4403D3FDF17F42F9A0A7C28ED75BE86BDB7C7EC80C76F86B8800F77B305EB88F00A4352E0F8089EF811EA02A3DF08F7DA008F803BE4B4EF5F41E56087099E920708C3D7209
311
16444440FDFA013D4E1201414123A09290F5BD7AB729298209C4306D007BB0829FD4EC3A6D7E4F00B67DF38CA0764F832F0448E58439B952CB4F70DF964AFA74CCFDBABBDF273E2FF4F56D3DBFF2A78D42FFF2755DF307066497F44062AADFC0CC546F6DCCFECECFA232E14F408F05477D311B683A35BC245FCF8A5CD2AF20
311
022C21022266905A5BCC8B20235D6FF04019CC04058AC80023662E25F342063165956320BE50370F2A657BACC817DDA3DDD3EFE04028645780A768FE38DBA88BF2EF3ADADFC7FEACA952E5A77568ECF0C971DF32BF1D24F8486B22A649EC81B1B60315CBEFC026091CA45F858D7D04C1B437079431E63E38F880758842E780
311
A9E03791C0FAAFE10012588C3C592FE35461A6047802BA18686887023A422A49599399893103942CF6DA53A8E387825FA0678B261F139F801E2B17C901D0F5217E07AC2401A87D0480F753FBED44FE949C93A1D042B879FCE499B3D861AEB23F9C1F372F0C24D0B7D6E70FE1AAF60F84BAE642D82F0A9F53E2278391551849
311
4FDBC0AFAE7DA282E5050B703570E06319A015E00D693A6BEFFAE493941C3B08C13B96BD20D0115A9565701DC58568A3009DA13E965765C03091F0FF339F7309D44F6E61F837F1B1FF920450EB8FC48F9B40158BE89C81A597CFB0DAF5F5755D3886DC13D4479599B583758CBF35663AA234F133F91D3BCCFCE0A794367F38
311
5C59B19431780F1C099131384056616E15A1563B50021D369C593FB292685A68A8B2A50A0A2085CF05434617E05FC24A6B077B990014421A68401AC4D65788EE25F737EB780D08A6E38F060F2ABD889E1B889C44852C2FF368C1E3E710D73B6589EA83F7417B341ADA1F639A23D15298F087AD0326410E116C3A1B32521843
311
3C71AE62C07C1480F1C045629724A076A4BB8D622D24690486727F56108D07046DAB065000678E04C4F8C342DE27F4AC102D854F2D08D59B4ED0E4F697B0FF62F113646BC5B7F3131D4EA8BF8B265EA3F2026E7061B96F6DF3D993276B2180B8E57067587428579460551049049B074CF8B1066C7E14C705F0B39298C0997C
311
17F701097023BAC31081390196801FB0C2A12380042927503D5A01CA127F9841B460310639C674BC8CDF1A320501448E0068905B07F6E5602F8C1F07786253438CEC51AE61FDB25FF71B09893AC026A9EAE3F30F369F5D5EAEA5801FBAD3C98B38C13EE017B054F81A56F05259DBDA64FE270B1FC4C77200FE276FE814B916
311
E222575ED717A62A92956504605268408CFE13FD61F84252228376060206802B9550F00B9D47E6AF1022538A752CF4FFF1F5931384A9FF8700EDD4FFA2B93FCBFABB3EA6C607FF714B0B8B04EBBE83B52B246092AB018C0D0002FC490849F1E214AE6FC42009D6D86616C835B65DB9862EFC4480C14137603C3089D0A5588F
311
A27E693DD184131BA4E88C35045ACEF1CDE1A82323C20B842F2419604821196EE8185BC834AD44F8E9B7549A32900196E9ECBBE20FFB4706861AACADBBFD9B56A23FFD3AB8BFACC18B1B5AC0ECD7B6AE2E2E9CCD2BE8AF1B1BC3A813B94107E82DE67A42E7CC7D4A6116700B5B2EE3C338A09B840F07C40A64800D7C605AC4
311
2B72227C4C7020AB1F20056E26F542717F56534261DE3766AC10A6ED2D006DD03BA9DBA507AE0510A8B385C92363B9154167F1230C40D76AF6F3BE0CA08F8BA2FFBBCEFB09D0986550E0F0EAE2F2780CDF850CB0F88CFC2815FE87BD83909F474F45DD47F1C821DB2107A8817FD45384F57891B65F2543D0C1E20A89B4A8DF
311
806862AC27C60F6A054627FD344250718AC0FA21CDC4E28DBF2650D1B39D8B8A420C348A4F846E2BE824BF8C45E1DB8EEB52F576F47A75FF95F90FCE0FD3A7A08D48D5B9AFBE3EA658E1676FE3372FB57F0AD8D70ED4AEBA3D4C2BE0AAF1C3AD63A6004D12900CFC481A47430C9EACB390038642C8C41B1330316661421059
311
2736B8603AD4FAB17189DBB32F3915F0C380795A089A15228460BDE8E52203527D41B5470901B088D84FF8B3FE2BA7F4FD30ACAB3DE0B7E2FF95807AB0010FFDE3A048F7360F9F3FB9380EE537F16F8673131325D3351A3F664022020811A0FE8C019CA17370725CBFF64132025DA1BE2555102212E80A907FB43ED80A991A
311
8AAC183932C19AE17524B06590B6AD286EB99BAD18FF4BD64BAB519202F992A963648ED30E7521F909F090C0213E367A77D8836BEB6F34D92EDA624183070248351F1A079E5D3E7A9EE81F2CE6678F92E299EE312B6C0572C0A7B5EEE07853612403813152C7125E2022A20C18F855DBAFA399817FC97FB6E1CDCA31D34843
311
4ACD0012F0D32A5456B4007E6E92D72B1A4E9971223A42C1042819E4049C0C5801300C0013FA48F8944FBAE71DAFC27F1826FA2304ECDF3F6C10FF47D5C7E49748DDD687DE8E91C09394EE0682A4F84CFD6067EEDF43E67EA46CB2F4070160439245F00343D03BF25D7E2F26FC400A896DBF19FB8D4D0A66DA669C3D608F9C
311
D048A0533621B25690EE19D5D15248E390F042B12C682511B02BFE3E5700E4C9A9B2107A8F45248FA48234FD23005ED1F4EFE80D1320836F04003BF42856D478D1DCA3ABEEE3C68F9F30C3A16E5C238EA5DE3FF37DACC2F8B7980033F47FAC34421EF0418A045394802CE032D61C70023D788136788613887C0011A4EA316E
311
005718AE191F8D0D841B9C679CD2FC478442D005429166F5A24403B1E6ACF3298F388B6D0BA933D92339D48969A5C11F09B4FF017A9900A4F887010C474717E10F36468032FF33F4AD610517777104CD920C3CD15FC5F3B3A0C75BBCA3B00F2724863C10BCD4A0E00736C7981F2F72E4B001438B99714FCFAF713A2603BC71
311
0376A1715FC602022202E06FDEBBC680A3DF1C4C095A12C50B554FE7623B50374FB2129DDEA4C392C9188077658C87F55FF92FFA507FF03FC8DFD3F31BDAB46DD51AEB03F7E1B38B8B87CFF47EA1479C3EBAD5C6B382C221C0F1B358B39D76D9D3142C4A20935F541E492E0EF081BA41B3620A8E172B584EA1485632E22A82
311
21CEDAC6110AFA4B6D43E2B76A18AB240BB24337721C9321D2C033B2D3E2641A55A400A28403C12D1DADE39AD23FC5FC08C47A64DC3FF6DFF76B5235124022D7E6D6D5F3CB870F9F31C96FE477FAFE54100068A3A87FA5908A2C08011CF31309C10025B089FEF9C510522B8DC07C30AA469841723A10C08E27F00F7FBC181C
311
083F2809EC3B2B328E294AEAD5A071B3A95C81D2DE3F930372D022C9C793535B92FDAD5426E90490C3C81D000017C6494441544698C416520C1C40C71FC204B22448FD9303782FBA67089A1A7D4CE38E89050FEF5F1E078A4DCCFADA058032C34C1CBC2E1202B1F8962B1A8024F0EB7A11F209E96FB369D4B64202FE7BA230
311
AD24C46413536EAE955B341B726C593B5D4630C0BE822480908522B0D85430230352618DCD4F7BA6D568BF4343801480006658EA3EDCBFFA9702B4FDE9022163C43F9B72B58001A23FCE6F0B3FF0E4E1DDFB9801A6FC42FD0132CC1F2224F89933107AD30B6C9131A53818AE944BE25A70810821C38F098411980E46D108F4
311
83DC63F49B91B852351604091D60546702F58A3872A1716411B642C7629C267E64E77719F46B0548FD6BFFFC86A38DBFADFCDF700228C124C8664FAA02BFB1F92B09800876FCE4F2D1C3FB4FD0A44E0106A8DB8079751CBF0BD9340066C3D52BC64706467C05B5A54401BE4A1B0132A55EAC1CCCB10D378A3DFEB981202232
311
7745EF2102886A9142C812A1A2C9708027BB55B7006357459F9C2080E0BC34489FC629510F3017B62D5073E2A2C64048A0A42580E413BA9E08274091A398EA80B5BF31C87BF5ECF8F1C5DDFB4F22AAC181F070AAFDDAE5650C4000516440D8806786D874215149E69ABEC43FF0EFC820FEA112B0522003C84BE03FB7662351
311
3B6D840820358B084119B0CEC8C00AE888826339A54091F5FCA513AFE147975BB1A86FC50618D9D74502F0C7C8815AA306602FEE3A5E79E0D7DED1B221001118B73182CD439A092FF801105D1AA14E1918EC282F6260869D55108065988BD67F68E5581720A708051F7C8070F582389C682BE53F2AFD85853F2A013D215640
311
28E06E79B7A71E43212180A81541EBC88F451E02385100491AB0C4A3BC5309A95911E66D04C0B448366988ECD204C2FC930F8CEE8FA410EE4C25B58DD1B6EBAD83F6196670F7DE635282C0A56A851AB035831725F0471A10FE52097089C80495804100318405F0DFC2136004B4C40705EC9154315129205EC357930035688F
311
61AC02188250CFA9A980233925F16A117A48CA54DAB6400221976B75D863330942E20EE3B00B08FBB71AA813B0E502FD2B023DF70114E0D7DF2E2EEEDE7B789504200112075478F2FBD6897835C91F0C20782401E801A2F9142700B74805703426023A81CC0BE88B537D0003E0C5181D29EB8D83050964DD2580910A1E7A81
311
38F76253DC01DC2F3824391AD748276C0B0CDF12366625D038603D0003E0266CB42704C8CE7FA7F11B4D59C0BF454A78F8FCF1E50513715D469607031272358F04E0003C90107223A581218F10008B10247CD20D860FF0BF48801040B361808148714764028EAC137E871501EFDD97C89B52107FF1235B0928C56253008257
311
3CE137840EFEF82A0BDC602736C595912FBEC69E6A3A26903B3A300C5A098A9E3F1810CDFFBA019D97B4E7A7A075850F2E92569BD960CA7B8304995FD006FC4213BB1448A6F4BFBB3A9F9FC4962D0A1369129B10073771FEDA38B1737B663A71C088D8848027FC3008DAC4E4397A6F76271DFFFCF77D6BD7F1F67DA51E0E08
311
875A6BAFBD6BD7AE52CC04A0B4A2206F650EC412841A48258258E8662C3838FBE21E25172C2A15A4F78D82DCF68A005DCF07047C183E1CE47731BBCCB5469D9169E0D588945BEB637E87802A03D88FB82486210D28FB3B858D13DC7CE75F5E6F3B03C1744D30CC58C7C7A256146853A05243060B850072A7010CA47CFBF9A1
311
E24F414037B8781E8E9F219A774B36481CB43E48A79819D638C8760D672FAC19FB9D3FC5EA9158DBD0159C27860409682E8FF2595652FE189D2CC2D7C023E944158355806FC320087CC74116030CC376C559C098B93A041C5DDA48AF33827D2327DC761D19C17CC62780D82A170E6CE7415A5E7FE825E053048F88D2AC2A56
311
1CA4D4C60098DA28EF1A01382772484698F60C8DD24BF396EA76260542810A625978C03580A9CAB91D10249BE579B0377A3DD15749A45F24C4D81FF3D7D7996F6A1690288008C0FF6CC186DA9D5FC95BB09B1301004B016E707FDFED306A1BE8FA208828F00BF342186839839F1F6FA338DC5A0200FF383DE92614C03A4508
311
DA18F4D85F9354F7E867AA77A42FF49BBE6757A1A7454448D0BFC3C220714FE43A3D8F1547BE10F0BC5A05985AC3C28829A06FE24CD062700601F4AF12AF99099B08E7071DC4626A97C920C3FF96E190C9D1FD7CB6163E800D79E5F3F10A9306C02B799E80F1AB380E0571A584C0370A220C3125000B500900D96FEA40409F
311
980E2083E4EDF4D8D2480AE5667222E020BCDAD4EF19682120818FE18EC7FD6AAD67C03F7DF1955E697456F517AC4F24700C30171C67E9168B109A4F60AFA60F98BE30941BF776DBC7C70792A2FBE98AAA97224F8BEA39B47BFD14A8CD03320DA2B676E3AA397E652E30A42CE2987B7DA1EF7F75242413800A04C0270C62A1
311
3372400B435ACD84B8B5009208F5AC73EB149FFF3508E21C2201E0338BE07E50EB47E7FF6D97724A601028C5519073E7978EC88834410450E074DD58AD13A4900103A6444A9CB99103229F0EF8C0C78161EBC68137240734CDCFC349807851E0EB46CE864D2E405ED341B71A390CF2DE20CF5193189E1901E866D023040968
311
4B193D17E2928534D04240937D3C84477494FC5E0FE0B448E35AFC19007926C1C6A6E622FDB8A12E30993C6710E070397C4B26304C0AE38218D19F01FFB15BAE1C0E7E74DF75F2406E373C414E848FF8E500EFAF3C1029C9C0ADAB2313A7426CA9B2C1B9E30032C84EF31A09A88A386F136E8C2F1D582EA0459207015F10F1
311
F001F0B1B7DF7222011EA2001F00BFD36BAEE0850928B08C077030FE3806C880EAA74BCE0863A952812E6008B3A89199C1EE918AF96AF583F1A073B0A355B9D861AF1460DCFB3BFC6B7EFDC834B09700CBED3510E48DC7129041C991F06BA5006CA6B5B34EE21501374E8DFC910042036111EC9C7CFA1C05D48A7270F7F835
311
BF04A4194DA4CF76CEC66718C84CD020D04C412AC848F03E3C61A1C8D50D0EA6838A00376054D3DF61A0E393E1F8B058A6C994093476D601A4A06F0CFD3C0A6BFA910E75CC10400A80FDA93AC9B5EA4303F6C0D188B559086091CC5910137772E14F2376D03181B5CFE74C0EA38440D0AC256D6C4D104CE05302FCC00B60B9
311
CD4D71E08BD40C144A025E60D4C1F45FE846A2105D717EEA84808A5DD90A168E133640311CF05DD870768683F5D2F1800F485AEBE5CABD8FFA3C0BEB33702493AEB551B1EB035EF5C8E5757FA7832141F88E8578A363802B560007AF93D7D470B478C4D00B412D634C9140C4F9275C00DCE8DFE3C7F8C0AFBC5B2CE82E3C3B
311
DF393D4375D50C43CD1C17E3777CD2C170725B7B42B41DF15BFC344DAD089C1E9118522B4A2C60B794E4E8F33081BB7C8CFCEEA0B2015E49D586429C6C78646180B7710E06018A3082243C275F077FBE412C17DE80D3E6B9462C5204C5D980D1DF84A864401C483CD01B143F4A4868087A0F780F37230200A4FBF6AED32511
311
4C367C22512750A5C7C3E32D545CE20A0904183BA10015DCAD89864B3E1EE97EBAE8B204266A48E010511838E2FE413FB116E60880C2D8440AC3880DDA6DF6618C138CF1CB2A09637E18D00F80CB0DC05322E31EADB8081C29410903F06BFCDF5AB46024E4A75828056440503C707856EF0C037623DD4922A400E8A6BD75E4
311
D2800905F18450A00CEE88860C8964C7B3F90F56528BA18F71CFBBBCD2D05797E168FC37DB26DBE0DD2EAEF39686C18440820013C1444055402A541400DD362A0A402F1FE51246404E098249FEE30708C10CA0B54601053159480C00BAA9B1223A773234FE72FD5C3BD81804D8D196FE3D5315A0C981D88D04FA01DFC185CA
311
93F9120E1F480B08063364A0A318F08DF95056E4C91F1150D31B011200383502E079EE43CC18603AE2F88FD139C802A739F208E88D06DC78267C448C27C4113C19B0F51B0E9C1C021CF8F9167C6B1F2E10E461002910105D1042792D1CA303F469714C018C23D72179E165049C40E801CB96CF334562E5807291D1E0C70FE6
311
CAD91656715F0E5C5E70F8D7F83290549B1BAA6F781D25180EBCA93EC84E72A74081CE3020789B3790E1A9E478E658C099BECFF01E530E80EC5FE31204ACFF70AF8177A03059240CD074978A002A878BF883FEEC81DD684E406CA630ACFDE87292822A11953710F000885D6F68A67ED40CD772B0828359B753F7CE23D9479A
311
B9845771B389D6A77130F8C134EFC83947392029B10E4425440A84AF0E54825228FC1634D369874739C837A9DDC83C20D320C36042610ECDFA750303710224D01202488012CA847424F8D53F78AB6BECE9B3B35A7F32396AC6B7444566327DBB4DF06FD9616744F4D3A397EB3B0A3FBA8D763702883ED742FE5CD24146D8E3
311
53ACCF811C806AE09914D8446E93840FF4D6C963FF32BFB6AB015D1D3B0C9A0968776F021F21404B6260CF84A14F35180CE20B5E85BDA2EC91FD5A7DBA7E5705F4F0F97AF26CE18E3BA078138202400A62930FA6CC7882F911A92F33E547E64990B0F27323D73B6222863F86425153FA8009361C675554C25382CE148420C8
311
DCC47A20122806CA178A0918C14CBD33440289078A00EC6070184CA9907FD0A1270478E0B325B67C2193694EDB7DD0F3C238447C8A11485562FB4902134E6AC952FD5320A4F7C780882DA9684285CD81D278C0E8FF8DEC9F45D22DC3C2CA99C2728110888799575B6834BF22B0F01EDE72D7F21B672C40F0A972999E2200B7
311
C91403F9BB3D09C01990819238CBAE5E7510D7D57450507E3DB04AAA0A3C280064E0775380C8C16EEA4834346A04BF0CE847B4B3AF760D06D24BBB267C32E2C9257DE5EB748AD101AF1FD33265E2B674EED8C01A0AC901392211011AC810560F77778E85B13BAFE3E25C95B70919A4862C15928BD8989664AD8638101D009A
311
80F00BDC41AF27602A4BDA0C077E550048E7F1011410F01405045E1C140B4D0E70E0F6E034171C3D6FD12004FCC1FA304312518910356628A4A326EC9ADF5DFFD1B2C0399503F14B4F8E3E0E4E39A06ABCB56A8014687E86E462BDDE5124615ECDB412B7314F62E6E0C76ADEC0F717B360E741960104CF1706CFA18E060500
311
4B01AE007869B095ED92144A807841EFF2811C047889A04901C809062057192688C92346F97F279449F89B113500BAD282D1DA80A55C27EFFE02C8D4F395003F285B617BBF0831F49B055342DDDD414378E8888E92C16789F269A27C9A221FAA4A0DFDDB9F935B2ECC04DC51481558A69301E0460B02665AC4DD30C03D4808
311
66C3409400051811876014C0F294C542821AB045011A3E3F09001FF304E3A0BED05CC11A811B865001769507FC01ADC611F400CF68C7B093606E30F3C7E0F00C1D10C31951C1E2D7252181DA00345842A19130715C736EC9ECE686A712FDB31E4D3E50AB336E5666D7B212C0113C4A4406029709B43D0228F3FBAF49921B19
311
CA0C82A2D5BC4A2079809240F37D3E10F9637607C3983F0458508A98B8B4EFC92AC13530180CF55359500080061DF59B98BB3FEACEE881DC8127F182A885A86FB12B43C590A4380504E32305E3148BBEEB2D2782029765428092545BA5C2C681FC5F8E869C0EE1034A822FF09A12C94084505AA868080303473F8161F7AA0A
311
6610745E280BE4427FB770106F8800EADABA19F453210435BDB2348471B13B65F2FCB554827632C4C44467333E4127095D22092ED492009930413251B5408345065065E415266E20279A40B3F520370BE2050C8360E6BB4601C1673B9BFE007EF5200B6483CD195400A783E6DEA0653515B0FCE8E86D1618FC1EFC15C2E727
311
F24F2A2DAB57326D8D0877D4E298894E7A0C3C7D9CE8A0E2D17AA2020FA1097D6372F2A9F955060FDD467AD0426368C24A8340FD0D6687A76316DEF5179ED9042005A2BF02A5DD810A4DEFA4A8F700EFC50FF4FB8C06410F0303C106ADF8852ACC6A2CA9046E9ED070739339857222CC009E206479886EA26227BF7A341A15
311
C351A8404A6C10080A2140FA4B4E8D9B9A11645899332363FD69887F436A660566964250FD752E787B64BCF8E6C8190DF8EA0C854C062D8A5A1346F810414313E606ECA0AC3A01D6928544029D5F42E202C0CB386F880F7842A31287061F32F3CBE09F2950783394F2F2B23D85386C6F51943E99DD10C8A0000BA9569A1480
311
5693274BD0E4F4DC3F28E331EEA91C4F33ABE057889BFB92819187840A08E57A276A8BFCB75B0342668C70C565C8059996D209C2800941A21FB82B2F520BC2E6FE6F1A8827043DE17000DACC8193E78BBB8DF1467978C06F6AFE986123E3A95272CAC122046F4C65C4B88FED2F1CD1D918F7CDBF8903BF1A90057D42F4DC13
311
3AF804ACBB58446A0DB78806FC053FA1E45D0AF1112613CC0DD976C5E70AD3282F42725C0D02AC8588DE451B1C01ABF063E7748A3882F0DD484BB78D037F9812240EB88B6034C0AD53E5116D4C6D920C6A89F084E6D0598AD7EB6930CC7B293E27A666E5CDFE9A3FA52FEB3C97976FDAAE9A60008FCA6B33099CF9880D35D4
311
19FC687D424378E3099441E110C5B3C6DC311E6653514A67A530D863326C4D8430E0C28024803B5B069B0E60C10EDB6DF087034171DF01F1F3404B27B1056D8C0E56E7CA6056E7798147BE4C2F01CED5987E413AC6A724876DE3F599E0601CE7B9CEF3BEB3671E12DCE8AF9631B8031D3F360B6955DC2342B2A0E4632A0026
311
4C0DA002220CFEC3E10D9BADC8904D88DC51928593AA16C91DF6FFF82B3234404C7214D0F8608E0052283EFB2B0563F1D072936C4017706010BCF1B16CDE0C1FA9C777E44E1F5259B0C9BBC8794A82A6C182A3AF56B16921405351FDDC91B5BAAA617860E8D76C97C377FE701A4EB4378FA97C2C8E3CC8950886C6FD93AF70
311
A1F5F676B7ED16CBC56AF5D09110EEB8607CC08A795882358280DDB98AFFE7087C6EB593D62F041CDB4018935238E73F1098100D0C8769818F777057F64C703C6530E142FDF5C837AE1CF66C94C4887D3A3726AB990DEA248F73B5D32C8E04F6714B1E67C53FC52040252E605B322407CBF8C7F05453462A295ABF4D95592D
311
DD76AC23512E9A2DF964715C80DD752CA8E263AC36F02C3C28A133EB22AC8D099BDEFDE28C3E8FFEE3815D5D00C17C00511058354D62443C1A546280E43572A9C661A34FA5891F8E7570608C8DF21DF51DF9D2A84D4501F41B8CD4F4C9DEB2F901E810C0E4CEB6EC08DFB06341C864CF8D0EEE779A606545E1E64AAF30A432
311
4C20FDD3BD558BD966BA994FA915CD162B1978642AD01694E533EC190368A68234657085B5F88E27A0805E04B8BB6A00A51646EE3C10A50FF007FF410F1963CA69BE2002F0F902E701AEC995FD41F83A3F0C3809A3288A083003A6CC2A20E6D703EE48E3777AC07ADD51EB6101603A9FCF17B3D5928F6D742EE7E4CF38AE2B
311
03C5FB39C81D7B2978FAFE85AF3D2710B0582C970F0FEB0E4D1103B8BE2B4D560CA10002FC8F334C891C07B44FE06B2E3ACE5E1E2D1FC32203110ABF9CA0E8381F68EC3C06701328E5A38278A5FCD944CEA5283DA933DF2A2448BD23F1C5D8BE04CC2DC3B43B3EEC29F8B5FF926D11D3E97EBF7FA1BD1E5E5F5FE6D3D972F5
311
48547783146ECD84873F377C5820F7F9FCE5E07378D6CBCB7E036DF7F7104079A05B77C6942D1BA95D47424BFC3DB6411009A42E207871B7EE9B06614BBD20F22F7523FB985F3F7068E37600273A3ED0C1CCC380F6EC4AF01CC1CF95E4848B7BF950AD14C44F10460221E02D21D01DAE800F323704C00035DFE97CB37F797D
311
3D1C0E4FBF35EE1E5E9E0E879FBF3DF6F474780A01FB3DAF01FE0C0798218007C2090A3008BA7682A338F4A8804A06CBFE6A80CEC766F49853F15B2F45FCEA3F8250012841315016E75E797EFEEC4ACA6C79F515CF1738F7C36E2406071051043817C9E8C5888D49D0332E800062FF54FA562BF7446CC0BFDFBF8603D1FEFC
311
C9F7FFB5A7F000430755C2D3F72F2D02A022820897ABDD44594475BDCCA4A10AF34C06B08B4AB58BBFAE30999DC66C7CE903A83CF8EB006EEEAA063430F84B05F0ECF644825F5E95073870E72A0771AB89B080022A0C5A9FAF34C89286257FB7BEA000EC65B59750C68E0815B0D9834B15606328F80709DE09018AC2A7817F
311
83F96DB3D562C10A0A31300230CD4200B87F85808BAF64D04600254047F9C14DE93464009E7F5AABB4FDD6D55142A2C0BF1541FCE19C20C899BF4F76AB54B84CB97F88F48ECC029FD253F0C70DF4816B9AC94BCBD653B1A283C4001A0337955E4AFED3FB790B6B1F5EA0B5514074103A38D84280EE0F5F9BE974EAB2D16AB1
311
EA969684B6E4166CA28264B300474C7308D20013B204A65F82970718D05678B3315D442E1C0A327E2F56556040C005D2FAB1326A68A07507C9E46A3648555A7080F5F50219A00E6222E3E0862CE95B5680930530742F1D041805E69B788161F015944D041182B861A2C17F3AF01CF5BFDF6C343F9171F5B004BF59C0167191
311
64B888EA206A02AD05E8464D06B48E4381A0E9345FD171625AC22198F57C003BEA5510F81FF78D31C9B033D0030000000049454E44AE426082504B03041400060808003968B65CFD2AC7A5AFBC0000A5BC00007800000042353632344142362D323545412D343836302D393743382D4643383146434644313042382F526573
311
6F75726365732F37424543443937452D453242342D343133332D424535312D4142334134323537394136305F506F7374323031352F7468756D626E61696C2F302F745F507269736D2D3134315F706E670090806F7F89504E470D0A1A0A0000000D49484452000001000000010008030000006BAC58540000000467414D4100
311
00B18F0BFC6105000000017352474200AECE1CE9000002E2504C54458181818558428D624A8F624A8B5C448F60488B604A8B5E46895C468B5E48895E488D5E448F62488B5A42855A46895C448F644C8D60488B6048855C46D3B39D8D5E468D6046875E48855A44B5917CD5B39F6E6664706A68D7B5A1875C44B38F78815640
311
6A646274706ED1AF9B9362487E543E91644E815842875A426A6260855A42875840895A427872708D624CB38F7A855C48B18B7489604AD1B19D8383836E6460D3B19BCFAF9B91644C85563EB7937CD1B39F875A46855840D5B59FB18D788B624C7E5642726C6A835A4685564097684ED5B5A1B1896E7E5640706A666A605E87
311
5A44AB857093644AD1B19BAD8B7693644C916048815A4491664EB7937E746E6A8B5C488F5E46B1917CB59581AD8972B5937E8B5C42AF8D7891624A916046D3B3A1AF856A6E6662D5B7A3D3B199875C46CFAD97AD856CB38D74B38D7668626078747295644C81523CAB816AD7B59F6E6866B58F78D7B9A5B18D76D1AF99B18F
311
7A8D5C4481543EAF8770AF876E858383B7917A7A523CAF897493685066605EB9937CB18972665E5CCDAB95766E6C70686493664EB38B70B79783815840B58F76B9957E8F6650956A52AB8774B39381815A466A6664895A40A9816A996A50A77C64AB836C6C625E875E4A7C7674A97E667A5440625C5A916852898585A57860
311
6E4836AF81667C503A8F5C42996C56724E3CD9B7A38B644E784E3AD1AD95605A56B3876C5C5652726E6E878583A5745AD5AF97BB978187624ED7B39BD3AD9176503EB7978587563E935E447E7A78BB9B87744A369D6C52CBAB99D9BBA7CBA78D58504E9F7058D1AB91CBA9939762489B684CD5BBAD837E7C918783A37C66AD
311
7C62B98F746A4432B58B70A37056D1B3A12E1E1A8D8989C1A597623E2E998B857A5846D1A98DBD957AA5836EC7A189CBAF9FCFA587A18F87C39D83815C4AA793893C261CD1B5A7B18366AF998D583628302824B79F93D9C3B59F897CC1997E504A484A42404C2E22AD8D7A746C6838302EBF9F8D403A386C584E8F6E5E8D78
311
709B76669DF1924C00002000494441547801C4BCF94F5B07BAFF5F2FD7475E907D0CB631D29C2F12C658B165F381080C6195814672F880E38AA57899281C0412E91597259D12D04491288524444C5A458DD24C9BADA83F24346D12A549AB6C556FFB69A35B659A69269D6A6EA5597E88347FC2E7F51CDA99CEDCF6DE3B5FDD
311
AFBE2761B1F1729EEDFDBC9FE5F8A9A7FEFF38B6FF676FFAB77FDCBEFDA9BFBDE37B4FFDD13F7CEF313FF2EB7FF2AA3FF28CFFC1BBFFEBF3DEFEC20BAFBDF6D183078FBFFEE69BDF7FF3E0B5FFFA19FF83A7F71F5FEABFFDF6FFBD07FEF0A3B66FDFFE1A427FF4F8F1E3AF7F2FC7E7371F3DAA7F74FFFEFDC69B9FFF8FEBE0
311
87CFE1EF44FF6F3DE8AFCFF9071F6E3C51647EED0107A6FEFDE772DCBC79F350637D7D59FD5863E3A3C6FAFB7BEFDFDFCBF1E8F36F1EBF4634FCC7E387EEFB8F8FFAC17B7EF4A93FFA871F7C997FF44EDCFB052CFDE0F163DCFB5B991FDDBCD958BFA3A75E8E8AFA9E1D1515657BCBAAAA1A6F72FBFEFD9FA2819E1D8F7EFF
311
F583FF6FCFEC1F95E41F78FCF6ED2FBC86D45B96C6BBC5D2F53BC4B4C6D15356565556D6B363C78EFA0ABE1AEB514059454F4559E3A1313453FFEDA3EEDFFCFDE37FFBD177FD51E5FCD01F7EE8BEBF7BE5FFC643B69EF1A30F1424FB684B6A89EA3F7F7E470CBAF77E4F8F08F4BE21D5FB72B45554F49C6FC3E2FC7947457D
311
FD4C7D6363FD4C5559C368D5E8D8D89D438D1C28E1FDBD3D7BEFFFCFC3C1DFC9FDE339E7EF1FF8C3B789EA8FF06F717003C90C1F47F2478FEE235E595959DB7944FF977FD92B922311B7B88D0ADAE49B68A0DE8884C6FAC643338D555533333387EEA003B91FC5FDB4678701893FFCE6FFF5BD3F6AAD1F7BEAF79EF0C3BF3E
311
F514EEFDC20B1F016546CEDA726FA0ECE69D4358125BDEC47EE2C704737D5555595B1B2AF8CB810A50C5DEF3F2ED7D54206E2091C0F3782E40D853D6307368ECD0CD9BB84759CF79DC063D187EF063A7FCE3F7FF6794E26F9EF53D517FCC2188E9EDDB0D4B7F0D7E1B522363458508B41709CAEA1B6F1E1A9BA9AAAFE23711
311
04053472FF0E242C6BDB32BF88FE7E4F85F1C3B8879B6DF8C868993C90273C6A2425CC000F3333FF7BECD0A1315E0CFDEDE5197B7790161EBCF66367F737D2FC4F3E48D8C977F4E45B28134BDF9CE16C3973B16E5B85A8A06C473D107EE8100E5CCFE9A301F1811DA0BBE8A6AAA702939FE7104F3020417E318EBDE7898486
311
99FABD6021F2A3C53130B16CA66CE6D0A13B63333BCA7803C365F6DE7FF4FB07FFF6C2DFCAFA3F73EBFB0E201EBE454FBE364CFDE7CF3F7F2439ABB191F48CD8F555636387EE60EB86514EB24262B9A24C54502196BF43F48ECD8C8E55CD8CA183FA46641727A8AF6F28EB21127A2ADADA0400446908C56FE7CFF79C2FFBE7
311
8A86061E2339F066E3D89D9B2482C699329E3B76670C50A8EF39DF431CECE8E1853EFFFDE317FEEE74BFD5C1DFDEFB0F2A662BAA25551B42E3E0376F42CA38A74337C74484AA2ABCBB0CB4DEB157606A6C6CE3D0C6CC4C4359033E70BEACC708D5BDA201D1C1A1B1D151CEBFA2AAAAEA260E51812390E31B7018E4470118FE
311
3C666F3360BEA7E7FDBD658616ABAA0E096AA036F47DE8106F565F553F3673E74E63A33CB561C75E51C10EE0E0A3BFD3C15FA5FD47B480A1859EC044BF155AB29690B146C828C4ACAC0CADE39B638D0DE29133331B0D48D3D32329BC9E5BB70F81DA0D5522D4F9B6F33FC19C04AA68A0F1D09DC6860AC9ECE47520AE8A97DA
311
B1979BF5680547D842C4BDE7791D3CA7A78704B1B7A2BE8A77AAE2C9F5923BE455C4DB5002E4A871660C60103CE8012C8421FD673AF8AB367EF4B7ED4FBD60305103C91098F71B6BDC81D28D08AEDF410632B0CB78C719EC5855D55081D96770831EC88C4036A7859FCF8899900A1D9C7F1F8B8A8D6630228A34984D05D18D
311
0E7A78859EBD289317AB2000F6627532408F6819BBCAF32085082BE740E488E71DBA098412179CC48CE8636C06F5559137B997C7C312FFDF174CDB3FA2EE10297967605C6C01F056A0E7B1B13182B1AA0A4FDBC1E961A00A2CDCB081B3E3A63DC4748F203E88CD174E01508DC97919BEDD765E129658887476A8B16A469E62
311
7C9107AAF8530FFA0037CEF38E7BDFEF397F1EF2277141704304E44545500E946A3801DF796134D0D080AB8D8EE20CDC4029E225144CBFFF5ED1F877BEFF7737BFF3856FEF7EED9B3F7FF941E318EAE7BD496382E415C014B63AD438338A871BBADFD1739F739E19ABE821D6EB390BD153158F470E5102A4A50C9F80BC6259
311
F923A1D02678280C9792EED0186F00EC11E03BAACA761052FC49F2060F45EDDC5FD150D13046801357887F7FEF4F7F8A70063D4440E3DF0E031EDADA2E03B9B851196727FA96D7BF5FFFE8E6E75F3F78E147D3C2F794F0BD5F45178FAF7FF5E5575FDE6924EE2AF0028167E3DC67EA1BF0EC0DD0CD3083A4B79EB22ADCB6AA
311
BEAD6C54D4CF29000B226D83A880A8E620271CE231647B4EEE3CF9CE880402053798414AE04EFE62C8C9DF109DD7350EB2A4249546DC830315DCBFFFC8884770430293E89C41596DEFF3AA155067092B5C88506AA807A9484A8F3EFF3D90884C7F27E27726FFC19FDBBFFE0A057CF5E597C0352F2772B6C1CEDBCE4BC0F2E2
311
631B1F8812087C18583D81CE416494B58153A388835579A07097FA1DC061197F266425468917E07D6FDBBF806B6253F0909C880482FEE70D3E237F125ECCBBCA23F023C20505A2D88A1DA08780F0D621E8D7284AC44580180E71D486329C0165E3109C81C4C2E746DDFC5FA8604B3FDF6AE985279B0FFFB46968E0CEA1D199
311
0670987CDC033CCB1B106F808170108C6A9C22191FD01FA55C1D35F21E818DD60C0D6C61365681F93536CE9461D1B6BDE75111F5ECFD1DF56592D50003E29FACDFF6BE08FFDD4136A11CEED92B0FA8077E1B1A11E85B99605137C57D8C8020CA28A8901E37353C80D3A96A108F9353D80B30D5DFBCF9CDE38F5EFB416B7F7B
311
E7DF2AE0F7D73737FFF42734B0F9E50798A8AAEC3C3800E1920305348C42C6EF7C30364352201DCA7BF01870903F233AC8464CF083728D4847000C457C08823712144825FE2C085B06BD1315D403A7EFEFFD09F95FA2CA50C14F814779195EBA9E1248548EA0849C5118DDC72FD029D580B891B83DEF2A6802008C7252781D
311
0A123C68DB8283FAC61F291AFF121A7FF9E5A9A75EF8E6FAE69F1E3E7CF8A73FAD0A14185E5086DD7054FE3534B435706A331B1B7708354CCB59208E58DC00ED8619DEB66C469C0334163786BE22625503B914AB612ED00E5C31B222A70F7F94CC66843EBE2CC9C0A0402418328E6847BE11412421E396DC81EB904AC8B265
311
6538825123721AA44D624F0E98167A17E4C113808E1DF0F09B7FFEFA7B69E13FF18717BEC60336371FCEAF34E3075F7E20EE8D79859B49A0A1E60AB05A421BB6B7412400495B548514847FE081158677082F14C003C8381B14327353001101485F8205626F6EECA52520C08A0B13C6905F5480F3A312EC6DD89AA78AE6F022
311
317CFDFD9F8207A203A990C7D00DCF2E93978566F012E7395B4C200951D42D9A1144E64140E2832D96F83D837FEFD72DAD6CFF7A79757575F3994F3E5D99FFE4E19FBEFCE0F6C66843C3F9065EF9FC4F8C5843C5C44199F1CE86ADC5034901B0128050F011AE8FC9A02AE2CF7881984E6261ACF18EC016075E4B24F0D79E19
311
E351F555870E3508461A74A10A8FE68FA408B1A4783AA208174005DC96582747D79749608DE15C78031CC5C01DB48716812C8C84773EBACFB30C1E817F6004E921FD602BF1AF2EB15D3C607575BE3938FFC9FCFC2640F0C1ED4BC0BB9C1A4EC04F236D091A6CCC8C8D0A24CCA06DEC066AA37B8101F1C5862AAA1E2A05C0A0
311
0783612DE1870001007A076FA822A044079C5D854433D51D4175FE7C9901E8808E6887A8C784A23EC39C680144DD9030879009C80BBE82121C7817BFC21C891DDE5538394A311AAADCE26EE349420F0C1DC81CE03F18DFD0020A18DE6C6E4601CD9FA081E02661707B630600A4AE29BB6CFC473E287CC3E8861C06EA36081A
311
92F9E57C0912793342F1B6244C4C20802866E76C8D14F201272B3E2BB694E7F5F078C3BE1BA3A3A8B842B23A990FA5828EB02DC38578B87803AE86583C5A9480E20471AAE4A569935098A07F7A0CD84434B031CAFB13A53C9A43FA4B46F92945E31653FE56057FA389ED5FAF6D2E375F5F5D0D363F9C9F9F9F989A47057736
311
2E5DDAB8CCABD743FAE4301017DB8F6EF0A6580097AF97C684C161406F040090F8335511482E01800B1B8D00CA6539C499450BBC983C4B7C1A171DDD20102EE3FB86A31941F27E1B2F252EC0C153283278E19931BA855243EEB80FF46F0812A05A7102490B1416550D0D82DA65973736D0175868886F98A8ACBEE2BE144C3F
311
96191F5F1F1919B9421434CF0783CD2BE32BF30FA145C4C12538B78835FA6D4E1424800310F29C18DF25E205D8383191AB81D3043DA4300412C6EE10C6727A84023F0D1DC82F00C74F0C82BCD720C37BEBAB4691FF9F8923224DD89D0005B40662C3730D251826A04722A023A784DF19AF2B495BBC1E701606350A76492A44
311
41A84328670F4A108714065D014DFCDA6089DF8BFEAD10787C652818BCB2194401CDABCDCD2860FEE1261A8000F292689F52CE208682056864D4382F5E1B97C521257737368285B011C21ADBDCDEB87D6766039BDFB9C3E989E1A567021C72B6924679A221267E60F810E85271F95B2F68201E400A6122887C53405DF01F7D
311
885F08D3149B08F1222B8187C20379617969318D705338162CD6608C7884840D25194A4307540B7FF583BFC4C1E3EBC16062F37A707375AA39881FACCEBF880A84197D70E7F6063687F590097931CE8E371E85320B44F31EE2A4C48230970D0C3136BAC199902C0F6DDCFE60EB200F4A441B502066C33704087936B2232A0E
311
048EC1332425A068390811712D4E58028F474B8B8D34224C41CC8F85E9BC48F61773F33BDAC7E368959096A93A1BA09F9CEC066D2A5E4DF8A2F026904A7A1040E2477F117DCB031EAC0513F9D5E5CDD56030B88A23AC36AF1C5C5999DF8414A0824397F0FA9951449526B5BCA3A172B4CD1DF4291BC520721716B93D2385D1
311
8CE48BDBB8C1ED0FEEDCF9E003BC600C267388925EC65D42E30CCB6F3901A12FE2EED881B3E1B49C631BA460CB458480203E695D1402B220EDB77F47A6B69E1D55F8A4A1167C7F748CD817A805108D221105018DBC288A0567DBC897BC3C1D37E8C1D678E53B3D3C181A4924969737379BDB47469A379B57370182832B3FFF
311
B9A181DB12625023A350C1DCB8BA51F08D8D192D0BBC80124EFAB66407E98BC110E5411C6300E21D948002B04D7D0505B791DBC41C6D3F15F484034A0AD8D201017E193CBC2CB6A565282613D813996100941EB83B2AB98C3C3D228A91A2F7923FD042037509A5192731760853D18D2520801429676778A8F8565B85F80507
311
8F87293FFE6BDDFC606D24111CDE5CDD1C6E7FE699E0262A985F59981252F0A7AFE0451F60CC994B581C44C5EC589A7742D9E0322A20F00903CEB3ECB29C807CE10515FC10BE804A3EC0F43C54D86DA3743A3830A544B9D8564E0C69CE738BA34A1C406C8A9BD14193C7C8AD369E33D3707914B4C4B9509391318C620DCB1A
311
B241BDA1A4337C411A2483503E8DCDC81F0D7C2A3350166E073A5C06712ADA46C7A816BE75818FD646C080E1E5E5E1E0487064131C9C5F990F36373F7CF873831B8B0A2E8D5E6A6890F340A63B8D65460E0283AAF0690AB7464817B681A813ECDC3B5A31CAA91C226781F177A48CE09C087F621A795003912D22F7F454CD20
311
82FC6F3B4FC528110FCC48E4565C16D89276317088F1F9D3E8E8A5D1CB1CC2AB85A5E13D989417EAE136918E1BA0824B7001BCB39E5E322A90476CDCDEB8F4CE25D407BDC37DC8EFEF18C7ED2FBFD9F282D7D666471240C0F561D261825C303535358E06561F3E5C31542039F176C3A5CBC0320988B21097A7A0C10B905F10
311
0ECD4862170793D457451B187BF1FE52B78C9216C525A910C55B90CD484C3C568CDEB6A301FCC7458526C23C717D7182F3382AC6E636ED826F9B54883873194FB80C3F813EB6FD0B7293830924B8B0E10978C1E8CC65DE1A3B495AC0F72E7113892F7DF1CEA54B97DEF982AF7746DFD968687BFFC3F73FFCF0D137860FBC76
311
6568A47D7878F9FA7070756404249C985A99871BAF820AD488920E841C8EA28106038870FB06A952E43D909D8C605466C69930D06D240FCC107965FC9114414EE0745019D9A86707AD37B220C636F04B5420A613C66D783E6ECFCBF06B03FE843CE89C2040396D3BB65A7544028E8E43E02628E17D3289146C1C5009719051
311
6444565C7603F439049D79E79D2FBEB8FD9B2FBEB8242503627FF887EF8E0FFFFC40F2C0474343B83E2878457E0C07E7850B8DAC6EA5C43FD12DF9392A102FD8B844D30E3024B8C5F5119F03CA453E001A31A97C41CC518EB41538291E592578C19813CF908A991F44024DC01E889038CD0ED1048697A6395FDCE2CEBDC43C
311
B8064D345E170DB4B5FD64AF140D0619BB04D4187172DEE8A7D14F44747171E4BE7C59ACFCCE1722F6075B0D8E8AD1BDF7FF466E74F0E1EF7EF7BBCF3FFFF28FE202AFAD8DAC268647D6968787D646369747A6DAE7C7A78419372F2FAFADFEE9E1CFE9157C25ACC050813801EF0FA3912F83920901E1F75190B09113636202
311
54D2A612CF1EA588141A248F4465A202DC8150C2D462F58A9F72FA227505FD437E317A51FC71076D215C09631BA0854FB4D14F410315DC737974E3D2659CFB725BC54FDA2E5794FDF33F57CCDCBEFD0E82CB7F71F5772E5F7A8700BCFFBBBF0ACE6F484DE7F4F3EBD79749F9E3E33F7BFAD3AF45011F7DB3160CAE8D0C2F6F
311
0EAF090A2CB4C3028884F9E6916522826EC9CF1FCE1B5E4052074CC4D07827913F23D9A7A1110548794023B9816E69C32862F5C006C4C2303CA85A8F84337753C1520C0A4165042E9E2DB24BCE97828667FDF37777A18E8A7A88244E8C13492D2E7D687E008E0273869CEFA0826F25BE745B7CFC1DC0FA5243D9DE0F3FDC8B
311
89F1F30F7FF7E11F5001623FBAF9E74D8ADE4F3EF9E467AFBE7AFAE2E95B173FE338FDEF4F0C0F78321B4C2C0F9105D6864646968389C4D44AFBD432312071B13A92201D3CFCC4C0823BE2CDC24545038684528310ECA2027C57586C15D9E73C5941CCCBE3802471782320208AB43B11A6829C8A762A0861789F40991C0DE0
311
A1288503CCA7C44305BC2105163A18E5C7254A34096E716FF1F22F7E23C73BEF6CFC6F8658C009227F1BDEE2E1F791FACFD7AFFFF97A707CCFCF9E3B7DF1D6C58B887DA3BBFBF8F1E39393F7EEDDEBBEB8C70881ED43EDB38991A1B5E5E52B6BC3C04030B8B2D2DE1EC44BF00780105FA05532BF49F79CD3A118C4CEA20048
311
0F759671B63365869DC485259C2589219FE1E2880235456712BE64695AD8625FC4ACDF02FD8AB69FFCE4273C857BAB460DE9850A4822BD0DAD814A72DCC6C1DF117A8DDCA0DA171F7CF09B2F30F9ED4BB73728BD05D63EFCDD1FB67C5CBCFCE6E77FA6C7F7E25BCF9DFED7D318FBECF11B9F75873277AFDDBDC7BFD024C75D
311
51C08D5B7B8C1078EDC9EC6C70790DE98786A002D0C2A9F18504ED81C4C826CC70F399E0FCA79FAE48C30C243C74FB106E09FD965433DA00759122554A12A122B8037E51D526EE21694D140245128BE217E01A41BD3153D626B457D83EBE414633EA58663E92F9086C39789D0AFC1A0AB6B1F10158F68118FB83AFBEFCE28B
311
DF7C00B5321A3F08CEF1ADDC48FD67EC0D9F9F1A3FF8FAE98F0D63DFEBEEB62C2D2D6527EFDD08950CDE45ECC97BD742BDDDF7447C51C0EB5B1EF0243F34BB0C06AC0D0F8F100423C1A985FC44706435383B12A45B88078CBF38DE2CF5D1E657D44777C66E43F731B1A10241276C0B2702ED91CFD00C7FA650917509709D3F
311
F31F750192A3704A7E032289555220AA21A2280685B323B4A4B2068174392E5D323CFDD2975FFE0615E00B5F1E7A7FEF0E03D724B07FF7E1FDFB7460111BC0CE3F3B8D979F46EE8B37CE1EBF771773DF0D859C9680C7E351D47BC7074BA2DC150A8506436AA87BB2FB383AB871110F00045E783CDBDE3E3C74E5CAF0952BCB
311
3081E5E0C4F844FB2AD130443CE004ABC4C478F354F061F3EAAA24038E3B1B65339CBA9C269A10F606ED96DE392581D12865743483DC4629072E088C113292C32F61D40DB2E3C625C0FEBCC405ECD64863BCD88C60B8FC37129924F04B68F04EE3DEFBB836FF247D3D6283F2F3CFFF7C7DBE79FE93B75E7FEEE5D3087EFAC6
311
D95B9377EF768726EF75F7F78742C56B93778BD7AE39D554C0967585EEDDB83BB75EBC5BBCCB5DC56C6FB771DCBB77F1E93F8A025E7B3C3BD487075C01058697290B12E32B53ED2343AB89C42A5140C3B4797E7E7C7E3E3FDD1E6C97CEB16880BECBCC86181905201CC6453AD281C406B28E71039EC02324B7130BD0025101
311
3C9512490E10EDF6C6E5F36D92D236BE97BD258713DB33C4CD5EE81A78FE873F606D20ED1142F37F6D61D7AE677FFDAFCF7D76F1E28D8B37EEDDC09FEF668E875C93C539677766B07BB2B7D779E6DA9933D7AE95CCB9353DE04F164393C7AF9D193C131A9CCC849CEAA953D9A5E38284C72F3EFF4721422FFC7168363F141C
311
5E1B5E5B5B25F38D04A7A7DAC182E07030380C1DA444FE64657C33D8D777F0D3832B2843782191B801A6E3CA64A78651100E43CAC4523C1A17A73E86FDD3F995D425149C8C285405F90034D18070346C2D079E0E5705E0DE11C7023B8CE836BE21FAA34760F9FCD4CACF5E7DEEF4CBAF9FBE75EBD6E291B3D9497CFC9A1C93
311
D83BD43B59280C9E292EFA80B8626F686E0E0DCCAD9F89044A0336732173EF782616294E0EFA9DA19C72389B5DEA5EBA3179FCC6E9E71F8802B6FF71E8C9D1114180E561BE4646A6A6A4353092201FD01DA0699E5819DF9508F6E5C73FF9649C4AE1A1F80002005152FF1B0E4CD88A2B70C8376C2D0D82D1993B644DF21BFD
311
1E03DB10180C07D18D04B6F5FD0BB237251C62FF556EC3DF1FC158AE803FF37B5EFDD848DB37EE658EF3E5726A75B5A5919233D78AD8B9E8C7A86AA1A0F87CB9DCE280120AF95CA18CF3EEDC99F5E899A6B8C3E1F23AD4FEEE4853245362D5D6739AF7C891EE7E23177E767AD747A280A71E0FCDF60909C60346840B4D4F90
311
0313AB43B3ED79DA4464C2E0FCC4B389F6F6C4CAA7744DBFEB16A102895000408A543C16FC929800D7A0A338F64C03291B58A43012860E3733AC6DE46EE3DB1DB2D8CCE8B76283E6E2E63035406D7579626161E139E2FB3350EDB31B77EFE2D4F7EE9E59BF766F32A32891406D6D6EEE0C078676DEF5F98AAE8C5DF5F9D4B0
311
59ED2D167BAD19B473E64C6E2E56D7D1E14D3AECC9EE42C4373768B5C6726EFDD4D2D2F1E3BD04C1AD97170C0F78EAEBE093A3C87D65795852C148626A010EC4BF60B0BD9D99C9C86670617C613A3F323BB18203CC4FC918ED2B831AE3BA97A9B23171439951935CA668BC4C0EDFF2EDBF549EE2EB5F90C2C8DD5FDC16646B
311
98A14F771F4403DCF071700DB93757C7C70F4E08AA099EE3EA678F774F5EBB77A33B74A6A4242AF2AEDFBD3739E9DD963EF1DBDA588E283F3337183B531CB42AAA571DF0B9AD1E87ABD00B06388B020267E622B5B51D669B6EEDEF572B7373EBD1C1E87A976EE9ED5EB4A0831BB74EF749A378FBF63F0E8FEC020386D74042
311
B8407B7BFB04F14F711C6C4FC8D0683331317E702A9FCF4F910DE69BA7E69FF9E42B34F09B2F3EE0DF3B1BB8771B0E0E90FD338E6EC0F8E51991F33790533135BF3030B83D4AEB88DC87A1F77EF8BE61EC9B77907A737E75E5E0F3AF3CBDE775923752DF12783ADEDD5FE805CF0B85DCE0E460F14CC9B533CEC16B254DCEE3
311
DDC93A53BAB6B4D49ABBCA9D583A132ABA2276BB6AF675691E5BA7BAA4AA4A0EBD5CCBCD0D466A4A0F3B2CAADA3FE98CE6E64A22D69268A52DEC841A1C0105CF9ECE7F640C4BFEB836D49717DA37BCBA0CFB6F9F6E5FA03F3E0211984A90F99A83EDE32B1353EDF9FCB41409CD41F20F44EBE157BFF9F2370266EF08F9175A
311
7E891244FCDCA0A92237820314B767E03C42C93138A9FBD1A32F29AFFFF4F0D3179F7EE5F5D73FFEF822010E59FBECC60DC82967366951FBFB9742A1427FFF64AF1A9B2BB8427731BE736EAEE4EABE5CB7CB66D3B4C0B6805A722607CE81EDAE825FB5075203EE167E749A0B16C5EECF39AFCD217224603B1C302BFEC9506E
311
FFDC5C2E166BEDD2CC96DEFEEE64167A786B4B01DB9F7A303C72F4A8E0BEE860A439313F3D3595407E1851022C1859CE8F2F60F9D9A16902603ED83E157CE619CA032A4411F18B0F6E53C520F85F831B0D90E4E824EEC5D8F8B811DD37EF7C0E57DB5C797ACFC7AF7F2C8CE5B31B21C8088C2C74B77BB1B77B32742F1432C7
311
7B436673777F3234D91BEA2E4CAAC5395732E3C4D9394AA2D1B44BD16D013D10D09D8324B69C7370AE18CA84FC715B5DA0D264B2EB2973D2E5D56221AB3353D4AEEAB575B57559AF3B93C9459C73835153D33ECDEC29B8BA17CF9E3D7EF6E2E93E01C1ED4F3D1E5E3B7AD4708191E1EB23ABED898589F660F3F24862683A21
311
60301C9C5E189F6A1E197A769E56517B7022D1BCF99039AA344B8C6E112D27DCDCF0763CBDF13E80BE772F90567FF3D1CD3B77AECBEC716562FCE9173F4670989AD81AAE76377446B819FF07AFCD5D9BEC9E2C3A5D9EBAA5A580ADF778B23F34D9BDE4F2873299D0929A93782F593FD3D4AAA9EBDB6A4FEC0EA4240B14079D
311
A1C1DC5C4E1D2C04EAEA6C353B03B640CAA35ABC3EC59D76169DD148F9DB6F9FA83BAC6BBD85D6FD31E7BA5B998B28D9C5A5A570F6C8911B8060DEE8896DFFE8CAF0B70A20EEA905E001A4BF35509074301F5C1D1ECA4F4CCC070504E91424B83708095BA16B2A1D334AA40F3F242F1A14F1D01D5C1CB16F7EF9E575F8D3A7
311
6FED790E373F0D98BF8CCD45F21B77AF85A42691F83D732634199A74F6164B9CD78AD05457C16CCBC61D96FE5EBF8BD0EEEFF7BB5CA1DE25170A18F4C762D1AECAF24CEBCE13758E8EDA525374FD4CD139678DC5DC4A5133D73A1C3595A9B74F74D4F52AB6887B7D0E0498BB5A930A9C28AD0B549BE307BADC51A7E6724635
311
EFA22599CD2E9E3D72FCD6E9275B69F0C1F5E13C1EB089AD574786865783388030E260620A22001B4227094061767A6265622208239C9F42039F26A6E689849F7F55FF87DFE1100FFFC4BF87CD0F3F01299F7EF1DFFF5DAC4D0ABB85C1917BF206EC1B6323F1B56BD8FF9FBE55402FA559AFF3DAE020A60EA96E8BAD6329A9
311
F42E599626275D4B66B35F0D2D65FDB1B99241ADE94C4957A5D26FEDF45CA8AD0B74747595CC0D9E8946731145F13BEA6A3B6A6B3A6B4E043A6C3E558F594D25BEC1C1F57DA6DADADFA62ED4EE54D49D6BD8725800002000494441545D5DB198A2E6AC11B347B1793C8B8B6751C0D1AD71E14757AEE4FB6699092CC3854786
311
08F2E6A9D59135A830E62613900E82EDC1607E08F9C7A7DA79001132FEE2A70B89F9879F20F95737E73FFBF834707651AA309CDCC8DD480D599B9CC4C731FAE064376263EFEE62A888FB03DF25A16B734B205CAEDF7966100D0CBA5455B7C53D983D6959EAEEEEED566C1632C1112566C5CCD16B834DADB1A4553377D82E5C
311
3831D075C6E974467C9A557558B2A9549DA3BC2680666C6E55CBE54C08AB62EED263A5A56FD79A1C8EF2D668D46A75C7142D9EB5DBCC96C5234BDDC75F7E62EC9B6F7FB07665E828BEDF3C323C4C1010F15353C1912B5217072988A443122402F2B3D3540453C1A1857CBE796AEAC517C713CD0FFFD7A79FAC7CBAE7B3BBC7
311
6F1CC7BD6FDCB88B98C727EFDEC0DA62E3F5506170CBEE60FADD62117D184EE0144CCB5D731E4F865C83FE8CD35F54E173164B2090ED75F949E5D96E5490345BFA275D5955C1DF213EB158CCD9AB6A4A3650D771CCB49EB33A73562537C0833CC78ED505F4CAF2DA13015BDAE52C0EC6ACAE983B12518E1DABDD1DA80D78BD
311
A67DD15C54755E8DB504C20EB3271B3E72FCC8D997FFF88291063FBA3E3CDB87C5A50E1881112D80F953E4BF112A408CCF9DF3E20AB34F16C657DA8389D9E9F659A6C82FBE4828CC7FF2E2279F7EFCD95DC51D5743AA1354BA56E24CF663FAE2E49C60B79314A46670FCEEFEC16BD649FF3D1E95290AA69D599F2B6A2AB266
311
1455519C4AD1A780F0366F5251962CFDC924DFB268C3994C5AB6B536AD5B7325EBB95667BFCBAF7880FC401A502B2999732ABAEE8D9B8FA53A74ADB22690AA8B7B154575E2334E3FC171A2B33675B2AECE6C3655A7AD315F2CEAF62DDA5AEC71CFE291238B677FF1646B6B00109C3D8A4C6000B97F7824FF2C30475DDC9E48
311
249A89FF11121FE0373BDB2E1010CC2FCCCE2612E39FACCC27E69B3F39F8D65B1FDFBBFAE6BEA6F598962B8909032B8672D7FE69301312AE1E32BB32AEA550AFCBA2F807A51A2F024EA03EDCAE687592E85597CB6C512D05C5A529F6806E4BFABD8AD9924D2EA9498BCDAC76FBD57040BBBA5E8CCC95C4624DBEDE7EB36231
311
5F48D574459C31904ED11425E935078ED5A9E9F2542A902A4701DEC85C34162B465A1CC78EFDAAE644ADC3B2E48EBAAD5AA429E6563D1E4D0F9F42FEC5B3AFFEF105637D861018393A3BB2BA8902824328607AA2392F814F3D0C0B02039A57A7DB57B97F7A4A14909F250450C002FAF9E4ADB7FEFDF4DDE81BFBB739D77338
311
AAE4EB229252A119B9DBA7FA35551DCCA849D7DCB5391217ECE5EAB592AB252525CEDC201E03718B27932E9F05DF8EEB4AC1AF69BAD712B6F4A23864CD4EF69B3553343AD795BB3AE78EF8FA337642F8EDBA5A138A3CE3B4FA959CE2F1581C276C8E96742AE50878036ED59956A3919C3FA6E9BFFAD5B1F254C0BBD8DBB4CF
311
998B1106B0C2B0A2DA0E9FA2A2BCF5F210DD0082E0B52BD7D77E3D3482CFCB310C156E4FE001203F8E3FF44CB07D24B83AD54E83283F3E3E359F9FEDEBA33A9A1A1F6F9F0509DEFAF4DF3F9E2C79E38DEA58AC245A22A9EDDAA4A4B441884AC99941005D2D8442BDAAC5EC2C96E4FCFE5C49C9D5C1BBD7AE5E5D775AE7D673
311
19B76AB680E3AA19C3C535BFC5AC2B26B327ECC9FAA96A2C594BAF6751AB8C44D3E9B96871C034B0682E0F20EE8913954E67AEE48C358207F8FD2EB3A3C333901A08D8E3DE94C3E1D0A08125D6F5AE9A63BFFA554D8DA6F6BB2AA34A4E6B8AE4347BD8E3B2C7174F9D3A7BF6ECBF7E8B01AF5D591EEAA317B629F20F91ED16
311
122B1306F64F245681FF60A2B91995807ECF2F800AB30BF976E667F3E3D0A4F9A93D4FFFFBC5C99237DFD8D6A4CC35699CD5DC9949F84BC839394784E654B3AAF452A725CD4BDD19601BF9D74B06AF39C1336B2476B5E852B1876AB6DBCDAAD73BA0AB8A43F1E3E3364BD6E5EAC75C59CBE205871689A0843975BFAE1E31EB
311
813ADB05F1006D7F24EA4C97DB1CE6A4CD9C3AA1464CBA438123EA7A4071CF618CF568F9C95F1DDB595E6EB2B4ECACE635B6C59ADC6ABFC7371036E4BFF52A2D41F9F7DA37D7D770F955106F7875782DB87010CA6FB8009282FF28603391C701FA5E1C9F26074EE7DB838C0FC77184F995A75F7CF1E2BDE89B0752A680DB4F
311
EE09C1699CA1C2A4D35912C1E9D5B0AAAA19AB4F55C3AE9032E8C4F2D148D4BA4EB4E4B46893D5EA52FC9E01F3C080DD6F7778F588BBBC5C8958929664D25F7459F01FCBE1C38E16C5EDA7DA759B5A54B5375E57172F3DB6BB3CBADE74752E36A7A3AE7ED5A277D8236EAFEEB7E1498AEE8F44D6AF522DA5C9029DBB6B5A0A
311
03D5FB5AD25193291A518EF71348D9302878EB178F25049EDAFEDA37578651C026F5CF727018E2BB8BD928A32123FBF35D8EE64490BE11251104399F1F6180BE32B190A75DF1D65BAF5F9C8CBE77E0585D4AD154C54526E8EE25A317A9C629477C66C557B0A28470561D8488EDBB6A5DD77C143639F272B44951753701AFFA
311
54FB80D76101E62254EC0AA86851FDBD1E8BEAC95EE8505BD4A2D2AF66DC5DBE4277C1E5F0788EEDDEDD128D34E5D6070715C513B678014E5B8B86F12995223A7F8B16E7A2EB9181DADF9EA8A93645D581FDD5955DAD5AA4759BF9883A684F7AB267C1805F181E4053F0EBB560DF107520ED009C001E30011716FE67B445E7
311
C903F45DC983CF4E4CACE00FED7DB0E58595F185597AD07BDE3A7D311479EFDD63759A6632A9A175EA57D5B7A43A4D1177D35C46B1DB01419FD9624E2615D56A6D2A31A96E084249492C1ABB1A8D64309EA7C5AEF23873C066B55A110B1024309C8ACB6376983B3CA7145F26476E2BE6F6C57CC97ED56CABABEBAC2DCF5142
311
9C71465C0E471C6DD903035D5D715BAD57D715ADA52B9AF39136BB4CC74E9C284DD54415FBFEEACE6DA535E974AA3FE9520AFDD945F18057BE0B81AF8767DB87479691995910824F8F130D58BC7D824488E0E202F9E6E06CDFF40A2DE2F6F63C28496FE0E8D0C8D48B7B5E7FFDB390E9BD73BFB2695E25A2697E576FB7C5D2
311
AFF9F064D555F49773EAE4798BDDE677298A351AB146A0F073B1F5681348ED762BFEB0C76B5611BA25E0F19BDCB1411E9D542C64715575389216575871B98B6EBF3B64ED4AFBFAFBA9784E9C38569B4E2B94824D319F256EB3A9BE42D6D73260ABEDF40323693882D3E473465BF5DA786D6A5B4BAC57AFAC369556767676EE
311
B6C4556B264C3574F6ECADE7690A1B28F0F5154600CBC283688A2CE302D353F3CB9B23901EEC1D0C4E8DC07B820C8FF2E313D3E201ED89BE7612C2C25062FCD33D7B3EFE2C54FDDEB99DA5E0710E1474BAB259B3D9E657DCDE7EA136C88148401D299B3ADDA4B8D6C501D6D7D7235A81BA4DB5C4BDE401B3E20D04DC90BD18
311
5EEDF3F95C45B59821A45CD9B84F014A2D83399FC964EE56031E2A819D29B02206E5B3BACCBC191E50672FD752B5019B6E7605B6599D4E2DE2CC6DA3271AA8D956AE07769FECDAD652230A2060622A4D5192C0AD571E6C81E00B5F5F613286E83880B12832B16214C7F9C404BB12C0E172B0192A484B88D00806A74993793A
311
242B0B7DB30BE394F7374ADE7CEFBDEAA6754537E99AD315B2982D1607B2C37102361BB2CB3F8FD9EB37FBDD11D5AAA2007AB625D118ECD7EA44768F57D51D5E6FC0E6FCA798E84A557C03AA9FBF286AC0EFF1A8D6C9FEFEC58CBB25E270F4AB8E808D3498AA6E8DAD432B06FD8AD96B56ACB680AAEB42881D66DB6EDD9D56
311
94584C6B4D9D08D4A574BD65F7CE9DA6CA973A3BAB3B035EB3DD57F05208741F3FFBCA1FE98781822F3CBEB28CFCC201A41AB8929F20CB1103B3098A7F7AC3ABD719174A48E4A9872148EDED23ED7952C5F4D1FCD18378C08D33D5EFBD5B6D32E9360DB95D50384BD8ACE97E73209072D854F25A72C91CF6AA4436A6762AC0
311
333E108DC48AF05AC5A5806A1E731D19CC915BCF39752F8097B62B107D55D1E366879A76BB7A557331A2C750933F60A364AC3B561DB152F2E32A4B1D871D56A525A097076A8F9D0898BDDED6FD4EDA9F4EB7DB642AB5D9744D87229AA2A66DE535952F957A6C76757269B13BD97DE4E27346354C187C3D3C9C5F1B16227405
311
181C6E9F6E5E954E483E2F10B0DA3C727D75642A3135C4F8696582E4B0203E3031FEE244FEC9C28BCFBDFEF1715FF57B07765646345D0B406BD5A57EB3C7E3556C0E5B2010B021214941B1E97EAFD9915588FA68B4E4CC9C733036A05A10882E904DB72B669FE2304B04688A4F71B51C4ED93597D9EBB1C53B3A741B25C3D2
311
A0D51D51CC855E0B3E5F17800B838A456B44F574C4011B7BA0A53C75A2F684CDAE28AD5DB1A873306AD5A3C2096C03EED64EDA07A64AD381EA03BB1D013D5DE8A725D87DE3D62B464B90CB061F130264004070130F1811CF67632ED1975F101A4461B83A0F074E3CC92FE01923B343ED435389693841DFD18583AFEE79150C
311
387060E7B6265D2FF77A977ACD494B38699698EE40018A609F023639FC8AD7E3B13A4DF08362A8BFDBE9A4FBE18526653D6A36EE4EFA286BE0BC56C55E2858D281019FAE0F70976E63B6D7DF3D99EDCD50DFD97DA182510B9556B71222D79C39B3ADC363F6DB6D713D504BFBC70C80A694A24ABB38668A44D23EBB43F79596
311
A6FCEBD1AEFDDB3A0F74EA81CA984B14C0C8F839BAE25B20781DBBD30D642CB22959603EB890A73F8C07203EE5C030BDA185206E3F0538522100012C512C3C7BF468DFC29602DE7C73B7666AC18B01BF64389BB4E000B65394E728024C53A00802060E4FCCEF8B9A62252E33AA20262C8A66B1C4098C0135ADD2BE9C8BD1E0
311
F5BBD4805D770F12503E786D47B94A716856E9F3E9297748B940D95F9AAA6C8D39735138A6A323C0F3F578972375C236E0553DA4225F46AA8E56EA21B77920A29596EA8AD55A2928D059D3B2BF29DD9FED663070F1958FB688902CCC13DA7C0D5F470F2323132B53581A89C901ACCEC291A52CC8F7D11696FBF3ED7DEDD30B
311
07C777D1489BA0E5F559E88DF77EB9735B6BA5BE3B6573A8C9253A2E9E8039DC610BEC76382405B891D063B70C78BC51AB168DAC9FC958D5B988DA4FC0AA2E25BC288FF0F91D8EB9396A7885CAC86C53FC3EB74BB1FB7CB630F4D5C298DBE9F66B7566553D515A5BBBF358795A9338F729D9C371BFCBA70F98ECB56FD7C28B
311
15AF9674E5287D62112D66F5157CD658A9BECDECD44D95D527DFED2C4F99BA06FAFBBB7B276F5C7CF623C140BE1E33162601A000998E2D0717303555018282049BE206407EB0BD6F160CE0461F3C60627A7CFCF95FF7B54FBCFCFAEB177BB537DFEBDCFDD2FE520D88F63A925E6F32EBA83BD5718256A5D034D54AE4074805
311
16AFA9297A350A08AECF3923D64955A58B1D3F7C98C0A516F2AA8383C588D53AE85315CA820140D0EE9CB3657C76984E32E47447EA6CBAAB5007BD3B5603E9B2D2F98BD0DFB25B54AB6E773BDEBE70C26C49DA924A21A44ACB5C33C5223E0BD952B739149366AAAE3E79E02471D6AA32166067E0E22E142021602880E0270F
311
1AB96064E1201840599CCFC381C146DA8384C0346970618536415F3EBF2A208807B4AF3CF71C543872EE973B5F6AADA9AC4939A4AF1347EA406D47476D6DDD80C502CD51DC110D6BBB5C4A13755D9482C0E72B49BB5578A07969D113B7F8DDA43E07D486072A4EDA07767B0802E9F3BBD3960CBFA80598A03B02CDCB64EACA
311
EB7E9B2A4FA7D5DCFA9975672F34C2ABBA7D2E4BFC424787C3AB2E59FC706FE7E060C4D4A5A3006DCE0990E811C554BDF3DCBB3B7706BAECC9A434C46E5CFC351F02F11705607A68C0E6F2DAD0D01A165E1005B03A23440837689E8201E567835449F3ED89FC50625A3C000818DFB3E7F58B99AE37CF9DACA9AE7C695B6929
311
4D0C9799E455576B3B7CE284C3DCA2DAB2A0B9570B900AACCEC8BEC85CCC7DB5C9EEBE9A53FC05BB6AB7646D5040720574D10DB5F1F9FD932EBB537541FE818DB8CD42FAF01794983BE6C32DD490EDA5B76B8FD52A6E4A0B69A67A038C05A9B6D2E1C387E3619B97F9A0EA0A3915D5958656D2A9726674B8A5AEB456769E3C
311
79B2468BB8D5A467A9BFFB383D51C180EF42400663304116A586DA1786A6808459C98314015081CD60FBEA547E565A82D21B5B4B303B9898C8F72D4C3CF7D6AB9FF5460E9C3B79EC6425A537A9CF61869D76046ABD8E13171CB8BDC76C0B5C70C4E37E35D694739BB45857D77A4E75965811DE6B87C7796C000174B73CAE38
311
ADD8DB62B1587D76DA848AB6CD57889F824A120C8383BE982530A06AA9CEDADACE148D1FFF2005B632D0E22BB87C76551F3875F8ED0E4738EB510A6AAC682DBAA82CAC8A059CD4071C7E552F2F2FDF79E064B9D7E92B802878C0E9A3A44103041E7CC3452346FC4303680C24D884100F58C0D4EC0AB58FCCC37F9BE7190E0A
311
41A22E1C0A4E1C9C5E59C81F6584BBE7F467A1C81B6FEEACAEAE3CD909F50C3874D513B6D1B8F4BCDD6186FE846D8B813A6F38EC8F5C6D8A285A64BD894256F1E54C1945D5E2AA391EF64215D311C501EA13FE0E35E412FE5CB452212899B08710D29296A22FDA44C5D0ABEEDC7922702CA5BA7C32361964D43158F0C12915
311
FDD4E2E15387CD6AD69F74AD0FC69C2EDF003CDB32E05306BC7EBF32A0685AE781CA9681D8802BD9DD3F79E3C6E93E22C048830FB63090E138073120C50E6B530B0BED6C4A04D9217FE699F6C466FB933C0391E054708AEA68029C5C983DBA6BFCE53D1F5FBC4B3FE040F5BE6A694AD6E102B6B8C5E370D41DEE8006D1E3F1
311
84CDBAB9CEEB8AB8BB22392552D224D99E38454A48B39F4988C264D7AA94DBA48BB53F604158D56B77A99ADB6F361F59CCE2208A3237E7EB6AF1AA9319534DED89548A12B9C82849753AADB18C530A6E3BE2771C3167785DDAE5E9417876DAB764B3B7F81CE5F25E4ABAB5F340B5744B2CFDDD8B1081D347690AA3008683D4
311
016C4CB328C8C2E8DA48BE2F21F3E1E5048A60436A3E38DCBC490F207F7436BF323F119C160FC8B3344173ECD9832FBFFAF16793E507DE3BA955EF37A51850BCDDD111A8F3984B1D5056045795B8CD636EB19C2857AD4D51DDEB8DCD75CD5D755A8B3977C65950349762B1D9EDA4E9084283118A29A5169CD027B520447989
311
AAC56C76592DCA195F4953B94E5F5D3395D6EE2E2D55ACBD8373AA33E7EB0D150B0CC57DEAE2E18EC387C310711F1D47AB55F5E9FE64B80312D212A05E545A4CA69DEFEED4EB1412F5D264F78D1B17BF9D8B3CC56CEC3A3E80FBA380E5A13569FC4F0537D756A6250BCC0B08CE27A6830B47F3ED53132BCD89098264626A62
311
FCD97CFEE0F8CBAFC204A3D56FEEAC69AAEC0CD4A6521DA73A185DD83C14C6719BE27525C3B6B023426AF4D2A64B5B2391E2BE92DC60F15A09CD4B7AA07E0B9CC1EB05C560C6EEA648BA1CB4A4CF13F21592F0664BF6D429B34B3129EA9CB5A9B5C5DE3F596C2DAFADDBBDAD54B70EAE9F517D1972041DB8EE82AA1E5E8C87
311
17FB8577D39F8C0CAAA601B510EE70AB03FA80DAA2C52A4DE535EFD6D49C50741773A7DEEECF4E3FF98B07FCFE3A5530C2A3853526030B538400F98E343844C80384CDF8421FA0CF820CFFD14873022AD8DE07157EF965FA01D56F96EFDCFF4675AAB68ED0EF88D751A3FB3D16090050B0E3701C1268F69399556FEBFA1C63
311
4ED23408C5A9AA2AAA01EC7DEE1CF5823BA639955273C8A9F97B0B493223317CEA148800ED8D45AABB06D4CC5DBFB6FBB76FEFDE1D89A10067D13A67578B933EF88E4AA30F0DC451A4D3D954129B037DD4494F87BDD79E82896E33455A4CEF9E4CD504144B922DB9E360800C868C1060364602907218E81B591B9AA62D1A5C
311
060A4478C983CD9BD3F9E17CDF13E1C28444707984AD86F185FF2731F1EC2F7EF1EAADDE970E1C78A9BC6B9F490BE8E44187CD66B65111D0ED54C849AA2DAC2ADE6C5C8193D993EEABFB4A4AAE5D1B5435CDA8855DAA374EAE2093670674FCC3E7D21535A429FDFD74132895698AC9E044355B634D2693A5FFAE735BE7AF6A
311
537A57CE0933E08924C14241EDF7F9FA8F2C7AFA0F2755D863893312CBF8BD308238889284A06B269FA6A53B4FEE4C390AAE429625A11B9F19832123117EB44615683041709010985EA0DDC78E1011800E18988C34F7E57188D9859515090AD921E4BAA2E727DA1776FDE2D5576FB95EDA595DA957569AD2818039600F58E2
311
1DAA97FEA408E67379B31DEC6F50EF3ACC1892113DFD8039D5AB53CA167001974B2A38C56AC24C8A9BAE8A834952C4EA6768C648C1DBAFDAA49C2CC0F6D295AD6AE1AE72525ABD2F3535A595BBD00671A2C9225B1571FB610F5A77B975B51825E1A279A91DC3F1C502445002235259B9BBD481492CD9253C0005185940DAC2
311
60009ECF540847A035020F6A4F0CAF25180D494B28C1C26C9E1E00FD8F8979A86133E5E1A6B485578213BB7EF1DCE95BF1EACAEA9DDAFEFD5D4A20A5DB48E3C01E74888E1EBB3BF4426C269A0250644D69BD1A6DDA77F5EAD5125FC1ED8BA9C9A4DB2A9B4D2A8D3C7A1876AA617A21D61075BECBBB24CB2E0308462BD89531
311
AB6E1D74C8B8E9EBD4FEF65867D7BA52948E108CA950B8CBDC41751CF69ACDC96E6F00253A2311ABA2877D9964381C4E76506B30780A982A77D7D621BFDA4B101CBFF131FD1021C27445BFB94E066021801C48161CCED3F24A6CAE617E4903B442580CA2183A9A3F880B34CBE6185394F99583E30914F0EAAB6703BB6B6001
311
FB2A2B159DEACD6C56CD1D347569D458E8852A7687C384716D8E6424E28EEE8F44BAA225AAA548EFCB5570990BFE64DCAC0CA4CA75B71DC64C2D4404C494247291E9FDE6A5B85DA7EF0D949BE0181E5533A58ED59E38B6ADB235DA34E774E55C2D7E6B012834ABF1B703594F7FBFB934ED8BADB316278B436AD86629143AC2
311
124DA978AA73672AE08079C383BAEFDD100F1015F0114A84004B6240C03243E1D9B57CA27D5A403091978CF80C2DE1CD858567F27D430B2F4E4C351302CB9BA4C7F1E799943DFF0AAB8BFAEE9A7328E08D4A85B184230CE7733874C54C92C70D55AF059B68DEBA78B6841E4534AA0C44AD71752EA6385DC4AECB453D60B697
311
A715B7AE6BA47E97921974A6FD7E7F8112C0BB945D5429DE1810A72B597BED3033FFEAAC7DFB58AA3AC26088A22F9276850A52527B6D400F3C81119BAB698EC5012D9CCD16C2717786361ABEA468010DA666A6879C3D729C8DE91BCC450C059006190C08076897621035CC06DB17E657D7640E7A54A240403FBFCA48700117
311
90DBCBCBCCC7A7E89B2CBC220A70B4EE3E77A0BA7A5F977460F48247F5F38EE43D3F0A2097873B02BA2970B8C3224689AD5F8D44636A6ECEE91CA438EAB5B8A04A34B3652632106178A97A7B33455CB6BFD7A5DBD56CF894CF5A0875275B75538B0D4C77B7A4D811E9DC566DCD35C578255D71B359C1FBD849BD96A5C52475
311
1425C55CD3BA3B4C1E0A275935437CCA0ACDBE6DF76E9B27AC7BC210E1C9E374C52509880FFCDB374203868341E141307D9C1F3921BDD3E4FEA14462161E0C3B3E0A06C8B6140A60FD85A5C1F1A9A9E79FDE73FAAC2D459D7560DF3E85AAC31B755B7C6ED5EE2517F42F2DF9E986C40F973A4C1DA73CFEAE2E9A014D32189D
311
2B2951948CB5578A37D56E4F9757B628919A722D82FC71B53FE472B9D873271A3CF178AF75B2D7E5A5E7575E6AF6F44722C440076E10C945ADA698DFA4A998381EE7553A2CBD8B4BC9A437E91C64EC1253EC1E1290A5D0EFD25D31931249EB3AD5AA396BB62DB22B3C7943E622460E40035F5F613F70793541261866650EC4
311
5F6006C8AA4C7E57FB1053318E85C444DF6C7E6ABA9D19112BE489F90969194F4F3FFDCAE95B4A4DCDBB073AABAB5B1C0118B7CD02A1076A2415F64AF085E3E50E357CC1E38C76B598BAE8065C2D59EF656DD3A576B3AA900C7BF501BDDAA4D355A516F607EA2C49D5EFF3F51632A0191315503E54F4075EAA4EB1FB6E7146
311
4C3527EA529D35F48F23D17567C682D885384013E8309BB3E142D262F639AD25B1741A6A40615EA0B6B45B232D5D2693C2FC3C10B62C2E6669071CBFB5D511130CD8FE0D4BB943D20F2502F2801DD56E902600D9E0281B31CD4309EAA3056182D480788031293AC8B20003D283A280EA03BF3CF7EE7B6F9828841CA0394CC4
311
9DA407E470C98887D1271D3180488B4441B9927DFBF65D7559AC919CD3DF6BCEFA7B190AD92B2B1DBAA9DAD4E22ED229344A21A5E0A23452CCC8E066F9572D3DB0DFE4EDC87A9DA69A9ABA0BB5A55DD4132A5B2F219B075F89879564F6B067C9E2E9A5F3125333D12629140BF10E2687C972AF4B73475A60D9A95A5BD8668E
311
43850981E7B630000DC807C904D7F80801E1026B43F93E265FEDD206995EA02D38121C196A9EFE5FEDF9A36C8B4D4D817FDC85F50181E629763C5FBE653E70EEFF9C3BF0DE9BFB2A7589021F41E9270198FDFE100D2EBA118A3DEDB069D6922E4D6F6A6224765535BB5C4D94AD0E8B5971D8147B65B5AEA63B3B79B24A1F55
311
55D369D87DC1EFF35ACCD9A4ABD735E9DA96EA6AA1CF68B1EA1443B45ACADD6EDD69D5625172BFD9EC594CDAE3A79692E6307585927366E838E9E2FE1DAA39E973D8A1924ED340BA74775DBC1F37EA5EEAC5037EF1600B01D0C0D757AEA00076A4AE70E5DC9327B35C39C63563708085BE3EB201F98098A0185A981A4FF071
311
1B102340709CEB072650001870F2DCFFF9E59B6FBE516952745FCC4991EA56680AD1220F51D5F8D580E64807EAD8F469F56A4D516642678A67D8DB642862CBD2404FDA7D5D5DEA406B4D8D0E1B52033A21E4A396B1FAD20A5E9CA1294E55506E3531445223E5353B6B6B8F759497FB35E6A8BEF431F669FCFD0CA13D8BE6C2
311
627FD26733399D2CCC3B9936C342ED2A6C101EA05A03F674A09625AC01CFA28555DC1BB77EF6ED6C94CF44FDFACAF5E015198D1B3C807A78819600FBF2B2388CBD59949A5E689E3A9A5FA0092080C0B6ECD427E313532313E32BAFBC7CB6AEFADD5F9E3BF7DE9BCCEF7565BD84962C1C181E9824913BFD6CB1058CF065577D
311
5B849E203CE8CC99412741ACD8E266BF999CC906A0AED1E7C305748D593AC3149A0084803A60F6B9BB8F5B7A15966264F86D3275EE0C9C3816E8D45AB55CC441A5A766265DC44926BCE8A27BCC869965702E33988B2901AFCF15B627FBED290694100C9FC22E19816986095BD8947DE581F4830C0C0004B95E80C6283468E8
311
C9DA6C7E172B9284C32A4C007187B878880D910514300104B23ECB8DF1151AE6EC123CFDEAD91327CFA18037DF60434153A27880D3A7331D831386642CC2D0CBEEB51DB6B8A37E9B3F7DF52ABB2390386B04DE834FDB98DEB454579607CA4FB21A602DC787457E858E0E675DA005E2EBE552183DD595566D34C02B4FEEFE2D
311
45677534628AF8DDBE96547CF25AC41E567D61362097689A9AF562B1A066C03A740000200049444154D27970840B2A1B71496F806610F132A8043C34ACD5B0E5886CCCDFA2276A104140F0F1F52B9B6B57840A330E985D9B9D3D8AA1210464C23C23E0213A20D3CDCD0BF95D0B539449D2140A321E1796B870F067AFDEEAD8
311
4908A080AE722DC0E84B2D0C2A1A7149D7A697E10699CDCF0CFCB01AD15CFE58649F73B0C8654BC55804C0B87018B2E450D25D5DE5E5916DA526C56F0FD0F602FFAC83455A80F811951473A1EEDEF2269AFC0E1F0FEC3C71A2B6B31A005CB75A339A2399C9586D6657C8C39510DDAADD955568107595447832CD3F2F89D496
311
669768D00A0F0B04EC24A7C52396C95B676F2D3C4074D18128E0BA2CCB0B02AE0DCD3EC9F7EDEA0B8EAC11EBD218962AA8997E006DE1A35C4EC5D2E0089FBB3345EFBC79042A0811A8AB3114505D99A6DDC072A78B2684577590066120520E42900F9F52230316C6625D91C1122A9D3357F759542F8D832C1D549D7E72B9A6
311
E8E988D32D930462C0E9CEC0DE1C6166DF8A6BB2BF3BA420F14BBA12E97AA9F258EDB197588D0653282903B40EEC61EAAEC5C5702F35E46498EEBA33CDF60808CB2AC829FA738A53F315AD8356D6C9CC598F0CC7BBCF1EB9789410100590050041591193D9B0C0C06CFE681F25100E402664270437A049982004888111E98B
311
CAE579CF820FCDED077FB6E774B65AB240134C50D1A3AACB0933D3CD7EA5D4C28EA34E3BCEE10D784E9DF2B82D7AF53E386AEE2A4B02D17D743DF48E5387C3B44D5A2A77D6680C56345C9F00407FAA35A4BAF488232C8D42952DAB90E28C3923A045DA54CDFEEBB66D69DA880C819416D7A45A30877DC9C5C5028BA5CAA0EE
311
9E1B54D3257311BAB3F08C0B360B1D2527AC938281CB67D8C10B2FCA7A000D21915EA2403C802561D98E189A8512B10726F3F155E49425391AE1E401C27EB6EFF967991CF34923520B0182C1675811D9733A2C20F866539349D3DD6EA72BC3618FBB50020D31437E87237BEA08A5414BA5BB89FD289A2131278B8526CD5317
311
B6503EB57455972BADB2DC41F75CC7FF35CDCD16A5AE04E20EA6A6990CEB031193D5EF8F0F44F655D6000195959AB5AB2BA2C474BB8F0BA62C8C18C24B19328E3AA844593C8E95C4347B920DBAEC2914A00BA8EAD238F4D0852669B22D7EF6B44CC6B63CE0A90757AE6F520651121204434F6617FA580819E13F1362B20138
311
204D907C7ED7B3E37CB806E3B266AE2E7D718A4ED1C4C29E574F7B76028207F6EFABD67163676F28E3D2744F1C05D8188A42843C66C573E414948DE515D6DBD74BD8708C96B0B5B82D10F784E30EA635FBCBED117810794167F7C38726327CA7BF1E80465152DAB4AE7D5166AA85C1489389922B55ADBB2BDDBA16F3D9B94E
311
4A0D0FB8C91D2882AB074CEC87386325DA36078D40357BAA8E080C08BBB45818CFAA7642C01CC7052E2E7CB48500E20157868343A481B535AE9D1B9ADD6A0B93FC56838C07A54B0E376EDE5C2104E6C102B93F98605D084A101CFFD9AB174F49163850BD1FF764579DFE8CD5AA73DEBA4C3B585F902ACD718A09DE7A51E992
311
A9D85536B94B8CD2D71C07A33A1CEE48ABC9DD5A49C1A23BCA079422633266A414869A972EAED4721A739E7471E9F8245BB0AD818096DA59E9A612A06F6A964D1233952FDDB70C855321622A29166373A6548792F1173CA73CC938837B88A5D3EA9356558BAD1F7AD54D4F94F50054205F8F87C902AC4690039809F2891A79
311
B2409ECB26614023C37C1B9A6F6F6638D2C786007D71764A99151959607E62CFCF4EBF2D0A38790022E4A0EDA5D2A6973990DD61EECF581C61B32C01B135C21A3BF0EECC311BBCEA4CFBA284BBC31C0E3BE21D8ACF14D15AA3115D35591D29B800648069BA94027AAA86FE4088C5B72E9A88FDDD94D19148CA1B3859F392BF
311
350264F8E3045C79385EE807087B29AE3303BEC18C35BAAE94DAD219A5603E6C7675E874A77B61D636D958F1C298C3CC456ED114DE927FFBF6075CD501134203437486287BFB6809E001840029AF9D5D11D4D13CD1B7EB95A920C3F3043B33F3E31483C1A9F9839205AACFFDF297EF5657B79ACA5948F7BB8A738A6C7AD110
311
2A30D6B63131A6B36D496A5AD219B97A751FEB51BAEE6647D017C0033C1D1D16E69EE99875402106E85E963BFD6C1A001F60BCA7B4D46E67A318DFE8CA59338B6ACCADA76BF5DD3B5FEA92F533C55D5A172F3090F785928B49699DC1C1DC19171351FF4B0125E355B3752A4CAB5461750D246166CD94229B0DD310BA78940F
311
DA938F1B240DA080EB340396AFC858845A809108B3716102C4BFD4C394040062FE955D0C07A13F8282D4C25C53357FF0C5D74F2FEE7EF797BF24044CD8CC9AA19FE944788B6283C98300719BD7EB7164B3765D33BB99587745002F9DEE90DBA70D3044F2D8CAB17C1A6E6FA21FA0EDD7CA9D1A799324080FB09DA8A1E06544
311
A49ABA9C91A5450BBB78B4865227793736085CD4C9EC7E86C3059A5FAA2BA36A834ECD19CA2839B57C77C0EAF4508BC73D0E9BAE333720AD1873CAF0593A425C398C029EDA6E74C65F78404F100EB4CCA788CC8E9003B86A919E38A1CF85F50C41F2B3CC01568307F3BF7E1626285980CFDB9AFA641E4DCC8F9306BB536481
311
EAFDE9CAF272CDEA637A851383F93A758A85E5761020AE01065EC5D352994E47A226BB55B35E956B3D5C4B494BFC448B96D67D4C4694D68855DB5D634AABB2ECE473DB555B472DEE6BB434F42E55097B92566A1A2E0D3AB9F38D26AB4FDA07363A8B01474175F55B00845E27CE122ABAD7338E54876A2F55C387E9237594B2
311
B49E343B7DEC5298F5ECA25C3F7DFCE293D78C657161436481E1C49565D880CC4649826B30A0BE5942800F58198105D0228208B5EFFA355D510180CD793A226486E6A9170F3E77FA6CEAE4B90307F6B7569A743552821D684BB11A22B36FB5808B3B58A2B465D9DF3AAC6A5CB912557C31855CC0D240B21BA613B02B14016E
311
B76A33B94D359D3B590AE71A07CF001ECE90D5BBDB932CB065B98D075B0E9B3311D61E5BDEEC7CB7B2151F5268C2A9D20FE955AD36359BB51432500F46634EBF565327E590ADC396B5D9B62956B3197D31678E9B6D4792FD5C99280AE0101C6034040590003088301B927443488044C1EC10E14F30B012C1E6FC2BBB60C25C
311
4C370FFC4FB12B45CFFC4530E048CD8173E70E5452D0EB5AABB5088551FC1886DE304C88C90FCD21083FB4A7C3C4DEB369FDEA1C4B92F4F4AD2E3DD91F678D89F5D601AE8A71B89B4C9D273B4D11ABC36BF3B81898F0C45272BBCBE275942B8C093DE15EA9974C9507CEED6CA5BF4A824FD933D6B8470D252D7452E14C6C15
311
E45C9AD35F5ECA55A301993DB3B2A5692E955D621B0B56014F7C891D31AE1DFFA3AC070815D8FE1493113E516F2B0B408567F3B338425EE29FCF17614A3EC2D2C8C4FC74FED98567D99B92BD595646C60F9210E79FDEF3DCCB9E973ACF9D3B595A535EB94D71C4D84EC828699B65C9AC87C336E6338C89342ED7A3411830B1
311
C6593AB0EE36758101484219C7289D1A8F99194428270A3869527C642BB29ACB5DEAD89DAA75C4152F5CC1CD156F470A1902E7582AF5EECECAEACA8835AA9BCBEDCE989EB5F4B398A5295C35CB9009C5795BB9BC2EC0A8B9A3C356672123CB8A441D1999830E4A7FFF8D6E2663C8CE85737CFF88F978628D0DA1E51161824F
311
50C0F0348BA08481AC8BD20FECDBF5AC54830B6CD172F0A91A2B1CC1A9F6959F3DFDDCE92375275140654D6965B94A97064622E32056033D402E55919A6A2977D81CB2C9AC5103D1E235B544A23967046E12C64107DC6EF74004621F8B6AD59D9D290649067E7289139D40168F6C966D35F000FFD2A29AC935E9811A14D054
311
599956B401489136507EB8D0BB948CCB84812C40FD418748A3FF6551A1FE7587E375809246136640F7769CB079BA1725044EE3015B21F09D02AEC8AA90C183165806A1234E2D8806707F6EEC6285BA6F7AD744FBB45C4732CFAEC81457D73127DFF3FACB4702D5EF9EDC5D694A6D8B683E6BAEE8B4D0772011D83C49D6A558
311
1202BAB91AC8AF9BBAF6EFEBF26BF4C6A3E92E4ADF728B37C9EA33D7B9C574A88E1EE9AAAC3EF012977C91452D1A31AB380284413C8BF65ED2F564D64245C02281CE1C229266171327B2E9EE019B872B123C1857553248991EF0C4D959AC132A71CA1350A8B3582AF714DC7687EDC289ACB97B493E3EE0E5C760C056162404
311
AECBA2BC7C8A4C1FF667FB0BFF673AD48EFB530E01857C6A433B1EF02C17954ED10F0A364FBCF8C9383D82796A818FCFDA2A8D1048A574BFA6C44293943FECC9B1DAE0A233C6829CA3542F65F14B49CBD6BA3B174B53374422B1B4E22A26D9844C6654B7954B2894D85CB4755B4BDA9DD6BC360B7B4F56DAEC5CF1823B9059
311
7CAE6C329B6691C06A873B6FD35B235C3E00E40D44DC71FAB07118AE4D71B318682A573B96780CFCC7E4BD7081E122C5157303D5AA681D87DF368759123B7EEF38A34171008980175EA01FC68214F3112A213E4E6141C830E03FDB97E73376C80643D221801CFC7AA1B9FD79097D3ED1411A022389E75FD9F3EA59DBCE77CF
311
9DECDC56CBC9BAD539163C747A3716663A183259C0FBB9CE4BE6C5DEF2CAAEFDB4ACBBF677B12A4403CC1CF20D041C19E75C4C8D587D266DAE95DE85D5AAB10F1CF0B99D74B2414FF0808D2125D6EBEF0E178A735676D1CABB769A4CE972DDDF62A6005506E0DC1EF180B415DEA5D7780E9383CC1D66C60DEC4F07141AB55C
311
4F481894D71EA63A643F804DC997FF2859C000C1EDAF7DCD27B11000C3C3F927CC06FBFA865985931A580E4623F40529039999EE7A96B62831B08A06B8A45EC8C1CF508023F5EEBBD59DD5A61A87E68CCEF53A690750E83BD8FDA025E322CAB9CC034278CA3CB02F5A6D4A37BDB1BF3A3A67C57F9305958186CB17D102EE34
311
BBD6EC4998CA2BDD5AA96E810A6A4A290B27ADA51E8F4E2AB08632C9AC6F904BDF1CB526D67D4C5D34D1B9CEC64D0F41D5B8068244432169A1EB71E16DBA2A24A172D6551D34D3A9D16847E108A9B72F1C3E453F88EB466FBCFC583C40D2A071D18CB485AFAC5D995D784235BC8BD6384B82321AA330664B6038389DA007D2
311
FEECB3EDF969A906A7A6E7F9508576760A5FD9F3FAADF8CE73E7769AA041DB148DB1B58C622952925CED0006520EC5D91F8C9B073A6CA6682CE28C32E76EE2BA198A79B620E21E8BE28EB584E90EA4F488931960979BA5687ACA4A14C7A661C8DAB9A2B5721148D1EB19BC068A0E04E80C9276810DC7B69492CBA12C473C4B
311
EF538B28DE9681384B0A76DF00BE00090AA008FA547AC4EBA7A43E71E142962B32BB8F1CBFF10B2E9A0306450178C0F26662162E383CF464E1C99385BEA13E7010BBC3070986C4D030B332F978A15D2C8FC8023134687C6525CFA7EE2DFC6CCFC7B7C2A977CFED94E1335D510C0B03F2BBCD00BCC74307CAA6F26D5BC0A111
311
9495C8EE5773ADEE5813B35166BF2CCAC503EAE05C9C751A9B99DD06ADA532A2A6014E07B8C0B095A593524CE7D0D2D1B948DAC3472044BB52B55ACBEE036FA4F5189C3995E61213BBCE669260A2D3E76DD1F5BA0B1EBB979D39AE430463A15ABA9A8CB0803557F3F6850B1DFDFDD9C9EEEEB3BF7820C1FF9D020041CA61B2
311
E0932740E051D6A0DBE1FF09B6422886134394C307497A520E321B78A61905B029D2B74297E4E9B75EBF953CF1EE7B07AA2BB7A534AD956BFF0AB2330E01000521C446311228EDB06975A5DB2A590909D1FB625F76CECFEA4AC8477CD8E7E6063C36855ADD4D63506FE1721387C3CB72273AABADAB29C5C0B475F7A5D369DD
311
CD925D975EEA76D7C003CA9923D5D4D4D08554F5162E9663FC4558C575BBED705881613806F42C0AE0A575D5E7CC5833EEF2B74F5DE8E082F4E3F7266FED7AF01D13C405BEBE7E1DA8FFBF54BD6D6C53779AFFCDB17DFBC80FC83EB69C63547464AAF8013B18AF3548F6C816768FA3B83851126771681A1205E948A12451AB
311
883899264141908CD924CD1062D2A499341414D474841489A59DF64591187580526DB5836E5EACB857D5AC34DAFDB7FB30EDFBFBF373E75EE936306580D29CDFB97ED7C3F7FA5EDF8B52A8F3FBE5EF3B81045FCC8876F9A18B27B903274F52202DB71F3A7FF6E45CDFF8C946F4E3F187CFCF801D2388B0F34D977EE7F360D8
311
9FD7BDA41B3CBA5BC020A6781C1AB407CEBC47F526BCEE44722BA94A867B9E2A2F9D7E107328160E40248A7647378D4FD254DE7974B3A6B974C55E562B204476F72C70468FA2893C80544975C5B840E2AE48D381AC745D93A3B5680B38A2C6618565E0287A84AA2DB9EB231A308EA7856020B9C940529634407449C2027A10
311
E68021F270F24FB8C05F8892B87100BF3E740644E8CCD9EF3BBF07F9C1024436F8CB8B3CFD3297E1CCD97684744EBE3937771ED22CCE5F8401FC2179C0146363F3DE3B77C860A251C34BD33B24C050D998778B8E04050CBC779DF16E9C205D549951908A9C4D8F8E920A7A946E0FA88F2FD56D03FA61CCC4D5E42D5316D815
311
2FB4674D8A187637B5644ACBE729FF5AAE238F01CD30A8935048C570A01A6BF1EA519A5EBA4DD6998B914B16ADC9CEF8A475DFCA0C4A87615772F06FC8254C3E678B63C0D11248ECE64C5D1D03A8946001FFEB04D151A13372912CE0E2F7CB9DDF530C76F6B59FE400DE3C8339BC0017798F30F8CE2F8F1FEFA3413E73E8BC
311
688D9D3F397CF61A8CD1B9B69D7BADDAF49DA03F2C79C9CB4A84DC1493B24E46798435A8767309FFE655199748E6C3701552952C53BC20A3747F7C900A212E923992FD86E488231AE6EC70E4DE64251C96B9D95659B566493347A12075CCD2E3226162362ECB888A743DA2AFD4B4EE8A5B8D7A55066733C43ABB52B1D9B9F7
311
A48F8AA1F4E4C842E85453963ABAE496ECE2FEA219E4F8C6EDD6FFFF0134AE00C8F8F79DCBDF9308F561F1822A0E3A404BB09334E0E272E73BA4C4337D7D9DB047042036FE2E79C1717C00F5F00DE3EEDD40344CD2AA47E18932016832191E939332DE1C9AEFF16448674440F7EA86BB49B3570AD9340D145A634E9FD5A6C6
311
95A6411763E3E678C6E5AA45030C517B183DB0187E914F580DAFEA2F870B4129E26C75770D3A634C47C88CC384FDA5983F5F0C4A16A689999593B88092D300848FAFEFE6C4E800BE6331076F4D358453A2504E6776B716DDADA979047A1EF6FD496CC1FCD909FEE25F901DBC48182404427F6CE700FA4433F8EFBFA7552AE4
311
45B084B3284B1C220CB4F3DC58FE79E666400C8ECF4DB5EDDDBB21DFBD331D0EEB90A5BDCCF101E58AE0A7909F018C828E65F875640FDCAA9E89F42B66FC982BD2E200D2C35AE28204D4EF8AB70E809D32E26DC819C38C0016522946494BDABDDE44D25F2C06A409E6ADDC0303627086CA28305D2C46A3FEE9FBE58C45B6D2
311
F636F4ACDD0EBBD6C8C2A3C82127E069525C4DA1C5752E57A94971A4BA9B0722E1FDAD598AE65612A1879D60A2BFFDEDB77FF301FF052E4E22880FECFCFE0579EF4CBB80412E5E142742A31090403C35ADF319CA013EE76911411D2061EEE30ADC90EEDC0F06203808B230AC38006D2B48B67D00CE4A0EDE94118E7AC9053D
311
9A17B64C93CC01B4C42CC4FC2686FFED76CEC927D9E7E52E372E232A3330A540FB375C19BF68E5785792D484512DE2EB7710287C808971417BCBEBE1706473335F26A94E902C541AEC51C078296353134CDB583D36976CA21AC41539004ABA9B9D8C912D32976DEE58626C729903E0040EE0097FF52B1A0387989B821B4810
311
00F9E2B9FAC6CF1C3AF33DF818C00007719613C0F497DB5F8C43A14547400C543158393EB5C001180214F687FD7EA252C5CD043434774E1E97EC8EE730D06891F7E9A571E207F6CE660B72BA3F06E647DF145478A0C3E992DCAD1D5D6E1A03B080199FB1FB45DE806727834EE6BA6ABA3F72FD60FF7579D63C10A147AA1A51
311
0E80EE40B028CA220A868C6E86AACF01367170E0482480B4C118A8492EBAC9857B8143D0EE887873FC5FE6466FCFDEBE775684410EA01105FE85CE100780A92F3308D45E6F6F6F9F2113E4BD9FC514CE9E45741217407768B9BD1DBC74E624820A6784A0CE7148323BDFB41A220A04C3514D2333A3956130D14B6BCC5381E1
311
60622E520F46ED7AF82E8E0BBE54F5D6683A3D9A66F87F809C195FD90DABB547E930DBC5E85B92EE30231E4685515C521A888749A71CF55A2C141072283568D1E4909A0139CA4F4F4BC16C5197FA25AB376A446A9C99C561B3652AF40ED58A6ECD20C1E1D9DF772773309520E25B5AA4646EDF1A6A453C62F636123240627F
311
F301BF02137BB3138E1877FD0569009F550AC293173187195CE2C9BF7F93B40864E8649F280B3900BAA46FC0A13F343E4C73F0DE0DFD3E73634146F34A5109428A2657C8CCAD4C4E6383AA5DF6E76B656F62052F51D55C2DD55BB70AC12A06ED723A8D26BBD549F1600F999BCC36433852D223544F32360DC20CBEA047CD79
311
7C51A9500816AA2E138D114D89477DB2BFCC1868B9E4F7EBE9985F55397AAFB85F4C888425B2475DCBEB45DA6A8944324E42E074585288AA947412C150CA8A88CE12E312C207E204453AF0A77FFC474423C8033A5FB47712F3B101A200B058273E1033A055F04BF473DE1CE7F997999911D411D132E616B4B5B56DDFD0EF4C
311
036440C4F5EB787ED8AE720F8C1D0E1E0604B8B651DE4400AE389DD0FD26B800417FB020096D09EAD50C744A27E09E49D1143B91CFABAB19E608E09891E832546A32E5E05A78038160B5EA425382726920A43319952F168B3520B840218D7C0EA153CF97BD4C9AD0493072496F5827E4D00FDFB79A6C906F41D63B1C1649DD
311
DFCDF52CCD2F313BBEFDFDB7DFFE966F8D2BF0AB3FFEE37FFDFA2C14310E002A547D8D03E8C4DBBF89032015BC789C84F81FDEC5F7CDCCD401C58E23B32242C1F1F35C8AA985BDED56FBF466ADA8E3028DB2ECEB1D24F50CC59952656AD7ED89D3BB7D5E2CAFEFE713EB14CCF4016BB560D0281104651B37DEADF442EB143C
311
1A9D0BB492802112F1C85135037150B18A88DE134DE4038142A445716732850850934DD1F2D1009D88A8F875635DD73CBA5FF292872B25A9415AD71309B4282AD6A4C75AC1AB2ADD031D4A56B2E716933DF3A9A5DB5B4B6BDFE3033002E1041B8D8137901212CC80CE8B9D2F56A97BA906E80750FB886478BC93073EDE0934
311
D8B7FC779CCC380432AA65EAA2F37446BE19F1303011ACF9BD76238A5C53BFA36200F7DB3D7E2365651EC464879DB44F705613EB46363D1DD4A34155661E5610D788163E286C76F2035DCBE0D954D90220A2A96647C60C3ECEADB5EB2BF96A502F395221B0344DE5AFAC68DE6C20305DCD1B8152C4B032256D2F87F58C873C
311
887C20A1E7250E32427D9153A1658B6174A5A33B1290F6730480D03C16B0F6FDB73C3F5B5BC50D10130388486001DFBF387BB1AFBEDADEBEDCC9ABA618ECC30878F33C2EE352676696DBFBDAF9A54EA200E334C767E80DB6ED6CB77AEF33335264441F9083466D4C82E1481D60D39A80A54D664A01EFFEFE7EAE5C84061328
311
1502E94850813C93316A254226BC71C63DC9FF3800FA194CB855887F50486C36A621D7CDEACA4A3E1CCC1B4668964B635442D0CEA4A2371BAC65CBE562164F21522CBDE8A7B5683245CBB48F11D15223B08BED49FA119A63C0E942BF27ABA9BBB9D99ED9504AF800AEC0AF7EFBEDDFF2000E804EF8995F9FB9C8932F8B28C0
311
43CE1CE7022C63009402F4CA8EFF929981177D7D9358C50CAA0A67C41CFD597CC0DEF617D6699EBF582EF3F5815D3924CDCE309C467B50B56EC5533432CAC97584CDC26AD21B28C0D81BA5E86774DACAFBB4DBE909650DBF9115C9AC2109D6708454470132B4C1194BEC2FEEAEACAC70C7B552089B0A54EDEB36AD140D3307
311
1A1613F169CBFEFA0AE9A25E8E66FC648DD17C9861695DA70BE8F198D6B943588089A90A240DD4FDC578FC760866BDB0000EE0577F0B831CC02FD151F9477C004FDCF798BA5F20E0FC5C1483172FCEBCE8446AF8F8F165A2007C31810D8EE302E014530B4CAD3DB4530B14F982FCCC3E81D044FCF690BA9FA330B35B73719A
311
63C5BC757F1FA3B4EA6441B214C916407F68011620FFA99840AD589633765DD2FC6161089AE6AFC47DBC4F5B465FDFCF25132B2BB87BCD17323102EDB7BA0D8D30180807A46859D722955CA2ECD7BD2BFCF7219D6703451C896004CA8085221901864690093EA92C257677E946BA6F2320F1B871057EF5EDFF5E815F63E5BF
311
7EE3E28B3A6E6F758C99093EE8A674CE90FB5FE42866680B1E9F2148B45FE357E78641CD8F8F6304932022244277EEE757F284303FB864C37B5977179982D7928B20827A34ACEEA27E04C427D518A1D4B48086EC23512048E14F221F15155058AF49065F7E547389175A2042F80C6D7DDD6A5D799990A8B34118147F45B327
311
ED25FF2662004192C170C0E24BAC4465BD1C8E46F35A2923658365A6AA088DFE8825944BF6405783B3D27FBD99F491037087E667976653B737FEE5DB9FF180464D085DFAD754FD68E82CB7331BB53C47D1D707348AB5530A7015C63B6784BCE2D91733402282352DAA62A2C0C9E38224D46ADCBD73FFF9735061FC3F344DC3
311
B084DCBB5BC41F7D3D474197085B93A879D0002B644B7CF306B2FE80C3E772E5835E908C5206668814B0E2204A5251F7464B52D8EBF7F991C5313C8C442713095D327CDD743F4A72C6C7F47CA5B8090215966A3A9D168B751DA759C6F345212A4AC6A6173E3D8E10DB58841B4F5D66868AF5693359327980DB0A22C81518FB
311
7F8881BFF89654B8E1047FFFFB5F5F040279EFCDE517CB3044FA28FC67787C1C0157E02C53729D28C8FCF2CCF88B3ECAA4B354443CBB501F25158622F2857CF7C3CD95E7E51A4A861DCCF51B86AD2BB9CBD09CCC04AD2868CB7E772E99A18E85135D182DF861B76499130E170D48F01EA881B291D5A2812A16AC87BD1A930D
311
65BF5C0127A3984FACEFBF4C940B958AD2C5FC8868F224FD19A99C0F04F104AAE617B1920C389CA4650C86825124B0186FDE4BA776714BCCB3430BEA754C40CC8BAE2FEEBBCD64C2ADB30F1FFFCBB77C1A57001B4049E7D767A187BC79F6C58BCEEFDFEB3CDF878C2CF75F1C0119E1F177390021A438539F2107C2354E5E9B
311
B9C8D38B2BD0B6F1E48676E7C3FBC876456D0CED3731FB56A1EDAF9AADE40154331E7B92A7B447039A9184121D1985E42807D0F830A472D5EB37DBA989448AECAF65BDAE40B998CF10E1F351B93FB48EB6867F7D777D1F9C01191AA096016A297B3263C7E70778FAA8177551F833A0BE86AE4F67552F7910FA710C16EA202B
311
A463BC0543F3987CBD8E0E5FC40B20E4DEC501CCCE3E0415FFF6B7A21AFCF90ABCF7FBDF6301282BB6BF8021DF7E7E86640750485C018EE1227828EC5904F5447EC4C1703EE72FA239D60044F001E2005E3E0F072AF460DCA20A76237502C5CBF0E69286C61829597E6D463EC80000200049444154269DF5C3D90609AA15A4
311
5D5C9A92ADEA35412F862D9EC134FCE45252002278265C2C6EEA72C4940064F5ABBB5433B4D6CD4EA547F06DC0D8818EE09579BD9A4EC92C1BEBEB2E23E2E75F0CD027C300F2C82731C88F5FE959A43D26442C6099343BA320625BBB8BE868A1A4F6F82FE2FDFF7C00E4012022A4016FE004C515586E1F1F1FEFEBBBF8FD49
311
AA6166850E9DEFEB9BF9FB77A982FAF086F8C7CEF1F3FCE3F8797CA5680F3F4C7FFEE1FDE7C42ADE98412FD0B05B177376B7C96D45D694AB0C5418C52791BA8085E9BB24CC5B0930FC6C3590AD1976C3A99422994C29E00D82FC49BA5A094F6FE6F38588755D92D50CAD4192FA26126CF01EC046F01E28C360A23A75834A4B
311
D5B0260C0D9D903083B1B291D8A4EC58D7F3589ECB830C15076137352B727387432BE7B6A0EB75090BB8BDFD2792805F910835AAC16F21CC0B8614DA9A80C267FA78FD1C00775C7801DE38B448D118A736E4005090001DEE23188EBF7B68BCAD6D071D99CFBFC60730CD06A6415F57B3554880CC8441C0003F333351FCBFDD
311
1328D682E97472D70827182BA6C68B46AB35E6897C952C6C5EF400C3D0A5F9935A38B85994901349D864C29F9D7CC64392EB8383CF2C165140351981E9B0BE190614F08B7C576228D25F0DC21BB4FB3917B8B440F451B9329B036E80AEE76C519A07F94F2477992D9D5F241B5C7ACC152011FA5B1EC001FC1E9AD81BFF7072
311
B9BD13B179D23D1001AEC045A2C08BE58B2727DB271B4A7A6806CC304832D33E4EF30439298C421C40CBE77718665B0973936507FF25CC2017C785DBF524A09C78839ABA4E7C9382A312188FD5BA9844F6CE9FCD64F9C50CE419EE811CC6FF19FE088F4CB4D703687F91CD464008300A108F92855958C5498ACD58865CBB5F
311
CCD76096E4F30123490E1DA0D356ADFA556B321CA50E20A9522348C741B0882343628A20AD8F4ED7FAD2FEA2BBA7E736627A8FFF880F1499A0F001C889FD170780095C040E58A62D523F3F3ED32EDA229DCB0211F8A5F0FBCCCB9FEDEB6BC737009AF23B9D5087E917B47DF7A4D575F7C33BCF21F1A7C142C440B7DDE35EB4
311
323AC5ED079BC224B488BAB229656B24C10423D58EBC889426E8C112CF386D627C5CD1D4BC4E418B5940929118458EF1E7223E239C2FAF9455ADCA884997078D1EB4594000CB35EA613F8960DE4F7AE5F76703FEC07410143957CEEB09AF9ECF33251D9AB5235E6215C4FD832313966A34B1B54BC36669B6B5E7C636798038
311
819FAF00AB67FF118D7D31382D9CDE5984F3B802DCF5199E126CE478DFF0D939E6653A2906DB3B290A1BBF3AD30773803CE0C90D173E0006AF37825E5DBF033800381BAC47B5F22EB040BB379AD5F346252DC1F054B345552AFA25CD2521FE44D49753764C4026F9216D65C499BB4C5808C60AF644865E633E9C4F24A3D992
311
C68CA589C24AA8F378C81DC3D11A74C1CD60A042DAC351A29554A0032192069444F33A86E7DE623C9FE174B3D9F5E960B7255DD573D62E93D0D4454C5058009F0624466784CD05174FBE870F6817E9EF59EEBFF8412EDC3EDEC739C0109921F33DDB3ED7BE3C73718EFB016E86B8DAC9F338C1275F583EFF7073F3E54AB454
311
A0B2A1AFE70931436EB2560CBF17852493EACD6A8984355CC806462523384D30C4FB5B7C003BE52469BF02FAD544C05C4F7AFCFE42763A1821CD6DC958AD92DC52C8073713C95A50CA3249D5848371A3B96568B55AC09F0503B84FED905BCF549938C86683792BE1AF481E2C8A4AD049D1326770C599721E4483395D052A52
311
BA666717DD371E3EFE53E3F9FFE603B080DF83819307F0F49D8868D0F824E0E30096EB33CBB4C3A047CC3022828BE87B2CBA065840FBF25944F7C7171015FDA6494481972B127C4E1A83346573BBEB76396E8F4286F59B688E4BC6FAFEBABF2055D385451D0B0848AAE67269144954CDF3B0E2ACE477098ECA1F205604C9F1
311
E9FDE2DDC9DE107F59D1CB81A820C37A509EAC18092FA55311BD0AAF7773335AF07305020172E8E034CABA7AB9ECA53008EBA564251502468538D4DDE51B1C198C04A2FBBB2ABC3CF0901B0F5F8844E87FAB416101172F5E04125A161820C20028C9D109E434DAC9824FBE33777E7C0E1780E7EF7B317311C8689C94100B38
311
7B5EA8AA7EC1013C5F41DB45F64714BA7A1A787C8EFF92AC6A65D546770AEE48723FC157399ACEE696123AE335AA1C8B007927DC6A9359C88553EE31D0A16101C140B556D6B39A09753C08855210BF0EBF0E3D25D005734565BD8254AAE549FB32D16251433FC7EA510BD266F0164ACABC7AC2A0375CAE9472CA3CC622DC8B
311
C3827693A35F92A8AC42424BB1A7F5DE8B3F0A17D0A806851B001606027EEF8D431781C0CE9C99A9D30421E3C1F6290005204071005F9EF837F30207D057A754E8EB9CC336DAB8020FE58605D0A7CA82DA5386365943242C307E51F382274A79EE4FEEEB852AD395DAEEEDADFCDD5BC192ABC948F2F5263DD09E54666E138C
311
435215D3F0015ECDEB52C4BE9FB0A1391329D0EFC565304F4DC305FE1077C5307874A354AC92EF49147E369F2548F38CDC601D2CCC9AC09FE6ED565B288E5741B29139ED6646AAD352625F359B667B6EF7F43CE4001A71F06727F81507C0158027427013CDA1767AC1BCF0E519BA846043944673C3C3C2FD4FB6AFCECCCC71
311
05FAE0D18CBF333E33B580A05EE3003054A2156C375B5CF4E478F1F054742F63A180B6D2FAE20A8F3D5DF527728B3AF811F35119B59C4C0A528966F7AAB5BC9728E0D72486A7B2E29D5B6CEB2F710F9027A2460627CF6A0D0A011483449B49F1868BD9A84414CD50701223995DAF525C7B85B8845AA6692C194422771C5146
311
10676648069C5A952B800F71DF5E0A2DDD16070024F4DB035F7DF58BAFB000E104D934F3265160F9CC1BC8C3D00B161780D78D80D0781F3700C580196E3F58417B5F7D8E9AA8B38FB941E103BEE8BF8B0F480008195913B44071A56D8A47E6D913492EB8E6CF4AC68A8ED0CA2D004123B972173FD7A499D47294AAD5C2E49C
311
F8333A07A04681CEFD12EF1CA650325FE9B644BAA1164A0F22BE0E47BF6C8604664B82F91AFEFC740D44F00E4812719188825FA53E24FE9713E04F6062B446688CF5981B4441056DAD6C3A9ADB0DD94C0C0B841897E00AF0FC1C0017E0ABAFFEF2FBFF425996C139311CF7DE7B672749861B0E91F74F508014B8C0123E5433
311
FA264904FADAC501703A0B2767A690CDFF830521A1E7643A481DB939755AD2394862F87FA34C87D890EE064AD1B2912159ABF2B585C300480172837039185433E8C502FBF9C3C0BABA140D14D181A52B58527C5698329616EA8760209D36B4FEEB0E6E331D0F83069C5FDFAC4AD9C06631230939536E4E980B866DE8EB4918
311
82093D030E147227531D36FB7C8FE268FEA8973342DF03A9DA597C40E30AFC7C005F898FE88C7C4F3578E80CC510E37204B9E3E36F82102FF3C297CF4EB26160F81D5AE333331CC0A199F6BA2808D050193F5F6FDBFBEE0B3B16B0F95CF75B4A1031AD8C292D5A11936211847785DCC60817BD6A107716C85683E2CE868377
311
8355703DDA00E19CA98546089460EA385595F20152848897CC100D202FF92FD4B94030F660144E80A5C9902B708AFC19C483F3CC986951C0F8CC3AB28532049D408D02D1EB5D210A524180CD59E38BA6AE26E08059A48D9B9552B100E16A60BE154555A280F0000D0B681CC09FDEE00ABC476740401E67DFBB58EF0304040B
311
3B23722134B4E6E68611127B8720D0D737878FACCF9C24619899233EA025F58D7AF773AE804E78F2DA67A9C00414EA8ECBBC485D67D40D691DE4FF6392911DBD15CC43A8E40A14997B33FC5166E2A143DAD4B0A8E3FC201DA2CAA302306C1A3D450BDB610A9CC0A8CBA8C4B90919E83324CE12360E1DA564441105C17D960D
311
C6AEF255F8379975A8A5A499B4CD9C51AB7B7111D281D50E256240819E15404E4609856E3339B92D7C80E88DE103C47740C137CFBEF906B4A017D83C7900B3B330C545401CA7234E5A3837FCCEF830B1608ED8D85E5FEDA332A6303CF90E89D0CE17F003EE3C67F303EF111135180A5C3C46A5BC2EA80D4C4FE55041CB4BA2
311
BB33FAF9DD95A4549DBECB889960BED7BC360BAC22E22013F6012923C2BB57F0C50C9725B38F0A018D7060D416B0364BEF842CC75A4A822255C6D1191A7F6C45CF57ACEB8482405E0F56C37EAFC0D551F3D1C3599F6C0D6D59BBF0CBA92E07C38CE088C459BB2FBEB5343B4F63E88FBF108D2171007C3EFBE31BBF475A57CC
311
4E0B3AC019EA1C4880FF404BE862DFDC4CFB45A2A090D617E9A04882E656814DFB3A29074F8EB72DECED7C11BBFBE1879BA4BD716FC09EDB050271E7CC30555458FB5E50BAFDFD7238E0CF70498377035EFAA3D3B7AAD56840CA92BF69DDBD3ECC3A41EE97C78C83410DD271462BCA25FB3E0092E2924AB1822513AF68ECD2
311
EA4620C5559185B3A31BA8018094015DF67530A440B85A80A101142612C1F2A66438ADA16445A13FD90394008BBC76376C586D955068698BC6102C4171037E7BE0331EFFABAFFEF8DEAF4F76E20110CB69BFD877065F0717FCE2C5717A83A43CA403730BAC5779B76F4E3C382EF231794027E8D8715455F7766E64EF22ACCB
311
D9F37070C2AD49B200131A8F7A452FD2BF9676F713D3B5A82B3DCACBE413D0688F52EF49161072FF20D4387B2211A5CFC72740DAC3FBD7F38192CDAD6AA47111F033185EA0E58E6E46823FF5C936BFDFAA4625A3E42F27A2E10CB27528B8E44114A57C542D134A9827C84B8C6A2C261408161A6CC4E6915ECD9F967256F81B
311
B9AD50CF6D64A41A64F15F1CE0F1F9C101CCF4C1893944BD273892F549810630302DC09F6574E5FB16AEBDFB4BF2012280B80663A277D63E3977F27CDB337C408BA806D17AB5027C86F6DDCCF2DBCD66158B04EF2E866B89E72B652A9F74BA9A4E23B513488F12EC2450DB6ACDEE375B9A6090940D6F460FC85A111F01382C
311
25308764A34D88E8082A53B6128361BE09072A5B540E7E8F971E006AA9EBE16278FFE58A6AC01CE564A378877093CE7F5622CFB0E67659A7603475A3B5D4312107AAE19CD5D69D8CB36D8DBEC86F6109F2C1023EC302BE7AEFD7873A2FBE07004CE64F876072ACFD2CFD708A6144124456707EF21AEB35FE8EFC8FA6095140
311
94855C86063FE0C937964639BC5272E7A04553B11B34C7ADB570344BF7221A2C169FAFC0E60A80868CF2EAEDD9F4ADBB4194AEE907046C51749F207E820B403089468BD1B088F2A0DC00DB898CA5E092AA0F0A13BEC8413C406FAFAD1B9E1D13B62457243CE2E08A68A9AE902AC39B83A867476722AB7B691B543CDD0C6C21
311
D90B55AAB94B99F5F517F82B0D87D94E1E348F131430809819E2F1C537B2609010580FF8FCE533673075B4945836D12912FEB338026684AEBD4B0CC0F68905ABF54ECAC23EE6E9498577EE810ADF0116F75B93643EA030B9750633440218CEA3F9034EBF42CF232F8D1E0CC2751216F0B9A03518D7B305A7E468F1C16F0108
311
57755220DCBBC0468AF7E980349A4446B6563026060B2E59EA1D544CDD42AE5CCECA7E480154100061E15D10707F80188B05104B047322FC3CCFCC0A9C75C4E8852893B3AB673E4B85857E6DDC1AE2F370FB2F5FFD8A14E82B7105C4E72BB4C5E9831C7F932C8F007F465064E895110D887F02019A393F87A27EFB1C251087
311
B25A9FE414DADBAF1D9A9BDCFBEEBB7B0ADAD2CF9FAF08983287625208228687E7977891881A87132F69E633E2302A05D268BCDF4ADFBA552D15FC4038B14A89B7EB250C02FF10CDA2B5B05F2E79BD45824606BA37D4702D5B156BB21C86DC2B0611BA5123074793D47802608087D5693AFB4BD512B566901C0A1282EE2D6F
311
86491961A031AF272B2C6E1A987546B2BABE95417BD47D3BB4240EA0F1FC5F352CE0B3CF7EC5AC8460068AB6D7F8F2C937818300FDF907D92EE9CF71510B9009921963049D33AB2402B44927CFFF72666A6A875A006965CA618A212FF47F785A8C0A28D128E5BEBF181CCDAFEF27285E824C7A8D52B1A5C501C0F3D446D3D5
311
5B1AF3212DD10A5D51970911E852A018C868F6E2FD3C10B29B0E69AF6C440B82E428065FB1FF8179931B828C0C314E30A3CADE30C3E4BA91C18512E7C3010D4489CB8186B6D96577C312B5264DDC80E6664B4CAA2572369FDD445B84153B1C8030017105DE7F1F27F01E137217DF63448CE62F8DF2F3ED423DF90C463ECCFE
311
4D7C1FB5107B2757B17F8080F6FAE37A3B65E2DC0CD3E36D3B3BDF18D39FDF59E1A247E1B4582B30D4B7A0F8F032A264B7F96080575405C6BD154CDFC209C010A9DEA26EA1F2AD46457643F6C0DBD74050A9FA2809F9D0F8096680D35C0E392BD602F42232865202126BE654325C8E2A7481B833D13C4E8059EA15447DFD84
311
42AE4DE3F9811C1057B56ED198636EE453678A3D3EB151AA612436AC4B0F5B7FB60011FFC401F079FFB3EFDF3CD4877E161640AD73F18D993A6F1EF4B36F72120D4191FF0876FCBB75E104680FD6C7B085E5557E892261E8BB6F9C592CE039F197463D8ADA1C3B185F711AE11E7F3E50CD26CAE01581E9BB308338007EC482
311
B7B295482490AEF2651B4ACDF0EA64CCC0DC68FED5E44C867F912C675D456F4DD36212F3E0060BC35221E62FE6653B09834CCD4FD825155E51F75F9655AA904C245B14EF3E0AB4AAAF0892EAEC16F9187C493180DFAB6423D9C416FA9CA1252822F445F0FCD4815F1D78BFF1F94CF8000881EFC2023ADB7E86351B6040AC9D
311
ABF74DB24A63668E54982B704D587E7BFD6CFB2A0C025C00B5C0CC023BE3EE399191790E2ACA7802A45FC81EE4034611D8126E4B2D5BF2E683E97091553411F6D1F021694DA31F910E30309D0986333491B59287E40E3CB898677C3A1A36D49237C4E030CCD04856EE8D695AAFB3D5D931800E983DCAF88CD71B8512502BD7
311
56565E8282D32FA2EF90AD457502A19A2CAFC0D9352145E8767B0549B27BA0CB636429C9E31E35747BE96F16D00880C202B8039FFDE50DF00E66411088A3183803550E1EC89B3884C939E452FA8627E758BCF18E80CBA14FD457A7A0517105CE0F8B28209C20C3C32F5FB2D18611870CBC06AEA7BC5996F279294A002C130B
311
75E916F6CF773E912A93B26808882A5E95886590DE0362899C4DDB9CCE46234D1C9EEC3372DE68E4BA54235E5A06C96C956EF4749A079AC0BF0C0F291799021E9F0300786D8AAA12075AACE5C3514808B044A0C66D6D312767B7192370B2E77DFE7026B168658A608B4D730FB77F148FCFDD1716F0D985F73F63E920C42756
311
6D8AEAA7F34CDFEA24951EA7312904D41A55E0C2D37787057F6EF585B0803A67D137357C7E61AAEDC9CE37A651D11B7B29F0F864B262B7014B69D1CD3231C09F67B82F8FF036A2A3B7EE62047C03A08FA55B0C83115A74538C8447EC44A3C44D5014E7F36CC2908D3CC5C1BADBABBA1C1214978CA3BFA0385018EFEEE8866C
311
2F15CB5628843891E932F52FFF55CD8C7B8F54AB01C35B160C196FC28496F4E2AC09798294B9B9D799EA92D9CBB1BFB56FB50286CCDF7E38F6A3787C7E34AEC0850BEFB36B0BC48B03C0C70305F1E46C94C1F9CF4C420BA64F84052C2025CCF3E304FBDA1F37EE407DEE9DB936018ABA6ED11979B9B252F6AF8B34C0F086A3
311
7699948E0D27E16C342A6EAB3E3D7A4B7C461F54D9FBF70039214CBD54A8CAD000547F0E098D8CAE4A009BB58866892608663C1B7CA10AF491C847BD9AE270B676350FA43ACC4DB56051CA500EF2771659B1C4808C42FD98A1EF9CF503890A493B356973C677B7105611B4D3A6910EB395E602BD51C33ABB75BBB5F5E19A38
311
00F13970E1FD633CFF677FF9F59B7D0CCA9D3F7E96F28F0000EC3D7E1E2468B27DF8DAF8797CE1242322C36480ED8F5F2CD7F94C92074C910A0FED7DF7E49B017CC0E6CB44B4EC67F31F68854A5A6365C4BB588E6E666BB5F066195ED4F4DD5BE20C46D325C0E3078C8340198E056B990A27A67A031279838DEA311A55E468
311
5EC533E053FBFBE991589A00834C68A9288F5A536E5394780FEFCAEED7C22B2419F49E5413F8017CB15149D2E1A4AA761C8162466517453B3BCBF54CCDE8CD95E5C4EE560E86114D01962CFDEF01F0F87C8EFDE5D0A1BE8B8C88D21022C5E9840A3409317E7C7CAA3EBEF00EC63E35D7F6ECE9F054FB58BDFE62B96F6A7595
311
13EA9B8445001EF2DD37DDB7A8065F7AE9DBD3DC30F7D0DE01E92FE78342612C28B83CD5A04425C801F08D5B90CDD224D682413CA5A87C2523A74F933656348EA928413181FC8A9E8CEE75F48BAE99DA33E873C86CCCEE1AE9A2D1180ED6B83B326EB05C8C06CA49A8667E1A43808201422FA0209D52BFEC8E8716DDC84C79
311
7A189F9C55DC7A063152B7A712822A7EFB5EFD2FEF8BF7FFFEFB078E1D3B768143F8914E3725F0BBC7E1C709C49F2B3E79E8FCF8E4649D0CE89DBEA97ADBD4C2B5051E7B72757579B24D78C2F6D53AF2CAF8C09D6F06B902F757989861C8659D3911789A462DF172B3C650758CFA4C6758081FD0B802C441E103D04B80FCC9
311
9058C51501DA9702F0274AB21DD854B358FC222788E7542F5A4AF4348DC50E0BDB5B4606465A9B5299BC562DD23FD04087C39BDE245E476734D38F4AD728B03041003CC91B465805B91864ADD97D84C0CAE2E24B74F8764D151F51A0E7F6BD552C00EFC7015CE004F8FC8503800BF1EEF9F6176442A4439353980232417843
311
C0D0C9B1B63A9BF526EBF5B9D5179D3353F5558E6075B58DD660DB777BDFF406C1C551759054184BBA66A7E5A597E17615218FB9D41512FCAAE85D346E0063A305A91F5949293B9A4DC3EDF64DC0050EC31CF4133BF3F76B680F49747DF5040B1A10C0013A9380C3613820207CA3550161853C6D840DE435F245BA202BE4F8
311
1A4A7D00E8529500083996888AA008B2715096CDF38CDB415ADB4F049371B34BEE6A2C9BAC93FBBC7F81088005BCCAF7577F3CFECB71D413AFF1AC3C7727C8BFA88839868D497241AEC014E8E7020730091AC4798CD5575757C786CF5F5B78B6B7F3CD40000909D67A6548CCE95D32CB0576BD52A4CB9FAF61CEC5FBD38580
311
7E8B6278B480A468C41FF1053880D1C06875DA883A7CE4B03439B17592A169AFC604A56E0011AF7B451E40DFDCD7814A8A4BC8D3B47628763882BA463FD4A3115FA5F2CB97A000118BCD952D907978BDEB397859682A9BAD682780CC9A7AE695D9AD457F62A5B8BECEFAAEA5250666B6577F7C5F3CFF850BE2005E7DF5C285
311
BF9C791312C8F177DEE95B9D3BBB7CA8B38E0F9824D31D1B9BC20BCE4C4E8D7100D7E80A0816E5E4DCD8EA541D2BA0486C5B802E2E8F8A0328D3D9D673399D0115206EBFB70877B05803AADFDC0C4A85709EF9E7581A090D09743FF2C062B096633A00BBD4E60FAA45D417FCE000F93C51D0A2E9D630409AE4853C62B8B246
311
07B2C28EE6E6EE915667B327230186008269599C809A78F97CC50808418A18A888572FB37383710B21C5B8150217EEA11162EBD9DA55F5447E1FD522F796A8051A07C0FB7FFFC281DF7100177E77ECC737DF1C5E9E8109315707F04739707C6E182C646C6C7592BB8F3DD4A7DA98139B138FDD3737892F5C5D7D4C4D482244
311
1470E004EFAFA8603DA48264A11EBAB31A834EC01BBACC4B5921C9D5D98AA0B8620FAE8F66AF83D1A7157B0D25F1AC11B7C20EA4291CB5976B518D5E171262CCB88699B5F4F0A05EC9C2C039D25207E96E7590085066C2C9D56B80A7302A74BB60443145E567201B5A81201FC0CBB2F75853F1D938C2CCA19EF92D5B8A9C48
311
D5C3FB8B157B488441E000F1F61B57E0C26BAF1E7E9503388344ECC943D7CE4F4EE1003B27C981010279F158C002179D1358689B23FDE527A441C207F0AD6D7CA13EB5F7E49E535840A25800CDB0E6207358CB40FCE5727E5310790CDA82DC66004CD88191070CBEA55B989922A12949F4810CFE1CAC18F061526123180840
311
35E57ED7C42D52297BD913E1426FAC771035FDE64104020C5EBCB71CAE094884EE2BEC34DD0EFFA844F3DDCFF0941B0856B1F700C92C994D036EF756EB52C5BCB5B8AEABC504E339B4066FB7DE5E7BF1D9850BAF8A0CE00017E0D5D3A78FFD789622488CC2CCD501FDC6199427CCE109DAA6EA736DA8060E6102539C802012
311
F3FC63631B6B1C06503133433BF7942A44C19530C3A35442765BC82A401AF63BC120A74C29C39466700505B40082C8DC81EBD7D9A12B7B218B19F94D8CC5EF8DD3CE11D42E7B14452172BF28D21114837A46B0A825C9152F380E7ED4DCDCD5EDEB36543F25D78A5A2300784920122F1376355265AE70141917414A4E32B1E5
311
5E34BB974C4C6CB9115933C79766ADA0047C154A179970EB6D2C80E887091C3BF0EAE9D73882DFFD888A222810257FDF182D419E746C660A3730440AD43635B9505FA5F09DC3E611937E4135B8F67875B28E7F1C9E12FBE694A2C80356A603256695F13B4428C65A01153CEAC38A9BD0386A916860A58CACBCE10DE6898564
311
0155F93AB2BFD0D7A0451020126AD80A9F30994B028A31036098193191E976683800419F810C9953FB279A0747C88415134C0A983020E964C12BDE2884088610506088906C946193D02630DBD01CA02B30CBE024AD4048518054DE32E384D681A5A51148728D0338F6FEABEF1F788DCFEF5E3DFDE3B200838E5F9B03ED01F7
311
EE9B3C49153083F79F24099E9AE4EE4FF253823F26200EA0E104EA0B73931CC077DF28C1AF3FDCCC87B582D1948B5B9DA055B8637593951EC54001D6237D8FB89D40885C12F5F07489E0D6D444B224838167A2A6700236E82EAD5C55C60D184E3A407EBB1607204274DE22A406EC39C7F5C111269F9081E170936EE020D2FE
311
955A94DD32B0104B20668142915981A4D8426D67D38469776917B5ED9EADDBA9C5AD90890C75653FEE8BCF2ECEB62EDD7EF2E27D3C3FE1FFD503BFE300AE1C3EFCE3F2A1BE175C8161221DB5FEF824EF7FEE3CCF3DD6C67B6E38BFA9394A012AC1FA8BC7F58D0DBCE36ADFD40CBD416A814A100BC0C94152B2EEA21F047D9D
311
66DFF4FDE94DE6841876E634E272F01632618542FA41B5211BD71B6102CE1C35F412C13397C8D99927802D4EE2431B87841E6E981D7168966748D260BF9D0D8DC481471D2EC192F2C08216465236C401E0753552C34230C88603882954A4066AC68B4BBCFE1E2851E6C5AD2ECC0BA26C1C17709B52802BD0C87EB0FD8605BC
311
76FAB51FCF8E9FADD3035BE0AED74906E6C801DB66388D7A1B06305E9F5A1B9B9A1CE67044398001ECACE10B26B1803A1670AF4214B893CF974465CF8802341EF89EDE4D1A40489DE0FF57F210068085C51E2C3EE81C2BBDC843E02E0D6B5290CA4502CF264D189090C847BA50D2B40BA9CD067B265ACBB2372ADBCFBADA66
311
C70093C0D043EDC91C8DB81A1CC2E7E44B5C1229C3505511241908C46ACAF1A4A62D2871F0C4DCA9D6D9A5909B06CD0ABF1CA72DC27A897B2FDEBF6CF6CE9D00002000494441542012A0DF9D3EF0F6E1C3A74FBFF6DAB1E5E171FAA0730B938439321D2EFBDC240501B63E89F39BAAAF6100E2D98901B8097CE0CF917172A1
311
EDBBEF1E820A7F88B04B01F7C47BF4E4BCCC7C6BEAE6E67D66CA696481162EEE26BDE0FD20C20F3800B609567C950C85A0A1B22A0C97E1F59AB06CA642FAD9ABD4CAE83523D7A0649C10FF122B7633000883BDBD4A935BFC592439F0EA4C4918D6300E16DD00BFE4821E2068E6EE9CD5E39EF54050D9729BBBA0292CA5E886
311
F6C09A58A16C4CB9515048710058FF050CE0D503873980C36F1F3EB67C1E287C18A1E4FA18A4C0BEA97650202CA15E1F6AC311B4B56D089368AF5315D4DB098E38C1767C2381724F0022220C165702B4DFA046A09801EBC503B479975922295A5BC927DD54A2E164321A1B8D451EB4A0EB09EF11512CB3D53A9B5AB433FC1B
311
65ECC3CD7C24E3941D2976119B5374FE79B7520D4C7022E67235D1DF43AA91138103823E6C548B96609624F7D775C6AF34D775A4065D2E9092A429856AA62935BBE49E152DAA149AEBEC99F44E7BD7A904BA42A1D6AEA5B5C78D04F0D5C3AF090B38FCCADBAF5D591E1F5F6D1F1F7E3AB5BAD178F6559C1E39FF587D680AB3
311
989A5BDDE06878EB93ABD8049AF264C26B536D4488B6BDA1ED117CC07DC159D4CBBBA815B03908E136AF388022093E3D6C1A782A8C3146FB1EA4D359D6EE99CC5D62CFA81975C350884BED258012F722CAA0A87A9CF36CED8B6A15CD31810BCC22BF85BFA02E422B04B009049D5CD92835A6D5D5F5A44D2DD13E6D89A51195
311
902BA219C2AAD62EEB6C57A867CBCC5FD7E1449E1D6E697E5FF486B7423718987971E1B5D75E7DF5F0E9D7B000BCE0EBAF1F7B41F2C34024F5CE063E606E9CF73D751EB75F1F9A64CD389910364F25D8CE6FBFA8AF8DADADD6A7C6A8060520B2D70883F7753A7FA0B1566F13D36E40E32AA5D074A30756D6B245B06B025DA6
311
5A4DB7A4791217D2F96C5948C5D5C590D5ED051462608AD47FB03FD23DD2AD7475F9101EA737D88F7C5EB680883CDA08AC62A2E9AFEA1AEE31CA18B24677CC94030F814A24A3BD8284018D371211D90A18D413727304B227D5DADDDC85A415744312A13872725D24423F5D38C6BD27056A58C0DBBF79FDCA0BAC7DF2FC3B44
311
81B17ADF79423ED5C0D4CCC61889D0B3050683C6D68439343EED936B8481767127C617688E0EDD4BAD1005C21080C2F840157AB8424ACA9B87C08DBC963F4FFD22060776BDC0562DFDB12CFB0F687D32E1DE93DB8DC761951A01D54E3D9C9D1874B898EFEAE800C9C49B31F25591E468E4A0C3C8360EC0AC7968208953CEA2
311
270164C4A6B264C21329948C410BA838B0A23DCE357123B14A31989AF7541034EBEE501CB00CF47526B57B16D156FF62FBA7D3575E3D7CE5CAE163070EFFE6EDDFBCFDF62B577E1268D7D9934401DCFD5CDBE4D01877A07D6C031FD0F88C111D3823AE3F68707D6C63A34E72B080B2A6F001F3DEFB1C00548EB01F5A16E3B2
311
7661F5628A8861D90A709FA1EF6E25C3F83C0D38EC3A666DB3F59892715622E4CC2017AA5F926C19386696418B21770C74B4A660B913E718AC2F4991DAA044D6A8453CA8E9501D08371865C582866C829DBF57444FB5A468A8B2B2A81510842991A59E457A804D298FA1CC3BBB3BCC9648B0A62751B580263A7FE3DEDA8FC7
311
4EBF7AFAD5578F5D39C0F3F379FBF04F8F89F033C3CF2877697C4E0DD7378630F1A9B18DA1FAF042DB021048BDFEF8719D1B4058D8E00AE024EA6DF406456BAC3B2B966D050B10BEA16DE2C1142D08F7577C5097A2DD09E36977BF8CD809B0054D62C420191017D216A86DCD86E234BCF9C0B112AF799037862C38A3441E68
311
F25AA960482EB6EF98FB9935574883482AA812408C999750992BCC09111534BD31920E0D2A708ADD3D6627DE7F9160488630D2CBCE7747AC1065FAC6D34362849CE6DA4FC78E9DBE72E5D5D3570EBCF59BDF1CE1FBDB3FFE34F6B8DE776DB84DD43F98FFE4D8140E9FF03FD4F66CF8DDB939EE7C1B8E8F1C80DE40C3096027
311
CF86E786442ADC0D45E4F90ACD9FA83537CB980E52D8AC9CC9E79F97197C90B334FA4AF6ADC5E422F435DA228CC5681DCA3CB682D45D7C119138BFC94B0A4C572B1271D000181868EE1831D35F80641861865AC8A9A8AC59B7CB66B8E6D01CA000F0A7457700F83369448D18EB2823F4CFA193F73861D5B34AC6CDDAA91403
311
263DF31DBD83136CE60EACECD3B36654E0C68D6F767EBA70E5D8B12B575E7BED8078FAB7DE7AEBD22B7F7DFCF8311D400AFF312EF71CD11077BF36541F1A6A1BC6061E6F4C8104D6273756A7FADA8736C80326114F581098201A1A116862144341204A3754449399092E75B388F445C62707E0C23135B6BBBB9E9363D5744C
311
0CBB0D2213CD5632A2C0D66DB71A5130719E8FEDE5BD7CF5CD291A006CAD94D52E258213AC950A6488D70D9D65B46204415533DEB24617A45C9692D450B25640A93A96158A0C8C5BB3558BC964CF1257C18D2A4787F3D1209BDB90E3650C197EC80D560D8EFDF8C3B1D37CB802478EFCE6AD23972E5DBE74F3AFDC82496101
311
547E436D3CFECE14DE0E20E4D9F0B5A7220C6211A20810D631B6B6566F9F042158181261B055BB7BE739B36D92AEE6DC6C3272A6C24C6FE88CBE042272C9AF07F3E5DD2D6647174D256646D2352F290BCD5BC4F64C425BD98ABF07D11033E068B13BD15116F2A8CCBCB89C748662D0C6243F830F3A2C4C8D3A5B2214424134
311
6AF9281D801CF684309336618998E73BC81F9A600F7477FBD0B2B172055A0E3A3A909AEE604D9D38802E0EA0F5C6C38D1F79FDC778FED307DEBA74E4C85B972E5FBEF4F127FB8FC17AF6442E4CF58B250C4D8944506061CFE65829D5F80DEAC0D5FAF8105E00A73087A14C818B6FCF8B2BF0326144556391616FF4CB54C91E
311
C703F8E964CBDE72306C65582529C6FA550051174A28F17926C6A13F13AEE8DFD9F56C5681F3C2DA05D60EB03682C962E865883269964821DFD282241280197F5702C76A407662C08C0E62340902C548450C128926A7843E5F08FA84932535EE599AE366BBD6DBEDEC46AE444E6CAEB0056E760B0572E1042F1CBBF2EA95D3
311
AF5D3970E9F291A36F1DBD7CF4D2079FFCCF5F296FA6F0EFE28327C0D1D787C686A69E3D7DD636D9C87D4982C401901D3CE13749911BAD316455A3C20274A03D633724748488BA56AB9E5F81FA86D4CF4AD1C318E1E2E2224D9D52A9053738AAA118C2582F497F9C7E37B26F25F68792CFF87C92D2D1ECEC986F12D9603395
311
9111A916299E215793E678F82BE13F008A124FB000B818C9B2E62F8D46062CEC661F6013B5D9D344FEE4EC35B15E280526E8760CB0B9CF14894E27424A577CA9818AAFFD285C006E100B3871EAD4A9A3972E9DFAF8134E002FBFC1FEB4C6010C8967DCD9986C7BF60C1F20122181048EAD6D089C68635B24C8C30005E401DB
311
B3C20250485849AA8B8B4A88CD2974EDE88C846B458C9AAF18C6DAFE620FB4D14C81ADDBA3858803C56B74475B6D6C2284CE0B65885B21A5D33E5F69B0777000651D07DD0E360A383996BC84C08016A35454F309B68867E11901264116869395140CD4486970A2C0B25119189CD2C042D580B6351D72A7E146E5D589C2776D
311
3AC12A48820098E8376B1483574E7300C70E5C3A75E9D2B9531F9C3AF5C1E58FBFFC9F9FA875A87479D08DD521CC9C783F34D5F6F4D9C2944884360416B63685018C0DAD0190530D2E2CEC3D5B58EB91A7EFDC4FBC0C6C52D62FDABB422647366A5799A5A5FEA154DB54D5ACBA0B2AE565DDD5E8C1D14014E5280A1E3104E6
311
09913637D1016478D29546425E53066182344FF03F2C23969B2C08A6D4D2B2556E118A0BE51584A418FCD0B25968721115561E995124CD669988328F8013D5604AD606D121458E8D4D942E0FABDC91D089D482EB56F43D052074E31E3E400481636482474F1C3D77E2E8E59BA74E5DFE409CC0D8EAC6DAD4241E7F6CECC950
311
5F7D6D0D4FF074786161638D5B8F77D858E518C676F085F5395A06F44BDADAC6BAB4E287F800083BEA16ABD7CD219276D5BAC2C66730CE2626158859390404661995A31A2C4491B9E70A589DCDE08760F75C75E0218974BEBF5FC6092ACAC4840B478E3C6893A3E42F06627252706E4B255D2DB48016EAC0A9019222A3B1D6
311
D190D8B6C28E220FAC3A300027AE9FBB10E7DF062970B2878AE4A285DD24E488004262D1DA2A8FCF019C3E8C0F3875F9C4CDA33C7EE3043EF99F9FD61E3F5E9D421E696A686D87B1D0B59DA185A7F47F4462B4F1980A08BBA86FEC9022D66997910B703D366E63019B34650319EB7ADC60F1F280CBCF806359CC81A1761066
311
CB186222BBBB4B3212F4686884212F36AE004A79AC1F16F22F24C89A82CE624CEBA6F263B138B6C106D7E60167AC540BC618A6139BD814A688594B69456480245B35125696F9314DDE4FEE6091C47E0D3E286B22C821D6B3D88C9291522A3E569630509308C5210B2D7D81AAF4C68F64C117C4253870EA28DF4E9D3875E9D4
311
CD53373FF89813D85E23CF6724786A6768726C6D7B636AEFA978CB1BBC7C90E0310203B70413102FFF3C1BC728951FAAF7EFDC5981076118BB6E65BEA7677E0026028B20F4325F354A38D6AC958A786B2B1335D2312A39A52795629C0B80CF64EA32D99999E86F714852B070F08124D6420959F60AA2DB044297AB542BA29F
311
CBD6492115C7BF6C94F6137E29AA29150A4CF72206148974B79A43E6D4528F287DCD90252C4DF8008595330A42A4FD945E19A808716B0AFD9091913FDC7BCCEB6FB841AE008F7FE9284F7FE22A46204EE0AF94FA7D937B75F86F1BF8BC9D216EF942DBEAC6D4D8E3D58D496E02D9E0939DBD3ACFBF3037BC40A9F4E4F6FA1D
311
2627A97C2404136C50595AE3A036BA5E431BCEA701F5681639C7F3EFF2AED38C78694EB17C41F841B7157169159A7DA46514A6E3030AFF01EC77C032E12340283243882495E5123B3BC8FB28F5BC3AFBD3932A3AE611D4E1A26285972983CC96B54B36837FF5F0F739F9FF3E5F4F97138A5953532BE9045C3186F112D68AB9
311
23BEF4081F506F7800C2E0E903C4809B27B08013E770035C838FBF7CF9D3E317ED63CFF628003784B31BDBC300B80BF5312E473BE1918A79678704716AEE1A14DAB6677B6BB3B9FB5FD31C2D042575979D77291019D5AEA87AAD46B7070BF02235BFB8B895BCBD48A3EB7AA420B72AAC53632A08C5ADAED9B8BF6298FA275A
311
88040C44882D3B03CE5E9F2FE24635C722E4248B45E4473100BF4BCC83BD4C1A39554258DA0135CA9EB3C31C555C3673734A2C68E56AF57419D55ECB00F707694BF05521D8C4291619D01A50066667BF40549930481E74FA0A3EE0D4A59B278E9EB879E204378093B8FCF1279CC08B55C2E150DB36E910C5C0D0330E006FC8
311
15C024707F33F58DBD1D8E0527887B7CD63636BBBEF9F51D5A0141C9BE684D75B5F6F48803D0018525BFCD6C07B7D5B5506E9785638AC07746A9DA782F5089F898CC56438E5A3F3AD84FAFD8D55D614EDE6C1EE8ED3EC8364D74B3145F14A2112D15B351C8168CB2184706FAF4FB4BAE416649D450DC43D26C90038C300DD3
311
D381D478177FB5E68BFB8828E2E951D2689259D2564EE0022892C5D2E9C74401D2002EC281A337F101C2043800BE9D222324163C46236E87729028B0C1012C2C0CF11370301CC1D818AD414EA74DF44C70001C40FD768E7298D16194A0B672A41B3DA90ADB626AD162D84FCE6B4D401442D065EBF6969BD0452A28597CDD74
311
C09A9262B6C82446066416C5222CCB023203421C4B249B0707CDBE4156D209FE30508B9C84312888F25EDA4C647F2C11EDED4682044EA670A1AD1D1D8EC1D4D22C5422F3BC51C2AB707F701AB820B1B34CBECEA8E53A2073CF566A84BDEB8F05248E051CC3076000A78E920D9DB8891FB879F9F2A94F3E2129AED7B779F23A
311
CFFD64E7BBBDBDB62162407D9528B031B60144BA230CA04D54497C86D71E268B7084C281B0084B767317A648916EA777C70D50700692660A258123774D0CCFB20D51EC22C1F379109F83576EB248F2471FF513CDD9954B72D0E1F375778FF84C1DACEB6852FCF9EC682093B16A563D53826C50568D5CC6AF2131ACF8801566
311
7B3493D3D145EB945DA22C8F10F09761C46C391FBBBB2587D5441382B54E91C074D96606155F6A060F114EF03441E0B47082274802B0FECBDC82CB372F9FBACC2D102740BDB3238A9EB5B1EF7EB680EDBA889002249D9BDAD99BE2DD4FC19A19DEC33FDC76E73FBCF392D97735B7182285ED0985045588A630B2A8003B7A98
311
5922587ABBBB262A9B088C6944543078C49658FB12B739FC8C1CB379FD20CB2970DC0D4E6877B7D2DACDA2311F5A2985513FFED3AB17A530A3C43A0790A9669163E775D30266A3634BC748F3482B31DEDCD13ACF8A654B44D9551C0662E66C1862CBB10F8DEEE91594E867976E88C5F38FDF270A0837800F38755418C109AE
311
8238869B573984C609AC61F0A4BCF8BB1D5E362502578066C018C5E2DCD058DB5E1B5970DB3B0BD44A436B0F7B36C904C3994C46DDB2B26D148CC3630FC9B484686E794CD0B73DE013FB6E840EA32E4710252D160A302982D835BF0DEC01DCD16B91A47E74B92D8213DA911A99F81434AF23650312E9CFDECAAA0C8848BA04
311
C04A0F7E1D3F2FC5608DF8C0389DE8F5D03C1F69EE6A65E1A2198FC082F37E8599514A328466E5A641EE911D8522BB0F1F402DF487278F1B691036F0DA81A3577FCE0378FFE7443C102E8160F8E55FB1F6B5BEFAC6362780B12322BF863D90048E0D0104F0D478819DB6E3C3435364890FB78A1FDE81B66CD872BB6463A110
311
B1DD6383D08BF809514A8D16BD8077FBB380FA49133D3C554341BC0580CB66A0036E324732F65EF491D11C1E24EE096A2F2B639A97C0559895F56B6C6A0548AD400B2CE7C348AB1B49EC2813E9C55998DCF38A0B3D3E1FF4910E7864D491325285208B3931C65F70F43BA98F593414C9E613957897E2EE6EBDD1FAE4C505E1
311
018F9D7EFD3591089D13EF9ECFB953E77004E78E8AA49813A83FA601CC630F61E40B4363DB4FC47DC0078084D7F7164815DBA6F6E686018517C66EDB37E1074805B5B2BB68F5B1EAB6BBC3C4BC8BAE520DB381545060816FB7B6EC7636B2238066CDFA7B634D48892AC84210070CAFD9E1608B96AB6590A5CB4DC0A25D23AD
311
1D705AD91B62301A9FBE9EF1D0FC601062739A8EA055975C2D2DD08749737A9A9CC884A194255084D6D60EA7E202443AD8620DC14242DC4F63D7955DEE76F86B79DD66EA08C55BD933B6FDD395461A881F382052E0A3E21688482852012202196123215A6B5F2513DC19DA602C648CFB20C2C0D893B66101058184B40D2DB4
311
8930D036D4AA4CC310F1978C8CBA18B7B125B1ABA9279732411F2FB0F9C4AE06FD6259606ED18C2B8C67460B6C186DE9A77C27BDC73D320F6B843E3D58C928B0A25B7CCE6EC1EC7476B56EF5B4F28E2346B1C62AEDA409750DC6E5A105ADA8C80AA1C6C7C37200A48D5D29076B29D940DE3ADF05E2EE82656FB1AAEC5F8846
311
1DEC7C919B7A9502D0845A7176C717A98500857182C768891E3E2C9C2061B09109885CA0610B273E6814467F7DCC3AC5EDB59DBDBDA1B61DAAE43A85F2630C62819EF802470016422E406B6CE7A13B28586224E72CF470CBB69453616A57D1C381820D4530602C46FB2AEE25B7C993344931D1CCEC25D91552D85A971B6048
311
754F4C4CB03FCE4126A48C74A452AD5DCED69ED947CD966697046BE47A962651582D17A719945B57936872BA60CF936499592FE25406CD5D23C200469A5348EDF80097E74DD721A3523276CB08303B6341D4650CA519BE048BD77F3E801F5E7FFD872B07041CC04B2714F2FEB103E1094548BC29CA8217ABAB1CC0D01030C0
311
2AFFE43E6C0082F2D4C4BEE16B74C63104E606771EEEE7C10401A7552BF3D90A3B109D2155B1417DCADB6CE89C7B911566B75C3223530783FC790CF3F57EABC9559029796611FFD4DD7440B291A8E353C455B8FE238F1E0D729F99F76B56BC3455639AC712850308E100DABFAEB367CCE1802E22B3E25971B62A0E56F2B14B
311
77A475242534074116AD4A7A10595BD4EDC4C6B7A62C8C3A36602BD645B172F8C94F44C11F4EFF70010B3871021BE016DCBC7995A71707C0B71384C60F4888FECA15201F5820E721280E711FC6EA7BC20708A4F8DAC210C19088B8B3F3857DFAC3CDE761C9E35193B85A9B791EFCDA5729976BFE0AAF0935C524EAEF0C9330
311
C8148F44AC612D76BD5F66D79EC1666E968BA33EDB3F11C9BA22CAA7BDDCD901821AB068C7402BDE4029678B3582A3D612A5DC26B794CA61B5E6EA9FE86592B68920C85AC51431902D925D37504E6D6EB25884D2ACE140D2CB83B55111B3A3A55864604661CF1037000BF881A6C895D7DF3EFC03E5B0B80304C35397F102E7
311
C4DBC708480770049CC0E3EDED353C1E293129211640558C4F14EF1E90809FE20086BE7BF2500AC213F44B7A9CCDF36CC60C01F318361B0C21CCAF09614BDAB8B0759274C3738AC3BC9469A13F2463BAB2925A8A93A932240CF89BC9F437F732E2C50DE81561AD839D29965E2FFDB5180B18B45AB9580D86ABBA51648E3636
311
31481B89D7CF821DF496BB78FFAD48447575375B5AFA1DCEA69CBD9B8B86080BD9B035E592E16B652A86794BF485BE58FB912C5000623FBC76403C3D1E00C3C7146E9E3A472068DC024241E304B61FD203A5452052427C00515078BFBD67CF7002F5217C208D11D4D4C4C0801EF0239AA70EA0F54FCF0FB50E98CBA807B013
311
399F81D768DA425287653072EA769312BB1E89B07F426E62B4892D827EB323560DB4B41CFCB41FA99C8EAE66560CCECF373BE104C9B5E234B4A2073E0F9A6CE8475585A09C6E9998F8F4233C1C47A88C7439AF9B1FB576B34E18248D4C62A2BFE2B1DA5AE84864E52C9A6558015DABBCE1F275ED2E2DFD61E41BAEC0697A02
311
A77FF8E1F503472F89772ED2A146142019148721AA829B3F7BC2EDB53AC500DE90875F251FDE11AF1D9C1086244D1392010E40CCCEDE47C78FB1B144069E36DC44AB7550894A5159E859AAE50010A13507730B272D2517A1CB59B2D8BA469E1CF7D8E03E4A0EDA867CA1BDFD51A77380526064BE2B842F681ED4E01A15D9C0
311
6456BD35C425C46609BFD5CFD2BEC14F1D83CE0174F2BA069A1DA947F4525864E9703851E8447147294D3890ED62175337E2A416A65603958A2B0428CCE6F96D8AC12BA75FE7F3C381C68DC7027E7E66010C0917701533E0A797841F801BC22E99B5EDA13D0011B821E2A98980D7004986A6F6EA3446B66F94A80556688E57
311
10A930A7D86E4E745780B1BCACCF4E3905AD6D31A9D30201ACD1A4E452CA02FCABA1AF237B6073A2F90431822A39EBE9E9E8959BBB58C939D2DA83107F336D324D74171C1176474B35CAA28CA4250C375AB2CD8F7ABB7DAC2F5794D6D6E66EE50F8F3A6EB436BB5A7ABB63BD91982353915B2061172098E25D7C966C7E9A90
311
E46701257F3757E0CA0F04C1D3220CDE3C421410571F2F002670828F388C9FB382CBC213FEB43635368705ECB4110AC6C6C87C3880BD67704445E37467E73B313656BC7F7F13B0DABEC81A512798106BE62A5025BC7692955052CD23AF2A465828755AEC8BB7CDDC7F542DAC86130491A491CAF07A9A3A514BC105969DB8C0
311
663627D1209B407B363A7D0B7E71A41F3591A2140C47B2F480111DC002887C0A0862D76C17A903B786263015B063826E92C79639481E508A642764B15D03D63AF34912BC1136CF7F73EFC7D3E20060465C3D20DE39CF7EB461FB27C4A3130E444A2452230111010F883EE8F6BD2108012443DF0D71051680CA9F3E1B1A6A84
311
41A8A29E1A16A0FB13F6C5FD2D77336B5CCCD690C9A657904143E613995BF06B967D7401501926C31EC99ABB1D2E4A5FC56C57BA183022AF618BB03FE640997FD039F2A8796464C4A4743BC486BE68B196EED75C40A04825056B31D428F440E4C1479F7EDA019162D0D9813EA245619AA4755EE927B02AFDB10711D5177990
311
CE80B3A7AF37A163AEDD0A7E2EF6B39906CCA9D4FC17DB577E38F603CF7FF5EAEB070410D688020D3F284EA0E111B900E2181A49F1CB6D70F0EDED1D010AC2186924414F9F3D7DFA940489C6D8DECE937B9E30F3F36A0626E23ECD48BE94941BB89F2800FCD7E4F4EEC265DC05AE60B58159B6D8DDD9A8BBE1C12D4E9AE9C0
311
E380FCE48052213DD16301106A1EF9F40FAD7F70A6101DF7395CE1E274EC818BDC816BCCE40D19B3CDCF0EF789FFEB51B799D4B715D65B48533A1E7577CC0F00AD3A0763915844A5A556906E85E5EC758DDAA83ABD29E84A11253E621E69FEC3C31F0983AFBC7DF5C4914B078E88A7178910C820AF9C1FE7300AAE04B9C089
311
0F288E3FA0388611463E40C380CEE9DEB3A7E0804F0903F800E2C30E61703BC59A95E7043B5B68ABA76BC47CA3A3C7DA83D752CB5AC6C315584C24D7938BE69E541748BF0675D3A3345B2CB800EA15B3DBC37CB44F735820FBFA52AEDEDE89E647DD23CD1DA9B88F51694BA4B619CC1E8C684D4A18AD20985888876732F8C0
311
477FE8E84291FC062430C649B83603E601E8F08A255D2864E2D06D0059A7FBB34DF0311E5421ABE4A70B31C630A01F7CB18DFB7FE5F5C36FBF75E408C5D0515031F220818EFE5C0960068D3B20E2A100CB053CB0F1781B88B0BEDA36D4F60C18906E9900098616A6EA430B58C06CE2FE9D973A5B93D5DCBC48C96FCC323B6C
311
D6ED80C2F42B41497209FA6566732B622E65374B0614F36007ECFDDE66AB3D67D6200D47AE47600537A7E4965E16133F6AFEF411EFDFC2061E06B0E928BB22CD0CDD06A33A9022FD2096F77E8AA36C6D9D6FED220162C59ED8CECC640CA2FE1A1AD4CC1F45A93A83A3D960B65AAD3E484FDF87B5594823CDEA72585A7FFAE1
311
15F1A12DC801F0AC472F5D155EF0262D02F1DE0904220A70053891CBC206BE24217A482A0428BEB3F7F4DD671C02DD226A6432A2A1EF76BEFB264435984FB0E1667791FD3AF32C4A165B26FD9970430B35995B5C5C813926BA9572601A85988886E85CC8C1A211F01025DB62F1F5C7460BB1C2046B6A3EFDE8D3DEE6E6DEE6
311
018842F2A0A354AB15638EACA5F76010C6583813B1A8D60C4E83E7250010FABA5A6701441474329C6C51709AE56C4C2A05CB5A9AE993E96AED7A568C2ADDBDF3E1F4F4E803384450D1E37FFDE1DC91A3478F1CB97CE92D00115107883440BC7E52A2C6939F3B7AB3F10B57854B10F8C0EE4F0FB7052034C71B7F86F9EF3DFD
311
BF9994D8999A1A023D872CBCF9E19D1591EFED6ED981255AE90ECAC0DDC881284D1D90831691B9C41B52EB6BD9A48FCD92117663BB28F25910346B6E72211A761DFE14905025ED9880168D810F849A1D13138AE4DD0CC6FAB3D916968B500F26D488DD1E61833BE4611F5BB95B79F76E9B8DB913569EF7F69318359164C1BE
311
AF65117B86A5156342B1E4A400001925494441545AEFD6879FC3E4646AAB28248C9EBFE4955F821321BE1FE01C8E1C79E5EAD14B275E397AEEE8917394C647080357CFDD3C4750C43A840D000FECDFDE1EDB7E0C7762680FF7F77461E1DA53B2E0496AA121AE8092270A40894ED2ED6758BBAB35C4B6072512CC682EAEC0FA
311
22E36AC89C23E8E29937C50F024FB884ECA0DCD2AF553CCC76B10329D6C20148077D8BCEEB071F1105079DDDF3DD3EA243249C47452712737AC504663E21A75D464BBAFFFA838F1E7590FC3C1A1968ED01F9A7361C7429D70FB6288AE0E0503654D3D3D3773FBFCBDBBFF5F9875F7FFDE1CF9F7FFEE7AFBFFCF883B73EB8F4
311
1667C0A3530E73198E5E3DF1CAEB274EBCF2CAB913E75EE747E3FBD5738D63387102F6C0C79F7CBCBFBDFD786D0DA7C7001D75C0D3779F0E8B80208AC19D2F06F277EE6F66685CECB2C362DE9C1A1968CA28C8E56B1E9FDC618A27CD723CA9D2BC3729289828D71DC2009426570C24C0BD65C62C45CB1CA870C261533EFAF4
311
A38F067B070626CCCD1360FFD95A91A52C91EB8443BDA66F1AA0615676B7C65843DCDCCA1C19641B0EC0A09FECF2F51FA4BB9A4E23CF20AE7FF5EE879F8BCFD777BFFE673E7FFEE73FFFF9FFFCEBBFFEDB7FFFC7271F5CE6F6FFFC39C0D3BF75F4DC91731CC3D513BCFA73578F9EE3C3911CBD7AF5DC2B57CF512B7D70E983
311
0FBEFC729703201DA60C7AFAF4EF7002D79E8189710044816FCCA4C22F51CBB159B7527826676B08B85360720032CD624F04D21D1E67F380DC415538F100550C8739D57B3D166971E672A5125B750BD9D16A1542B02BD2FF69F341C7A341004CB42FD8C15C9CCE66D37047182E9398AC89319A557AD07BB0A5B91551243E28
311
D9FBB38A99A5C391092C464A8F4E57839B58FFE72CC3FDFAC3AFFFF9EB9F9FFC5FFFE99FFEED3FFFF3BFFFE3CB8F3F6E5C80C601FC068ACC91ABAF08877098673E7CEE6AE3EDE31778F2C33C3C5191A070E983CB9F7CF9EF7068A0880EEDCD5D7B7A9E6A882BB033C5ECF4DECED0BD10D5E0733D6375C577E7CD3DBC971463
311
3B0A5AAF1117108797584F2DDC4BAB77D01C7235C50AACCBF0587AAF6BA4EDEA2270BDC1A6E0C8A83732D1EB8B5D172EB0970CC8E6D30A91688D61AB07B1EB801B902E0379434B249372ECC1C15E3AE84E76060DB0AE0C857940D6986C4923BD16E49ADF9DBE23AE3D6F9EB7FE7F78F47FFAB77FFBCFFFF88F7FFFF213DEFE
311
07F83E78317CDEFACD5B078EE00FF188478F9EBB7AEAEAD1A3BCFF5730037E113FF003F6C0FFE1F7F0831F7FF9C95F7FA21AD8103EE0FCDCD3672CD7C007900CA1A1910A800831AB5F896F51CB8E8C74D0AA1F50500643E29DD6376C1D3B383D1EAA37654A59B2E886649AD8C25D6DE975901FB8ED2C9E883D4807B3D73F75
311
28FDBD838313DDDDD4C507E922D6020C5CC71E50D76759E9896ABCB7A47A63A3E9185BDDE4103B89019171F862AA82D5356CE212379E87FFFAEBAFFFFCE73FFFAB78765EFC7FFFC7BFFFFB279F7CFCF1C71F7C0C1B88EBDF787E0862BF3970E2C85BAF1C79E5C89113C2FF89172F5EF9396109FCBC7129047F00FA04C1F013
311
FAA6C002734FDF7967EE2904B91D7C00819144685EFFFC8ED04D63C7F67CF3087559575393C369CD065D2DDD0E998A98AD593DDD83AE8179CA0488F24E5947152956FDE820CBC69C6C57A4C08F05ABA32DFDFD91FEEB13FD70E2584FD21BA317C6C065DA818C00930648EFA043108C7A0B78450DE4889E38FDAF52F4165309
311
916A81BF2270F7AE78EFBCF9FFEFBDF3EC5FF2E23FFEE0834B1F73952F379E1E5EDCDF3E5C81C3AFBC75F4EA5B6F1DC1E55DE5C3CBC71B8873E04EF08FAB5806B7E0A8080580E56B6B6DD7388167CFE6F60801533B63F8C027F77AF2F7EFBF5CC9A8B26D2BD5DC4AB6C90138CD39A3E68AB944BB5BA1373E4F9947F61E4A01
311
522816C3E76B69B134FFBF559D4D681B671AC7EDC6D838767094603930838884E558916D42C010410DF5D8A6190543DCA0E4626C2CD0656C17ED254A59111121A5B4A41079B39B6DEC92D6A949C8461802C614EF210B1B966437BDE5DA43A197B4B8EC96BDEFEFFF8C9C76C7F66834FAF0FC9FEFF7799FF799071DD331BA07
311
9462D3CA7D27E7AFA035578F901D8F755D1AEACB70972E969BEEEEF6CA469658855626ACA1E1E6EA6669A28395E57D1D0C7CA64FB22E81F5122C4F87F3070A8FCC0BFB93271870D063F7802EE6C37D7C40231E67D7884300D89FCABBF83E076B80F0931ADB8710C25F1FDF9739B448A14A199552442F3EFAF4F7AC1A7FF5EA
311
2F0A049796FE483E60FBD214DDD507B89BC8E1870B33776ED2EA8099B9DE73CCC7C4306BD1D908BDFD7A67E7A217CF71BBC3FEE1D35D0B37232C1F4B23C8C3543C7791E4A4887AA49439D213EB38F2E0019D9023DD43FDD4C99E8700ABABAC34D95C4D4ABB6938C998E8D1238A8EA7639491B35A1467B707E34DE531F3A6EF
311
2DBE1BE301BF411154B59A0A2808A21E4C7571953824900A400099C0BA74403E800471BD8E05A8D7F1002844BC5EDF976EE4EF223F46813F7D4A421057200380FE6B2CB07D937B4EBE262BDCF9DE17630C06C9E874F462F4864B27330CC78FD137B773AC77B0BF975CEFA1E87C3A49875496CEAD5EA5622A73F65834CA2D18
311
A751F4D2DA55868557E8AE35A7D661833887F38F1ED1752233B199E1A05C3E454BC293B87686C8A4085825624E3E9479F938ECBCD93AD45D6CC7DE5548EF11D1C2790B7C42E5670FF71BF946B14D1620188FFB10C2C9FB822E3768B19002813A5651B450C22CF55814F8EFBDF73FFDF877D7080731801FCB04AA54F4F40E13
311
23C7E861788BBB3F5FBCC312CF8BB1B9E88564261D1929749D8BD1DC98BB66CE0E5EED1D3BB7964E968982E6D7D6D20F76D3C3A7DE3B041F15084C97D68E0C47177BAE46086A16BBDE198E25A7CB7BB03BA3D6139B0435EB12824942BABD4799CDE4A6221C09BD0CBD441E1F277D17DFD9B0779AEAA408D482BE940840552C
311
CCB7FA605735D2A84031151F0F5241DE210C1C470E507C99428441F1002E526E80201117B1412D1D14B8F6FE8D6B1487D15158A9012A48BEDFFEEC248D75DB2F5F3E7AEBE125B259E766060799DCEE662513D91872BFEF50C7C0DD7E46D273370F5D618D2B43046EA29DE65EF4ABDC56B26B7EFA82749CF2A9F41A0304729D
311
243B2922618D197DEAF6CAA7819F24A42D738F6FC4606B0F431FBAB996AD937F6FD9BA27B0FD71E5B17C1DE58F4800D6CE76983982FF463D70107E040033201B4000C473C2C1780AF607F971E401B481D94340C3FFBC76720DE344444FDE7C4745ED0D68F0EAE3A5AF584760F980EB85F5ADDBE70B9D43CCFFB2C47965865A
311
D5C84C173DFF623DF39D4C0D0F9CEDE286D4E991739D9128FD1259C8D2DBDF95D99CCEA469B5D037D2DE9D59C524944AF35882C5F9D8C8EE62FFE1819EE9D5E40E0E9DC6038A68D1F42D0635A1B213D749DF43BE63EB1E3FD978B2016CB64A8A44672A8ECA67D1FAD0E565C12C3950717C11E43C53997CBED1161008100910
311
0607B03B2026003191611D961FC4C4C406680674212222207AFAE2230A845EFDF32308B0B4F47269893B0DB5EFEC4C4E5DEE6459DED010C3D4BF7367236A000F9FA0A30CBD8B0E770E1D3E4C138C918ED96874843B2C4FB07C29CA883D331D3B7E869B65B66BF5FFE6666C7537534AF7A429A2181919384F43804DC2595100
311
F0787636A9BB61073C6C37BEA3EF44EB55EC1CD879E00771CE12DE80B90228890035D1928162E00A7F91035B28D05677E28D0A9E205F6120509725701CBC5FA8FB8036CE9B4AA0149514C9726A68281360B284E13045C58A85EF738781AD754D8D8D3D8D28107A3ECBCD36067B592ED21EA5BB2793BCD4020E765CDDED3FC4
311
BA38D295544750DF1E5D4B4FC7B86FECC88913C31AB32657D3133451D96571F1C4850F4EB1CC1402809A789E4DC1BCC2F9566873807DA3426C27C657B39580BF4A900DB2F16CDC0F28FEC2C529E8017B50E411782DD9374940186404E3120270B353A10040D1863CA3037033772C39402C9008EA08F290FAD9B3A72F584746
311
27C50FA914F88AEDFE6703657981CEEEB15B0B919B0483B37D4C93CFC6DA47C879C44E4F0CB040A6778576702CFE5A9C5BCBC416AF44FB26FABAD63A4658FF34BC963CB1BACBA8B50CE4641AAAA43BE8907A0AAD9763670027B6FFF4D34F16D6FD80AD43DF917A84BEBA9142E165E261FDC6387053483B0280DD0AE2D9AAD0
311
41021E10808643653C0C6F044524000D60AD4C5B83D7F20DA1874E4E9E9111FA40B26C1CD35FCF07328422489E1FD2C6754480A0180A7C788D8420B584F73477FA7226B6BE45DFA081EEB1A743B333D7574856304137471D4BFAC115EEAD5EB83476B497731D0BDC6E7B100DE85D64C67E973641853367A64AA532012F4357
311
3C5E86A67B256E513E913C5FC6D629AE31B65B506B3E4E312DBF8A6A2B709F1DEC573E2B258E0B00E62F0B19E4DEC5FC4611FD16EB65F78A00778ADAB34CC6758B6D10C4984F2810100462FF8805317A32018A10E4FF2001CF41CF7C015F8D16902423374E05B108C03D26AE0F400002A1C8D8D32FB8A5E7CACA22751B8383
311
2C76A01A88C4C031D61433BC211D4EC9C6838EF4C41A33DED40D33534E33B8E9125D56A5E77BB87C423D6EC8A7A04ECC374BA7D8C6C2F9D0C755E13DD0014E781347EEC1AEC49E52380C6C89E90306F8A6CC0EF20F742900B0E38E8FD0B34A0AF82E4BA53880001281785017B50804E50FB4CFE2135101097F4AA345D383BB
311
A449EEE6EFCA0C3CF9E50F37DEA79E9C44E1D2F710E003E605CE1418F5DEBA3433B840A102B7BE5B99EBBE4C15BCEE26ABF57E87A8E3255114ED39B2B64B2F9991D83A415E86AE1F44B87B642DF0EA583BE4809FB721EDAFFA2EF71E06B5F83936221CB3F601568A8B8704A436802BE0E370356EC8800D018A0E96DF87E7FC
311
81DD75FC62B1F5ABE1B0E39A215038C887491020EDB2821A0E0466077DC8214A181DF2FC77D203BFBCB8A1D54554D0BCC406B4AF130A736F117A39F7E2059F53AA1559A0FF0B99688AB6582A1BA1AF073D21FAD23D0F7637692240709784E199D2EDEFD6214019F9DF53D646D6CE06B1FF67EB7070FAA93E26475B09360868
311
717429077787BF2378239F81850F1599BD5394F23B75FCBC83C1C70038AE96C7F9C8BC0FFB117EC9BF9E592468F68FB7FA0151001F47F8F97AA43F74FFB83F0A88EE9A35C42B903C57A698B973AD21B877EF7B483073627D1D2FD04D5FFDEB43179FDF410422DCDFACC09AB7FE0BEF9EED8CC518C4478F1FED5A239DB7ABE8
311
7E73B59CDCDB2B95C8D0ED9C17CB05DD3CDC6FC2798D6534880D233B62718BE5E388BD0CB784167E71E159E31BB2AF27DA603A6B019D465DC10E721FE7390F061C1DF08A102024419BDE089DA08BE307BEAF4FE72105E9617C025F2DD6E31EC7C75DB4647C9F21231B01A6CD9D3357A8BA81A5ED19C602EBB4FE19BBF57068
311
61658564FD1019EA85AEC2899E2BFD14E9469927D43D240AE955DC1C835902BF245CE7660A3B3BC677E37A88BD15D691B941D9E13876D71C1D013DD14DB522FF8E5B073FD1ABD0B6386F1260C20EDB1D3B88BB82E623F3AC8EF53D0FB4EC797051044900ABC68A58064771918887DE6001EABE4648A9C04F314A201D805124
311
6D0A7448810828854EA2D8CAAA45006647BF1ED0DC6077F7102B632ECEADDC79CE98989EF7ACEAE8E918F9E4EC296EB2C2AD668E1FA78B66A17398AEC2C334995EDFDB23ACFDF2CB16DFA5EEADD806B613CA13CE578870886218C10501510ECE2E55116ADC1C972BEEFB5C6F8B0A3E2C8F83933D4031715A150D48493DA7FD
311
5C4E27B1829C82061EF059368759F0B10704467C99DFF01D0C81A88A17D56222FC618A21529E99220CEB3E5A219BC34C22E90151E01E89D2975F6D7F7DA64CAD70F7BB637FBE758B543D91D0DCFCE54884E07EB82F7DFAD4445F66EA3DFA3B4C9F5C4D160A0AEC09E95BEA8E7F3717D7B2F32D9127E0C2C8A3EC8096990F02
311
943CAB6BC246A1FCB08A419CB10C1D17255C2387EFC68517956783040EEC15A79906B253452D95460458320D7C7EDB8A104C0A11073B6F970840C9B8EBD7A1050363A5CAF1A9FC57CCA28D092081A64CAAC4031415DF7B71EF25334353933BEB93E8C0439AF62202B43AA080B970A22FC32D1518C0710BB8D774D5A1EAB93C
311
A9A83ED4F830ACFBC1F8FEE66DEE42712D363E858B47E8AB01C61EC855633C17070988E4A5F43E520E0910717E11799D819B4ED040CC85DF8302E2BF0FB7AD4B8058DEDA9AAE7A67880045CF6CA3C34C19B4CC359835721B60D7175A48247B23478B0830522455A6590372E52A26B41A9A97F7B7670A748B9A9AEA3E7B74EC
311
1233B087067BE7FB0BC3344CD47407FDA2C865B09278AABCF5AF2FC3A8F6205569FA6EE3388D655495A2581E3D8F57E482188DC16E1937611623C4ED10BE00BBE8B87C9A193D3936C21D48E07846149F3220CFE3B40B5A8E581EE0BB5E02D832046C4DAFD926DA2022A80B96C2714549D94F8B9DF46C1C39CB6303090B40AF
311
F490460750030A283DF00B45442F31825B5B54069F84006A61B930C832F84F0A64A918B3971E21F04926E718D628A4B5D8A6E5DF15D2A24B061D8D2792D7246D9538C4A96419A086C19C745B960A59E5C270EAC829F2AD4B05ADC9B8837E17436110EB3D5778298202BAEB2201E146AB0CE1E724679A7A0601BC1C6FE39767
311
458F9A09AF28B18218C81241A10FCDC997101A281A42065A43643C815C3314F8DBFDED6F6F0E94E92132D5DE4D1BADA18ED98E2B3DEDDC4CA19D268A0438F8388634A8FC017664FE47C671026EA18D020BC6324473C499C4B3781F8C1CD4E78121492053CE0F5B5D4AAD03CF83FDF0D9C5B723C30655AA6E465E2A8E205001
311
02209EC077813511D0038CF79ACD44822393003FE7A95AA426AA411E1910BEB1C1BF957DD1FF0BEA6E6A9C5C010E50092388B09FAD9369C2196209B7B7BFBD739C454393EFB29E9175CD5D11DA81D133B044A4C3DC8C9087591B8B6D349479432869A10D5284BCCBB66371832C8319B8EE64C568C3E91B2B249E80ABE3D45C
311
87861FBEF12C9463D80C1D74E186D12D02434FC1C0097E2504421C92406F1405ECD785066D5A37E35233E69A9240557D4A764164746B2224BA1132C0471BF7B1025203654A6DDAF4D97FBEDEFEEBF5DBB4949CA4DBE9EDA98128F3797D854C89B05643D850E615CE1FD879F977CB508BEB32F316CA337C57484B0C82CC159D
311
F1869F820DA203E0A5C61CE8E28B7A70C46BCEC35B5D2817C8F573BD98BA045004C288520C89A0E7393721F94F005AE60F01D0660468E66A4692DAA8170A43482C5FC4A39490BD180211F6A509644931056606F0538081027722935B5B3BE7A72EB49F3953384E4956A9A421FC6FA765C85D88ED4007B68631883A6337DB48
311
59C89933F800AF2C1CA8A5E1842F487AD1F5F739123A17D1F7BCFD5C3147911B98E01502A17372EDEC1306C0A7395813B0204D48D8A10A2F1A5E3BC9E9B75BDBA89AC92C7B35BA4985DF38AAEF96C0D4E8AF23E7C101D65572B0AF2B2183A2F122C1713E4F8882097BF6FA8B29164CAC738FBC763551D4B02E94F9566CF3E6
311
47A5E715D8E0E1B232F341A0242BF55916CFF8D4EA887F28BD80831F293716CB34859C954C720C8B5C14409788C51211DC04E54E7AEED5788600887DC66391C0FEC46EDECA2E84EE25469BCD51C9C06853FD047905D1A0A7049D8590829CA7F612359E524B69F594C51A51142C707091D496EC137CE54915504C832F78427A
311
E0F514A9BBAD9D2D5A476D29A46FA56D42998742E8BB7C7B5519B72025F72A9D82EB1270820E991DDB38F0F771DE7E8D7F075A10C00330BBB085A637B6A9F7071AEEE6EC5AC579AE55664EAE3DD7AC35D179B684FD2512350F7C07D88D02A3B05CE7121CA8A5A680ABAD122B09ADBB4E8E064B3C87287A8B042DE1697D8D37
311
8A51900EB2ED23A96222FC04E01B4B55FE3A800FA761CDBD57059E0C4D95F05D190625E518609B2BAF2B48E7372715867D2606D47063B47D96B489C1A8B936CC398025F8F253ECE077B386E6F21AEEAC59CB35136E934BF69077AE1B4CF08F3F597BFED8E9092FC8FAB381AF69C8DB12D6520CE4D0440DE66CAF46ABF6BEE5
311
5AA22912F1CBD7210EB6D88ECBAA99078697599B2F79F323D3EF614C1B4E41CBCA3390219037C326A976730A33A44CE1060F6B946A8AC53E0456473376424B112712E881D7870CB6B609F91658F4943309489140CB61875D6578AD3A1466A4DBB88F0C00D90B5F84386C42F7F641F897910035D51BFD7C39B1ACFE6AB45984
311
0AD66796C7CF793BAF430EA8C5CB9CD79A630FF9A00F11A5C6E8A972AA188237FFFE5921EDCFE12CACD2934A47A3CECC3BBC85EC00D5A77107AC65B58AD44B96D9A09AD281D594CEABD5C02262B0BEDB152AC0B3C2A199B0176ACD51633372293E7A068A072E0BBC4D21D547045044B08D63B1960B976CF36B2CE788CED206
311
3B417331BA8CEA477220AA7CCE91FA4E6AD30BF6BE904207A7ED3FB909A559987D50304398CE584CAACCE80B4E633C40C0224550D7802D20B4EE0090A705FC5C12E747131C2678602D1FA2363ACA758B0430987335AE99D7D86A820831EC89FD6F7A611A7C9D0516DDD14639B52C86E9036FB7F06DF65EBDC0DB448B653E41
311
676961165CFEF484BD7A6DEACF9EDBE3372201BF34E35DFE46677EB371CADA937FC339D3277D2FBC113F8589ABB7557ABA3E846919664B9000AF77B38933B6797C928FB047C4A18036BD337C40494520A1809009D16514D5376E9AA41B66DB21AB7C69481A649BCF48BD9BC67E0E80AEBDAE6DB92D04263C0008196F78749E
311
732066FB077B3BFC8643EE4BD0DA746C9BB529B766E57A1BAFF31991917F238A722DC80F4F845402C5A3D07054135C5DA2E0681FFE0A96AE8F25EE02C027F4944D0F5C3A4E4CDF2104E11BF5667D485F20D6EA38FC04FF84670657FF5A5FC7F77146AC4E24FE0734FC16B66ABAC8FD0000000049454E44AE426082504B0304
311
1400060808003968B65C615CC3277D0C0000780C00006B00000042353632344142362D323545412D343836302D393743382D4643383146434644313042382F5265736F75726365732F44354430324230362D384446352D344235352D413646332D3341333036393335434244392F7468756D626E61696C2F302F42756D704D
311
61705F706E6701780C87F389504E470D0A1A0A0000000D4948445200000040000000400802000000250BE689000000097048597300000B1300000B1301009A9C1800000A4F6943435050686F746F73686F70204943432070726F66696C65000078DA9D53675453E9163DF7DEF4424B8880944B6F5215082052428B80149126
311
2A2109104A8821A1D91551C1114545041BC8A088038E8E808C15512C0C8A0AD807E421A28E83A3888ACAFBE17BA36BD6BCF7E6CDFEB5D73EE7ACF39DB3CF07C0080C9648335135800CA9421E11E083C7C4C6E1E42E40810A2470001008B3642173FD230100F87E3C3C2B22C007BE000178D30B0800C04D9BC0301C87FF0FEA
311
42995C01808401C07491384B08801400407A8E42A600404601809D98265300A0040060CB6362E300502D0060277FE6D300809DF8997B01005B94211501A09100201365884400683B00ACCF568A450058300014664BC43900D82D00304957664800B0B700C0CE100BB200080C00305188852900047B0060C823237800849900
311
1446F2573CF12BAE10E72A00007899B23CB9243945815B082D710757572E1E28CE49172B14366102619A402EC27999193281340FE0F3CC0000A0911511E083F3FD78CE0EAECECE368EB60E5F2DEABF06FF226262E3FEE5CFAB70400000E1747ED1FE2C2FB31A803B06806DFEA225EE04685E0BA075F78B66B20F40B500A0E9
311
DA57F370F87E3C3C45A190B9D9D9E5E4E4D84AC4425B61CA577DFE67C25FC057FD6CF97E3CFCF7F5E0BEE22481325D814704F8E0C2CCF44CA51CCF92098462DCE68F47FCB70BFFFC1DD322C44962B9582A14E35112718E449A8CF332A52289429229C525D2FF64E2DF2CFB033EDF3500B06A3E017B912DA85D6303F64B2710
311
5874C0E2F70000F2BB6FC1D4280803806883E1CF77FFEF3FFD47A02500806649927100005E44242E54CAB33FC708000044A0812AB0411BF4C1182CC0061CC105DCC10BFC6036844224C4C24210420A64801C726029AC82422886CDB01D2A602FD4401D34C051688693700E2EC255B80E3D700FFA61089EC128BC81090441C8
311
08136121DA8801628A58238E08179985F821C14804128B2420C9881451224B91354831528A542055481DF23D720239875C46BA913BC8003282FC86BC47319481B2513DD40CB543B9A8371A8446A20BD06474319A8F16A09BD072B41A3D8C36A1E7D0AB680FDA8F3E43C730C0E8180733C46C302EC6C342B1382C099363CBB1
311
22AC0CABC61AB056AC03BB89F563CFB17704128145C0093604774220611E4148584C584ED848A8201C243411DA093709038451C2272293A84BB426BA11F9C4186232318758482C23D6128F132F107B8843C437241289433227B9900249B1A454D212D246D26E5223E92CA99B34481A2393C9DA646BB20739942C202BC885E4
311
9DE4C3E433E41BE421F25B0A9D624071A4F853E22852CA6A4A19E510E534E5066598324155A39A52DDA8A15411358F5A42ADA1B652AF5187A81334759A39CD8316494BA5ADA295D31A681768F769AFE874BA11DD951E4E97D057D2CBE947E897E803F4770C0D861583C7886728199B18071867197718AF984CA619D38B19C7
311
54303731EB98E7990F996F55582AB62A7C1591CA0A954A9526951B2A2F54A9AAA6AADEAA0B55F355CB548FA95E537DAE46553353E3A909D496AB55AA9D50EB531B5367A93BA887AA67A86F543FA47E59FD890659C34CC34F43A451A0B15FE3BCC6200B6319B3782C216B0DAB86758135C426B1CDD97C762ABB98FD1DBB8B3D
311
AAA9A13943334A3357B352F394663F07E39871F89C744E09E728A797F37E8ADE14EF29E2291BA6344CB931655C6BAA96979658AB48AB51AB47EBBD36AEEDA79DA6BD45BB59FB810E41C74A275C2747678FCE059DE753D953DDA70AA7164D3D3AF5AE2EAA6BA51BA1BB4477BF6EA7EE989EBE5E809E4C6FA7DE79BDE7FA1C7D
311
2FFD54FD6DFAA7F5470C5806B30C2406DB0CCE183CC535716F3C1D2FC7DBF151435DC34043A561956197E18491B9D13CA3D5468D460F8C69C65CE324E36DC66DC6A326062621264B4DEA4DEE9A524DB9A629A63B4C3B4CC7CDCCCDA2CDD699359B3D31D732E79BE79BD79BDFB7605A785A2CB6A8B6B86549B2E45AA659EEB6
311
BC6E855A3959A558555A5DB346AD9DAD25D6BBADBBA711A7B94E934EAB9ED667C3B0F1B6C9B6A9B719B0E5D806DBAEB66DB67D6167621767B7C5AEC3EE93BD937DBA7D8DFD3D070D87D90EAB1D5A1D7E73B472143A563ADE9ACE9CEE3F7DC5F496E92F6758CF10CFD833E3B613CB29C4699D539BD347671767B97383F3888B
311
894B82CB2E973E2E9B1BC6DDC8BDE44A74F5715DE17AD2F59D9BB39BC2EDA8DBAFEE36EE69EE87DC9FCC349F299E593373D0C3C843E051E5D13F0B9F95306BDFAC7E4F434F8167B5E7232F632F9157ADD7B0B7A577AAF761EF173EF63E729FE33EE33C37DE32DE595FCC37C0B7C8B7CB4FC36F9E5F85DF437F23FF64FF7AFF
311
D100A78025016703898141815B02FBF87A7C21BF8E3F3ADB65F6B2D9ED418CA0B94115418F82AD82E5C1AD2168C8EC90AD21F7E798CE91CE690E85507EE8D6D00761E6618BC37E0C2785878557863F8E7088581AD131973577D1DC4373DF44FA449644DE9B67314F39AF2D4A352A3EAA2E6A3CDA37BA34BA3FC62E6659CCD5
311
589D58496C4B1C392E2AAE366E6CBEDFFCEDF387E29DE20BE37B17982FC85D7079A1CEC2F485A716A92E122C3A96404C884E3894F041102AA8168C25F21377258E0A79C21DC267222FD136D188D8435C2A1E4EF2482A4D7A92EC91BC357924C533A52CE5B98427A990BC4C0D4CDD9B3A9E169A76206D323D3ABD3183929190
311
7142AA214D93B667EA67E66676CBAC6585B2FEC56E8BB72F1E9507C96BB390AC05592D0AB642A6E8545A28D72A07B267655766BFCD89CA3996AB9E2BCDEDCCB3CADB90379CEF9FFFED12C212E192B6A5864B572D1D58E6BDAC6A39B23C7179DB0AE315052B865606AC3CB88AB62A6DD54FABED5797AE7EBD267A4D6B815EC1
311
CA82C1B5016BEB0B550AE5857DEBDCD7ED5D4F582F59DFB561FA869D1B3E15898AAE14DB1797157FD828DC78E51B876FCABF99DC94B4A9ABC4B964CF66D266E9E6DE2D9E5B0E96AA97E6970E6E0DD9DAB40DDF56B4EDF5F645DB2F97CD28DBBB83B643B9A3BF3CB8BC65A7C9CECD3B3F54A454F454FA5436EED2DDB561D7F8
311
6ED1EE1B7BBCF634ECD5DB5BBCF7FD3EC9BEDB5501554DD566D565FB49FBB3F73FAE89AAE9F896FB6D5DAD4E6D71EDC703D203FD07230EB6D7B9D4D51DD23D54528FD62BEB470EC71FBEFE9DEF772D0D360D558D9CC6E223704479E4E9F709DFF71E0D3ADA768C7BACE107D31F761D671D2F6A429AF29A469B539AFB5B625B
311
BA4FCC3ED1D6EADE7AFC47DB1F0F9C343C59794AF354C969DAE982D39367F2CF8C9D959D7D7E2EF9DC60DBA2B67BE763CEDF6A0F6FEFBA1074E1D245FF8BE73BBC3BCE5CF2B874F2B2DBE51357B8579AAF3A5F6DEA74EA3CFE93D34FC7BB9CBB9AAEB95C6BB9EE7ABDB57B66F7E91B9E37CEDDF4BD79F116FFD6D59E393DDD
311
BDF37A6FF7C5F7F5DF16DD7E7227FDCECBBBD97727EEADBC4FBC5FF440ED41D943DD87D53F5BFEDCD8EFDC7F6AC077A0F3D1DC47F7068583CFFE91F58F0F43058F998FCB860D86EB9E383E3939E23F72FDE9FCA743CF64CF269E17FEA2FECBAE17162F7EF8D5EBD7CED198D1A197F29793BF6D7CA5FDEAC0EB19AFDBC6C2C6
311
1EBEC97833315EF456FBEDC177DC771DEFA3DF0F4FE47C207F28FF68F9B1F553D0A7FB93199393FF040398F3FC63332DDB0000000467414D410000B18E7CFB5193000000206348524D00007A25000080830000F9FF000080E9000075300000EA6000003A980000176F925FC546000001934944415478DAEC955D9583301085
311
C33A4825C4C258A012A804905024800422A19540253416B01009DD877B764E0A6996435FEFF704C39CCCDCF909C6104208218410420821841042C821EABA7EE5B85EAF7068DB1696799E8D31D334BD3E0087D462ADC521CFE7538D755D67A34FD3942636CF73212BF05310360C43DBB6DF57C71863AD1591AC43D334E9B30A
311
2E64956A7813B02C4B5555555579EF61C946EDBA0E6E7DDFC3E2BD87E57C3EAB5B8C514F800C5852ACB510804FFA9A8DA8E1D206FE94E586100ED7FEF1786830C88065557E947C1CC76D433E9116E24D80730E7386C9E9FB5E5B718010428C5144ACB590B12D87A6EBBDBFDFEF10EC9C5BB961EB8661484BB36B07F6D4A300
311
726A9A46449665590970CEA9B018A37E2D048D31765D979635BF033ACAAB6BE1D814617E20265B7E11490BBCBD3974EB4EA7D36A28F21DD0ABE0DF3B618F002454989F15DA993DE477E076BB6DA7ED00E960AC8E121174268450FDA1F7CCFED12DEDC0388E97CBE5CBFF00F2C69467CB9F0AD3E73D3F044208218410420821
311
8410420839CCEF0093FA2B2C77C209510000000049454E44AE426082504B03041400060808003968B65CC9788313BA020000E10900003E00000042353632344142362D323545412D343836302D393743382D4643383146434644313042382F536368656D61732F42756D704D6170536368656D612E786D6CC5565D6FDA3014
311
7DDFAFB0FCBE422B4DDA03A1A245D390BA6E0242DB2764920B58759C28B659BB5FBF6B3B810442DDEE653CF0717DCFF139D7F73A0CAE5F324176502A9ECB885E5EF4290199E429979B881ABDFEFC955E0F3F0D464A819E255BC8D870104FC664C744446F4C56FC60858FD3DE7070C314F8A539BC685302AE5EA58775FD5A54
311
EBDAAF5BD0446AD84049781A519FBAF07A2829CC4AF024A26B26145052024B73295E23AA4B83BF9D882F96C370074765B0E6926B74F33E340A54BDCA47FD194F2EB02A96B672114F278E7E857E33562C6FB8C60F4A9810F9EFCC08CD0B0128C6806A49A344B01560A166B92913B08C335D62693BD896A644C9CED11E164FEF
311
2D66CC95663281166A0C85DE5262D06C442732C1EF0E7CB9478FB2DC486D09BE899CE916FA3E2F33266609137519BB70B7DB9C1F6D3BC713AC76AAABB105BED9EAA5AB48E5D71694B8D4E1C0932C6C755A129A30A71C5BAF827F778C04CFC6AA3F47209D07BFEF91756FAF26E8798656F1458EDE25CBD04CA0C95C66EB58BD
311
BB430337CED425DB2EFF07DAAAD94E4EBC1A95E5149878C84B81F384C7F6F8E6D9CFF81F208F1427127B2055A400EC3FA9D906F6C3C4655242864185B938FA9464383999C922DABFE85FF68F5E578704AE102B8CE23BC4B949C453EAD55D7AD4AFDDEA9FC2EA9FFE93FA5F658ED5D2AF23C199C211C7F788D6BDBEA846C6DE
311
55B5B32A863578131A7740AB5808EA907779F24CDD04D51B1FC221828791DCD8496FCAAE622168FC73BDC6BBBF8DAD8321F0A20B5C0743608F3DB5DD8887284E46A65980E3C58F9161079F277BB243FC6637EC37F76E709A3BD9EAD50FD29D13E7E9C2EAF0E6BDDD322941B47535E2214587D4E564BC1CA53BFB044BCFD1B5
311
723E401D2F1EFCB335BC43476A68A33B2E9FE7FE9E9F974CAA353E7154DB42774A88389E4201EC78A8AA6008BCE802D74104F79A7FD6FE02504B03041400060808003968B65C28BB58AF800100009E0500003D00000042353632344142362D323545412D343836302D393743382D4643383146434644313042382F53636865
311
6D61732F436F6D6D6F6E536368656D612E786D6CBD544D4FC23018BEFB2B96DE15493C78601010A34B880709DEDFB52FD0D8B54BD70DF6EFED3AC0B12E6442E2716BFB3CEFF3D18E26FB440405EA8C2B1992E1C323095052C5B8DC842437EBFB673219DF8DA659866649B798C078B48AE6410122242F2A4994AC7F93815DF8
311
5C049C8564CA0A901499DD886B2EB9B1E02448F358701A9235880C49A0119892A20C89D1B9FD768815CAD268CB5E0355B40B1E47F3E37A2020464BED06AA57CE8FCC20C3C3446D46761A2632A8C1283D07031EFF2AE7CCB1BFEEE916E406DFAC8E36FFD99A9D60A6944090EEDC3B670C7DC13DE86B6B2C5C240D6E503BB85A
311
CD579D513F1B9F9A69DC9CC22AFA80C426D40AF0B21EA168559156B6276F0F726A6BFF04DCD513A87A62CAD41FB24FCB2858B3952E3D852084DA25B9303C15687973CC8E8AAE11DF2836C38C6A9E765E8C1BA1BFB1DC29CDFE518C8B5A7655A4ED7E77291ABEB80DBD82EC866ADE1B8D05AF9E35CF09D7A061F38A986D9EC4
311
12B8F0F65E5D81534D9B231D1E5A8FE577A241F3A5FD01504B03041400060808003968B65C1004A04F380500005C1700003E00000042353632344142362D323545412D343836302D393743382D4643383146434644313042382F536368656D61732F47656E65726963536368656D612E786D6CED585B6FDB36147EDFAF20F4
311
1EC7F69A2005E214768278069665709ABE0A3445D9DCA80B44CA89F7EB7B0E2FBAC4B2A32643D10E33505411A9C373BEF39D1B2F3F3D27926C79A144964E82D16018109EB22C12E97A12943A3EB9083E5DFD7239558AEB07B6E109BDBA7C5CDC902D959360CE535E0866DF07A7579733AAB85D5AF234E2C51DD5B081CA7A87
311
DEE56E47E2D6689E735AD0947194500A22A249308DB6F82682A3782C52A141BD80E4E54A0A3609622A150F48C16994A57237097451C2DF462738529D3AC5FCFFB5B401988BC78824973CE1A9A628D91CB968BDBAC335B9A4BB379C6ABF5D2474CD7B9F773F7F78C349F055EF13FE2CF856F0A7379CE2BEBCCE6456F8E316A9
311
E66B5E18E4AC77BF5812F5937FDEF0F5BFE3E3C785576D96659253EB54863A87AB5D98ADFEE24C3B8E38FE48BAE2C062631799EDC8BDDD833C6E88585B9287340B23AEA990CA49B1A473421E81F856D06D9125E45E6F001C4F7F85D6DECA8C6A835753A250DA50DF92F743409CBC3BFA4C6EFCE2618D302A0CEDDB264D9395
311
0002937BC66489A18D0A345DD650415124BE376A745EA9F0E016108E328D14C979C1302CD6BC0A4191B2C2C49112FFC0DB51401288D6A44C26C1B87A160AB6A11E5BD862514BE8B3DB750607BABFF6F781D6A74EED6EA7AC28FB3BA68C87AC94B2138A99DB41AE7147A71F56659287340123812054CAEC8965690A74E111C5
311
BCA7260158B0963EC50C07E38FEDDFC5C5C70AB6A915F446D44E46C321E46087E23E221E2BC0DA6EB440EE6F44E80CE5AE2E2D2F31AD7AB71B8B139AF730773909401FE0D8DC3FCCFCC3D438DC1176062076C3CB4A9D953ACC72CA84867CDA0361E0910F4EF3B109A07D332211C72556825745A215835F47678059E337068E
311
3ACB0E2EA2B507175B0818FD1082EB4D26186F85BAD33464988F1420E1B9E43D522F8452A450106B04F01362BFF1B2BF5059B60F687C9F663A54396722163C7231012E7480FE916910E6572B6D8F4A54CBF92C5CD324A163C8508058D3F16A399B13B348C6830FB5FD47257A1B8D2CF08253EE776B3A72D782D895363D9602
311
0B6C18D3C86359B3C6D45E728B4B9D716893D091E4D533045F495D2EFEF633FF5A660A520A5790765FE52E12F0AC82685E7FFA0398D65528850A132894DDE9F837B1DE48F8A74D487795A482C7122A6DAE377BDC5DC212A465ECD8B03E7E2E208EC88DD9DA89456CFBC477FB798C74389668AB1A75C820AB7568FCBE0B5F94
311
DC9AFF0D038D9F77E49D45B8278FC7177D0DDCE732FA0BCDDB42720FA90E87115FF76375C5696F368AF83103F6A5911FFF03561EE06AD10ABE933AA9DEC398588888137017449E09C377051FCAEED1E8BC3BFA9CB27DA2CFDBF533459F374FC0C4FDECCBF3E06CDC6874E0710421EEAA6CEDBFEE60EB913607436C3F5BBF71
311
3F6F42253B9A4A0FD64C08416FA986EB02254B1846D82E7CE2584EBE31E340E9A8247483F07D5B84AE3A5AE0D4C5B202EE585468BA84105B1F5EC00C16FADB133FB7399F390FCF245CBF9027A137FD26D1D651058D44D9B331A93985CAC2046CB4ED9E0314977128A42C13DB06879A273052525D16BE833B8706BD1269FA69
311
F2B9B109BB55D30D37679986D85848B86F026CF21E74809100180B0D280C36F6015A7DFBD06AEB6F8D503BDCD7DD6DABBBEF54E1FF5EDF0E3AD53C03509B5B816FE9F51BC8026F44DAB82BA989F200C4220B24166C3037854094FD46C5648D9C42F8B07E53687D824917FED3CE56F3FBA68BE3C6853FCD64F4A00BB85831B1
311
243346654A134805AF5CF39A9DFE22C9906A6EAFE8303A5F4AC4FBE637489CB62EA59B9D529255F326CCC28ECB77F812A7D6E63DF957504B03041400060808003968B65C8A56E75334020000A30600004200000042353632344142362D323545412D343836302D393743382D4643383146434644313042382F536368656D61
311
732F507269736D436F6D6D6F6E536368656D612E786D6CB5555D6FDA30147DDFAFB0FC3E5A5035ED8150015D11DA8AA6F4437B8B2ECE4DB0E6D8C8765AF8F773EC7C4009AC7B184FC6F63DE7DC734F92F1EDAE10E415B5E14A467438B8A6042553299779444B9B7DFE4A6F279FC65363D03EB20D1630193F2FEFC82B8888FE
311
D4DC147355144A86337A3519CFC060387E7FB2941673D484A7110DF75F023125DB722D388B6806C220251A215552EC236A75E9FE7BB62F15FA210677789A2B9D142A4551DF720D0858A353F700D53108F2B4DF62553B5742057653EA0C182620D6982A4A4008F5C69494C82CA650356B226A9C0922B0C7CE1B4FB06816B366
311
31F58B9AD35378AE8DE20C7DABC76409AB5498ADA3AF15771B895436315B643CE398B68D04DDA1C475E1915F409401FE7CB977ADF363A52CE9C02B3FCE239978314B72280A18DDD4325DFF7593269E2D883F24A3C14DD76DAF26C12582AE31462DC68FB0ED545C051993F1A3D5CEF03ECB4A2D6B80B6FE395E55C4F742813D
311
2E91DC28ABD576FF81B146B4B367DA153AE03E31ED85E4BCA01833D4EE093A1E3D2BAD2A2D25D625D1651A77B6D46EFC7F8D5D44DB869705E43EC53DCA02FC0555C1E2239F649A25959CDAD826A4D5769EEF5ADAD5DD3D3D4DCAE1ED35B2DF05C866429DA1B36FF3EF0FD3959FD3FBA81D02783A9FD52E628BC5AF6ABC6D36
311
FA6D954A17E01EFCFF646B80BF60EB69FAB4B260DDABF443B3EDAC8A9BB2FEE435A8FF28A5CC37128DF99896C1E8FAF8371C76E3885583754E607D7E41E1616EDFC0B2CDC95BDF67C08FFDF073F307504B03041400060808003968B65C8FD2BEADA1020000E30900004200000042353632344142362D323545412D34383630
311
2D393743382D4643383146434644313042382F536368656D61732F507269736D4F7061717565536368656D612E786D6CED564D6FDA4010BDF757ACF65EA028955A09270A498B90923482243D5A833D8695F6C3F1AED3E6DF77BC6B1B1B4841957A0BA7C5CBBC7933EFCD98C9C56F25D90B1656181DF14F831167A813930ABD
311
8E78E9B28F5FF8C5F987C9A5B5E896C906159C4F1EE7D7EC0564C4EF0B61D58F1C9E4B0C777C783E9982C5CEF59551CAE8EDB57BCDEB6B050E0B0112F21CA1009D60152E542E51A176E088121369C4E7BD4733D414967096972B29928867202D725620A446CBD788BBA2A4EF9EE12D383BECD01CD6D1032ABBCA36D70ED758
311
F83481E353E8C569F05F2B8C52F870EA0A66428B8AF669D17BE43A441FE70DC5A52B480C9F429A04A40645D51D29DEFFB2D7892053C57717B052E41F002F7BB25D1969421B8DF7430C7285A9E10CA434BF12A335260E53A87C64236EA92419445A90EDBC5AB3E6306D0E97FE20618564369FA1E27FB5312241DF905EAE38A9
311
38D81CC84841FDED83581B17DB1C1391094C39EB62B210D2003F812C03FADBE1DE5B342A35CC9D7104D280B7140F22D9C56C1AAF4129189FD534A9FC1AC82EA633E62FD97870B62DF62092149AE6A6C618B71837E131B118864EF514EF77AC2CC8AABE9836FC717157E59D1A2311C2FCD531A884ADD6441D9185B1AB997F6B
311
2E29F6BB34E0BAFA64D4AAA33E88F868301A8F763E67DBC296D4E1524241939E497253B3313A7EAE9966A3F8EDCAF6D8C95209EDC15849E34B4E039DA2047B8FC5F2B984026F9136555DF656F550F20BB29B16A0927E77105AF858D15A25FB11D2D1669C3A146D6AB6A4D5E017E8FE78EC33781F15BF524E1A9503DD7BDB5C
311
D7C27A5F76DDAFB29CD7CEBA15528A9E9B069FDBC97BA077A0956542EFDF57768DB9DBF805B0EB2782FB1F4EEA65FF8962BD71DBFDB3534E9BFFDD47A7FBA8ABDB5FD6D381C5EB3AC638B87CBBDA55A20DBB7FD7FE00504B03041400060808003968B65CF702076DC3010000E60400004500000042353632344142362D3235
311
45412D343836302D393743382D4643383146434644313042382F536368656D61732F52656E6465724D6174657269616C536368656D612E786D6CA554CB4EC33010BCF31596EFF405481C9AA2A64851255E4A816BB438DBD4926347B15BE0EFF1236982021512B925E39D9D9D59677EF3510A72C05A7325233A1D4D2841C954
311
CE6511D1BDD99E5FD39BC5D97CA9359A0DDB61098BF9CBFA961C4044344599637D0F066B0E22C074BC98C7A0319C58A9B254B2435ED23BC2F388AECB4A6089D280B18D139496815152EDDF046711DD82D048498D902B293E236AEABD7DF74D5D839F69EE1D9F48E1F3BF448FC9E6BF144F351E38BEFF9D662D0D16587B7782
311
5FAF2195BF515C395B563BC5197A0AE68DCF363BA831CF7C7C8D7F0DA23D42898037B451BA833673DA92BC82D87F636ACFFB0CEC96F4EA30EF9A0FEAB85D91CAED89348D80E9B178DDC3ACFC71D06F2528A182138DD8672E4DC6DC57CF91467432BA985E4DBE3DB399079353607C0A5CDA0B70D4E65A122FA41BAEEF6C2729
311
08D315B076451BD55EB0FF9E092E11ACF8C6B5306028F9D5F15EB95426D31532BEE5D6EC700FBA0C1E94211D7ADC8341143D429D2671564059C2EC72108B4EE3847890CC4697DDF8A708DB01FD7AD8209A41EFC2DCFD7063A504821C7869545188D6C16DF801342CCE6B276363DC8EFA4AFD0E86ED0677C3B77747C7FD3FD6
311
17504B03041400060808003968B65C267B6EF90E020000C30600004300000042353632344142362D323545412D343836302D393743382D4643383146434644313042382F536368656D61732F546578747572654D61703264536368656D612E786D6CC5554D8FDA3010BDF75758BE7717D8AAEA81B0628B568AB4AB4AB00970
311
42DE6402D63A36B21D44FBEB3B890DE12309AB5E9A4B14CFCC9B37CFF360F8B8CF05D981365CC980F6EF7A94804C54CAE53AA085CDBEFEA08FA32FC3B1316067C90672361A46E184EC9808E81BEC6DA1E1956D07A90BD2FBD1F0891970F129C814F42BB3A039137546282DAC41139E06D49DC68E0125DBE25DF024A0191306
311
28D1C05225C5EF805A5DE077D5F65BD54529014C5618D6F158BD70F9E139BD69264DA6746E7C910714EC1D907999494E7290F629A903204EF673C3A404E151FA9478040C9143EC66F52A9CACC6E98EC904D22E24124ECAD9BAA9ACA2783E53854EE012132FCFB3C314E272DAB4FA956578A52F2AF96814C88549154746136E
311
6CC9FE4CEE293031575AA42E79414921B90D6828938D07AD1979C045C9E73368CBCFA02D6FA3CD1226A0895A7F70546BC6FF0059505C5D55C8D4902DA0B8D2B2351C1791CB44438E870673D12894E45CF2BCC803DABBEBF57B17CFA04EE0066B4561F80EEBAA2D4605EE0F12DC12A3A2DFA4C525FDE57FA2FFD4E0C38AF4C9
311
6A39EFFAD5AC82C7C57A168AD9B3AD8ADCA65C2D50447C00E56B6A1A4D610BCCFABAB39611F1312C6D685831F275B5C123E2CE9B6BE296A2B8AB2A6E192DBE315ADC3E5ADC395A0BCB4E92F3B15C8BC34F6DED5F77FAAF1639DAE5DA0D24677B67A487EFD8CE7F5DE795AEA92E0FDFA77F477F01504B030414000608080039
311
68B65C806C3A5EE0020000DF0B00004400000042353632344142362D323545412D343836302D393743382D4643383146434644313042382F536368656D61732F556E69666965644269746D6170536368656D612E786D6CAD56514FDB30107EDFAF88F23E5A9026EDA101B543A04830A69694F15499E4522C6C27B29D8EEED7
311
EF123B6DDCA6C5ABE0A12277BEEFBEF37D677B74F5CE59B002A96821A2F0FC6C180620D222A362198595CEBF7E0FAF2EBF8CC64A819EA5AFC0C9E52889AF8315615198089A53C8265473521A6F38B81C4D8802B3E011DE7525E19E9417D9D6AFD7A5F56BE3AF832A1AD02C0AC7D98A881432CC0139155423AF3028AB1746D3
311
28CC0953100612485608B68E422D2BFC6EC86012357018B95F5BE433ACB94E4979C98083D0A4CED2A48F1DD37DED6353B23E9981418839598277D687DBD9C9F930B6CD130B0D4B904D5966EFE7A6CD7EE0DF3A4DF9FC6624714B73A6256AAD61C98A9430413876F48386372B9DEE1B0D06567035F75DE05A7527007710EDBF
311
C9346EE85646FD2F8DFA1786401810C68A3FBC629AA2B85098152887681830F202383CB3A29229EC30EDC35C541247A0D1F8263899FEAC236F5841741F1956491B323C1B9E0F77FE2ECE3740937A258E6C51894C05252025D4FC1236B346452A9B2151F42F5A3192E358F28A47E12168BB802A8C6595A22B8C3383CAC9BB09
311
454A0864BEF6D7616583A6B4E3152E1EF21C8FA5B650A7A6C0FA4E2D6D53E63EBB96B7D90C8F1ABA93E836F886320DB5FEF76AD87A70332645C1809813CA0588059EDDED0ED8D3D1EACBB882E6EC39A695E9ED64CCB1FD2D4A471B922E5FB500A5FA15627A7A4C209FB98BBF6481F2D4EB31A344E198E12FDE50CE0CCE6778
311
80E090D71789BD5A16D686BBE80190F400589B1F40137F57A46F2E89ADD90FE6692C96BB85589B1F40D28E46772B5AA31FC4BC0FA235FA411884FDEDE8D8FD80A640D85321193E22B0C1BFDDCDDD759E02F97C0CF2B91E1F0FF56C8898FA0ED16CBD27811E226A407D99E25BE9C72B1102985B77C7EEC76E1BB088AF17ED13
311
EB10A8B3E6BF1324F32773677E9CA767A95FBA3B2ADEEC35FF2889507921B972CBE95FE2079F4CA1048227AD3396D6E80731EF83688D0831E83ED5FF01504B03041400060808003968B65CC5690AD33B0100004F0200004700000042353632344142362D323545412D343836302D393743382D464338314643464431304238
311
2F4173736574446174612F41737365745461626C654F66436F6E74656E74732E62696E8D915B4B033110858B8A22A8A082BFA0AF03B94D2E8FC926F1492C88CF126AC405B7AEED16FCF9CEAAE03E9462E0843049BE4CCE99CF6633663973A83588C66650D858B0C64768584E46E59C724C27746EA89FC3765D69F53DAE697E
311
5CB52F6D7D0EEDD095FE61F95ABB32A7B2E09825361C0823413995C0CB84A0590EA80C4FA8D4847840570E49FB880D33860B0F827B07CA4801C1480B8DB0DC39CF946666423C22DAF17EA209A989CE24482228505C4A080939F820BD12689CD7EC8A105D19EABA2D6FA5EF6B5997D5B28EEF9C92CE49B77545BBCB9FAF0315
311
FE837D5ABC6F06C138EEE68FEC0BD22569B16E37DD7D5F3EB6F5CFDE889189C034D89811544004AFB304E925D38E8C0FD14DCC3823CE68EDD86FD876FDDD34AA6483CA9E02320D6314BE93E03050F85A9B18131319F38435F675F3CBDB11FE17504B03041400060808003968B65CC55C663656000000680000004100000042
311
353632344142362D323545412D343836302D393743382D4643383146434644313042382F4173736574446174612F53747265616D56657273696F6E5461626C655D8CBD0A80300C06F73E4B29FE6CDD8A2E82A083B8B7F209014925C9FBA3AEAEC7DD2555D896CB85E51C2A1BD834F6A1F56EC4494C4695278364ABB24ABD21
311
46F88CCEBB89D5321FF8F3F43D672A3B44DF3CB6A1710F504B03041400060808003968B65C85C18931390100009E0400003600000042353632344142362D323545412D343836302D393743382D4643383146434644313042382F4173736574446174612F636E782E786D6CCD94314FC3301085FF4A64893189132882CA7185
311
60E904121503DBD5B914AB8E1DD91704FF1EBBCD002A622143D7D3BBBBE74F7E27561FBDC9DED107ED6CC3AA82B30CAD72ADB6BB868DD4E5372C5B49E19DA36F329659E8B161A9CCA4D879370E53A9C50E4693AA46DBFD54BC0B0169035B838FDDBDB3849602CB9481101A16D41BF650C048AEC5B02F5A2028AAC26370A357
311
182791EE719AA43C0261CB64CDEBEB9C2FF2BADE54974B5E2D17FC55944929C5D63933E9755CE6DD70517375DCCB2417651248317A3DA9D26B98FCCD65B1D55694512945201FA94C1DF439C40E1806A3155084573A4548791421F4A23C8AA52813851F2C1EB0D356A79675B406E4FC5334889E34CECEE4EAF6BF4CFE723B3F
311
9BB50D0456E1391339F5383F87E7C32F7A39C6F2909BF34BCBA9C71972521E4E498C4DBA2CF20B504B03041400060808003968B65C25F1962EED0000006C0100006700000042353632344142362D323545412D343836302D393743382D4643383146434644313042382F5265736F75726365732F30383130393536362D3243
311
38462D343543382D383741442D4330464537344646454644452F7468756D626E61696C2F302F636E782E786D6C65D0CD4EC5201005E05769485CB6A5F5277A43B989CFA01B3706615AC90586C060F4ED056561E26AC8C997C970C4F9D3BBE10352B61836B64C9C0D10341A1B8E8D15DAC77B369CA54888F487B121280F1B6B
311
3193E24858628F0CECAAB8963A1B2E3D7C0E76B7601E2D79155F6338D8A09DCA796359BF8357932A8406F265328AD4B44C093296A4A1AE21EBA1AFD10914816172E5EBDDC86FC7757D5AAE4F7C39DD3CBC88B94929DE105DF73610248C572BD7589FA15EC5C5DC801425D9AEDA5798FC77A2982B912253AA5D744A5FB15215
311
A3B35A51AD6C464D406345A0BC987FB11473FB7B1D3FC5D4D97A92DF504B03041400060808003968B65CA233C2345D000000800000006500000042353632344142362D323545412D343836302D393743382D4643383146434644313042382F5265736F75726365732F30383130393536362D324338462D343543382D383741
311
442D4330464537344646454644452F7468756D626E61696C2F636E782E786D6C4D8B490E80201004BF42E6EE76F3C0F216234B883063108CCF170C074F95AE5473F5C4C06E932E4F28601967600677D21E9D8092EDB002539227A2FCCB80E1168D80A6417297A89C5D6963B7129A0D1E8F2EE73AA7B62BBEB8B27DE50B504B
311
03041400060808003968B65CBE89762363000000880000005B00000042353632344142362D323545412D343836302D393743382D4643383146434644313042382F5265736F75726365732F30383130393536362D324338462D343543382D383741442D4330464537344646454644452F636E782E786D6C4DCC3B0E80201004
311
D0AB90EDFD75167CCE820A4A845D83603CBE602CAC26799919AEEEE0D965E2E908050C6D0FCCE04C8BC355404EB6198129C92351FAD580A10E464065907C8D948F8F166375F655BDC3FDC3B4E530A176BE7057BDC43B2A593FE403504B03041400060808003968B65CF3EB8533E70000006001000067000000423536323441
311
42362D323545412D343836302D393743382D4643383146434644313042382F5265736F75726365732F37424543443937452D453242342D343133332D424535312D4142334134323537394136302F7468756D626E61696C2F302F636E782E786D6C4D90CD6EC4200C845F2542EA3181A43F6A57847D899E7AA95CE24DD1128C
311
C054EDDB175A0E7B1A6BFCC9F28C3E7F1F7EF8C2941D8555CC931203064B9B0BFB2A0A5FC667319C8D4E447C838921C081AB68B6307A4F5462B736BC40F1CDF52E5CBBB963C0E4EC7B0CBB18AC879C5791ED271E304161DA305FA70D18A6794A98A9248BF500BB03FB019B1018376116B53C8DEA715C96D7F9FEA4E6D3C3CB
311
9B968D34FA83C877DE05C644F16E5196EA18EA3F4ACB06185D92EB540B21CCCD735AD6A5D19953CDDF21FE89158218BDB3C0B526499691C70A211C5AFEC346CB96B7CA5F19555B37E617504B03041400060808003968B65CA233C2345D000000800000006500000042353632344142362D323545412D343836302D39374338
311
2D4643383146434644313042382F5265736F75726365732F37424543443937452D453242342D343133332D424535312D4142334134323537394136302F7468756D626E61696C2F636E782E786D6C4D8B490E80201004BF42E6EE76F3C0F216234B883063108CCF170C074F95AE5473F5C4C06E932E4F28601967600677D21E
311
9D8092EDB002539227A2FCCB80E1168D80A6417297A89C5D6963B7129A0D1E8F2EE73AA7B62BBEB8B27DE50B504B03041400060808003968B65CBE89762363000000880000005B00000042353632344142362D323545412D343836302D393743382D4643383146434644313042382F5265736F75726365732F374245434439
311
37452D453242342D343133332D424535312D4142334134323537394136302F636E782E786D6C4DCC3B0E80201004D0AB90EDFD75167CCE820A4A845D83603CBE602CAC26799919AEEEE0D965E2E908050C6D0FCCE04C8BC355404EB6198129C92351FAD580A10E464065907C8D948F8F166375F655BDC3FDC3B4E530A176BE
311
7057BDC43B2A593FE403504B03041400060808003968B65C43EED02AEC000000680100007000000042353632344142362D323545412D343836302D393743382D4643383146434644313042382F5265736F75726365732F37424543443937452D453242342D343133332D424535312D4142334134323537394136305F506F73
311
74323031352F7468756D626E61696C2F302F636E782E786D6C5DD0C14EC4201006E05769483CB6405D8D6E28FB0A1E3C79D9209DED920586C060F4ED05EDC1781AF2E7CB64F8D5E933F8E103727118172627C10688165717B78555BA8C4F6C38699511E90F6343340116D663A6D596B1A63D5AE162AAEFA977F1B687747EC9
311
AE84511EE439C58D0DD69B521656EC1582994C255CA1DCA6D59099E494A160CD16DA127201F62536832158999EC5FC388A87719E5FE5FD51C8E3E1F94DF12EB57A47F4BB77912063BA9B85C5F68CED26A178075AD5EC76D53FC2F4BF03156F40AB42B9F5B043FA4A0D9A94BCB3865A5D1C2D018D0D81098AFF62AD78FF771B
311
3FA5B4D93BD2DF504B03041400060808003968B65CA233C2345D000000800000006E00000042353632344142362D323545412D343836302D393743382D4643383146434644313042382F5265736F75726365732F37424543443937452D453242342D343133332D424535312D4142334134323537394136305F506F73743230
311
31352F7468756D626E61696C2F636E782E786D6C4D8B490E80201004BF42E6EE76F3C0F216234B883063108CCF170C074F95AE5473F5C4C06E932E4F28601967600677D21E9D8092EDB002539227A2FCCB80E1168D80A6417297A89C5D6963B7129A0D1E8F2EE73AA7B62BBEB8B27DE50B504B03041400060808003968B65C
311
BE89762363000000880000006400000042353632344142362D323545412D343836302D393743382D4643383146434644313042382F5265736F75726365732F37424543443937452D453242342D343133332D424535312D4142334134323537394136305F506F7374323031352F636E782E786D6C4DCC3B0E80201004D0AB90
311
EDFD75167CCE820A4A845D83603CBE602CAC26799919AEEEE0D965E2E908050C6D0FCCE04C8BC355404EB6198129C92351FAD580A10E464065907C8D948F8F166375F655BDC3FDC3B4E530A176BE7057BDC43B2A593FE403504B03041400060808003968B65C839BACB2EA000000600100006700000042353632344142362D
311
323545412D343836302D393743382D4643383146434644313042382F5265736F75726365732F44354430324230362D384446352D344235352D413646332D3341333036393335434244392F7468756D626E61696C2F302F636E782E786D6C4D90414FC3300C85FF4A158963DBB468084D6926EDCE8D131764526F444BE22871
311
10FC7B12C861A7673D7FB2FC9E3A7D7B377C61CA96C22696498A0183A1DD86EB260A5FC667319CB44A447C87892180C74D345B68754D5462B776BC4071CD7536DCBA792E3EBE407C8FE12A06E320E74D64F3891E26284C3BE6DBB403C3B44C09339564B01E60EBB11F30098171177A95EBD3280FE3BABE2E8F47B91C0FF24D
311
CD8DD4EA83C875DE06C644F1619586EA18EA3F52CD0DD0AA24DBA91642E8BBE7D45C975A654E357F87F82756086274D600D79A66328C3C5608C1ABF91FD66A6E79ABFC9551B575A37F01504B03041400060808003968B65CA233C2345D000000800000006500000042353632344142362D323545412D343836302D39374338
311
2D4643383146434644313042382F5265736F75726365732F44354430324230362D384446352D344235352D413646332D3341333036393335434244392F7468756D626E61696C2F636E782E786D6C4D8B490E80201004BF42E6EE76F3C0F216234B883063108CCF170C074F95AE5473F5C4C06E932E4F28601967600677D21E
311
9D8092EDB002539227A2FCCB80E1168D80A6417297A89C5D6963B7129A0D1E8F2EE73AA7B62BBEB8B27DE50B504B03041400060808003968B65CBE89762363000000880000005B00000042353632344142362D323545412D343836302D393743382D4643383146434644313042382F5265736F75726365732F443544303242
311
30362D384446352D344235352D413646332D3341333036393335434244392F636E782E786D6C4DCC3B0E80201004D0AB90EDFD75167CCE820A4A845D83603CBE602CAC26799919AEEEE0D965E2E908050C6D0FCCE04C8BC355404EB6198129C92351FAD580A10E464065907C8D948F8F166375F655BDC3FDC3B4E530A176BE
311
7057BDC43B2A593FE403504B03041400060808003968B65C62B069B3C5000000570100003600000042353632344142362D323545412D343836302D393743382D4643383146434644313042382F5265736F75726365732F636E782E786D6C9D90496AC3401444AF227AFFE39E7E0F20C9F4B8CE0D828965232C7707590A397E
311
AC6048025965FBA85750D5EE3FAE53F33ECCB7B1968EB0274A9AA1BCD6E358CE1D59971318D2ECFB76AE75F911234D395C878E6C98F4ED79AEEBDB031D87D3619D363A8DE5F280D4306A5129E0C16490180C18ED22049A939639A71CD3DDD86DCA2F51FB14A2D50912F7122413027C4206CE0B27396AEB14FDB7F8F25C6F0B
311
A70CFF6C881829F754818919417A44702A0B104E506505061FEDB7B8FBFAE03E61BBA4FF04504B03041400060808003968B65C694EE64E55010000440800003400000042353632344142362D323545412D343836302D393743382D4643383146434644313042382F536368656D61732F636E782E786D6CCD953D4FC3301445
311
FF4A6489B1891354842AC795CAC05481A02C6CC67E2D56FD853F50F9F7382143AA762343B6E4E9C8BAE726F223EB9356C537F820AD69515D625480E156487368518AFBC53D2AD694786BE3084385611A5AD48D1125076F931B4602F62CA96EAAA4390EC34DD26ECBDC2BFF04CD50C1150BA145A17F2D598A56403896824556
311
D6A5876093E7908F8852C37004F7C02208441BDCDC2DF072D134BBFA7685EBD512BF93AA2329F9B0560DBC3411BC75370DE6363F9A9C0893AA0328495E0E54A781E859BC323742AA8C5012A2CF3D0C68FC711965CE29C959CC75553DF8C7505275BA67D20F566B6BE6EA3C4E3799F22318F092CFD5F92CDE64D2CF5E063DAE
311
737E3FF845C469E59F1CFB4A30D7AFDECB8F234E26FF024680DFE67BC94BA6E6EA7F2DE56415ECE01493877CB93762AE055C669C4CFFCDC8BD04B19151CF77BD5D09F9BF02AA7EE1E79DD7ED7FFA0B504B03041400060808003968B65CE3603EBE7A000000C20000002C00000042353632344142362D323545412D34383630
311
2D393743382D4643383146434644313042382F636E782E786D6C6DCD410EC2201085E1AB90D9DBEACE05D09878023D01A1D34A8419C380F1F82DA68B9AB8FDFEC93C3D7C52546FCC12980C9CBA232824CF63A0D9402DD3E10C6AB03A3397DD192872090D3406ABE7CCF5B5D18893ABB1690CF4DCF02282E5EA8A5BB96FFE53
311
6F285CB347F95BEFFE81C9ED5AFF9D5B1FB575BB00504B03041400060808003968B65C08450D0A7F000000A300000007000000636E782E786D6C4D8CD10E822018465F85FDF7143825DA002794EFE1121D13A191B61E3F685E74F56D67DF39A2FDAC1EBD6D7AB91824D0130164C3238E2ECC12F66DC21C50AB448A71FBBB01
311
0AC36A25140C4ACC29EECF038D761A765FA8776139A06E5855779AE1AAB977B8E68CE0EBC570DC1B4E7BD3DF28D13C1BE7A2E4F9F5F296BCFA02504B03041400060808003968B65C1E7A0675A400000032010000130000005B436F6E74656E745F54797065735D2E786D6C95904B0EC2300C44AF1279DFBAB0400835ED02B8
311
011708C16D239A8F121795DB93D22D20B1B467DE8CE5BA9DED281E1493F14EC2A6AC4090D3FE665C2F61E2AED883689BFAF20C9444F6BA2461600E07C4A407B22A953E90CB4AE7A3559CC7D86350FAAE7AC26D55ED507BC7E4B8E025039AFA449D9A4616E739AFD7DE8C8338AEBEA54A820A61345A713E0B17153F7257E37E
311
705E3371913892B25F02FEA0F1FD83E605504B03041400060808003968B65C3DEE336E64000000790000001B0000006175746F6465736B2D64657369676E2D7061636B6167652E786D6C35CBC10E83200C00D05F21DCA56CA76D41FC96062B120735B69A7DBE268BB7777961F8D5AF396893C2ADB70FE7ADA196782C2DF776
311
D7A97B5933C430F15651E5469C55D70F80A4992A3ADC954792C525AE70A1E4D6AD9816CC044FEFDF01FE3FDE907802504B03041400060808003968B65C3D10876BF8000000960100003700000042353632344142362D323545412D343836302D393743382D4643383146434644313042382F4173736574446174612F636F72
311
652E786D6C8550CB6E833010FC15B477836D202A917194D0F0053DF56619875A0936F2A3EAE7D70E546A4F3DED6A76667677D8E96B79149FCA796D4D0FA4C4502823EDA4CDDC430C37F402C58933676DF84583C28845F59061E06C7636AE3B24AD09CA64D4D849EDA0F05E0528E423353D78F9A116518A1812C3DFCB55C8BB
311
985549CA8DC7598C7ADAA57A4A6EFAA695038EDBA6C30369513BE0163587EB882EE3B9469836F442F0751C868E5559CC59D0CBCF76E994086A024E313DA0A4A4F48DD4474C8E4DF7CEAACCE4CC07977EDE97E6EF809FF3D5AF2208566DD33FAE719DFE778DDA849AEEAE9BC20327E9C8E780B32AA794CA33C25473A2FC1B50
311
4B03041400060808003968B65C32179A03F10000008E0100006800000042353632344142362D323545412D343836302D393743382D4643383146434644313042382F5265736F75726365732F30383130393536362D324338462D343543382D383741442D4330464537344646454644452F7468756D626E61696C2F302F636F
311
72652E786D6C8550CB6EC32010FC156BEFD880EDA889305163C55FD0536F08888B1283C5A3EAE71762576A4F3D2D1AE6B13BECFCB53CAA4FED837176005263A8B4954E193B0F90E20DBD4075E6CC3B177FD1A0B262D1031418389BBD4BEB0E4967A3B605B54EE91D1421E808957CE4C700417EE845D422C5CC08F77A15F22E
311
665D937AE371969251BBD4A8EC666E467BE0B8EF8E78243DEA47DCA3EE709DD0657A6D11A61DBD107C9DC6F1C89A22E62C9AE5275D7A2DA256C029A607949594BE91F684C9A93BBEB3A630390BD1E79BF7D0725D8E63CD86FE714BABFADF2D191B5BBABB6D8A009CE4E59E1F9C35A59D3C9ED5E5599AE4DF504B0304140006
311
0808003968B65C5DDEB669F9000000960100006600000042353632344142362D323545412D343836302D393743382D4643383146434644313042382F5265736F75726365732F30383130393536362D324338462D343543382D383741442D4330464537344646454644452F7468756D626E61696C2F636F72652E786D6C8550
311
CB6E833010FC15B477C03610359171D4A0F0053DF5E6DA0EB10236F2A3EAE7D70E546A4F3DED6A76667677E8F96B998B4FE5BCB6A6075C21289411566A33F510C3AD7C81E2CCA8B336FCA24161F8A27AC830303A391BD71D12D60465326AAC543BC8BD57010A31A7A6072FEE6AE1158F2131FCA35AB978F04955B8DA788CC6
311
A8E52ED532B9E99B560E18EADA231A70577603EACAF6701DCBCBF8DA9488B4E482D1751C8623ADB398D1A0979FEDC2291E9404461039944949C81B6E4E089FDAE33BAD3393511F5CFA795F9ABF0316EE71F9305CCFB4DEA67F5CE32AFF778DDA8486ECAE9BC203C3E9C8E780D13AA794CA33C25473A2EC1B504B0304140006
311
0808003968B65C16AFB26A0D010000B10100005C00000042353632344142362D323545412D343836302D393743382D4643383146434644313042382F5265736F75726365732F30383130393536362D324338462D343543382D383741442D4330464537344646454644452F636F72652E786D6C85904D6EC3201484AF62B1C7
311
06FC133BC244093127E8AA3B6413172506CB40D5E31712576A575D3D34CCF0F1869EBE9647F6A936A7ADE901CE11C89419EDA4CDDC83E06FB005D989D1CD5AFFCB06322317D583240346E7CD867597466BBC3249357652BB289D531E64E3231E7AE0C60FB5C85C061F1DEE9EAF72BCCB59E5387FF9180D414F7B544FF1357D
311
D36A030CD5558738AE61CD510DAB6610F022CE2544A422178C06C179478B1466D4EBE5873E6E4A7A3501461069604C12F286CB23C2C7AA7BA7457232EAFC1677DEA169BB886B31EAEAA68184B70256356F617B385F2147623854420CE23AD0E215FC030CEBF43F3068E34BB2035F0907188EFF7F5E305AA402E378B61B672A
311
9B7D03504B03041400060808003968B65C32179A03F10000008E0100006800000042353632344142362D323545412D343836302D393743382D4643383146434644313042382F5265736F75726365732F37424543443937452D453242342D343133332D424535312D4142334134323537394136302F7468756D626E61696C2F
311
302F636F72652E786D6C8550CB6EC32010FC156BEFD880EDA889305163C55FD0536F08888B1283C5A3EAE71762576A4F3D2D1AE6B13BECFCB53CAA4FED837176005263A8B4954E193B0F90E20DBD4075E6CC3B177FD1A0B262D1031418389BBD4BEB0E4967A3B605B54EE91D1421E808957CE4C700417EE845D422C5CC08F7
311
7A15F22E665D937AE371969251BBD4A8EC666E467BE0B8EF8E78243DEA47DCA3EE709DD0657A6D11A61DBD107C9DC6F1C89A22E62C9AE5275D7A2DA256C029A607949594BE91F684C9A93BBEB3A630390BD1E79BF7D0725D8E63CD86FE714BABFADF2D191B5BBABB6D8A009CE4E59E1F9C35A59D3C9ED5E5599AE4DF504B03
311
041400060808003968B65C5DDEB669F9000000960100006600000042353632344142362D323545412D343836302D393743382D4643383146434644313042382F5265736F75726365732F37424543443937452D453242342D343133332D424535312D4142334134323537394136302F7468756D626E61696C2F636F72652E78
311
6D6C8550CB6E833010FC15B477C03610359171D4A0F0053DF5E6DA0EB10236F2A3EAE7D70E546A4F3DED6A76667677E8F96B998B4FE5BCB6A6075C21289411566A33F510C3AD7C81E2CCA8B336FCA24161F8A27AC830303A391BD71D12D60465326AAC543BC8BD57010A31A7A6072FEE6AE1158F2131FCA35AB978F04955B8
311
DA788CC6A8E52ED532B9E99B560E18EADA231A70577603EACAF6701DCBCBF8DA9488B4E482D1751C8623ADB398D1A0979FEDC2291E9404461039944949C81B6E4E089FDAE33BAD3393511F5CFA795F9ABF0316EE71F9305CCFB4DEA67F5CE32AFF778DDA8486ECAE9BC203C3E9C8E780D13AA794CA33C25473A2EC1B504B03
311
041400060808003968B65C4BA37D340D010000B10100005C00000042353632344142362D323545412D343836302D393743382D4643383146434644313042382F5265736F75726365732F37424543443937452D453242342D343133332D424535312D4142334134323537394136302F636F72652E786D6C8590516F83201485
311
FF8AB9EF2820DAD9208D3AFB0BF6B437A2B423AD600496FDFC41EB92ED694F971CCEE1E31E7EFA5AEED9A7DA9CB6A6059263C89499ECACCDB585E02FE805B293E09BB5FE970D322317D5429241F0EB66C3BA4B93355E99A41A3BAB5D94CE290FD9748F8716DCF4A11699CBE0A3C3DDF2554E37795539C99F3EC143D0F31ED5
311
737C4D5FB4DA40E08A35782015AA065C21568F67D49FBB1261CA684FF0781E868617292CB8D7CB0F7DDA94F46A064131AD514C52FA46CA232647D6BCF3223905777E8B3BEFD0B41D88433F0EAFCD614423ED1962A42C513F5604757DD9315A1D9AAEC6BC7806FF00C33AFF0F0CDAF892EEC067C28120F1FF8F0BC18B54601C
311
8F76E34C658B6F504B03041400060808003968B65C32179A03F10000008E0100007100000042353632344142362D323545412D343836302D393743382D4643383146434644313042382F5265736F75726365732F37424543443937452D453242342D343133332D424535312D4142334134323537394136305F506F73743230
311
31352F7468756D626E61696C2F302F636F72652E786D6C8550CB6EC32010FC156BEFD880EDA889305163C55FD0536F08888B1283C5A3EAE71762576A4F3D2D1AE6B13BECFCB53CAA4FED837176005263A8B4954E193B0F90E20DBD4075E6CC3B177FD1A0B262D1031418389BBD4BEB0E4967A3B605B54EE91D1421E808957C
311
E4C700417EE845D422C5CC08F77A15F22E665D937AE371969251BBD4A8EC666E467BE0B8EF8E78243DEA47DCA3EE709DD0657A6D11A61DBD107C9DC6F1C89A22E62C9AE5275D7A2DA256C029A607949594BE91F684C9A93BBEB3A630390BD1E79BF7D0725D8E63CD86FE714BABFADF2D191B5BBABB6D8A009CE4E59E1F9C35
311
A59D3C9ED5E5599AE4DF504B03041400060808003968B65C5DDEB669F9000000960100006F00000042353632344142362D323545412D343836302D393743382D4643383146434644313042382F5265736F75726365732F37424543443937452D453242342D343133332D424535312D4142334134323537394136305F506F73
311
74323031352F7468756D626E61696C2F636F72652E786D6C8550CB6E833010FC15B477C03610359171D4A0F0053DF5E6DA0EB10236F2A3EAE7D70E546A4F3DED6A76667677E8F96B998B4FE5BCB6A6075C21289411566A33F510C3AD7C81E2CCA8B336FCA24161F8A27AC830303A391BD71D12D60465326AAC543BC8BD5701
311
0A31A7A6072FEE6AE1158F2131FCA35AB978F04955B8DA788CC6A8E52ED532B9E99B560E18EADA231A70577603EACAF6701DCBCBF8DA9488B4E482D1751C8623ADB398D1A0979FEDC2291E9404461039944949C81B6E4E089FDAE33BAD3393511F5CFA795F9ABF0316EE71F9305CCFB4DEA67F5CE32AFF778DDA8486ECAE9B
311
C203C3E9C8E780D13AA794CA33C25473A2EC1B504B03041400060808003968B65C77DB736015010000BA0100006500000042353632344142362D323545412D343836302D393743382D4643383146434644313042382F5265736F75726365732F37424543443937452D453242342D343133332D424535312D41423341343235
311
37394136305F506F7374323031352F636F72652E786D6C8550C16E842014FC15C31D0504B76E908D5AF7DC434FBD3444594B760523D0F4F30BBB36694F3DBD9779336F32C34F5FCB2DFB549BD3D63400E70864CA8C76D2666E40F017F804B293E09BB5FE170D64462EAA01090682CF9B0DEB0E8DD67865126AECA476503AA7
311
3CC8C65B5C1AE0C60FB5C85C061F19EE9AAF72BCCA59E5387FF0040F414FBB544FF19BBE68B5018118AD518F19643D629056C31976E7B6848850D261349CFBBEE645120BEEF5F2E33E6E4A7A35014110A9605412F28ACB23C2475ABFF1223105777E8B9977D3940E884337F4CFF5618003E928A4B82C6137300CDBAE6C2961
311
87BAADD0FB8B759E20CC78F1F8F0C739ACD3FFCE411B5F92DDF9A17040E018E47E10BC484DC671AF39CED4BAF806504B03041400060808003968B65CB3E14C46F10000008E0100006800000042353632344142362D323545412D343836302D393743382D4643383146434644313042382F5265736F75726365732F44354430
311
324230362D384446352D344235352D413646332D3341333036393335434244392F7468756D626E61696C2F302F636F72652E786D6C8550CB6EC32010FC156BEFD880EDA889305163C55FD0536F08888B1283C5A3EAE71762576A4F3D2D1AE6B13BECFCB53CAA4FED837176005263A8B4954E193B0F90E20DBD4075E6CC3B17
311
7FD1A0B262D1031418389BBD4BEB0E4967A3B605B54EE91D1421E808957CE4C700417EE845D422C5CC08F77A15F22E665D937AE371969251BBD4A8EC666E467BE0B8EF8E78243DEA47DCA3EE709DD0657A6D11A61DBD107C9DC6F1C89A22E62C9AE5275D7A2DA256C029A607949594BE91F684C9A9C7EFAC294CCE42F4F9E6
311
3DB45C97E358B3A17FDCD2AAFE774BC6C696EE6E9B22002779B9E707674D69278F6775799626F937504B03041400060808003968B65C51FA6721F9000000960100006600000042353632344142362D323545412D343836302D393743382D4643383146434644313042382F5265736F75726365732F44354430324230362D38
311
4446352D344235352D413646332D3341333036393335434244392F7468756D626E61696C2F636F72652E786D6C8550CB6E833010FC15B477C03610359171D4A0F0053DF5E6DA0EB10236F2A3EAE7D70E546A4F3DED6A76667677E8F96B998B4FE5BCB6A6075C21289411566A33F510C3AD7C81E2CCA8B336FCA24161F8A27A
311
C830303A391BD71D12D60465326AAC543BC8BD57010A31A7A6072FEE6AE1158F2131FCA35AB978F04955B8DA788CC6A8E52ED532B9E99B560E18EADA231A70577603EACAF6701DCBCBF8DA9488B4E482D1751C8623ADB398D1A0979FEDC2291E9404461039944949C81B6E4E089F3AF44EEBCC64D407977EDE97E6EF80857B
311
5C3E0CD733ADB7E91FD7B8CAFF5DA336A121BBEBA6F0C0703AF23960B4CE29A5F28C30D59C28FB06504B03041400060808003968B65CE1BA2F4A0C010000B10100005C00000042353632344142362D323545412D343836302D393743382D4643383146434644313042382F5265736F75726365732F44354430324230362D38
311
4446352D344235352D413646332D3341333036393335434244392F636F72652E786D6C8590CD6EC32010845FC5DA3B0E3FC14A224C14DBF113F4D41BB2898B128365A0EAE31712576A4F3D2D1A66F8D811E7AFF9517CEAD51B676B20258642DBC18DC64E35C470430728CE52ACCE855F3628AC9A750D590629A6D5C5659306
311
6783B659B56ED49BA8BCD7018AE1910E35F8E143CFAA54312487BF978B1AEE6AD225295F3E296234E31635637ACDDC8C5E4162BE3FE29670C45BCCD1BEBAF6A8E92F0C61BAA70DC1D7BE6D8F6297C3520433FFD08755ABA0479014D30AA524A56F849D303971FC2E76D929850F6BDA7983E6ED4076BCC3B4C1153A747DC235
311
9CA34BD533C42E0C5747C6DBA64BB857F00F302EE3FFC0686C607403BE121E2449FF7F5E48B1CB05A6F16C37CD5CB6FC06504B03041400060808003968B65CA94CE036F9000000960100003700000042353632344142362D323545412D343836302D393743382D4643383146434644313042382F5265736F75726365732F63
311
6F72652E786D6C8550CB6EC23010FC9568EF4E6C93A006394625820FA87AEACD7216B02036F2A3EAE7D726A9D49E7ADAD5ECCCECEE88FDD77CAF3ED107E3EC00ACA650A1D56E32F632408A67F202D55E0AEF5CFC4583CAAA190728304871F12E3D56483B1BD116D4BA0957508580112A7DCFCD00415F7156B54A3133C2AD7E
311
287D5317AC59BDF0A448C94CABD44CD9CD9C0D7A90B46B7B3AB28E7423ED48BB3D9EC8E1F4BA2194B7FCC0E8F1348EBD688A588A68E69FEDDAA38A3881E4946F495672FECE363BCA766DFF219AC29422449F7F5E9796EF40BE6170C96B0CA259A67F5CD363FADF35191B377C755D140124CB473E07523425A55C9E11E65A12
311
95DF504B03041400060808003968B65C33FF3118F7000000940100003500000042353632344142362D323545412D343836302D393743382D4643383146434644313042382F536368656D61732F636F72652E786D6C8550CB6E833010FC15B477836D206A22E3A841E107DA536F9671889560233FAA7E7E6DA0527BEA6957B3
311
33B3BBC3CE5FF3B3F854CE6B6B3A202586421969476DA60E62B8A11728CE9C396BC32F1A1446CCAA830C036793B371D921694D5026A3C68E6A0785F72A40219FA9E9C0CBBB9A452962480CFF2817211F62522529371E6731EA7197EA31B9E99B560E386E9B23EE498BDA1EB7A8395C0774195E6B8469432F045F87BE3FB22A
311
8B390B7AFED92E9D12418DC029A607949494BE93FA84C9A9397EB02A3339F3C1A59FF7A5F93BE06FEB9D9E55DBEC8F675CC6FF3DA336A1A6BBE7A6F0C0493A711D7056E58C5259034C35E7C9BF01504B03041400060808003968B65C67A4806504010000D80100002D00000042353632344142362D323545412D343836302D
311
393743382D4643383146434644313042382F636F72652E786D6C95914D7284201085AF62F51E15FC8933854C8D269E20ABEC88F438D48C6009A672FC6034956497ACA01EDFEBE675F3D3FB788FDE7076DA9A1A689C4284A6B74A9BA186C55F4805D149F0D95AFF0383C8C8116B5865107C98ED32ED526F8D47B3AAC62ADC45
311
E91C7A88FA7BB8D4E0FA2B8E32968B0F84BBC593EC6F72C098C61B27B8D7E397B59F517A542058CA4A921684B1679A1D537ACC0F2F3C5949C1176D7CC6F66638BEA28AECE443241045C693ED39608B563BA455F8A4BE689C413445C9F2735312563C9D495E9529393CB415E9DA8A766DF748D3A60A45825970E7E7309ABDC8
311
3A84BFDA37E3AF68CBA4FE196D733810F43B54B2CE59F0E47309E15C77223E00504B03041400060808003968B65C0FD5B8A106010000B201000008000000636F72652E786D6C8D504B6EC32014BC0A626F1BB01DD511266AACF8045D75470D71506CB0F844EDED0B3195DA5D570FCDE7CDF0E8E9735DC0435AA78CEE212E11
311
04524F46283DF730F86BF102C189516B8CFF258340F355F630C190D1D99AB0656832DA4B9D506D84CC20774E7A08A6253E7AE8A69B5C79C9838F0A772F373EDDF92C4B5CEE3A46BD5A7FAC9395DC4B011941E450A0B620E40DD747848F4DF74EABA464340425729412315D5D95B490A1B6E9D080DBA21DA2B1395CC6E23CBE
311
D605220D3963741987A1A3553233EABC8D7FCE4B624F0F1C7FA45C5AED14A31FC62C59104B0960F4F215436895883FA5C326FE515A695F93BC707738C8702CF4246270BA601CCFF3C699AECDBE01504B010214001400060808003968B65C84B1267A04030000900800004F0000000000000000000000000000000000423536
311
32344142362D323545412D343836302D393743382D4643383146434644313042382F4173736574446174612F446566696E6974696F6E4974657261746F7250726F706572746965732E62696E504B010214001400060808003968B65C1224308ECB040000580D00004500000000000000000000000000710300004235363234
311
4142362D323545412D343836302D393743382D4643383146434644313042382F4173736574446174612F496E7374616E636550726F706572746965732E62696E504B010214001400060808003968B65C615CC3277D0C0000780C000071000000000000000000000000009F08000042353632344142362D323545412D343836
311
302D393743382D4643383146434644313042382F5265736F75726365732F30383130393536362D324338462D343543382D383741442D4330464537344646454644452F7468756D626E61696C2F302F556E69666965644269746D61705F706E67504B010214001400060808003968B65CB5A795FFE3790000DE7900006B0000
311
0000000000000000000000AB15000042353632344142362D323545412D343836302D393743382D4643383146434644313042382F5265736F75726365732F37424543443937452D453242342D343133332D424535312D4142334134323537394136302F7468756D626E61696C2F302F67656E657269635F706E67504B010214
311
001400060808003968B65CFD2AC7A5AFBC0000A5BC000078000000000000000000000000001790000042353632344142362D323545412D343836302D393743382D4643383146434644313042382F5265736F75726365732F37424543443937452D453242342D343133332D424535312D4142334134323537394136305F506F
311
7374323031352F7468756D626E61696C2F302F745F507269736D2D3134315F706E67504B010214001400060808003968B65C615CC3277D0C0000780C00006B000000000000000000000000005C4D010042353632344142362D323545412D343836302D393743382D4643383146434644313042382F5265736F75726365732F
311
44354430324230362D384446352D344235352D413646332D3341333036393335434244392F7468756D626E61696C2F302F42756D704D61705F706E67504B010214001400060808003968B65CC9788313BA020000E10900003E00000000000000000000000000625A010042353632344142362D323545412D343836302D3937
311
43382D4643383146434644313042382F536368656D61732F42756D704D6170536368656D612E786D6C504B010214001400060808003968B65C28BB58AF800100009E0500003D00000000000000000000000000785D010042353632344142362D323545412D343836302D393743382D4643383146434644313042382F536368
311
656D61732F436F6D6D6F6E536368656D612E786D6C504B010214001400060808003968B65C1004A04F380500005C1700003E00000000000000000000000000535F010042353632344142362D323545412D343836302D393743382D4643383146434644313042382F536368656D61732F47656E65726963536368656D612E78
311
6D6C504B010214001400060808003968B65C8A56E75334020000A30600004200000000000000000000000000E764010042353632344142362D323545412D343836302D393743382D4643383146434644313042382F536368656D61732F507269736D436F6D6D6F6E536368656D612E786D6C504B0102140014000608080039
311
68B65C8FD2BEADA1020000E309000042000000000000000000000000007B67010042353632344142362D323545412D343836302D393743382D4643383146434644313042382F536368656D61732F507269736D4F7061717565536368656D612E786D6C504B010214001400060808003968B65CF702076DC3010000E6040000
311
45000000000000000000000000007C6A010042353632344142362D323545412D343836302D393743382D4643383146434644313042382F536368656D61732F52656E6465724D6174657269616C536368656D612E786D6C504B010214001400060808003968B65C267B6EF90E020000C3060000430000000000000000000000
311
0000A26C010042353632344142362D323545412D343836302D393743382D4643383146434644313042382F536368656D61732F546578747572654D61703264536368656D612E786D6C504B010214001400060808003968B65C806C3A5EE0020000DF0B00004400000000000000000000000000116F01004235363234414236
311
2D323545412D343836302D393743382D4643383146434644313042382F536368656D61732F556E69666965644269746D6170536368656D612E786D6C504B010214001400060808003968B65CC5690AD33B0100004F02000047000000000000000000000000005372010042353632344142362D323545412D343836302D3937
311
43382D4643383146434644313042382F4173736574446174612F41737365745461626C654F66436F6E74656E74732E62696E504B010214001400060808003968B65CC55C663656000000680000004100000000000000000000000000F373010042353632344142362D323545412D343836302D393743382D46433831464346
311
44313042382F4173736574446174612F53747265616D56657273696F6E5461626C65504B010214001400060808003968B65C85C18931390100009E0400003600000000000000000000000000A874010042353632344142362D323545412D343836302D393743382D4643383146434644313042382F4173736574446174612F
311
636E782E786D6C504B010214001400060808003968B65C25F1962EED0000006C01000067000000000000000000000000003576010042353632344142362D323545412D343836302D393743382D4643383146434644313042382F5265736F75726365732F30383130393536362D324338462D343543382D383741442D433046
311
4537344646454644452F7468756D626E61696C2F302F636E782E786D6C504B010214001400060808003968B65CA233C2345D000000800000006500000000000000000000000000A777010042353632344142362D323545412D343836302D393743382D4643383146434644313042382F5265736F75726365732F3038313039
311
3536362D324338462D343543382D383741442D4330464537344646454644452F7468756D626E61696C2F636E782E786D6C504B010214001400060808003968B65CBE89762363000000880000005B000000000000000000000000008778010042353632344142362D323545412D343836302D393743382D4643383146434644
311
313042382F5265736F75726365732F30383130393536362D324338462D343543382D383741442D4330464537344646454644452F636E782E786D6C504B010214001400060808003968B65CF3EB8533E70000006001000067000000000000000000000000006379010042353632344142362D323545412D343836302D393743
311
382D4643383146434644313042382F5265736F75726365732F37424543443937452D453242342D343133332D424535312D4142334134323537394136302F7468756D626E61696C2F302F636E782E786D6C504B010214001400060808003968B65CA233C2345D000000800000006500000000000000000000000000CF7A0100
311
42353632344142362D323545412D343836302D393743382D4643383146434644313042382F5265736F75726365732F37424543443937452D453242342D343133332D424535312D4142334134323537394136302F7468756D626E61696C2F636E782E786D6C504B010214001400060808003968B65CBE897623630000008800
311
00005B00000000000000000000000000AF7B010042353632344142362D323545412D343836302D393743382D4643383146434644313042382F5265736F75726365732F37424543443937452D453242342D343133332D424535312D4142334134323537394136302F636E782E786D6C504B010214001400060808003968B65C
311
43EED02AEC0000006801000070000000000000000000000000008B7C010042353632344142362D323545412D343836302D393743382D4643383146434644313042382F5265736F75726365732F37424543443937452D453242342D343133332D424535312D4142334134323537394136305F506F7374323031352F7468756D
311
626E61696C2F302F636E782E786D6C504B010214001400060808003968B65CA233C2345D000000800000006E00000000000000000000000000057E010042353632344142362D323545412D343836302D393743382D4643383146434644313042382F5265736F75726365732F37424543443937452D453242342D343133332D
311
424535312D4142334134323537394136305F506F7374323031352F7468756D626E61696C2F636E782E786D6C504B010214001400060808003968B65CBE89762363000000880000006400000000000000000000000000EE7E010042353632344142362D323545412D343836302D393743382D4643383146434644313042382F
311
5265736F75726365732F37424543443937452D453242342D343133332D424535312D4142334134323537394136305F506F7374323031352F636E782E786D6C504B010214001400060808003968B65C839BACB2EA000000600100006700000000000000000000000000D37F010042353632344142362D323545412D34383630
311
2D393743382D4643383146434644313042382F5265736F75726365732F44354430324230362D384446352D344235352D413646332D3341333036393335434244392F7468756D626E61696C2F302F636E782E786D6C504B010214001400060808003968B65CA233C2345D000000800000006500000000000000000000000000
311
4281010042353632344142362D323545412D343836302D393743382D4643383146434644313042382F5265736F75726365732F44354430324230362D384446352D344235352D413646332D3341333036393335434244392F7468756D626E61696C2F636E782E786D6C504B010214001400060808003968B65CBE8976236300
311
0000880000005B000000000000000000000000002282010042353632344142362D323545412D343836302D393743382D4643383146434644313042382F5265736F75726365732F44354430324230362D384446352D344235352D413646332D3341333036393335434244392F636E782E786D6C504B01021400140006080800
311
3968B65C62B069B3C5000000570100003600000000000000000000000000FE82010042353632344142362D323545412D343836302D393743382D4643383146434644313042382F5265736F75726365732F636E782E786D6C504B010214001400060808003968B65C694EE64E55010000440800003400000000000000000000
311
0000001784010042353632344142362D323545412D343836302D393743382D4643383146434644313042382F536368656D61732F636E782E786D6C504B010214001400060808003968B65CE3603EBE7A000000C20000002C00000000000000000000000000BE85010042353632344142362D323545412D343836302D393743
311
382D4643383146434644313042382F636E782E786D6C504B010214001400060808003968B65C08450D0A7F000000A3000000070000000000000000000000000082860100636E782E786D6C504B010214001400060808003968B65C1E7A0675A4000000320100001300000000000000000000000000268701005B436F6E7465
311
6E745F54797065735D2E786D6C504B010214001400060808003968B65C3DEE336E64000000790000001B00000000000000000000000000FB8701006175746F6465736B2D64657369676E2D7061636B6167652E786D6C504B010214001400060808003968B65C3D10876BF80000009601000037000000000000000000000000
311
009888010042353632344142362D323545412D343836302D393743382D4643383146434644313042382F4173736574446174612F636F72652E786D6C504B010214001400060808003968B65C32179A03F10000008E0100006800000000000000000000000000E589010042353632344142362D323545412D343836302D3937
311
43382D4643383146434644313042382F5265736F75726365732F30383130393536362D324338462D343543382D383741442D4330464537344646454644452F7468756D626E61696C2F302F636F72652E786D6C504B010214001400060808003968B65C5DDEB669F90000009601000066000000000000000000000000005C8B
311
010042353632344142362D323545412D343836302D393743382D4643383146434644313042382F5265736F75726365732F30383130393536362D324338462D343543382D383741442D4330464537344646454644452F7468756D626E61696C2F636F72652E786D6C504B010214001400060808003968B65C16AFB26A0D0100
311
00B10100005C00000000000000000000000000D98C010042353632344142362D323545412D343836302D393743382D4643383146434644313042382F5265736F75726365732F30383130393536362D324338462D343543382D383741442D4330464537344646454644452F636F72652E786D6C504B01021400140006080800
311
3968B65C32179A03F10000008E0100006800000000000000000000000000608E010042353632344142362D323545412D343836302D393743382D4643383146434644313042382F5265736F75726365732F37424543443937452D453242342D343133332D424535312D4142334134323537394136302F7468756D626E61696C
311
2F302F636F72652E786D6C504B010214001400060808003968B65C5DDEB669F9000000960100006600000000000000000000000000D78F010042353632344142362D323545412D343836302D393743382D4643383146434644313042382F5265736F75726365732F37424543443937452D453242342D343133332D42453531
311
2D4142334134323537394136302F7468756D626E61696C2F636F72652E786D6C504B010214001400060808003968B65C4BA37D340D010000B10100005C000000000000000000000000005491010042353632344142362D323545412D343836302D393743382D4643383146434644313042382F5265736F75726365732F3742
311
4543443937452D453242342D343133332D424535312D4142334134323537394136302F636F72652E786D6C504B010214001400060808003968B65C32179A03F10000008E0100007100000000000000000000000000DB92010042353632344142362D323545412D343836302D393743382D4643383146434644313042382F52
311
65736F75726365732F37424543443937452D453242342D343133332D424535312D4142334134323537394136305F506F7374323031352F7468756D626E61696C2F302F636F72652E786D6C504B010214001400060808003968B65C5DDEB669F9000000960100006F000000000000000000000000005B940100423536323441
311
42362D323545412D343836302D393743382D4643383146434644313042382F5265736F75726365732F37424543443937452D453242342D343133332D424535312D4142334134323537394136305F506F7374323031352F7468756D626E61696C2F636F72652E786D6C504B010214001400060808003968B65C77DB73601501
311
0000BA0100006500000000000000000000000000E195010042353632344142362D323545412D343836302D393743382D4643383146434644313042382F5265736F75726365732F37424543443937452D453242342D343133332D424535312D4142334134323537394136305F506F7374323031352F636F72652E786D6C504B
311
010214001400060808003968B65CB3E14C46F10000008E01000068000000000000000000000000007997010042353632344142362D323545412D343836302D393743382D4643383146434644313042382F5265736F75726365732F44354430324230362D384446352D344235352D413646332D334133303639333543424439
311
2F7468756D626E61696C2F302F636F72652E786D6C504B010214001400060808003968B65C51FA6721F9000000960100006600000000000000000000000000F098010042353632344142362D323545412D343836302D393743382D4643383146434644313042382F5265736F75726365732F44354430324230362D38444635
311
2D344235352D413646332D3341333036393335434244392F7468756D626E61696C2F636F72652E786D6C504B010214001400060808003968B65CE1BA2F4A0C010000B10100005C000000000000000000000000006D9A010042353632344142362D323545412D343836302D393743382D4643383146434644313042382F5265
311
736F75726365732F44354430324230362D384446352D344235352D413646332D3341333036393335434244392F636F72652E786D6C504B010214001400060808003968B65CA94CE036F9000000960100003700000000000000000000000000F39B010042353632344142362D323545412D343836302D393743382D46433831
311
46434644313042382F5265736F75726365732F636F72652E786D6C504B010214001400060808003968B65C33FF3118F7000000940100003500000000000000000000000000419D010042353632344142362D323545412D343836302D393743382D4643383146434644313042382F536368656D61732F636F72652E786D6C50
311
4B010214001400060808003968B65C67A4806504010000D80100002D000000000000000000000000008B9E010042353632344142362D323545412D343836302D393743382D4643383146434644313042382F636F72652E786D6C504B010214001400060808003968B65C0FD5B8A106010000B2010000080000000000000000
311
0000000000DA9F0100636F72652E786D6C504B050600000000340034008F19000006A101000000
310
504B03041400060808003868B65C000000000000000000000000370000006662782F30433446313941362D324446422D344133352D423036342D3142363436394345393931342F617474726962757465732E62696E504B03041400060808003868B65C000000000000000000000000350000006662782F3043344631394136
310
2D324446422D344133352D423036342D3142363436394345393931342F76657274696365732E62696E504B03041400060808003868B65CF270F1330600000004000000360000006662782F30433446313941362D324446422D344133352D423036342D3142363436394345393931342F747269616E676C65732E62696E6366
310
60600000504B03041400060808003868B65C615CC3277D0C0000780C0000480000006662782F30433446313941362D324446422D344133352D423036342D3142363436394345393931342F7265736F75726365732F322F305F556E69666965644269746D61702E706E6701780C87F389504E470D0A1A0A0000000D49484452
310
00000040000000400802000000250BE689000000097048597300000B1300000B1301009A9C1800000A4F6943435050686F746F73686F70204943432070726F66696C65000078DA9D53675453E9163DF7DEF4424B8880944B6F5215082052428B801491262A2109104A8821A1D91551C1114545041BC8A088038E8E808C1551
310
2C0C8A0AD807E421A28E83A3888ACAFBE17BA36BD6BCF7E6CDFEB5D73EE7ACF39DB3CF07C0080C9648335135800CA9421E11E083C7C4C6E1E42E40810A2470001008B3642173FD230100F87E3C3C2B22C007BE000178D30B0800C04D9BC0301C87FF0FEA42995C01808401C07491384B08801400407A8E42A600404601809D
310
98265300A0040060CB6362E300502D0060277FE6D300809DF8997B01005B94211501A09100201365884400683B00ACCF568A450058300014664BC43900D82D00304957664800B0B700C0CE100BB200080C00305188852900047B0060C8232378008499001446F2573CF12BAE10E72A00007899B23CB9243945815B082D7107
310
57572E1E28CE49172B14366102619A402EC27999193281340FE0F3CC0000A0911511E083F3FD78CE0EAECECE368EB60E5F2DEABF06FF226262E3FEE5CFAB70400000E1747ED1FE2C2FB31A803B06806DFEA225EE04685E0BA075F78B66B20F40B500A0E9DA57F370F87E3C3C45A190B9D9D9E5E4E4D84AC4425B61CA577DFE
310
67C25FC057FD6CF97E3CFCF7F5E0BEE22481325D814704F8E0C2CCF44CA51CCF92098462DCE68F47FCB70BFFFC1DD322C44962B9582A14E35112718E449A8CF332A52289429229C525D2FF64E2DF2CFB033EDF3500B06A3E017B912DA85D6303F64B27105874C0E2F70000F2BB6FC1D4280803806883E1CF77FFEF3FFD47A0
310
2500806649927100005E44242E54CAB33FC708000044A0812AB0411BF4C1182CC0061CC105DCC10BFC6036844224C4C24210420A64801C726029AC82422886CDB01D2A602FD4401D34C051688693700E2EC255B80E3D700FFA61089EC128BC81090441C808136121DA8801628A58238E08179985F821C14804128B2420C988
310
1451224B91354831528A542055481DF23D720239875C46BA913BC8003282FC86BC47319481B2513DD40CB543B9A8371A8446A20BD06474319A8F16A09BD072B41A3D8C36A1E7D0AB680FDA8F3E43C730C0E8180733C46C302EC6C342B1382C099363CBB122AC0CABC61AB056AC03BB89F563CFB17704128145C00936047742
310
20611E4148584C584ED848A8201C243411DA093709038451C2272293A84BB426BA11F9C4186232318758482C23D6128F132F107B8843C437241289433227B9900249B1A454D212D246D26E5223E92CA99B34481A2393C9DA646BB20739942C202BC885E49DE4C3E433E41BE421F25B0A9D624071A4F853E22852CA6A4A19E5
310
10E534E5066598324155A39A52DDA8A15411358F5A42ADA1B652AF5187A81334759A39CD8316494BA5ADA295D31A681768F769AFE874BA11DD951E4E97D057D2CBE947E897E803F4770C0D861583C7886728199B18071867197718AF984CA619D38B19C754303731EB98E7990F996F55582AB62A7C1591CA0A954A9526951B
310
2A2F54A9AAA6AADEAA0B55F355CB548FA95E537DAE46553353E3A909D496AB55AA9D50EB531B5367A93BA887AA67A86F543FA47E59FD890659C34CC34F43A451A0B15FE3BCC6200B6319B3782C216B0DAB86758135C426B1CDD97C762ABB98FD1DBB8B3DAAA9A13943334A3357B352F394663F07E39871F89C744E09E728A7
310
97F37E8ADE14EF29E2291BA6344CB931655C6BAA96979658AB48AB51AB47EBBD36AEEDA79DA6BD45BB59FB810E41C74A275C2747678FCE059DE753D953DDA70AA7164D3D3AF5AE2EAA6BA51BA1BB4477BF6EA7EE989EBE5E809E4C6FA7DE79BDE7FA1C7D2FFD54FD6DFAA7F5470C5806B30C2406DB0CCE183CC535716F3C1D
310
2FC7DBF151435DC34043A561956197E18491B9D13CA3D5468D460F8C69C65CE324E36DC66DC6A326062621264B4DEA4DEE9A524DB9A629A63B4C3B4CC7CDCCCDA2CDD699359B3D31D732E79BE79BD79BDFB7605A785A2CB6A8B6B86549B2E45AA659EEB6BC6E855A3959A558555A5DB346AD9DAD25D6BBADBBA711A7B94E93
310
4EAB9ED667C3B0F1B6C9B6A9B719B0E5D806DBAEB66DB67D6167621767B7C5AEC3EE93BD937DBA7D8DFD3D070D87D90EAB1D5A1D7E73B472143A563ADE9ACE9CEE3F7DC5F496E92F6758CF10CFD833E3B613CB29C4699D539BD347671767B97383F3888B894B82CB2E973E2E9B1BC6DDC8BDE44A74F5715DE17AD2F59D9BB3
310
9BC2EDA8DBAFEE36EE69EE87DC9FCC349F299E593373D0C3C843E051E5D13F0B9F95306BDFAC7E4F434F8167B5E7232F632F9157ADD7B0B7A577AAF761EF173EF63E729FE33EE33C37DE32DE595FCC37C0B7C8B7CB4FC36F9E5F85DF437F23FF64FF7AFFD100A78025016703898141815B02FBF87A7C21BF8E3F3ADB65F6B2
310
D9ED418CA0B94115418F82AD82E5C1AD2168C8EC90AD21F7E798CE91CE690E85507EE8D6D00761E6618BC37E0C2785878557863F8E7088581AD131973577D1DC4373DF44FA449644DE9B67314F39AF2D4A352A3EAA2E6A3CDA37BA34BA3FC62E6659CCD5589D58496C4B1C392E2AAE366E6CBEDFFCEDF387E29DE20BE37B17
310
982FC85D7079A1CEC2F485A716A92E122C3A96404C884E3894F041102AA8168C25F21377258E0A79C21DC267222FD136D188D8435C2A1E4EF2482A4D7A92EC91BC357924C533A52CE5B98427A990BC4C0D4CDD9B3A9E169A76206D323D3ABD31839291907142AA214D93B667EA67E66676CBAC6585B2FEC56E8BB72F1E9507
310
C96BB390AC05592D0AB642A6E8545A28D72A07B267655766BFCD89CA3996AB9E2BCDEDCCB3CADB90379CEF9FFFED12C212E192B6A5864B572D1D58E6BDAC6A39B23C7179DB0AE315052B865606AC3CB88AB62A6DD54FABED5797AE7EBD267A4D6B815EC1CA82C1B5016BEB0B550AE5857DEBDCD7ED5D4F582F59DFB561FA86
310
9D1B3E15898AAE14DB1797157FD828DC78E51B876FCABF99DC94B4A9ABC4B964CF66D266E9E6DE2D9E5B0E96AA97E6970E6E0DD9DAB40DDF56B4EDF5F645DB2F97CD28DBBB83B643B9A3BF3CB8BC65A7C9CECD3B3F54A454F454FA5436EED2DDB561D7F86ED1EE1B7BBCF634ECD5DB5BBCF7FD3EC9BEDB5501554DD566D565
310
FB49FBB3F73FAE89AAE9F896FB6D5DAD4E6D71EDC703D203FD07230EB6D7B9D4D51DD23D54528FD62BEB470EC71FBEFE9DEF772D0D360D558D9CC6E223704479E4E9F709DFF71E0D3ADA768C7BACE107D31F761D671D2F6A429AF29A469B539AFB5B625BBA4FCC3ED1D6EADE7AFC47DB1F0F9C343C59794AF354C969DAE982
310
D39367F2CF8C9D959D7D7E2EF9DC60DBA2B67BE763CEDF6A0F6FEFBA1074E1D245FF8BE73BBC3BCE5CF2B874F2B2DBE51357B8579AAF3A5F6DEA74EA3CFE93D34FC7BB9CBB9AAEB95C6BB9EE7ABDB57B66F7E91B9E37CEDDF4BD79F116FFD6D59E393DDDBDF37A6FF7C5F7F5DF16DD7E7227FDCECBBBD97727EEADBC4FBC5F
310
F440ED41D943DD87D53F5BFEDCD8EFDC7F6AC077A0F3D1DC47F7068583CFFE91F58F0F43058F998FCB860D86EB9E383E3939E23F72FDE9FCA743CF64CF269E17FEA2FECBAE17162F7EF8D5EBD7CED198D1A197F29793BF6D7CA5FDEAC0EB19AFDBC6C2C61EBEC97833315EF456FBEDC177DC771DEFA3DF0F4FE47C207F28FF
310
68F9B1F553D0A7FB93199393FF040398F3FC63332DDB0000000467414D410000B18E7CFB5193000000206348524D00007A25000080830000F9FF000080E9000075300000EA6000003A980000176F925FC546000001934944415478DAEC955D9583301085C33A4825C4C258A012A804905024800422A19540253416B01009DD
310
877B764E0A6996435FEFF704C39CCCDCF909C6104208218410420821841042C821EABA7EE5B85EAF7068DB1696799E8D31D334BD3E0087D462ADC521CFE7538D755D67A34FD3942636CF73212BF05310360C43DBB6DF57C71863AD1591AC43D334E9B30A2E64956A7813B02C4B5555555579EF61C946EDBA0E6E7DDFC3E2BD
310
87E57C3EAB5B8C514F800C5852ACB510804FFA9A8DA8E1D206FE94E586100ED7FEF1786830C88065557E947C1CC76D433E9116E24D80730E7386C9E9FB5E5B718010428C5144ACB590B12D87A6EBBDBFDFEF10EC9C5BB961EB8661484BB36B07F6D4A300726A9A46449665590970CEA9B018A37E2D048D31765D979635BF03
310
3ACAAB6BE1D814617E20265B7E11490BBCBD3974EB4EA7D36A28F21DD0ABE0DF3B618F002454989F15DA993DE477E076BB6DA7ED00E960AC8E121174268450FDA1F7CCFED12DEDC0388E97CBE5CBFF00F2C69467CB9F0AD3E73D3F0442082184104208218410420839CCEF0093FA2B2C77C209510000000049454E44AE4260
310
82504B03041400060808003868B65CB5A795FFE3790000DE790000420000006662782F30433446313941362D324446422D344133352D423036342D3142363436394345393931342F7265736F75726365732F362F305F67656E657269632E706E6701DE79218689504E470D0A1A0A0000000D49484452000001000000010008
310
030000006BAC58540000000467414D410000B18F0BFC6105000000017352474200AECE1CE900000192504C5445818181B3B3B35A5A5A4848486060605C5C5C6464648383835E5E5E6262624E4E4EAFAFAF4A4A4AB5B5B54C4C4CB1B1B1858585B7B7B7585858ADADAD7C7C7C464646787878ABABAB747474A7A7A768686870
310
7070B9B9B96E6E6E6A6A6A8B8B8B666666545454565656A5A5A5505050A1A1A1BBBBBB8F8F8F9F9F9F4242425252527676764040403E3E3E9B9B9B7A7A7A8989897E7E7E9393939797974444448787873C3C3C727272BDBDBD3A3A3A6C6C6CA9A9A9A3A3A32020209D9D9DBFBFBF8D8D8D9595959191912626269999992222
310
222424241E1E1EC1C1C1282828C3C3C32C2C2C2A2A2A2E2E2E303030C5C5C53232321C1C1C363636383838343434C7C7C71A1A1A0E0E0E121212484A484C4E4C1616160A0A0A4A4C4A787A781414147C7E7C9193915E605E464846838583878987B1B3B18587856668665A5C5A626462818381A7A7A5A3A3A1B1B1AFADAFAD
310
7072705C5E5C9D9D9BABADAB7E817EB7B9B7585A58BBBDBB4C4C4A8D8F8D747674B5B5B3B7B7B59FA19F606260ABABA9A5A5A39B9B99A9A9A78F8F8D6C6C6AC7C7C5451AD12700002000494441547801DCBD89771BD7B5A70B8EE04C702641712605CE034890E220088028C93245451215B713AF388E7DFD9EEDB8DDCE6ABF
310
F4B57D97137BE50FEFEFDBA74049B6AEED74869B7E87404D2814EBB7F76F0F67A8835CEEBFA0E42B854AA5B2BB5B6BCC951A8D52A93657A914FE0BEEE39FFE2FF395B9B9C6CAD2D4C4606F4B7FFF8D1B37EEDCB97587F7CD9B4343BD134BABE7DB48E3FFA7A228ECD6F6574E4786C0FC8B5FFCE2CD5FFCE297BF7CF3CD5FFC
310
92B52FFE58BFF9E69B776E0EF5F79E55CBBBF9FC3F5D3DFFB07F5898ABAF7CDA3B74E74EC0CE20230561BF096E97E05712BFFCC59BC80539DCE83DDD6E54FE61B7747DE17FB8980BBBFB2BBD4337DF487881AAE6C5ACC6AF25207877B2B527BFF1CB3B77FA47561ABBD7F7FA7FE146A5B6BD74E3164C7F51449AE95DB41220
310
0EC539418717E7F2F11B376FF62E95FEAF1442BED0581DBCA1BD2780D23F506AFA16E1A7AD974EF17876F00DD7BCB187A1A97AE51FCED5BF2BC1F2BBE5B3C19BE27B43CF26DE00933658FE129B109C2FFF922CC22C4260FA01BEFB462A77DEBC35F42F600C3F5B0795D2E9E02DAD5E650B4438A92801B65C35CBAB7B1EE504
310
1CE69D3B6F1822DFB873EBD6AD3B6FBC71EBC6C86AE967DFC2DFA4CEBFF1BF54F6276EBC114E2F43FEC60B01A0D440A868B2920E5C4BC10D60931ADCB871F3268B21D3851B08E1D6AD9BFD4BF57F7577909FAB86F29B982571136AF01DF5FE32AC3BD9406CAAF2440A54CF176EDD01FBADA1FEFEFE21FE4C9858DFF4183458
310
A9FD2B6708A5A5A137E0EE1D11A9EC0C7C58B2C73C0AD6B479BD76B7790CF899E287FA5B06FB7B07C9195B7851FA8794031EF1FC5F9406BBFB23375420286399B631E93B08022A785C4DBF9996EC3551874094D71B6F487E80F6837E50F483BDBDBD83232323AC420A18C68DA196EDDADF68A77F938F78FD972BABBDB7B87F
310
B164AC6FC2CB760365821ACB74AED44FFAD7E7431ECD7E08AC421F391D199998989A383D9D98E8E56F84A318C58D9BFD2DAB73FF5222C8EFAEF4DE7AF30D756E5108683DA471E70D0502099A7240F19E4089D3FD203E620F1B47BF43501E85031AE44B4B9F2E4D2D9D4D51D8970983FA861B3706FF950CA170DE82F6B312CC
310
4F42C8966295F7D725ED29882415DC055F36DEA1FE96FEC141493F05FAA9A9A5A595B333DED5B3D5A533F62183323032F46EFF13EA0AAFA5FBF7C8976F8C10F7280A014832593B90004D52341980D907EAEB73411EB2F1EBC9F507F92746C40E7AE0AFAE54292BAB2BAB67CAE0746264A277B06508168C94BF772BE9765F7B
310
F0B548FE1E07F3B5A521340A5CB5297C4B12811B89E82191ECF3E41B3259C529F135E23CF4C7F961FB13537F5A02ECCAEA76B5BA5D3D3FDF3F2FEFEFB3AA22053E5008833428DC6C59FA2F770595F311F235D427F379BB8A121BD901B96076A388DC4C3C61C7933CCCD770FF375A6E0CE9F535FE2534BF5ADD3E3FAFD71BF5
310
7AA951B6D4CFEBFB8864758A26154430080B06ABFF557610ECC93726224F155D1471041E0D42F82F4891C926C1355B0831649FF365F46FF05300A7A790BD8ADEEB0D4AA9569A9BDBADCCD56AA55AE377F5F3F3EA2A34983A1DE91D810543138D7F28E57FF4E2B5335A3928B76EA1CB9B00BF158C8F63A2E788826896D0B5E7
310
C461949ECE089144F8EBEFC7FB4D8C9C4E9DAD60F7FBE572B416C2F2423ECF8B86C439E450DA970634ACFDA977629098D0B2FAF313A36B3869E37AF7853378CDA1171FBEBA95DF1E44FD5144A420588641B0055A79ED91CC0DC41E27064512FB33F1F04D09D0D2DF0203A646A6CECE80DF28356A348CED8C4F1EF137B9319E
310
1BCD29867CA556AA97F7B757567006A447FD375A26CAAFDED9CFDCFB2BB0BEEE8AA5911BC2C7F85DF88A3775389990AA72219D582409210F85A4E66F2987D875C30848023088FDF77E87F96FD7CBA5B9DCCEF4F4C9FC7C676777577B7B7B67E7ECCCE4E8DEE85E81A6D55AA3BC7FBEB242589CE8ED4770E785D7DDE23FF258
310
7EBF57F50B9E820527316488E5C32D50F979BCA58207297E2B6D658702FFCD211840FE43FC9F3A5BAD9E97E6F21B9FCF16BBBB3A3A5A175B5B1787875B5B3B86DFEFFC687A72674F19D46A8DFDF3EACA59E405375ACE76FFA922C817CE86A89BDD92F400F2C55B7462F610459837D3A61ACF50C7471C8F2F2A9D38C3DA2F06
310
8007F80EFCDBFBE5DCC674B1D83EBCBEB8BCBCBC3ED0D3D333D0B3DE33BCBEB0D8DA35FBF9F8CECE68AE020BCE61C112A4C1138CD47F9AD13F7DC6AB9CF9CFCFAF9D0E01FFE6CD503F5B91C5218E2899CA15098714848B04FCE5654884ABF0E554F11F6C21D73D5D5AADD64B7B9327DDAD8B0B7D7D6D6D07070763BC0F3E38
310
E8EB4310EBEB8BC3DDB347E3E37B5842B97C4E44A0C630427E5CFDFB71E03F471E12CA9FF70E055AE141042DD81234B879EB4606361D9328149037D7D76A571A7E974FA20AD0323832713AB5BA7ABE3B3E3D3FBC30307070B0B9B645D93C3CDC3CDCA41CFC6AAC2D64D0D579B4B1B397A7C1BDBEBD7D36657A3CD4B2F44F49
310
09F2B9CA597F4245C59DEC354316F0587020D0C661742BC02869435FD12CF195C422DB3C5A3E2305C000CE6B7B27ED8B7D63079B5B5B878787C787C7C7C757C76C51B60ED60EDAFA06D67B965B3B672677080BB5329E60E9B477847AE2E9EB53E35779FD37EFCD2D0DDD68AA355B6B0D81860502B8B68C801F5C697E9AD62F
310
4B406244CB975560BAC756AAA577675B07C6D03778C17E7C95CAF1B3ABABE3E3ADADE3CDB1B1B6B681014470343EBA979F8B90383545727C63E43549D14FD0F927E5F1FDEFD7263058FE02EBCD1BDCBCA053496BD58E69BC44F9F854D4D979AE9ADB908824382AC1D4014E9756EAF9CE85B6B54DB01F02F8EA5908E0D9D5F1
310
B3E72188C3C3AB67879B07C8A0A767B8B831FE5E7EB754DEAE5261460243FFF07858D8EF0D658BDC563A2C5EF5833C13C90B69248C4DD97842B61DFA7F210A2F6108A0F96B62E2D3B3F3DD939EA47E30ABF5AB2B903F4BE5F9B36757CF65021E616DAC6F60A1FB647274B4B05B2E5341B082D43278F67D8DFDA48AFF9A13F2
310
2B34C7586C9992BA6E66CABC190E313E7C811AA57304B421A75B289B9D174CC868C24548823E230B9A5A2DCD2CAFE1F98E61C015CA7E96B083FC59F3ED06EE60F360B3AD6F79787ED278D0A86FAFE00BA9220EAEFE1D5DE1F7855939C3FCC1332426B377F692406E022C010DB437EF009803F0DCFD3B7C94440571D8F2C328
310
F115F47FD324802070BAB43FBA80EFDB92FCA1F7E7CF9FA875CBB327CF9EB08C4DE4815BC4210E2CB7CF1CEDECEDCED5B757490968286899FAF95583BF46F9393CEE6A86D6F618CAAD9BFF0BE22B042412C5CFB50556815CC5BBE33E9F61ECEC26A9BCB8145FD10590078F9C9E953B513FAE1FE387FAC246E14F9E3CE7F5F8
310
194BD6594140876B6B84C5D6799C61A16434201E5237582AFD75C07EEED9863F463284E2E13425A036BD41061259289B6BDC1ED656FC8B8592C9D00701E27CEA749F0D8EF44EAD8C1F80FFF8F8F9D513191F6803384C800097F24069C407CFAE88136B7DCB3D5D4A60B711F19070D83235F77331FD35E715966889038E2E0B
310
346EAB7936C4162043E1A1F144093695443A570144898BC4079CEF1912809A3035A1D3F361235F90FFF1E3E0FB93C7E2750719F88E7D8E68123883ADB5B18185AE99F1D11C1238A792DC4BEDE8EC6FF503DF377E0445F68FAF4E08D43082D02170F30131A154206CC559A8D9CFDD762B31273E4947A581E0D9BB71E33FFA07
310
CD02CE2A6BE1EC80167497F2A81CFA3F7EFE58D0CF5D5D170DE4F89070B0BC4040CC17BEAC6B0586C3D3FF0309BC06F44B04A1E13729929B4DF73C44070692C810B08AC3012E8EE9EAE22067796288C193B2139B970B86F47FAD0F98382B1E035D9C32FD318A4FAFCB274F2E1FA772F94411B0CD42493C23393A685B5FEF3E
310
1ACF554AF5F3552A478383374E6B2FDDFC4F6DFE38F4F4ED7A7FE838F488EA852482F412D3CB07E293D02C9F074F12E84C5AAC423271450572A385449844706475FD38DC3C22486A0639E5F1E38B0CFE93CB4B25910EF309A2224BD8DAD40C682C28341AD69047E8539A6AFC14EC573F7FAD10AE0FE6EB13E87B28E093B513
310
B5803514DE408809BC12A14876DE0A25F643009E9176D9F0C330164285A7444DC8CAF0E9FE41429EE0A2F6A6DE91C0856C501272404A8468822E24C807030B1D33D40D4AFBDBABB411D093D88C86D7205E05FC57EDD1F805FA4CED5920F0CED39157E007CE21757C5DE440ECBCB46CD283E378029B43FB077B4F47E60E9F61
310
E8D01BE017D7E843EB49F50A2028F1E442FCC90C9EE308E4C0C2C94EAE30B75FAD3A0EAFA57FE9EF960F14BE15638840EAF3BA490BB6850EDB38EECAFD21A0C746D0C4234DBD035EFC7EDD121FA585FAB73DB89FE6A03CF833AB0730E5E2F1A36CE3F202A128934B44E396961121E1F2C9F32BFCC0C140CFE22C1CA8E109B1
310
82919696BFB98120234F61B59F7BF46EC30CF067B21A33B0FB3E402448EE266CCD93135A8E823DB31F85E677434E608F53F8100BC0098EA2FD6BC01770E0F2F2D1E5452A711C4BB8486248FAD756D852026B6DC90A2AA5C6B69E9068B8F27AFABFFEE8AB36F1D23985D5960014FD711940800B560250D2272CC54FF1D3A660
310
B275AC3881E349689C1616E1E9044129D032313509DE4700BC867C71F128C400159407C761022BA8A040F40A244788808C60B3AD67A17576279F6F946923191921B0545FC2F12AC0EFEFBD7262B6935679FC7F80629160ABFAEC88E8430E76D82A8DE62ACE50BD4A42FBF03B387B37FD321B37E31C3F063D99703F5160E6C9
310
E5A300CF32A91E0A085A29C0FC507F6C21012303C6104B82C1F1E156DB3229D1A855A32A8352C9077AF733A0AFE0FB3EF81FDF2F0F82C21B0EB06998866878B103305E31EC17F4FD43831E570A2118D1667632D4FFFFB125782F96168A833DBE78C3F11F8383A79D49F58F1E3DBC780417AE6581381E8610604888E2913E12
310
492881274822C221AD04CB0B1D273B8542837460898C686864FF6F801E8269F40AD0481DFAF5E6E9C1F3BE391C325004DF0746A4E4448F7B52C0D5EAD39EC46896B888C4210D68E99DFA2820DF7FF850EC407EB55C3EBC5028611409BFCB8889C90F1C52355AEF98B18100094C9D0EF6F64FD47E5CBF3FF5293DDFB4B50DDD
310
54F351446FA1F14580DC3902C085F593CB24ACC917B213BBC11B3F0A61042FD8B24F4FB9C4556D0CB9E1A880DE89934CE9607F18F81FDD950DD0E1D143F41D56110E227C250621FF098838042BC85B5B6BCBCBC31DD37B34966E9FFD9936A2FEFEA9EBA4182E5CD3E17AE35501FCE0707E5525A7DBC64DFD077825BE37CE0B
310
BE1BBEC061410C660B6E49912665E2B3749C7C9F93834022F74CDE6CA5EB501D9CBC04B768292C5CCB84478F3CA83074092C6082169015E5800D5839DC6C1B58EFE83ECA513BDE3EFB8EF1242D2D4B3FD55AFE03D42F8492AF8A3F21444FA2FA9ABBF525EAF84C09F0168527B0138A85D1EC0443C467B28BF844EAF76323BE
310
13D7C11F72FED783837B970FEFDE7D7817E077C17EF7E2A1C2C0FE851FE4C008388C15E818958746129E1009D054B67530D6B3D8DA3D59D82D9D57CF70039FF50FFE0DE94089DB269C3655A4F25B38C49D0BD48E59F1526887C18FC5272197F85CA72862A593A4843CD25F920487DDF7AA0441A2C0600D062001F103FCEEA3
310
D8560CEC3EBACB01CAE5A51E420349F602191E5F901893142381351CE17047E764BE50DEAF9E4D8C38B6ECFFACEB141E54A6865A88A60133EE9CBB4C256930B0B168C1C3AB59FE1743FB422C7166082E934AFA5EFA3E4BCE0B69362FA7041818B7FDECE1DDFB4D022007CA23E521F0700AAEB5888BBBF08023E128B4045381
310
542FA256B0D04E28A0C3804E233A1BFB476A2F48FD135BAF9843BEDA3264EB42BA499601F16B566E72C7EA35908ABCB9176BBED43204C696AFD3D7B24B08D3AFA44BE243D88A6D9D0B6562B52F741E1610C0EFBBAF2B0829289A640EC4C8A4FF66A24430786CEBE1E1E61AF9507BFB496EAEB64F8F49B4129EBDEC065EC1F8
310
A3F228A3CD0950883B41BEC6D1944AE06147289600A7726313AC69A3F91197F1438BCB743E76F01F6EF1D1C854071670FFFE43FF1EDED702EE5A14C85D0C42DF90B86068800659AC88981855E3E774A71C0CAC2F76754EE7CC87C808D1E1E0F6CF47FD4224731337BE1E39C5010823EE997B1491BBD99FC8D8EF77482BEB5E
310
B2CF66499A8E0F7511B19B3EFBDACB6507BC78731B1B383D02FFDD7BE8DD9256F7D0BA7B46015941097B80018F700FFA024CC08078F51806100ADBFA163ABA8A3B95B9D2F92AC30BC908ED31FABE0CBEBFFF0279B675868F9AA24E9530B08C174055B7F48E4F58002F3E82F0BDFA003E8B431EB6C4A91E4D9B5FFB791265BA
310
8827BBE5F1BCFA7F789F72F75EC800F8AE43FFAEC42F13009FB905A9A0132015D0068ED7682AC608BA6771038DEDB3B33082891FAB1ABF5614F93238079726B833958796B845B731FCB86316713C1DC581B1E19B424EE32674093F80776F7E27C6FBFAC85C536CD955B96EDA2A3FBF770FF4BE11845470EB3E42D022000E0F
310
E07D161811020742162444668308801E133A4C163BE68F6826A5523071CA78B2FED51F28F8C70FE4190073A3E5D3259D7A288CD19BDE623F10021BAB0C6E327FD507B2741627727EA00D31856492F9F009D7F152D930704E642795C1C1B336E0DEBB7F0FDCB79318543B25341F36802D64A981A690B94259607DE0B19D466B
310
F8C1C5E1CEF9A3FC5C639FD6117B4BAEAB453F8EFBDA500A67E8BAF76C8A06566E36EE1184E8329419161F83D843D5DE7D8221163E145F56921C3EE383978072129E290A9B7166E63D26BAB1FCDBF710009E4051842390031845F20077CD079407C575F20364C4910ED2A574BC357630B0BCD8DE39335EB175646A698458F6
310
A346F003A93002E846FFE0C459B8006E506D79BF902908A0AA05CB5E73530E33BA1D3C2EF99C712B7C8B41DF4D2A7830BE8707485FCFAEEB85A09AB6D39BBF7B4F23E00509C20DB04E240822A4B810E04D8D53D10D504C059ED86BB8697F514777717A8F8144D48A4C89077F7EDB00E2D89DC02A7B975640A282C49A4AA84B
310
70B12BFED8EA6584860DFB7EE23FCB00C6BAF7332FF259FA3C9346508813E372F1DDE425065BB61FDF8300F7EEDDBE8D0C6EDF46F7D8823478590AE23759D60DA6B7A9F125EDE8F4A5D2B37470D0B63C30DCDE3D3D59A8D1501EB1B0A5377517BDD6E301F995E3F955F0F58FAC2E81CE172A8344AC03DC6781939D2484B8FF
310
C15E8F3ACCD3954CE19576B942D0A029188EC7013FE59AE90B71292DE774F1F63D60230180B30A2EDC65291B6211B4081128856001A680015CE000708254891851D4B3BED0FA4D7166B466BFF1D2A924885AD12B387FC0FCE6819AC3AE06A7AA4B715F0927B74D119D4A668FB54B8A8C268D8B038A207D10A7B1E95E42195B
310
695BE0240F7408B311257C23F581E987C180140C584A02B1670CB817CEC0A080F259F1360E58452013200E3EC107AC1DF4FD7B0F6D23F33347F9527D9F51E6138E31AF35F1BDAAEEEBA3D71BB402E2FB47CECEE96B4DB85536772B07C82A34F3E66D0BCEC207FEB9E70643761276F7B50D5EE963CFF80C7AF4A2130F5BF8C4
310
EBFB5F07B709840480DBD8007FB7EF3F90104908BA457D43AA2A6A02C91422285E5AAC143F3313A0CB74D9D164933B86C25587134E8D342B453FC982860D09FD13ABE72055ED020E85D3E312F74C25CB0293D978A1C4001927C80B86FD06349126EC219F0C735C8053D8F5F310817EA01F1B7851F406144C211C6362C27DD5
310
1F1E310C0102280ADB891E9B085CC528A2B1369A46BA195B9A2B351862CE43174BA73FB7CBB430A5798F4C54B7333B96C3224A9863AD02B9FBD8E63092191924E77C199D92887DA594B6DCF0112857162FD0949FE6A441F5E62E42FB2105BC405A2301A3424601DC807912CB2C39C604A27908021CDA30C4C8C2019A883B3A
310
8BD393BB3546136EAF561980FB63E9E035FF73B96D09A905ACB2C11D79571C5159026227DDBDB81396EB03F14100BEB66DE1FA9EF82C3ECCBE318119C4269FD014E66361FC8BB0B4EA9A98EF3D8848A01360430284335004C183CC25BCA82D2302EB03B8419241C64DF4F5ADAF77B533BE786334BFCBB8DA72BDBEFFC36103
310
AFB30608A0B39B58D93F0BF42180841DD26BDC22CF0A770E90240006BAC65197D90920131C7B2EB3CFD3C71C6378A305EE8488FC1FF8D391E2BDDB0F6E3F45E7C8207C419800DB410073A3173942CA8D5242642A74496FF115832A6314D9FA4257577BF7FCF8F8E8CEE8DEDE5EBE76DD3CF892BA7FB8B90F629431B5525E92
310
A15A3A4A6FEA3FDD73136172060959206591F4C927196CF645AA285CF3014630121754261C0D31E1A7E3DA2DBDB54B04703BDE3A4209F02045C4BB0F529A14BED07098A2A1CD47513DA64B512F409BC01663090796D787173B5AA141B1B39BB470EEBCF1E30F9D263ACC4D05110797CEF7B923B027F089F74D1D06F0A4D8C0
310
CDA6604023FCA45B76C5CDE0BF3845ECBE13E0C0ED73700A8A753C1AC8AEFFF1B407FC8A20F42F0D94019121DE304077A027D4112283BB8FF0072444D68AAD111D6F591BC0061854BBC048EBBE9E81F6A33A95C21BFD13AF3C7E7DCDFFEB0DE8903F77B41DF178E99C289895B0EA8CD640549D68935BA7C5294E0A1D66DA0C
310
C419BD398E6265789CA1241441AC94532A3C19C95340BEFC68703077EFC1D307B71F3C500859C11494838E902203A2BE90EACC5135B80B078804340C920C2300BCC06F7A1C71B875DC572C9BD1D84BD5FB9363CA6BA7D03E5C40FDFC54FC23C9B4B9DDD028787D89219038523BF64E638BB37CC25335937A00DFD32869C5B3
310
90C8C32FF25C8C47A7181B4A599A224A9DADB0E0406FEFF9F183B7448F081E3C55024FB33828784AB61704482CD0160C04174F9E33BA9291D58C2F1F1B1B3B5863B0D9F3E51C35C253D54A23E560E2C0CB3A6F7A81382601C2079CAE96B7B1560D20A341E85A928A4E01083256420576C2ED477E2E565FD9223BCC691CF394
310
D3D8E281501E0EE5C1C8159E92585D255CF30CC854C75318006EA4A01028EC853F9407C6053910BE105348324002260254886C156260F9189EE0F8C9A3CBAE9D5A992184568A69D5183A7DB97DB089FDC57AEE54F858FE54F577DBA85309640290F2D220952620750C5811FB772A7876D1E4040FBFC6474D51246D8B3FB378
310
283FB514F8AB3C20B8BF7DBE5DE541C9A5D3D38DDB30E00151E02523081BC89C2214103E0BC1B3D0199A08E002681A2613A2616CEDF0F0F9C5DDC75DA395C25C0309C03DEC8091A4AFD3FEB504AAC6633930556DAC86EE3561941E862C4A75DD6B6BB3A0C59BE153DFA73EDFCBC3CE2188D3D378FC976D0EF9A95B7C8532F5
310
27CE3CF539581E0FE501291E9139FFB65EFF5DBD8E0C18DE3077170A64E033FD278F18068028802F156C3809FDEB11B1019C208D020C9BA2870457F0F8E1FDC7EDD393E3B9FC9C4308E9315704233F960E554802C14716B0B45DAB5EAB5E25AB7830EBB8D25E6CA94E4AA01794FB1EE164FE9F040FE82C940A4BCEF913075D
310
087E85A7237D3CF29C47E4E676777779528C4781761F0BFBC1D3A77880E40C9A2E5109180D5255317890394229F0F082010354082D574F1E3FBAB7D6553C2113DACB97BEB5526C7C6F69F9310A94C46CD89FF8F379AD1AA035FD00FF3F320180F01417A6F255A3A8D86319FE0C0B0E06A0DCD33F79841339C01E5BBE1911AF
310
CFF7C1E0A540BFBDBFCF2372352686D863F83F59CB6865F43104007EE06F52406F680341102048A01BB048823082CBCB0B6AC48C313F3E7CFEF8F2D1FDC3D6F6F9F9D9E98D9D7CAE5EADE2A6512FAD7AB526E17F600C85550DDE9ACFE9D97E694513103BC69F8A2813176032C890C1E9C49FC09C61670FF8705B1D7386260E
310
7C8E7122C7F8208A55139E8C8D4763F7EBF5728DF9C34677364E3A3F9AEFDEC9CD95470788834F9FBEC512379890B38C94205B2557987C4186DF5C0837608DF0F9F3CB87B7EF6E920475752A01460E556919B2B64296FB9FB70DD5F47232A0F77465BF140CD001F00ADCA175090E2665A14E6329B62660E02A1CB50C6025E3
310
DA252A670B3F0FFAA5EAD94A509FE7036B159E0D1D9F2E76B7AE1FD5A606198D3A747AF450023CBDFD162278B9446688111009B4029B0F2180AE20A542D40610C073B47FEFE1416B2B12200F3C991C2F54EC2491027A816B0A34A9D05C6F437AC23462385DADD75642EDDA738AF1600DBE07EE8437804D2D011A94DF71C208
310
5EDD40266A407FFA1D1C00B0C03927E60338E3B9D8C47D1F8CAED578E06F7CFAA4BB63B175FA7C301B747CB377F45192003CB8FD34B12009224543D8604494011A80C1903CE0518C986208E1C5FDDB8FDA161686873BBABABAE74FA637BEA894A44078C19696F326E057D7F95D061A6B0394A9D5F2DCAAFE4C2388D8A6E9AB
310
7695CB0BDD0A332430F1A9333DA41D1FFB97FA09AE84E738C75C407C260408F8DBD5EDED7DE1570A7BE333C54F16963B46AB0C2B71208EA3D16EF4EEDCD7005241166C005A73C03164792151205C007288AE337B4D7103741BDE7B7AC913350B348B2D767515674EC6F72A0402BBCB41C81305AFCF05F2758D3ECAC8D26AB9
310
7606DB9581A4B7A8FFB068CD5C0604E6849046B70C2B60FF0CDDF93C13822B4E82FA0479A68220E66D9FD775FB3C1A9CDBDB9829B6AF2F77EC9E0678FB20ED8D1B1A1A39D10F9812E20D6281F5673121AACAA9C53424000DAC173F7E18C3052EEE3E78E7F1160F5AAEAFB70E0F7775CFCE4EF384DDEEBEB9C0889D5243BDF5
310
57559FEDE5F17AB21E118C4C31A3DF6A96B56AC62180293910ECD6B721047664BCFCC6B2DD3C65CA0F0C823DFEF84083C7ECCDF05898EEF158F4FEF97EB9C123F1B9D1D1A3D9F9AEC5F5CEDA84A3C96C14A55584D62893D6A54D8D2028D05C8B1F124884543F3223B29D208B04910D3FC43F5C52196AEB5B5F5E58E8E82610
310
F08C21BD443801233C0CE8BD1E40F84A1CA86001990048031ABBAB11EF83F9283EA89F181F2A0D9A9F62D94B7F625FD727E6A93F63F200F614F7CF100D4511C07DB45FC5F0CB4CA359ABE4774631FDAE85E599EA0878A3C33D5AD6430CF4C055EE5FDB80629000D7855DED3F436F3B61B3DC7FFACEFD2B1BC6FB0696312CFA
310
477CE87A87070C7998E04FBA78AE3F915A065E819FCF35B410321D9ABB308146A11AD5196CDDD7C477A171C8AFC74B45CBC6F641AB53C8D4ADA5870C02379BC0470CF83DB55F073E29CF5CE5F7A3F8FD62EB7AEB1774C2C6780B9523F9287193FD23DDB79FBEA513B45200E2E0C1B51350163AC19043C600F2C1DBF7DEBA7B
310
B9B5457BC0D840CF325EB0BBABBB786D301437000020004944415472B491ABCCEDAFC0591201CAC8EBFACBF367FE7B6E40E69F551BBBE7123E3C00AC560CE20C62436E8C3C54CC225EE08C0D74CE26148877689EDD004FB2BFBFFFBB984035373A7954EC5EE8591FE531348654514DB1D1C56411DFA2A7C212BE5ED91278F2
310
851A432244C6822C29C85A8B320ADCBDFDD63BF71FD32648E7D098CD018BC35D7FE89E250EF2AC75F96C15271602687965C844B8807C6E7729D93F22E81D39ABD62A0820C1FE9F11CFA7208125D33E96FD69E83AF6052DD32D49FF0802CD9F9DFD39260389A950887A647CCC99BAB17132DFB5DED35138FB3A060F6295AA5E
310
195BF0BB56495A5A4A8FA440026E46A047D40ED2520A441C302D240F201FB8F7E0EDDB0E12A04D8816215A0579E8FE1B1281E9F19C9900DE79842E2A7CCD48E9876EB01C75DBA0E0C8D44AB5512947A00BE7CF5DE9E1A6A6BE43CF1A78783DFD5A404E4477336C1ED8B18908B2A847B2AFE9839E891137A6673BBB96FBBA2A
310
4B8E9373B001F08369BA11BE8ABC4302FD2345FD6014A127068427D007BE28B41D9B0D40FFB7EE531FA673C8870A69135B1CEEE8D009C08042A5B4EDA314920B635BF941E7487E45256439DFE9D276295F87E698389CD49FB394FE19720412DEDDC40E9CE9C6DD605E0B719FADC416CB15AB3A61F9B5B9B9426E54F81D8B03
310
DD950946D432B40CEDAB7BB5AF11213CBA73C9BCCCDAFBCF06127C7980FE6D1DC9B4DF14832D6568FEAEEBA76FBF438300B541064ED33F3AC0B0D10505306FD370AED02859234402F6C3FED006766DDED2034D90D119057225EEE3DAF787EBF30EC51ACB4F551678BD6728E1944730C095F13E4D81A4DFFBF67C5BEE37E62A
310
85FCCEC6CC6C7BC77A5B477E22223ECA4FCC0F87E2A5E3EB782BDB25B8CFC6736A044DE5A7CDA604526361D650484FE283B77EFBD65D52C1C73C4F48E7D0D81ACF572F2E2280F98FB230508FA906B42DE240ED651B301CEC83DE1790C9FD96B6CBF986BECF3BD332C18EF627A0B6EECD5B152E02088D03D828AFFAD26B05BF
310
671B4F9A09A8CE0CD2707F67F2A4B3BB75B9ADA331C1305BBAC182FB4A79820B7EEAF73199B8404C0B81231CDCBB871B80FC41FF5860E8E108222A1A076C29E6E03B6F3FBD4F1F295DC457573C7ADED636D6B7B8C88413DDF3B327E1046AA51040B40CB50C7E3F1D2E44DAD34CFA604029BFFBE714DF0C069908027EB275F1
310
F366C132E1A7450B04011CF82B2B647CE754F650FF6E25BF37AAF65B7BDA16CAA791F1D09F6CAB989EC5AB7809BE145FA459E8D3E4B0FB47DAEF093B946FED585B80FE1A0305FD5330FEDB4FDF79FBF6BDE81D8300CF6815E5F9896552412A03F31FCDCC7CB5E32365550CD9365FDCCEC8752E943161D78047336F8AF65398
310
40A1F2E764FDA2970999F205CD2BD1F5CF496571F76EAEFA0E1CF8FD2A55FD06391F9EEF8B9DC9994E72BEBEE1FC928E2F223EBA0FBFBFB4F2DF137BC894B8087643D64ADE6EDED67F7680FAC9060239E845FC94AE93D880F994FBF71FBCF5F66F9F32C292EA900F9C1E6F1105E81C5B5F58A067A448143842008D7275EA3B
310
BA3D2516FDF02FF79260020D6B3C714711F3CFB61BFF56A826E627E82256F7400FB387FEF23C1C1E77FD6A21EBB1B2B35F2F95E7760BE1FA3ABB3A981423477517EEE36FF96F122B942F6FB64D9502BD1B9089162532A2FEFED255028FE653C9F46FA321E0B588B7DE79FBED07C44106CC85133CA65190543004D01D02D818
310
1DDDA5A9C91A7110805B7875B689FC3902200FB192E7DFD936B37B57D9C338BD49E99E181F4E5FCAB2ABC1CA7AAB382CBC7D515457CFABE6FBC63D525E5CDF74B16378B9AD6774A58531912D232DF01BAA913DFB7D3AAFF912984302B84D0500077800D26C60A4742101DE420C610C2E92FA93056022EFBCFD5BB6B3865147
310
0CD33BD87630C05831BA864C85997B8754B05167F0706499DC442FCD22592AEC2ABF3FF13F950039BF159FA9B36ABDB2778EFF83F70972B83BFD3F4899E64DD8346AA495CB155A7499F2CE39B0AAE755125EB84FD8CF8D8E4F4E9FB4B72E8F1DBCCB98B31BC4607C2CFF21C8145FB48EA0F2159F86A3098415609554DEFA7B
310
27EF1301033DD06D274BAF6821D220DEF96FA4CBB60B3CA241C021D38E1AA76B4406B4767576166766A6C7F77273F5F395291BBA19F64F2E3095C14F3E60371827741CB27E89543857D6D96BF9A47C6A9A26057840332EB843717AAD171880217B71FCCC0355AED3D4819911F79D0EA8AD6DA31A83E36C5DC2D470295C0113
310
02387069158F6C9966022367ECF1D00BA9BB95C389AE7B6105A1FB640689033A7FCCFFEDB762189103A61C3A4FEFE0D6A6B5A19EC5755A443AE78BC5E9235B047890A65919A0D2F96AA3C01CEE913BB3ED239C3E0CD8DDAB99E4348BF3F8B977B6C43DEBEFBD7721A839A63B94C06A10DB87FCBFA3C2932F8C26F88B6D6BB3
310
0C3C4E09AFE40FAB52EFAA1EC0316920E031A46D65A0FFE45A673432E907FBCF86717AC04F2CD0EF512D665FF53F05BFCDC43489F150890C60A8E0314E70A06F619D30D841189CA15D3417F3CD50191AE4396543F0C42BCFD696C58DF163F5B46D708BD5FDDA5E5E5FDF9401BC4F7E00E8A17520833D1CBFF495B5D1CE037C
310
664123EEE74737268B5D1D3DBFDA6AAD8C08DF2C0BC7A737E10AAB2A7B958990CEBF556CDBEE823CB09FB344143463C630CFFF585D330CF0320E921744A7918280FEEF981161008E9FBC78C830217A07B7D6985E83F9A79884ABB5AB383B4D7D788F9FB3D867A2112A43F19042B33A108690CF6F472F8661CFAC971478757F
310
6E6F2F7AEB82FEA85E5715941778B278281F28C268AB24BDB470EF3303E09C359E9DF1CF990D8A096106E6A66C8620DDE7D281DF0B2831F20439A30D68386CE13E002F7EDA8D7806162B205D6A19AA1FABFD6B1B400EC2BFFDD66FDF7E8755B4883C043F43046C1326136680404F1F934EBDDFDD39CB58A98DF1BD7880E053
310
2E671FA1435E9D6EA5E9071000BE8F262E7C4044FD95D5FD526EB40A05A634775F32205C3D779FDC168CD5E56BF982508BF572BDA4F6F57D3304BE9EB18149461B12F760D7485891CA47CFC44909136FBF4931716A2E100123FC6CCAA6A644F25EDF4AC980B14039009BECE8B798BF69A05DC5B6885CD23F8E13A46FF0C0A9
310
86D617F001C52241801E87C2974C31411DA3A5D7B6175472763D637D3E57C33B908F867F4A59CFCA7923375E5F027A983E18BD7BD4E6FDDBB2250C1529F4202EFAAF979DFFB1F2612E87EBEFEC58581EDB9AA95AD1D7C1905F7305BF8182D5BBB524D47C4E3B81CD843220DE1E6536497C0962C225F75A2D6A998303B23FC5
310
01F0B3F736EE1FF01200FC8C99F5515207C9C40081DF304C0A17D06E26CCBC5B3C47459308178301FA8057C2C0AE9D99B05F038828B08400F2E3251254DD7EB8BC4853B101F99AB48E387457C96951E5DB670648BAB70A7B04FE93EEC5F5B183F9739C98952C6845C380D401B8FC86E70A20744EC720E09D35955D96A90417
310
20196D183AC2CFE6AEA816652D0234883D788BEC8F5DF2615261DB031C2381092401B48D8D2D870FECEA9C3D99DDB036C8A051058030E32190976718C89F031DFBFF2EEA3D88606A8A19BD0AE305BDFD12BA4FF46F1A0002B07137989C748936E9DB2C91F43B07E4E4D16C3779CF5A4FFE8CC981F07C29E34B7C012AF0054F
310
AEA4A6A3D49D3A16D2B3CF220A029003366663053C89B3FB1827080DEC2780076FBFFD8E39810CB0593CC68B5D9009F2D400418028B0BC6CC74067E7C9CC0C2690FBB084AA5254A12AF63543B35EB40D17B693F7E3464D5094C00AA9E04E0E0524F5C35C5EC6BA94B21AAF2440725E2A9FF94FE7A8F0E769EB83FDEB039B63
310
1B18BF396F5C13CF89ACC02C387DA56DC3B1CD84B96CFAAA37B55FE723B611062258257D331F186AC93D8AD600B4FEF4AD777E4BF68F2168FF08C081A37AC13446C859964803961928476D78F68419390D830C1935B5C2A0A22A3AB17D3D6428BF12DC373B8D464E04C0A496BB3B3B75639DCC2500E0F0B15FB6F47B5A7ED0
310
183A87CAE8D535F2EDBD4B3B7FC762DFE65A07C30B2851DB890082ADC07131EEEFA3DB7DD5CD32C0860CA83CD4B7993A175F422A8149B1C1D94C1145059D9C78A8A572A90B7C8B1E3392FF77A80C50220880FF3669004E90F101740D2B808181455A044904674E7482CC3EC85C4BCE339404C0B0BF6A5611E4F9B8157BAB6D
310
E327EC9BFBA1B4557ECB609C1F45326499EFB90EE78F18227F09E563C9E63D847EDB3B68EB9C39E95AC4F7ADCF7D87F6752BB6912040281E4A0D8A8314E80D60470999B8A51FB1488A66A9F3F81FFA61C83F4FA6969E472288FADFD61B005E0EA4284822E018911828E868614DA0C36E11F3A051070BF2F0840E35F200E2C0
310
C80A776CC9E7E6841C0503D0EDF15ED9AFE527E798D23BEE5F0604E58DFB7099D739BF0BA5D332EF29F1535995BDBD0DE681C4F71DFE6A7AC5A13554AE6910963E9ABC9A0DB5B202225545F5CFACC942B5B93C207352B6E5310BF349AF200175D7DFDF78F6D683B7C87E087FA9B35812C4F8F13452CED610A2207541E6D659
310
A739441F3833CD0C9C3C3DC2B0712F62333C4FA9327C9CA1124904B4FDE0FE21C119776CB0C212AAFBA5CAF80EB43772ADFE77CD9FA8A4144C54C2FB2304C65F62FC3678E4F6C68F30FEE1BE8383CE7DB86F58B1AE0C51F0F055E188D02F00911DDB0991832228B3172B3E623E513FF1734FF414A611A603163F401BEA790F
310
C9FF7FC3FD3DB02DC00184145B850D01D120424DC03C00FCEB7880EEEE939399F1F18DBD4AA54C939899304D913CC2D5CFBC55E50C7FBE4C0E14AEEF53D6843DFF56BE2D554637EA047D3C210E2C61077875FB5B40E19F43AB7470CAFE1C0D3ED3B3B4778D1DF6D4F837C08747180FE8394F2CA1E0A46B6DA62CE2B2DABEDE
310
0B1924098580FC16B369730E9E90541D3730D47FDE16EE1FFAD3419CDA05ED1F2715C607F2E81893AFC5936303F40EB776F1D808BDE393A3FA401E1C706E154C892860AD74A2949C409E28A8FB3349C764D13E4D1D3468952B7B1B35001BF41142CAD58D6011C8B78961EACAB66E9AFBC627673B61FFDA4167950A274145BF
310
11EA17BA9AA60815C2C43AE1F648E3772E53C94E6364AF826019E723069A8AA353A3BF7FB5359281700061FF64C28C10B9AF0B70B0B0D30A31CD1CFD22F68C76DA1E44558869257892363C091D313EFA46B57C3BEB252E9C6BF5B4799EC58F1910F469E25AA17B343799DB3E33CF410061F96C6D63FA91B1000CEBB7D2971B
310
DD39A2A76361E000F5DBC1688D47CB812DD60F8001AF25B328D173A9E4BAC18CE9F1F628704330741B2649B92E9714447C68559C6CD2F681919367E4811100750058809D0230C087A89FF3C80C23C4C60882E481F48D531764BABD5CCECA308DE2F63D3BB50373D630796126803C2D1FBAC148F7592881B395ED7D26B7DD38
310
D7096AF98841CB37592561D9C6565317AFBE9FC4AF7371E060736C7635E0CBA1809FC80F544DBAA1F2F9393D970D44C0615A0C6930E758B9E63AE690F73045F0C8C0731DE9CD80F718E94652383458799E02C06D328010011C7090D8C5E5336A83D4059953877EA1E1D66FBE994F04608C4C991917230FB61F9AEE183A40AB
310
9108D032449FD1A7283DD25ED15360EF7EA9303EDDC0043403531EDEAB10DFF87F5E2FD56DF0F1B701A9F614DB17FA0E0EDF6FD0B1622A81FA3D1DE5A33F551930335C353A87F9AB05C60455193448246944A232C5D07636D864CDD7A50D0B4440CDCC465D1C418321F50E1648D500294065D869559EF3C40C8FCC6C323E98
310
9AD0F0C73142480B200842802C061008B480A9954AF282052B3AF67350FD0DD30D1F4075AC303A5D490250F5400ACF479656861E4C77AFF327F3EBECA4B57B6B6C8FF62602BF150744656A87DABD7BC6BED50527B2120C001A0B3718C74F0C65CD34F275164D7968148DDF259AB8AD6CA81CDA4E8819509B996A7F642D987A
310
401A2B04018C01E6C169A8700F9DE3B489DB2BC49C9B7B858A4F50D22AE15428FCA4A1EDB20C83492690CFE361CC7F8C8066FFD0D77AEE797977F468A36E0B0DFC87F90EE6348BC748F7CB73B5B9DD5C6EE7AB19ADBF6DF359F1DC2A0F9E44F213F8041F64274C0859A2AB7C37440FEDDD2F95BE44065F22067E3EA0CC3BD8
310
C0D8194EAB291CCEE20B9CD8E02950AD806080047A279F19024C837C848816719AC4A34DF8F0706CED904E8185753A458A27E4C1E37B5F30A104932BE140E0BF4E400160F320B054A8705042FFC47B4940810173F9C9E97240C7FCC3F3813EA239B745DE9F1B1F3FC2F9330374DBD1A7B475923F9A2ED81716D18D1B577DAA
310
B9D1A0458655AD3CA7E211867AE7C702DCACCD291E0F798013DC01BC326087775C0833E04EA3778FBCB8DA4687A0255CA0AD210C15661E4E92001A4449031D1DD27D327334BE830B64DAD90CBF537A45FBD4E94A7A88888E715B7E74FCD040E818BDC1BF5AC609CCCC015DED23877080FCDC47BD8EF3A7B783A17D33F3ADEB
310
6D6BC7AD75EA7C7852C5B6FDADA6AFEFC2D181C03F8C40DD8A4AB5024F0B72E34B57BC1182472DC80946789AFB711DB7F1193C03C893B0345F420246114D3EA71D04FBA731C0DAB0D3CD311B218F0D5A15ECC105D02F3AC32F13600084731A83220040019B03180634B5923D438300B05BAC80881F061095FED5D572A3323A
310
BD83F1D37A2301A8C930AB3F66ADF7CBEFED30BAAD7D78A06DEB6A87F15491F5AB7E25842B6B34BEFC12C8A159F187C64B3CBD2356DE5FBAB98BBE9583F0E3280C0076DA15BF34C15238145742B07080B1EFB83382F9FEF2239D003541041083C5AF9EF3C8944DC2030BC3ADEDDD9D27475800693049E05413BFB3FEB43087
310
31512F13400D06F813368A0101D8D863EB3E75FCCADED124F532AD3F123F131AB46A93DF1ECE7F96CE9EB6C365C6D6A07EEC461FC919FE288AF7AE1A7D012D291EB073735FF26BBB1C99FB706E972192819B7A34BF22424BEA1CC7958AC2E04BFC8E02DB90A4A1DD04811ACDBC181037864672C78F6C0EC3073A40CC49D5E8
310
13593B7002763BC6A909D31AC86F3F6E335C9E1C309BC58F16418642E2AF6B290A34FEDC0CFEE08FCA0F56700699CB73B9C99302AA17BD516D7F1FD755A2B32B3FBE7134D3BEC813195BD355020A7DBB541539CD2C06E45F46FC0EE08293E6C0E1972176D9B678340AA1A4823404EF79B1E2347E47C35D0A2260730E0B5130
310
25DC0BD1C07E3366E9B9D17F767405FB531070700035618606F0B40C73C974CFD321B0C174A80C0F3AA54945FFEF348F5488895713E89B5C98DA501E06D8D24FF04FF0CD7ECD7BAA755A854EC6A180AD13BE094E8D5D63BFD6DFA5F5D3E4DB1BA18FD8473DC6E17FFC9832B71A2A94D96E808BB53F9192955D62C82E282B05
310
168AA0927D54AB20A20A74800B7CC9655C8B15F62377CA4C91641F9F4D0478F4FEFDCE273A002CC0A725EC165CE3A149F0333E8E9600B2C05A7D15FD831F0938DBE5D0FF13E3C0F0765965A0961C3FA86DEEB0E28304747BFBA5FCDEE44C23544F7BB7BF7A132DDE34F99E44EC3FEEAE92F667A10F7E90B0E8C6442DF5A531
310
8B0F816311DB2E6DC6F172C363FC800EE09186BB9EC82A24C0117700CD884AA42023B81EA6E0CF8B3056411110D78606EBC5AD5417B45BCC8E61EA01C4006AC233933E35D860BC1B6CB9C9CCCE7840D2E0C1C1FFC11CCE54D59300F2B47D66A10F09D8E24B71B9BDDF98FB62A3B897C53EC88D16D1FFE8C649B17BB8E760EB
310
20B784F52F992544753F2CBF642CD3C9C70D8722C197142C567E74FB431EE248A8F3FC00377F5142144A82FFC28AC2970A780C85A7EE9146FA4B2981F3C93BCB0F3FBCB6DD3DE69C72B6073B99140DE28B8E919D9D9E7C2F5FA99FC1FFD07E9AC0965CDAEA0A945FADE52C791EA989E8E7A21A355FB37E44405D171B98A6E9
310
46DB26AE71DBD01FEF07FD378F5B4B518724481820890E7486E3FCE61A60E096D577701890EE07CA5D7F2B086040749FCEF3F81972E510A86359C9BB579883035887542090614E5C4461705D7CA1CF84DB564838606CF1597E8119790D021080C935A908324EDE9F60A04B7830A33F0670CB08605B8D01BF9A3D435693FAB4
310
FD84EF6754930640C1F9D74B052A7ABBA9F502B39DA3BF6BC7514EA4BEC71D752BFDC198EDA8DFE8F32B3EF811E4576B0A2074B99B070A069F60173E7427BDF285024E35A4418B7A412914F2800F1965C4F1120A2D5D2C64400563D5942044807BE7C738EBF3034C4A6F4D70C04ED1F97673C039FABC4CFF18866E08200BB6
310
6BDC9CCDCC3FFD1E43BEFC52C317F0F5E64900FBFCDA4DEE68768FFF46350E0EDADB7B34DBBEDE3776BC55599AF84E312229F931E700D04478D66A0D88D09B2276141AF0F8811C5F8067DC04C0F90929F7F1AC9CCD368488AFB965C97B855A3E2E93AE5B4866502E55991B82D4388614F2C36B8484A5FA06E3EFFA984A6AF1
310
7D5C2073299D9F12FD63826F67FC460E54030981684E9FBFC22009A3006962285FDF4FC84B699FB5BEF3736C6072F6844C15EDF25883037DE6BB7AFAD6AE164B367812FA8CFCA6FA25725D99AEC5C6EDEEC64ADDA2BE0056002032E1D7A20A54CF444E360D520A5B69816C0A953CE0434A8A898BF18E2B704588C01BDB2133
310
342F5404FEE698957C200EF54E31BE6DF4E888C9C67F5F3F1B41F922777E7FA6332677C20098C59F762F5DFE4A23F9801A3BB6F8A4F66E0D40EC867E92DEFCE84C714FC7CE8DD3DD3BDBF9C781B1C3B549FAD2C89D711808CAB100E09700BB85240374A7209212F320CA577222A7020E7824500179FC7096C714884BDFD949
310
9E027ABEB3CB0226CD293CAE6E0C41A6788F396606A073E28CBE5CC67D584D36CA39D37974FE1023253E3FFB007A26F657FFC901D851130DDC2BF54884F20D5D40A0B7E5C7BCC7CC87B84F2ED820192CCE1AABA1FF24ADBE1D03635B5B3B53D4A5F84120125FADC36A0E792D3AD7E255792CD5241A4C84171F1104090017DA
310
493D0A7790A7BDE6DF326180398E4B0DEADA5C2763825E43E05C388E184678C88CE6422606C017F030366981353DF03A753DBF6370879F79889DD0BF75408724DB53C5B0063AB6568D02DC47AE4627B58D7E367A6000267E7840C23A0940B992DB98ED1C4731B4FB4DCFB6D3EAFB6CAC7646F0335C5031888CD74E21033802
310
60AD47176D703960230370FBBF28813524C17FFFBD6288BB28E4F905ADB4A788B40B4A6201C1878BED224DE9906C4C79EF32EE679B9F5D3B5DFA137327320643909A823F62106CB8F9BFE4BFEAFF0FC7A6393EC7F64A698EFF8ACE31BA05ECE6DAB6DF124118D1D13F892F3D3530602E3F3ED3D59DFB821ECFA3D9AE85B1AD
310
AB9E328DE738BF55D5DFD039445AE76D0194180F57B15BEE5F09C07F952F9A10372BC894CF7DA12CF6507E2A8916E0DF430C519485C55D61EFE209912D8C32866214E121611E22A0B1238DB18E86636A3BFAFD5B4EE02FF1E505F902BDF424D0516907BFC95EF3A76B6B3872769D67E25B548F0DA46E2B93DFDFD5F2B9E9EE
310
E1EE1DCC7FBE6380DFBF38A165CAC73DF912AD76A4690D2B766A3EB4AFA2D05BE543EA20B095FB17AE3F1928D84482049B659E671A4763CFA567C08824913D37F2F92F841FC244085C1681225C04AD6DE1684831682CE0D6096B56101C0D4FB3A1BD3F11FC1105AECF5660BD3FEEDF162B0D9DEC6DB55AF27FC98050BDDEDF
310
F63ED14B01336053A19DE9AEF5F5D9E9D9F9E19ECDADCD497BCC57681922F327EB41FF681E17C1921B04FBAE371AC69E53F98183E91B84897A5DB164158BD1D12FF6F6BEF0E02847727BF2628F9FD48B6FB11DF6928C868B29590A0606F92140D0C08850DAA7DD8A5FE8A50389F61288AEB743E9C801BB67DBE0A7F64F63BC
310
87770FDF57AA73FE1F5A84F8DD3AADDFC32087FBC0A7D645C327B97D65E7A8BBA76DFD9BCEE1B1CDE3F5F7CE4E6DF4013ECD7CB60BD1239E8A4E9A5722AD9C4FAC8F7FF17B214AF8801950430639A08E3ABD05A0D94E253BD5951C885B0CE750309070555FF21F2EF83FF53F4E15038B8D8A244740A5C9CBC120043DA0B323
310
FB1DA0A4EDA268C05A304619505000BE10415DE898809DB6B66896E60AE347ED3D6DC707CB7D5B5BC374A158EDC343D0EA61C217D4878CBBDC1D85686782C3CF4272E7DCFB5E9EF628F5A95AC1AC0C6848F5771329EF8DF2BB79EFEDEC8DBEC72EB7F245287FD4B31008AB38EA4D52F2BF57167159E3004CD8950E217DDD6F
310
699FC763E9D1A0AECC701F7BD4430A3E030374066938F883C01DE40E7DAFD609345E33570F4CE6BE467FBD7F793B5AF2A9D331D86DBA7BF98067918F9FCDD609A0384B523F4413B574B818C6889FAEFC5E7B8F90CEFD62BC2C85B2478D54DD076635BE434FCADE68B3ECF1C8708E27863DBEC352D87BCC7A92A8E135700CDE
310
65BC114026DE5DB68275E656D2C0D4087293D43BB4C9C14EA83C0D806783B40DD7CD4F19EE9F33801F55A3F1FD600017A6CD5DE607783D5F74E34680E7DAB98D99F6E5B5ABC7F7DF19D8278322F6A97FDB2FADE1539BD945DDF868EE2B8B70D9EDAA45D1BB0A5801198CF1DA891540474745BF0317F8A3703E02510AE94B08
310
4221F887FE950272D62D4232781054A87C58D015CD45EBF9B70E60820A2056E9D4D619E8494BBFA68B61EBDD8CF52CCBA124BACD4A4077E8420A7F36FCDAF661E577B792A7E1B7E337C7CF1FDEBB3B49F501F3C7366C1730E793F51FA20A9C3D2E9F18E63DC277449054CEADA36DA0807467D45F8A744E1BDED725A0338687
310
03F1392BBE221158220588F30574A0B0893D0515B0B7C404AD0E7F40C11D504C49BD7DA39A85A19CD7357DFC966E5D92272FF06D59CA5A6A1C8AE30E52F1247C1F1D78F81887F9F3E387075B170F9F5EEE4A7F5BFC69DF02FD8795FCFFAB472E7C88D563DA514861B85BD41594A75F5E866BE69471110A9F75C8609C7E6BF6
310
C7C727431EE3E9E3773D2378C25226E82C08104A57ED273FE0921D6990E02B006BD038263BA360355E8DC446A380F0BA35FA9945A80CF60DFD54054202F91897C241C147D59F8E0FC67CD0F2BF377A3463F8BBBABCFBD6833C57E214AC3F5AE9C2FDE88852968F20337972C7E04EE5658223008AE82D93BC37D8DDD900BD6B
310
16EF221F0D4149045D740A8A215D4FC186C658E01994B8CCD317465828704BB630DA2243B3B4ADD3EA554A97408454148C04A1A0CAAC2E04033C04073851F54380E0BF2DFFA43FAD3D6B574F2E1E5EF6E5F4FEFBD1CA87C161FCBCF5C7AAE2F726F814027BAE10F79BC3D765D61D1803952210A9AA07F8C6BB2105B61145B3
310
24F96014EF223D4A9261080239F03FF6F4DD4975C183B887E081F7A467A25EAA0C94028FEB808637768B07400A8235D4EF33143253198900E079E3FACB0C59B00F827A5785A6FFE2FCF0C0E6F1714F11CDE5140D931D707950631F3DE877F300002000494441540ADFB08704E252AADE1BD4E8DF55796A32B9B6F17737C677
310
02E5C638682737286CB0E0A89B624D5BF28222432848C9AB8C07170C97B814FF492A61072407D638006F7C8400860444C01B1930A522788045633DFA9507267A3A42BA05925BAD705CDD3792FA23C1075C6EE768A673919EB6C3FCFE7629B7310AA794CC9C0D14A1FB88F95C845BF22543F57996E0B26C9E4C2ADF187F979F
310
8A55F11B47BC26594C52588518D25E6C2B1CCED231EA1B748F093E5726A21A54C91EF95789041030C20FD5AD68613432E19A4D0DA2505B6BD843516E10BB00AF9AC315EE9FDB39CC1F9EA59CD88F9CD071D470C86C4647FDEDDBB1CDAB81DA94034747A779F4CED497CFF817348F69F52E55490840E48840BA72DB71F3E84F
310
6DA2F4717AA928F153DA6E4C7E8E00363CEC9A2E1C8E65F298FC4A52F087FCDEE5CBA38A80CBE11FF7BC2AFF249203FFAB77A128A001B1987BD334AD9B901890A8C2005B6B248196AD09C0025ED841325B31845032E327C531C839E66DBAB39566B631C2FF0A1DA5A3CC47E665AD8751B47CFE33899DF047C9F3C365E3B112
310
78D49DF939298E09002F6430F9958803309827A7C791048CA070061B7E9A64C557D235F83EE24822E5EAB805F9862F20FC58F483DC0EF02181F572930205107E00E523861895A2811309808F2B6C14B2AA579E893753C155D2F54302007E9FF36AC5FEDBCAD47E182D91A73920CFA5C18E01F8FFF4C3F1FF553BCAD0E58DEF
310
85DD63B91BE38ECE1A9FFC4AD4A1FBA30D462C328C5A0340DFD393D3D3D3C0659195C96990F391EFF4175213BC74C020922D4830FE215E76940962BC0713A3B82784C0CB6623DC40D6E1485BAD454F6892200B225096127FBD82D2B12006BAE2E329C771E25FEBC0DAB3B5395289D56D7A8A89081B34EE06F80F819EFE75C6
310
7DEEE95D227E283FE98A7B9F1C97D2D05B4D07A469153C3DA3048EA68FA667A6D90E291C7D7E2D063E4D044964D055F2DBF3E31BB851AE9F78A0A7314F0AD24901F581D74A6929142039C65AF5830D1C809536CDC05E4BA51038F79D713DA930CF18BA3010E385351CF47F74D439BCBC793556A1F99814926AF12835E251C5
310
9BEA3C083EC2B2760FEBDF4304C9EB87B35769E1EB24B648542CFA4EBA9EF93CD42F03C08F249A2C98897D8E2225E90077823F4A52171A61219998CED6FA050992B6B0A74A2220ED12123004FB977084208F8E2AFC80F456CB110BCA647A3A0F854085D84FE0052BE31FFE7F925610BAFEC06FC33F9931BF063F39DB3D1BB2
310
0EE357F594045F4226131578582CB055A59A073AE0413989D215019B6EB8A21CF154D71164E0D8F4E730C2CD382D098DA5261456A425643686BC8301710F2C50665881399156AA2B4C3191BC555728384800CE10040F746A3D8A80A5F0E500A93456FEC52833BBB45203DACCA37FE1D3EE4B9BF0EC27ED47D89B8266F11EA2
310
DB8B5A8BB93EAEDF0C06B7AD0402B9EAC6E787365535AF19F15158308A9D9785C1BC1C01377F8C6B4D07B50DAD25649764A91DC9812C7B34CA98184084F7C01055466B48058CD44085AF26648520C85C41C67805462D8425680425559F4440F3ABBE1F3F81B1EC72708767DDC8FFB6465796C8FE310FEABE0C9B242A74137E
310
C3E0427091967023299BE5D6D4D0C6D15747DC2AEA4ECC57C72856E827D33CBD319D70FF854369EB841282F84B7CA4881447ACFCB257E252E00FBB3272120A75B99119840858486615636E0E0334031AAA8C08A62E080053A0AAA4158431EC727A084021D41CF5D630C94184F6FE7432E8F5F9A4FCDF3EA7CF136FC2988093
310
F98ED622E38E4976E1BF0CF49D2889E6DF3566719FE1F9B47A2D3BF89C69155DCF24F88C609EE551160F0415900B4C48FB013D8900A9192A700748002924771A3686A0A580FE4009E00ACC090253E280B90AC15048E047020483A038A60ED232831F2CC90498648690D960C48E439F18F4DDBEB0B6F5AC7B7B89F6230243B4
310
FA160A7B9327F3AD5D937C8BFFE5FF8B3A5E64283BEF8EAB9F71159514CFED62DBC880614AA1F7994CCFAE7D8C87057F451733699B8DF87056E1F0654B5021E38097E4E23221B810DE20559AD183A61C2C88A648DB096081E9801CA00BC1DA0124E08DAAC15FD2936905CA8DA1C40E42B13F1764E0C4015EAD7F8BFEC99A31
310
0B1B7C0BCC7746D3C0702759C89EAD57122092122D1F857067684A578F1DAB7EAC400841F493A468113282FFE42316CC74C756B1C880FE78795C692813CF4644480EE9B02991BCA257A71861F00666D9410288487618D120D0E80D7773E2B7DD180E100EC98B221C94BFC4FF531A09B986230F1CD08378A8E4D0FDD7D9B1BC
310
75F5C12EAD7FF83F3ED19EB018620303C217A6A35D826E72ABF2D8E2BB1B783F6E48D2E3F360806E1D192085D022103473A10375B63853EC54F500B5B064DBC20945B88160DCF7E4F83A0200BF6FAEAC88E9F54D22D898E43F378D20B51B5D6B1457000922202800DD401A9266483029C0D6D57ED80D42A0E6E08835F0F3AC
310
73D7FAE6D56185F04FC44472B854EB7D9CBF7134DF3DDC35A9F6B38417DD6F508B37C1A718B0D054124176F7222F62DFB327F34D451799D56216880193254FF782D7DDE26C271BF38C6E422E271CE4AB8823C9510F021126A7A944E00DB4031D013C88EA0746C96D4574069BD5439C4110403B40020C30B07A604F1E41D19C
310
21A93FD9002DFC35F23B1E7B98E95E38387E3603FE7393680410D702FF9ED5A3C5E5CE68B5827D721FA78F3A9A0C08A79722D9C9B418F46C0057BB1640C70AA4A03D29CECF33987596D53CFB27B32C3BE304C540E14BF8464E080918268D254838C91A01F0FFB99154FD8A9C0495EAA6534A6C464440B4A71E16100E740508
310
8122A35F7A511DC003D002E6C8E7E15F6D1D2FD09014139EC11FDC89394621F77B9F88EB5A583C41E2FEDBC8F82334494C0BFA97FF3C3A34ADE60385B60E5A30CF036E5E75370BE3B83AE73B3B7DC0BB337DA0045299ED0C66681E4AE223D01B1BC3BD4C921E2005FEB5114739040758189BA8A320067B62A3995E47200550
310
65AC2B4A8006BF8CFCC907C0063EACE41813C5F017065AD46CFDC6FF1BFEE052932CA3478C8E5A6F25DC8503D40F61FC1B047E4DFFE8E84407C81F1AC7B5C79DA358551CD0D13785A9AEB38D6EB68A0A8087FC6543E7471082873CDCE5CBEA1EFC5CC0579469E225428E9A43D6A6000B4219DE52E8DF00A55F4BF503596066
310
1C2DB88AC1F67C2890A93FC420193C8326409E7B595FBBBA9AE1D1511B3F6D65B09AC10A71C2317201A603E88C56CC68C91279E83F5C147787EFE6C675F00941D23EF092920330982DF38C65EDFCA89DA98E8ADDECCD77CB86D85118F3DD9884820B1128010D02F1060F582871CC8FF42024C02239273A1CC3BF71E770DFB7
310
E96081682803188118B50310BD620234F230B12711B063E0F0490FCDA9248B580D3D3DE944A30CFCF2A1E0F6E59E8FBEA289CCCC943785BB8880ADA9C2FD70F6A13F5418444E3A669273C006C4B4EEEC067827539FFBEA9CFF04D84E7F170480037005AAC8829084329899F90B5E013927F8E646514B4824B01D11F72C012C
310
EACD163B6358A4454A4221D06E68A71062520649BF9E9127D0772D6E5EADED52FF216BC2FC513C7D3C5CC4C8AF009811826AE20203B076A2AA66D8D32E317DEE0EFC000FCE16D9E0BEB17C74AB009256C5D8AD1CBABBDA61402612C675FBD72D07E633B1A42F2421208CE01397560811204306617A5141706105C9F4984C45
310
9F2D0F6C392FA05BED808512B0B9A8A9FC6CED89640EA347D31F0DF76D3D9E61E800FE9F7601BE4C9614A1C58E6C839F13A12D0EB426DE6386B82369A9E6A7F1F9146EB578A2EF4289AA109B4F6CEFEC0463E0072A05CC9DEDEDFE08407B173B8AA65399C80B2911252E6290C82CC1B8909140C11B7AE161B42B93905045D0
310
17E00CED6D27AAA15F2C2179F1E83D411A7020B9408D202381E7E5DEE5A9E7E5CDE3B186433F488AC81554BEC09BC579018ADD1DCB3D9D70F02B14BF9159A4DA376225FE43DA224FED327941705DA582B2FD1BB5DC0540667B650BECDD1D5DDFB0C7F36DEE2B94F6EE2EE4E426F20A1174C31DF153321A24114C4FFF25E505
310
475F6906D4149B21F1BD9D9DF7B059F8E0FD83323CB97991FE80EE131A9003B81C491B218B1D42C0C0D593D9D548003839DC29A740298B0C23F0CE14BB167BD61989AEF0B985C8FAC8F923A73F31953989F0F6C96CA6C4D0A9A88184BEDBBBDA3BBADE77CD8E2FFEDEEF46184A86671D7DDC51417477BE9F04804F305AC82C
310
2D018A21EA903866A0F959FBD4139916D036635EE03DDB7408BCF0627A03027AD314C09B0A27F0A79490D53839D0DAF1416995CAB24101FA63F75029D57A4CBBA9FB4D120ADB17FB5A999FC9420DFE04FA670430B90FE7F589F7FE8D50A4B5F004CE5F07EB4EA007F8AEAE8E8EF7DB3BE2F81F42166C7246FA9E62D02C8209
310
BA1024414C483498B50229FD923F2414040B2081390AAC353B5283EADA12A30B1080866D746B9ABF5BC107F33C2A015B275480759334B83AB02175EFD0DEC785DFC505E0064F4EBA5A97073A74C5C9FEC97BD25D819E28AEE661FD2732B8BBFB1BF13441B3C1F45E8AC1752BBF80C113DE960E0AC7D9D02C58C80505A19BA0
310
E84B14402601A590A4AE00A825E98C3212342302EE10FC5100681F86834A2804BC409D70270A2091DCE874B16BE0706C974EB3D26EFEDFFCA6C4579AA4DB781708469F055532A7046C6BEB0CF39F3ED2EC4FBCA3D00EA91CA68FD2B87B5C191E0EB2C300F00A1C9881F263571C6CFD83D079D09F176FAD839340CF030F7045
310
8F81F09AEE1329505150CA0A00576B56C06D58070B23086F685E44232D9D53DE3FC3731044F286D19F459351863F749F1104198D6E14BBC68E17CAE70D7AFD958E350BEBBC70C9C4DFBA075240DA27D40AD7DB063A097DD3F041EDB3E4B682A7A12A548F3393DB01945547175879989302521EEB1431B08759B632B174E0F7
310
00E774FCA1BB83F95029ED1A084288C8893520E49415E00DA080AE8027C34206D35491D050A4C6B080F6A20889A2FF82379AB6234F6710C05F9080ADF002B9C9F9C583AB220F45D618D7E7F7547FB27CED8A8B7A7D24EDA4988B0C1C2A1AFB53FDC61BF3DE50D63C560F0120B0372F0839DDDAF13E583B868717C1CB8CC71D
310
1D7F440CC82184803144196EFD58BBE00B7EE77DE8C015942357FB06FC906A5E2B8882CCF9FFE184B0035A5CF186A962A63F84B3AAEE3D5A2C830008807568B6A9F424086D2095A3E262DBF124350082C4B5DF4704A9D2C93553DE47BD6766B69349610716999FA25854F759CA9792599D3837ACF6247CE8597B0F960FA3EC
310
45B61715050260C5844FCCFEC9666BC71F875B17E3BCB4CB151405D7D08F846B4CB952248B4603CC402B609E90F0044A007FA800EC46D07A51232B00E5683C55D5096E1374DA4FCBBDE2C25A5B8D26008227CA7758033D7D70DF12CAF7F247939F93F1CC63047D63ADA0B7CC8771B234D8095FCDB577B586D1834062035670
310
E204B245EC093FCBE15626C10D210CB38A13F50E10A0D5C0814B0C4B30AA9858516001669002229618F100767AA3D6D2528595FE7A398C2D2300ED0013A0AE60B91644A057327BD3C36BEBF48C91279B45F8BD145494674AFB211A91977CB838DF35DCB3D6D6AA2FB2784B591ED785DFD7DB77747DAC9D2F7674810EFC2895
310
F9ED8007EC7885101679C06F21E4B1C8A6120956F80518D1DAF1717BEBFB5803E20C6F2A11B2E48AFF4AD2810A70054623E341B3D1ACD92DA91150DE631EEB2C28882D092049C0DD38E262A7BD6F98549930C9D44B7C37028AEA9F8C5628A2BEF5704C0DCB2B428181B1BE766F43014498D2E57791E4C8DA6BD2ABF5003F0C
310
40202E2E32EDFB02852D16C30B7F646B98FDF86C7891690043128B0A0DE6B4EA27F08C30CA34C9D0AA0852A5997F8D11A6EE84E040B20472020256F4AFEBBB74E6705A12083B249089218E6452C8E5A69717E904A3F5EF3D5D08EC1F4D4E85086B238CFFC11AB9AE972CB775616C6D1DE04DDF073B4DE3747C41FBAE607290
310
1CAD0237100670C5A00C2C3CE063610ED824826C1F6650700E88C00B62468903A0D71D3A390255AD7040048348C56C4647413C2C2561216E0C469203EF06A5B101AD40D0E207F78B124747DB5B4BBB4E88B1C373C114E0470B345156EDDBCE1B4DBDF81DBC400746B0B54E05F693707B89A5E430982C2AC7D10DFF11D5B102
310
B9505034B35D07E8E5F585757F088B390F2D4C85CF7218E8418BB4F25B885053D07D5A908326809F31D6CC6B77CC948413B28664484439D118DBAC27DB5AC40C1AD166F25E6A2F0AE82100C0BF220405323E1FF80DFC518CACA8DE1003F3C9FAE9C7B2D60703A0004F8EAEAD2DE0F5485452D15B77B4B67F4C2403B8D8F9C5
310
33558ADE058A9E177A1698F75DC0EB4C800F74C0270178C8579C1FACD025F0560844502D2BBC01E620030CB93636C1041636A693949CD80139FD15BE107F905590A292840F8860706D07E2970A2F15E5B13B87C3143CB2930374CC46A6F9B9D7A5CCCC14E11B9E879A49FBE27ADBD6DA82410FBB94FAA8487D61B51F4BE0A0
310
3FD08743C31020D6628ED20305A22C2C2FAFA7ED1E7881C438AA5B9035F20759E243C51F34D0D5F02F11403B9E204CC1686C0B6C9000470561519CBE1B0E4FBEAB37A39EE4B84C05F023858779341991F36D9D9F351E7BB3B5ADF00148D9D05784F9AD8B037D48C01BFA83D4247F03BB768BEEF973A14E610090D4B96B1EEC
310
5C5E66928F28EBEB6CF578B067DD83086081579848E60DFC7684044D8174993C39F886043481F6A2B743B18749E52447CD4D230513032D20D20206E536E15BCF7B7D211634F98FF9986287F33F9A94615A5A0A7CACF8DF5DCC1AC6EF9AF1945EB78E0A2FED1DA2ACC00EF983F9A012260BD722EF61C9DBCDD8719703ECF839
310
029010CA0B9F100B1D2842153E01A1A3837AB579516A31982FD2908A09100DAE591016CBCD4B011A2F4DE299E1338CE065DC4841BF9895D8C81714800CD08F5AD39601BC929B55D291F6CDCEF2AB40DD5D98F4E6F107C47AEE4A09A079C05316F479DAF4C2BAB83221BCC0CE23FE3D3D4C7BC9AB673D89A3677D6020F6E182
310
332028012FA0FBE0B2668FB85485902A8E7FA0BA2105C213E20BC2169211A4BABA7D693C3F1DA961F203694853137073AD5CD25F1C017DE0477626D7BA55B88F83B5EE513C41D814639FD1BF759171F4577D3CAB0C3DFF68B2D3B1F8478C18F67BEBB2598FA76A4545E9E961BACF657E0791D2373030E0EC9FAEDD17BEA770
310
3A738185D08236C407448A4CB504CBF01FF43859D3115488EA01B55078000DF085911805790DE1B41B6F8CB2889C3834FE02AFE07D85143C6C008438A944EA63E047023A7EF37E13B0903AFEA7BBAB9579330FAFDAACD540022980B65A75FBA17D388F1E6576405CCE7032D95BDA420E7DC0EFA320879E5F8B3B04C1D2D9C1
310
114210C19FCC49DC6A855E12010184DB8968109ED016E4683CD552A36B3AFA13BFC2114068935A7E774CD2C7225642B73325938052D8634ABC18DC9442BF9E0402E85B42F9F3273672DA8E8F1070405D1DC3248487574CD98092B8B956E6AFE1566530B78FAE05B4A0DE51FBAF85DD075C7E11939F80E015A58D1F87E400CF
310
FD2306C4D1D3C634380A201545A92BE01F445800BE12302AB477BD6F62600D211232EB061448A0D2B877BB940D63D059C37E0569A83DE93E214F4BD86209FF6F479C640AFF8AF6D1BFD987D029A94DB7C329B4184D4BB013BF912FB88FEEF913071A8D82B651BC10DB067A7EC52FE1B421883144C00F64FA23A11CF708BF16
310
CA59F18D4C04B8085964B2D8DA4A855187000BE440BC816FFB13374640B0EB1D0998AF38A1AEF503F14302E2811081FC12EA6CD38A63B33035125F40F170C0B0AA45E9FCA38FC6D688D48563B5C4B4B7C359D3C7AE0EFB16ACD5E2FAA47EF8307044B4EBE1C71E84E742D81431FB06B90B600B9C239E277A57C94C427EE10E
310
7826980C0136600D916A06058CBE8604DB4D314FBC014EDAACD0820F14BF75449B70339490FE5A0491221BF95F949DF1235380E969AABDBE2D32EB4403D3FDF17F42F9A0A7C28ED75BE86BDB7C7EC80C76F86B8800F77B305EB88F00A4352E0F8089EF811EA02A3DF08F7DA008F803BE4B4EF5F41E56087099E920708C3D72
310
0916444440FDFA013D4E1201414123A09290F5BD7AB729298209C4306D007BB0829FD4EC3A6D7E4F00B67DF38CA0764F832F0448E58439B952CB4F70DF964AFA74CCFDBABBDF273E2FF4F56D3DBFF2A78D42FFF2755DF307066497F44062AADFC0CC546F6DCCFECECFA232E14F408F05477D311B683A35BC245FCF8A5CD2AF
310
20022C21022266905A5BCC8B20235D6FF04019CC04058AC80023662E25F342063165956320BE50370F2A657BACC817DDA3DDD3EFE04028645780A768FE38DBA88BF2EF3ADADFC7FEACA952E5A77568ECF0C971DF32BF1D24F8486B22A649EC81B1B60315CBEFC026091CA45F858D7D04C1B437079431E63E38F880758842E7
310
80A9E03791C0FAAFE10012588C3C592FE35461A6047802BA18686887023A422A49599399893103942CF6DA53A8E387825FA0678B261F139F801E2B17C901D0F5217E07AC2401A87D0480F753FBED44FE949C93A1D042B879FCE499B3D861AEB23F9C1F372F0C24D0B7D6E70FE1AAF60F84BAE642D82F0A9F53E22783915518
310
494FDBC0AFAE7DA282E5050B703570E06319A015E00D693A6BEFFAE493941C3B08C13B96BD20D0115A9565701DC58568A3009DA13E965765C03091F0FF339F7309D44F6E61F837F1B1FF920450EB8FC48F9B40158BE89C81A597CFB0DAF5F5755D3886DC13D4479599B583758CBF35663AA234F133F91D3BCCFCE0A794367F
310
385C59B19431780F1C099131384056616E15A1563B50021D369C593FB292685A68A8B2A50A0A2085CF05434617E05FC24A6B077B990014421A68401AC4D65788EE25F737EB780D08A6E38F060F2ABD889E1B889C44852C2FF368C1E3E710D73B6589EA83F7417B341ADA1F639A23D15298F087AD0326410E116C3A1B325218
310
433C71AE62C07C1480F1C045629724A076A4BB8D622D24690486727F56108D07046DAB065000678E04C4F8C342DE27F4AC102D854F2D08D59B4ED0E4F697B0FF62F113646BC5B7F3131D4EA8BF8B265EA3F2026E7061B96F6DF3D993276B2180B8E57067587428579460551049049B074CF8B1066C7E14C705F0B39298C099
310
7C17F701097023BAC31081390196801FB0C2A12380042927503D5A01CA127F9841B460310639C674BC8CDF1A320501448E0068905B07F6E5602F8C1F07786253438CEC51AE61FDB25FF71B09893AC026A9EAE3F30F369F5D5EAEA5801FBAD3C98B38C13EE017B054F81A56F05259DBDA64FE270B1FC4C77200FE276FE814B9
310
16E222575ED717A62A92956504605268408CFE13FD61F84252228376060206802B9550F00B9D47E6AF1022538A752CF4FFF1F5931384A9FF8700EDD4FFA2B93FCBFABB3EA6C607FF714B0B8B04EBBE83B52B246092AB018C0D0002FC490849F1E214AE6FC42009D6D86616C835B65DB9862EFC4480C14137603C3089D0A558
310
8FA27E693DD184131BA4E88C35045ACEF1CDE1A82323C20B842F2419604821196EE8185BC834AD44F8E9B7549A32900196E9ECBBE20FFB4706861AACADBBFD9B56A23FFD3AB8BFACC18B1B5AC0ECD7B6AE2E2E9CCD2BE8AF1B1BC3A813B94107E82DE67A42E7CC7D4A6116700B5B2EE3C338A09B840F07C40A64800D7C605A
310
C42B72227C4C7020AB1F20056E26F542717F56534261DE3766AC10A6ED2D006DD03BA9DBA507AE0510A8B385C92363B9154167F1230C40D76AF6F3BE0CA08F8BA2FFBBCEFB09D0986550E0F0EAE2F2780CDF850CB0F88CFC2815FE87BD83909F474F45DD47F1C821DB2107A8817FD45384F57891B65F2543D0C1E20A89B4A8
310
DF806862AC27C60F6A054627FD344250718AC0FA21CDC4E28DBF2650D1B39D8B8A420C348A4F846E2BE824BF8C45E1DB8EEB52F576F47A75FF95F90FCE0FD3A7A08D48D5B9AFBE3EA658E1676FE3372FB57F0AD8D70ED4AEBA3D4C2BE0AAF1C3AD63A6004D12900CFC481A47430C9EACB390038642C8C41B13303166614210
310
592736B8603AD4FAB17189DBB32F3915F0C380795A089A15228460BDE8E52203527D41B5470901B088D84FF8B3FE2BA7F4FD30ACAB3DE0B7E2FF95807AB0010FFDE3A048F7360F9F3FB9380EE537F16F8673131325D3351A3F664022020811A0FE8C019CA17370725CBFF64132025DA1BE2555102212E80A907FB43ED80A99
310
1A8AAC183932C19AE17524B06590B6AD286EB99BAD18FF4BD64BAB519202F992A963648ED30E7521F909F090C0213E367A77D8836BEB6F34D92EDA624183070248351F1A079E5D3E7A9EE81F2CE6678F92E299EE312B6C0572C0A7B5EEE07853612403813152C7125E2022A20C18F855DBAFA399817FC97FB6E1CDCA31D348
310
434ACD0012F0D32A5456B4007E6E92D72B1A4E9971223A42C1042819E4049C0C5801300C0013FA48F8944FBAE71DAFC27F1826FA2304ECDF3F6C10FF47D5C7E49748DDD687DE8E91C09394EE0682A4F84CFD6067EEDF43E67EA46CB2F4070160439245F00343D03BF25D7E2F26FC400A896DBF19FB8D4D0A66DA669C3D608F
310
9CD048A0533621B25690EE19D5D15248E390F042B12C682511B02BFE3E5700E4C9A9B2107A8F45248FA48234FD23005ED1F4EFE80D1320836F04003BF42856D478D1DCA3ABEEE3C68F9F30C3A16E5C238EA5DE3FF37DACC2F8B7980033F47FAC34421EF0418A045394802CE032D61C70023D788136788613887C0011A4EA31
310
6E005718AE191F8D0D841B9C679CD2FC478442D005429166F5A24403B1E6ACF3298F388B6D0BA933D92339D48969A5C11F09B4FF017A9900A4F887010C474717E10F36468032FF33F4AD610517777104CD920C3CD15FC5F3B3A0C75BBCA3B00F2724863C10BCD4A0E00736C7981F2F72E4B001438B99714FCFAF713A2603BC
310
710376A1715FC602022202E06FDEBBC680A3DF1C4C095A12C50B554FE7623B50374FB2129DDEA4C392C9188077658C87F55FF92FFA507FF03FC8DFD3F31BDAB46DD51AEB03F7E1B38B8B87CFF47EA1479C3EBAD5C6B382C221C0F1B358B39D76D9D3142C4A20935F541E492E0EF081BA41B3620A8E172B584EA1485632E22A
310
8221CEDAC6110AFA4B6D43E2B76A18AB240BB24337721C9321D2C033B2D3E2641A55A400A28403C12D1DADE39AD23FC5FC08C47A64DC3FF6DFF76B5235124022D7E6D6D5F3CB870F9F31C96FE477FAFE54100068A3A87FA5908A2C08011CF31309C10025B089FEF9C510522B8DC07C30AA469841723A10C08E27F00F7FBC18
310
1C083F2809EC3B2B328E294AEAD5A071B3A95C81D2DE3F930372D022C9C793535B92FDAD5426E90490C3C81D000017C6494441544698C416520C1C40C71FC204B22448FD9303782FBA67089A1A7D4CE38E89050FEF5F1E078A4DCCFADA058032C34C1CBC2E1202B1F8962B1A8024F0EB7A11F209E96FB369D4B64202FE7BA2
310
30AD24C46413536EAE955B341B726C593B5D4630C0BE822480908522B0D85430230352618DCD4F7BA6D568BF4343801480006658EA3EDCBFFA9702B4FDE9022163C43F9B72B58001A23FCE6F0B3FF0E4E1DDFB9801A6FC42FD0132CC1F2224F89933107AD30B6C9131A53818AE944BE25A70810821C38F098411980E46D108
310
F483DC63F49B91B852351604091D60546702F58A3872A1716411B642C7629C267E64E77719F46B0548FD6BFFFC86A38DBFADFCDF700228C124C8664FAA02BFB1F92B09800876FCE4F2D1C3FB4FD0A44E0106A8DB8079751CBF0BD9340066C3D52BC64706467C05B5A54401BE4A1B0132A55EAC1CCCB10D378A3DFEB9812022
310
327745EF2102886A9142C812A1A2C9708027BB55B7006357459F9C2080E0BC34489FC629510F3017B62D5073E2A2C64048A0A42580E413BA9E08274091A398EA80B5BF31C87BF5ECF8F1C5DDFB4F22AAC181F070AAFDDAE5650C4000516440D8806786D874215149E69ABEC43FF0EFC820FEA112B0522003C84BE03FB76623
310
513B6D840820358B084119B0CEC8C00AE888826339A54091F5FCA513AFE147975BB1A86FC50618D9D74502F0C7C8815AA306602FEE3A5E79E0D7DED1B221001118B73182CD439A092FF801105D1AA14E1918EC282F6260869D55108065988BD67F68E5581720A708051F7C8070F582389C682BE53F2AFD85853F2A013D2156
310
4028E06E79B7A71E43212180A81541EBC88F451E02385100491AB0C4A3BC5309A95911E66D04C0B448366988ECD204C2FC930F8CEE8FA410EE4C25B58DD1B6EBAD83F6196670F7DE635282C0A56A851AB035831725F0471A10FE52097089C80495804100318405F0DFC2136004B4C40705EC9154315129205EC35793003568
310
8F61AC02188250CFA9A980233925F16A117A48CA54DAB6400221976B75D863330942E20EE3B00B08FBB71AA813B0E502FD2B023DF70114E0D7DF2E2EEEDE7B789504200112075478F2FBD6897835C91F0C20782401E801A2F9142700B74805703426023A81CC0BE88B537D0003E0C5181D29EB8D83050964DD2580910A1E7A
310
8138F76253DC01DC2F3824391AD748276C0B0CDF12366625D038603D0003E0266CB42704C8CE7FA7F11B4D59C0BF454A78F8FCF1E50513715D469607031272358F04E0003C90107223A581218F10008B10247CD20D860FF0BF48801040B361808148714764028EAC137E871501EFDD97C89B52107FF1235B0928C562530082
310
573CE137840EFEF82A0BDC602736C595912FBEC69E6A3A26903B3A300C5A098A9E3F1810CDFFBA019D97B4E7A7A075850F2E92569BD960CA7B8304995FD006FC4213BB1448A6F4BFBB3A9F9FC4962D0A1369129B10073771FEDA38B1737B663A71C088D8848027FC3008DAC4E4397A6F76271DFFFCF77D6BD7F1F67DA51E0E
310
08875A6BAFBD6BD7AE52CC04A0B4A2206F650EC412841A48258258E8662C3838FBE21E25172C2A15A4F78D82DCF68A005DCF07047C183E1CE47731BBCCB5469D9169E0D588945BEB637E87802A03D88FB82486210D28FB3B858D13DC7CE75F5E6F3B03C1744D30CC58C7C7A256146853A05243060B850072A7010CA47CFBF9
310
A1E24F414037B8781E8E9F219A774B36481CB43E48A79819D638C8760D672FAC19FB9D3FC5EA9158DBD0159C27860409682E8FF2595652FE189D2CC2D7C023E944158355806FC320087CC74116030CC376C559C098B93A041C5DDA48AF33827D2327DC761D19C17CC62780D82A170E6CE7415A5E7FE825E053048F88D2AC2A
310
561CA4D4C60098DA28EF1A01382772484698F60C8DD24BF396EA76260542810A625978C03580A9CAB91D10249BE579B0377A3DD15749A45F24C4D81FF3D7D7996F6A1690288008C0FF6CC186DA9D5FC95BB09B1301004B016E707FDFED306A1BE8FA208828F00BF342186839839F1F6FA338DC5A0200FF383DE92614C03A45
310
08DA18F4D85F9354F7E867AA77A42FF49BBE6757A1A7454448D0BFC3C220714FE43A3D8F1547BE10F0BC5A05985AC3C28829A06FE24CD062700601F4AF12AF99099B08E7071DC4626A97C920C3FF96E190C9D1FD7CB6163E800D79E5F3F10A9306C02B799E80F1AB380E0571A584C0370A220C3125000B500900D96FEA4040
310
9F980E2083E4EDF4D8D2480AE5667222E020BCDAD4EF19682120818FE18EC7FD6AAD67C03F7DF1955E697456F517AC4F24700C30171C67E9168B109A4F60AFA60F98BE30941BF776DBC7C70792A2FBE98AAA97224F8BEA39B47BFD14A8CD03320DA2B676E3AA397E652E30A42CE2987B7DA1EF7F75242413800A04C0270C62
310
A13372400B435ACD84B8B5009208F5AC73EB149FFF3508E21C2201E0338BE07E50EB47E7FF6D97724A601028C5519073E7978EC88834410450E074DD58AD13A4900103A6444A9CB99103229F0EF8C0C78161EBC68137240734CDCFC349807851E0EB46CE864D2E405ED341B71A390CF2DE20CF5193189E1901E866D0230409
310
684B193D17E2928534D04240937D3C84477494FC5E0FE0B448E35AFC19007926C1C6A6E622FDB8A12E30993C6710E070397C4B26304C0AE38218D19F01FFB15BAE1C0E7E74DF75F2406E373C414E848FF8E500EFAF3C1029C9C0ADAB2313A7426CA9B2C1B9E30032C84EF31A09A88A386F136E8C2F1D582EA0459207015F10
310
F1F001F0B1B7DF7222011EA2001F00BFD36BAEE0850928B08C077030FE3806C880EAA74BCE0863A952812E6008B3A89199C1EE918AF96AF583F1A073B0A355B9D861AF1460DCFB3BFC6B7EFDC834B09700CBED3510E48DC7129041C991F06BA5006CA6B5B34EE21501374E8DFC910042036111EC9C7CFA1C05D48A7270F7F8
310
35BF04A4194DA4CF76CEC66718C84CD020D04C412AC848F03E3C61A1C8D50D0EA6838A00376054D3DF61A0E393E1F8B058A6C994093476D601A4A06F0CFD3C0A6BFA910E75CC10400A80FDA93AC9B5EA4303F6C0D188B559086091CC5910137772E14F2376D03181B5CFE74C0EA38440D0AC256D6C4D104CE05302FCC00B60
310
B9CD4D71E08BD40C144A025E60D4C1F45FE846A2105D717EEA84808A5DD90A168E133640311CF05DD870768683F5D2F1800F485AEBE5CABD8FFA3C0BEB33702493AEB551B1EB035EF5C8E5757FA7832141F88E8578A363802B560007AF93D7D470B478C4D00B412D634C9140C4F9275C00DCE8DFE3C7F8C0AFBC5B2CE82E3C
310
3BDF393D4375D50C43CD1C17E3777CD2C170725B7B42B41DF15BFC344DAD089C1E9118522B4A2C60B794E4E8F33081BB7C8CFCEEA0B2015E49D586429C6C78646180B7710E06018A3082243C275F077FBE412C17DE80D3E6B9462C5204C5D980D1DF84A864401C483CD01B143F4A4868087A0F780F37230200A4FBF6AED325
310
114C367C22512750A5C7C3E32D545CE20A0904183BA10015DCAD89864B3E1EE97EBAE8B204266A48E010511838E2FE413FB116E60880C2D8440AC3880DDA6DF6618C138CF1CB2A09637E18D00F80CB0DC05322E31EADB8081C29410903F06BFCDF5AB46024E4A75828056440503C707856EF0C037623DD4922A400E8A6BD75
310
E4D2800905F18450A00CEE88860C8964C7B3F90F56528BA18F71CFBBBCD2D05797E168FC37DB26DBE0DD2EAEF39686C18440820013C1444055402A541400DD362A0A402F1FE51246404E098249FEE30708C10CA0B54601053159480C00BAA9B1223A773234FE72FD5C3BD81804D8D196FE3D5315A0C981D88D04FA01DFC185
310
CA93F9120E1F480B08063364A0A318F08DF95056E4C91F1150D31B011200383502E079EE43CC18603AE2F88FD139C802A739F208E88D06DC78267C448C27C4113C19B0F51B0E9C1C021CF8F9167C6B1F2E10E461002910105D1042792D1CA303F469714C018C23D72179E165049C40E801CB96CF334562E5807291D1E0C70F
310
E6CAD91656715F0E5C5E70F8D7F83290549B1BAA6F781D25180EBCA93EC84E72A74081CE3020789B3790E1A9E478E658C099BECFF01E530E80EC5FE31204ACFF70AF8177A03059240CD074978A002A878BF883FEEC81DD684E406CA630ACFDE87292822A11953710F000885D6F68A67ED40CD772B0828359B753F7CE23D947
310
9AB9845771B389D6A77130F8C134EFC83947392029B10E4425440A84AF0E54825228FC1634D369874739C837A9DDC83C20D320C36042610ECDFA750303710224D01202488012CA847424F8D53F78AB6BECE9B3B35A7F32396AC6B7444566327DBB4DF06FD9616744F4D3A397EB3B0A3FBA8D763702883ED742FE5CD24146D8
310
E353ACCF811C806AE09914D8446E93840FF4D6C963FF32BFB6AB015D1D3B0C9A0968776F021F21404B6260CF84A14F35180CE20B5E85BDA2EC91FD5A7DBA7E5705F4F0F97AF26CE18E3BA078138202400A62930FA6CC7882F911A92F33E547E64990B0F27323D73B6222863F86425153FA8009361C675554C25382CE148420
310
C8DCC47A20122806CA178A0918C14CBD33440289078A00EC6070184CA9907FD0A1270478E0B325B67C2193694EDB7DD0F3C238447C8A11485562FB4902134E6AC952FD5320A4F7C780882DA9684285CD81D278C0E8FF8DEC9F45D22DC3C2CA99C2728110888799575B6834BF22B0F01EDE72D7F21B672C40F0A972999E2200
310
B7C91403F9BB3D09C01990819238CBAE5E7510D7D57450507E3DB04AAA0A3C280064E0775380C8C16EEA4834346A04BF0CE847B4B3AF760D06D24BBB267C32E2C9257DE5EB748AD101AF1FD33265E2B674EED8C01A0AC901392211011AC810560F77778E85B13BAFE3E25C95B70919A4862C15928BD8989664AD8638101D00
310
9A80F00BDC41AF27602A4BDA0C077E550048E7F1011410F01405045E1C140B4D0E70E0F6E034171C3D6FD12004FCC1FA304312518910356628A4A326EC9ADF5DFFD1B2C0399503F14B4F8E3E0E4E39A06ABCB56A8014687E86E462BDDE5124615ECDB412B7314F62E6E0C76ADEC0F717B360E741960104CF1706CFA18E0605
310
004B01AE007869B095ED92144A807841EFF2811C047889A04901C809062057192688C92346F97F279449F89B113500BAD282D1DA80A55C27EFFE02C8D4F395003F285B617BBF0831F49B055342DDDD414378E8888E92C16789F269A27C9A221FAA4A0DFDDB9F935B2ECC04DC51481558A69301E0460B02665AC4DD30C03D48
310
0866C3409400051811876014C0F294C542821AB045011A3E3F09001FF304E3A0BED05CC11A811B865001769507FC01ADC611F400CF68C7B093606E30F3C7E0F00C1D10C31951C1E2D7252181DA00345842A19130715C736EC9ECE686A712FDB31E4D3E50AB336E5666D7B212C0113C4A4406029709B43D0228F3FBAF49921B
310
19CA0C82A2D5BC4A2079809240F37D3E10F9637607C3983F0458508A98B8B4EFC92AC13530180CF55359500080061DF59B98BB3FEACEE881DC8127F182A885A86FB12B43C590A4380504E32305E3148BBEEB2D2782029765428092545BA5C2C681FC5F8E869C0EE1034A822FF09A12C94084505AA868080303473F8161F7AA
310
0A6610745E280BE4427FB770106F8800EADABA19F453210435BDB2348471B13B65F2FCB554827632C4C44467333E4127095D22092ED492009930413251B5408345065065E415266E20279A40B3F520370BE2050C8360E6BB4601C1673B9BFE007EF5200B6483CD195400A783E6DEA0653515B0FCE8E86D1618FC1EFC15C2E7
310
27F24F2A2DAB57326D8D0877D4E298894E7A0C3C7D9CE8A0E2D17AA2020FA1097D6372F2A9F955060FDD467AD0426368C24A8340FD0D6687A76316DEF5179ED9042005A2BF02A5DD810A4DEFA4A8F700EFC50FF4FB8C06410F0303C106ADF8852ACC6A2CA9046E9ED070739339857222CC009E206479886EA26227BF7A341A
310
15C351A8404A6C10080A2140FA4B4E8D9B9A11645899332363FD69887F436A660566964250FD752E787B64BCF8E6C8190DF8EA0C854C062D8A5A1346F810414313E606ECA0AC3A01D6928544029D5F42E202C0CB386F880F7842A31287061F32F3CBE09F2950783394F2F2B23D85386C6F51943E99DD10C8A0000BA9569A14
310
805693274BD0E4F4DC3F28E331EEA91C4F33ABE057889BFB92819187840A08E57A276A8BFCB75B0342668C70C565C8059996D209C2800941A21FB82B2F520BC2E6FE6F1A8827043DE17000DACC8193E78BBB8DF1467978C06F6AFE986123E3A95272CAC122046F4C65C4B88FED2F1CD1D918F7CDBF8903BF1A90057D42F4DC
310
133AF804ACBB58446A0DB78806FC053FA1E45D0AF1112613CC0DD976C5E70AD3282F42725C0D02AC8588DE451B1C01ABF063E7748A3882F0DD484BB78D037F9812240EB88B6034C0AD53E5116D4C6D920C6A89F084E6D0598AD7EB6930CC7B293E27A666E5CDFE9A3FA52FEB3C97976FDAAE9A60008FCA6B33099CF9880D35
310
D419FC687D424378E3099441E110C5B3C6DC311E6653514A67A530D863326C4D8430E0C28024803B5B069B0E60C10EDB6DF087034171DF01F1F3404B27B1056D8C0E56E7CA6056E7798147BE4C2F01CED5987E413AC6A724876DE3F599E0601CE7B9CEF3BEB3671E12DCE8AF9631B8031D3F360B6955DC2342B2A0E4632A00
310
264C0DA002220CFEC3E10D9BADC8904D88DC51928593AA16C91DF6FFF82B3234404C7214D0F8608E0052283EFB2B0563F1D072936C4017706010BCF1B16CDE0C1FA9C777E44E1F5259B0C9BBC8794A82A6C182A3AF56B16921405351FDDC91B5BAAA617860E8D76C97C377FE701A4EB4378FA97C2C8E3CC8950886C6FD93AF
310
70A1F5F676B7ED16CBC56AF5D09110EEB8607CC08A795882358280DDB98AFFE7087C6EB593D62F041CDB4018935238E73F1098100D0C8769818F777057F64C703C6530E142FDF5C837AE1CF66C94C4887D3A3726AB990DEA248F73B5D32C8E04F6714B1E67C53FC52040252E605B322407CBF8C7F05453462A295ABF4D9559
310
2DDD76AC23512E9A2DF964715C80DD752CA8E263AC36F02C3C28A133EB22AC8D099BDEFDE28C3E8FFEE3815D5D00C17C00511058354D62443C1A546280E43572A9C661A34FA5891F8E7570608C8DF21DF51DF9D2A84D4501F41B8CD4F4C9DEB2F901E810C0E4CEB6EC08DFB06341C864CF8D0EEE779A606545E1E64AAF30A4
310
324C20FDD3BD558BD966BA994FA915CD162B1978642AD01694E533EC190368A68234657085B5F88E27A0805E04B8BB6A00A51646EE3C10A50FF007FF410F1963CA69BE2002F0F902E701AEC995FD41F83A3F0C3809A3288A083003A6CC2A20E6D703EE48E3777AC07ADD51EB6101603A9FCF17B3D5928F6D742EE7E4CF38AE
310
2B03C5FB39C81D7B2978FAFE85AF3D2710B0582C970F0FEB0E4D1103B8BE2B4D560CA10002FC8F334C891C07B44FE06B2E3ACE5E1E2D1FC32203110ABF9CA0E8381F68EC3C06701328E5A38278A5FCD944CEA5283DA933DF2A2448BD23F1C5D8BE04CC2DC3B43B3EEC29F8B5FF926D11D3E97EBF7FA1BD1E5E5F5FE6D3D972
310
F548547783146ECD84873F377C5820F7F9FCE5E07378D6CBCB7E036DF7F7104079A05B77C6942D1BA95D47424BFC3DB6411009A42E207871B7EE9B06614BBD20F22F7523FB985F3F7068E37600273A3ED0C1CCC380F6EC4AF01CC1CF95E4848B7BF950AD14C44F10460221E02D21D01DAE800F323704C00035DFE97CB37F79
310
7D3D1C0E4FBF35EE1E5E9E0E879FBF3DF6F474780A01FB3DAF01FE0C0798218007C2090A3008BA7682A338F4A8804A06CBFE6A80CEC766F49853F15B2F45FCEA3F8250012841315016E75E797EFEEC4ACA6C79F515CF1738F7C36E2406071051043817C9E8C5888D49D0332E800062FF54FA562BF7446CC0BFDFBF8603D1FE
310
FCC9F7FFB5A7F000430755C2D3F72F2D02A022820897ABDD44594475BDCCA4A10AF34C06B08B4AB58BBFAE30999DC66C7CE903A83CF8EB006EEEAA063430F84B05F0ECF644825F5E95073870E72A0771AB89B080022A0C5A9FAF34C89286257FB7BEA000EC65B59750C68E0815B0D9834B15606328F80709DE09018AC2A781
310
7F83F96DB3D562C10A0A31300230CD4200B87F85808BAF64D04600254047F9C14DE93464009E7F5AABB4FDD6D55142A2C0BF1541FCE19C20C899BF4F76AB54B84CB97F88F48ECC029FD253F0C70DF4816B9AC94BCBD653B1A283C4001A0337955E4AFED3FB790B6B1F5EA0B5514074103A38D84280EE0F5F9BE974EAB2D16A
310
B1EA969684B6E4166CA28264B300474C7308D20013B204A65F82970718D05678B3315D442E1C0A327E2F56556040C005D2FAB1326A68A07507C9E46A3648555A7080F5F50219A00E6222E3E0862CE95B5680930530742F1D041805E69B788161F015944D041182B861A2C17F3AF01CF5BFDF6C343F9171F5B004BF59C01671
310
9164B888EA206A02AD05E8464D06B48E4381A0E9345FD171625AC22198F57C003BEA5510F81FF78D31C9B033D0030000000049454E44AE426082504B03041400060808003868B65CC79145F0B100000031020000360000006662782F30433446313941362D324446422D344133352D423036342D3142363436394345393931
310
342F6469726563746F72792E786D6C9D91C10AC2300C865FA5E43E67658887AE032FDE4404CFA3AED928ACEDEC5AF1F1DD74C89C07D94E818F3FF942C2B287AEC91D5DABAC4981AED640D014562A53A5107C19ED80649C396BFD2806C4088D29F41838AB9C0DCD80249622D4537AEE82472B7112A6C0C957770758EB5D671F
310
C6795101A72C7E43CEE297EBB78E5738A041A78A65AEED3CD7C5A852A1DC2BAF45B3CCB899673C39D5EA882634B78DB805CC457D456997B993FFEECFC5FB67F327504B03041400060808003868B65C45824B30F70A000055410000340000006662782F30433446313941362D324446422D344133352D423036342D31423634
310
36394345393931342F6F626A656374732E786D6CED5B5973DB3812FE2B2CED33C553D794AC94CE946A92492A1E67669F581005C91C53A4964762EFAFDFC645123C24CA9127BB5B72AA2C8506D1E8FB6BA0317EF77CF0956F388ABD30B8EB185DBDA3E0C00DB75EB0BFEBA4C94E1D76947713651C85615218D7510274C0771D
310
F2B83319EFA3303DF2475BBC43A95F7EBA9AFDA9C42E0E7047717D14C7779DD87DC407D44569126E71FCD4DDA20475F7BBE7AED16503E569F7113A3E96481D51848304960ACF039885AFC090FF0B2C6993B1460648C3FAED8699ED86D9ED86F5DA0D1BB41B669D18A651A5C842F4823841815B915869557683C44AABEA370C
310
2BADCA6C185692BF65D88BA5D91BA93DDBB654BB6F1AEA6C355BA8C6C0D2E7FDF97C345D8E3ACA64BC09433F33B5230EB660AF2F9D8931D6C85F324557F55D52E49BD32B59C4DBD0ABD3B21B060176AB7E51D20BD1669C44600C5C9C9F3E77267B70D1C8739D4D7A383A07741C6B6CC809B9968CE7E4B45B6FB74B63DC346B
310
1D375BCC95ECE1B86CEE923F1BD4CE0A7180195EE181551EC10CBD30A2571EC16CBC3062D060CD65EB6A18D6CA0A24B62A5C5416DDE487250364BC55FDA2E4874D0C969CBF224B697AA148F1594C10E1E62FB0CEB84D2288624C128964A52CE5E8B909150282172B07948001235FF1BD4D8422880C30944506691A9290C854
310
0AD12D0D1FC2D08B6B85DC713E5DD5AD7297FA3E49919D094D660EA43C9CC47465DEBF7194AFBE480DD604DCA65E900CB94B262F47986234D6E843F637CBE47F648254763EDA8367009B64906596E43527E976BDE84C7E5D6D9EEF490AAE277E8CC2238E12E265345FF2F4213458700170B4164261729575974BE50B88FE37
310
907CB616650C9A8BBC67FBD916BC47288877617400ED28BAA2EAF04B57C8D7CAB7B196BD3C5114098E34C914F2C595642AB121D12E887432FE06461F461667EEDE453E44DE8F5E40621A188AE287F00820D56EF3DC99AC01AFC043780BF9C03DFC1B6BE4AB021F6C1E08C8250DD579760B45098729FB59AEABF72C2764AA92
310
786C926FEF2AF29D2EEE7FBD4FA31D72F147EED80BBCF3022F01BC5ABF2049E892CB3FAC7FA31E59E1471AE5029D7D4802478D5EEEB95E14AA18580A81BA4C35F4C9470FDCDDF75180C334E6CFB30C5A08546EE88791B37971980FD7D2FA2A8C801103FF2616501BCC0040BB91772442E94C387B5924ECE6722AAC204BF4C8
310
7D22E2755C8858AF5907582D8AB855679312F4800E611A90F05D35EF326B5D4BA73F863132F591391CF57ADCE061ED9480F01F111C244A80531AC8CC257DF1B82104C93CC9867859C7830B85499A38E111B95E526F0D25365A2E9963A0762BEE5A468FC946FC364D45BFE069B6A8D3DCF24539DE01EDB1B34324279E575C36
310
B95052AD24F77E18C75E80638ADF2AB1AE2445BD0BA18359BA98B5C66CBDD839E004BDC66269922C196C8477BE0348332125E6797B150BE4F9B6694602C2C3C0A1FCBF38313A1C7D8661CFC9C0304B146AE54A164D487C03FB7450E2E85BBCBF68F942BEAD661FBD7AFA06F144E8CDC5234878502542563DAF59A3DB3346E4
310
670861A8DF33ACFE2053C53969096209C12D7E0A48CB7D71BE636FFFD82E080A959FA413637FE778BE9F1E1C9643127C00D88692346AE5B17D882665423C32945CA24069E7F900AA4939D8204339CC52BC22100B10A380A529CC16C800535E00DB13AD18A970516BC45417749B88EC119CD7FFE5B3FE70C42C56E04FF8E57B
310
186D6B572A430F81DA04C8200193E7C44CBD74E6C9B8E87E075AEC9C97832D26E1118E5516DC4222FCCD23FB85B46AAAAD39E2EF28712194DED34F75061EB1C5DB1C8748D3F1DDC7CE04888AD904B62D564710EE480291C0DA9A84D4036C022212693F922FFE1704AA06B4186BEF1970D5D8F335496D5DD8EFCCD77162AE4F
310
EFEF4BB3C093D66F7F2632C2DF4B33F0A77302FE4E4CF5B0CE316E6906CED1C3FAC4EBC9637AD804C823B9919805DA1E7F7947EBCF3B0D8A0B4D9FDB2B6334EDABE6623553EDA9D553677ADF568D59DFEE8FE6CBD1C8B0B508C7611AB938D6FA9AEE08B4750CF6C23098E8DA5421B08171BE5C4CF0330F61924EF222E421F0
310
761EDECEBC44DA952A1A48532932B85A29F23B5B65AE9EDC948A0B395F82347023F1DEB210C9CA0BE965A922E0D41426BC423D20BD7249F03916E3CE018A9EB259481EDE3E60E4F22C60BE94A97E4355EF7CF08227AE87DFC50E413B6029D648A62EC51199C447749C3F22D8446D052F1FBEF2C18E80C3C4EBC4F74C3D8D0C
310
7DDAED606FE843E83ED5C6FD323C2E71512C5D642EBE60E4FF1146FE9611F8B361F645562249B817E602D8B20EDCC7E256C4E9FC7892FE3F7F1AFD7B9011BE0AFB392EAF05690DFC53FA5761BF4ABFD1AA28D1B64695192B778D66A37A60C6D4A0CBCC948807546CA571AD0F5F608F1FB542C917AC944AA0CD42B3395B28F5
310
EB5BF0FFF52DF8FFFA26FCFF310DF6FE1500BAEC2A333F8DDA684AEFEA3A2DCF46A3C1A06F0FCDDE90EC17899028F45744BC32A115AD64F8F9E7B92A3C33600E821BED771D00866D65BED994671DEDCBFBD9B4F5065AC582A5F4FB4600FB186B0F4550F62330BB32D7ABC0764D5D23EFA16686C24B2309FF946177654D12B7
310
7F27043701824BC49D1A202EF1225B3DC37D6D1CAC2C205187659FE45407EA68F8CD8B41388DBC02BAFF1C79F141356C83ECB7FE2BC50EF237781BE670B008AFFF8770FE59BE24ADDD103F372AD97C6F889FC0A9ECE0A7199CDD103FAF7828F4B90EE21F662191CABD7458241B6A267F4AFF2A88DFEA97E937A2104AF486F8
310
DBA4B90A5E62C8B136FADC10FF0DF1435B86ECE937C44FB6616F883FEB9DBCF2A6FBDF87F80D8D1E957C0FC32D1CF03D867B14BCB0A3C5EE5FC757ECF6431BE0AD1EA89C5389D6A35B3D00A9571CF29DDDA4908A23D2C278A2C0A7475DD359DF9A1B2B5BED19FA48B5178B953A5C592B756A2D7ACBA5B93067D37CB388EF01
310
88D2B65861D61D35FE0C0F176BCB3E2BE53774EB9E773771580C0294449A9FAEF173C5CBEAED5B8B9F3805CB0E7924F14A67705CC2755D7912F81447ADB401FF92163A5DE74D74BAD9D70703DD32F521340EB3D29191686AA2BBA423EDA2E68ECB3ABF4EA372219857773D75F5BE6E0E74D31E0D6DAB371AD88669B426299A
310
7B2EE824B2D84EF5A06FF486860DFBD46565D4EA1DD813B45EDB48546DA0ABA554E8BC79552B51B6972D8CAB964AB103E7C25E992A8137EF95915252FB636BDEE7324F3779433BEDE3CF7AF5EBF6E0A560D126BD0D66CBF9623458AA4B7366ABB66159EA6CD933D4E9CC9ADA666F004D1DB9CC7E6E7AFBE1AE11B85F723EB1
310
DDBA46827D29A7FFBFEF21B7D8FDBC8731573AEFFFAFDBFD9302D45582CA7C3AB486C660AA2EF5950E41653853A1036CA51AA3D972D1EB2F8CF92C97C2CF0D2A3FB92A2690EC82A25880F6C26119DCCC8C43DF83ABCE78ABEC71082DEC70D1A445A08B0E38867ECAE2C1DB96DFB36EF1F637768D2E411B5F1CDBB9ACBF8917
310
AAA90BF7E0E038FCAEC39F2BFF809B6FE4F219BD8FD47D82BE41DEC6DB51D2C8BBEB90036F0FDA03BB1BB8C144EF8BD1D94B37D4C05C10D93D842B65F4ADECFFF96B958A261BD3462E9C33C92B6063EA484FF80BA5E6EB5917CB5150025F37699231933FC8B9E142E057B1F8075CF47AE2E27D0678779A2FA34BC748AA6E75
310
69F4A41DB059D504457B7AA3B26093D3C5670D4E5495F527E5E8A77BA2CE5389579A49256DA27ECAEE1D8D41C59CCD23221729E6BF68D0CDFC84230D6E56F8E10BD969A23720950FEC6EA646BB52F9454D678362DC45DBF8091EC02641E491DB6ECC3C24FD6651AFA05F2170226A784D1ABF5E281CB5431C637F916FC513EE
310
E92D4D05FC845C9B265E51DC0E28F47382A9C3AAE81FF32FE2C1588BE05AE3E43F504B03041400060808003868B65C0ECF8886E8000000610100003C0000006662782F30433446313941362D324446422D344133352D423036342D3142363436394345393931342F7265736F75726365732F322F636E782E786D6C5590CD4E
310
042110845F8590781C869955A31B864D7C06BD78D920F48C64819EF0B3D1B717560E7AEA4EF5974E5589D39777E40A31590C0B9D18A704824663C3B6D092D7E1899293141131FFC12809CAC3429B4CA5D82296BD4B0656555C539D0D972EF2F35BB0AB05F362B357FB790F1B25DAA994169AF42778C554C968205D985159B1
310
89454858A286FA285B0FFD918EA032182A673E3F0EFC6198E7D7E970E4D3F1FEF95D8C8D94E203D175DE860C11F7BB996BAC6BA8BEB8181B204589B6532D4C3DFC37C9AA493156488A9463EDA3C3F97BAFB0F56A83F186FC5EA5185BE03A6E6DD4D9CA913F504B03041400060808003868B65C98B5504CE200000055010000
310
3C0000006662782F30433446313941362D324446422D344133352D423036342D3142363436394345393931342F7265736F75726365732F362F636E782E786D6C4D904B6E03211044AF3242CA7280211F2516832F9195371681F60419E8119F28BE7DC0215256DDAA7A6A55973C7E073F7D41CA0EE34A16CAC904D1A075715B
310
492D97F9954C47251362F9879129EA002BE93251724B58F72159B8E8EABBEA5DBC0E919F3788909C39EF712393F13AE79564F30941535D0B5AC8576A75D174A10932D664A09D282EC0386112E8029628C1C5CBCC9F6721DE97C7035F0E4F6F27C93AA9E407A21FBC8B0512EE0F821B6C6B6C89B8641D50B22637A8FE4633FE
310
E2D1164FB2662B994B6A1D0CACDCF686B9A0376077E4D75592F527DBB837D0662F44FD00504B03041400060808003868B65CC8FDCB8462000000960000003A0000006662782F30433446313941362D324446422D344133352D423036342D3142363436394345393931342F7265736F75726365732F636E782E786D6C55CC4B
310
0A80201485E1ADC89DF71C4403B5B5445A487A6F5846CB4F43A886E7E3F0F3E172969DDAEF86504053D6C0344EA40C2E02C231173DB041724F747C6EC070745A4062907CF114B64C4ACF63B049ADC135631B6795F64FBB57AB27114FA9286F504B03041400060808003868B65CEB8107444301000056050000300000006662
310
782F30433446313941362D324446422D344133352D423036342D3142363436394345393931342F636E782E786D6CCD94DD4E032110855F6543E2E5B23FFE441B96265EF8045E18EF58765CB12C6C6030F6ED854A5B8D69F4A2497B47868FE49C99C3B0E5C7A48B77705E59D39186D6A40023EDA0CCD891802FE52D29969C39
310
6BF11B460A2326E8482A13CE4667C39C4B03BC88A053552BB3CA4581E8541F103C29A416DE77C4CB5798041501ED007E4507818236D481B7C14988EF514D90DF4B07026120BCADDB9BB2BE2EDBF6B1B95CD4CDE2EAEE995589E4ACB756675E190467E78BB696361E4D9453B32A019C05A732953C10BED7467B655815EF39F3
310
51AF193387EB3971F3AC9514181B555989806584404CACFA8239AB92E31FBE1FEE9FF61AE269500E245AB73E591B9A436DD849A33111FFEBC206FCCBBCEDDFA2E5D3CDFDA0E12CEC6876B7C9F531BABF9310F324CCA8CFF103ECA41D3FFF71B1A092E7687AABEC489EABCD0A8C834F1B917F02504B03041400060808003868
310
B65C659660227E000000A30000000B0000006662782F636E782E786D6C4D8CD10AC22018465F45FE7B4BCB24411D73B5F718CD0D99D3B0193D7E1ABBE8EA83C3778E6C3EAB476F9B5E2E0605F44000D9F088A30BB382BC4DF80AA8D132C5B8FDDD008561B50A2A062DE714F37347A39D86EC2BF52E2C3B241DEBA968393EDD
310
7A83597BBE604338C3D470C645771782B2621CAB52E6D72B5BF3FA0B504B03041400060808003868B65CA6D797065F0000008200000007000000636E782E786D6C4DCB3B0E80201045D1AD90E9FD7516806B51190811670C8A61F982B1B0BAC9C97B72CA7B1037C6D3332918DA1E04D2CAC69353902EDB8C20262D23F3F59B
310
81A079470595414B17391D1F19B4730A5583A7ED43BBE4025D9592775E5ADFFA01504B03041400060808003868B65CECFD112DA800000026010000130000005B436F6E74656E745F54797065735D2E786D6C7D4F4B0EC22010BD0A61DF525D18634ABB506FE00510A79458060253536F2FD89D5197F3FED3F68B9BD80362B2
310
1E25DFD40D6780DADF2C1AC9671AAA3D677DD75E9E0112CB5A4C928F44E12044D22338956A1F003333F8E814E5331A1194BE2B0362DB343BA13D122055543278D79E6050F344ECBC6478EDCD76CE8EABAE5449AE4298AC56946789C28AAFBEABC53F3EAF09A84A1441B91F0101CD4780756578C173A578FFDDBD00504B0304
310
1400060808003868B65C3DEE336E64000000790000001B0000006175746F6465736B2D64657369676E2D7061636B6167652E786D6C35CBC10E83200C00D05F21DCA56CA76D41FC96062B120735B69A7DBE268BB7777961F8D5AF396893C2ADB70FE7ADA196782C2DF776D7A97B5933C430F15651E5469C55D70F80A4992A3A
310
DC954792C525AE70A1E4D6AD9816CC044FEFDF01FE3FDE907802504B03041400060808003868B65CFAF59E50F30000008E0100003D0000006662782F30433446313941362D324446422D344133352D423036342D3142363436394345393931342F7265736F75726365732F322F636F72652E786D6C8550CB6EC32010FC158B
310
3B366087D8112607B7FE829E7A43405C94182C1E553FBF10BB527BEA6957B333B3BBC3AE5FEBA3FAD43E186747806B042A6DA553C62E2348F1067B505D39F3CEC55F345059B1EA11141870B67897B60392CE466D0B6A9DD2072842D01154F2919B1104F9A157518B143323DCEB4DC8BB58748DEB9DC7594A461D52A3B29BB9
310
19ED011F081EFA619AE1CB703AC38E9E67D8CF2D82139E28A2F4B56B7BCA9A22E62C9AF567BBF45A44AD00278850884E909037DC5E10BE74C33B6B0A93B3107DFEF9585ABECB74D6ECE81FB7B4A9FFDD92B1B12587DBAE0880E37CDC73C05953D2C9E5195DAE2549FE0D504B03041400060808003868B65C0DAB52E4F30000
310
008E0100003D0000006662782F30433446313941362D324446422D344133352D423036342D3142363436394345393931342F7265736F75726365732F362F636F72652E786D6C8550C16E842010FD15337714D4657583ECC1D62FE8A93702AC25BB821168FAF985D526EDA9A799BC79EFCDCC63D7AFE5517CEACD1B67072025
310
86425BE994B1F30031DC5007C595B3CDB9F08B0685158B1E20C3C0D9BCB9B81E907436689B51EB943E40E1BD0E50C8476A06F0F2432FA214312486BF97AB907731EB92943B8FB3188D3AA446253773337A03DED7A4EFFA71422FFDE98C5A7A9E503735188D64A498D2D7B6E928ABB298B360969FED72D3226805BCC63545F8
310
84EAFA8D34174C2E6DFFCEAACCE4CC872DFD7C2CCDDF014F5E3BFAC72DAEEA7FB7686C68EAC36D5778E0241DF71C7056E574527946976A4E927F03504B03041400060808003868B65CD95265C4F8000000960100003B0000006662782F30433446313941362D324446422D344133352D423036342D31423634363943453939
310
31342F7265736F75726365732F636F72652E786D6C8550CB6E833010FC15B4770306422032CE81962FE8A937CB6CA89560233FAA7E7EED40A5F6D4D3AE66676677875DBFD647F689D629A307A07909196A6966A5970182BF910EB22B67D618FF8B0699162B0E9060E06CB1266C07248DF6A813AACD8C07289C430F997CC466
310
00273F7015B9083E32DC3DDF84BC8B05739AEF3CCE4250F32155737453378516785FD1BEEBC789BCF4A73369DAF344BAA92EC948C7B66CDBD7A6EE5A562431675EAD3FDBA545E171065E95554BCA13A9AA375A5F4A7A69FA7756242667CEDBF8F3B1347D07DCA233C14A74ACD8A77F5CC336FFEF1A94F67575B8EE0A079CC6
310
239F03CE8A94522CCF08634D89F26F504B03041400060808003868B65CE31FB74AF2000000B1010000310000006662782F30433446313941362D324446422D344133352D423036342D3142363436394345393931342F636F72652E786D6C8D50CB6EC32010FC156BEFD88089554798284E9B2FE8A93784898B1283C5A3EAE7
310
1712576A6F392D9A9D6166871FBE975BF5A57D30CE0E406A0C95B6CA4DC6CE03A478412F501D04F7CEC53F34A8AC5CF4000506C167EFD2BA41CAD9A86D41AD9BF406CA1074844ADDF26380A03EF5226B996266846BBD4A7595B3AE49FDE0091ECDF22B555ECBA8271014D30EE11DA2F49DB47B4CF6ACFFE04D610A9E929936
310
2B3365777331DA83C0277626FDB143F4F53C22766C7768C41D4364EC58D79FDEFA9E30DE14B1E021FA7CF3F649B9EE59F943F82F735AA727321B1B5BBA193E140104C979EE0BC19B52601EF776F32C658B1F504B03041400060808003868B65CAA6B678354010000DD0200000C0000006662782F636F72652E786D6C8D52CB
310
6E833010FC15E4BB7918422032CE216DBEA0A7DE1CE3502B602363A37C7E6D1EA21C9A5648C69ADD9DD919199F9F5D1B8C5C0F42C90A24610C022E99AA856C2A60CD1D16203813AC95323FDA402069C72BE0614070A395ED17882969B8F4A854355F403A0CDC8080B5EE5281817DF18E86D41AD7313CC29EB2076D78988473
310
1FC1D68A7A1915B5631377C13520254ACAA2BC5CE15B7938C22C3F5E61714D6378492E799CE7EF595AE438F2C3041BD1ADEA4C736A780D088A510EE30344E823494F7172CACA4F1CF94E8207A39DE745D4BB03E47E7BE268C6777CB6AFFFE6B3429A142D7CF3C40048E2D69B0A04473E1FF79BC2DB67E8845D7E86DEDAD5C2
310
C341236746E9CC556A65B7D2485BCB1D751C4C1F8EE6AA639E087EE3412F785E73B8A0A86CDC6AD4B8EBCD1AAFBEDFA9E71A8EE61948A53BDA6ECBCD2B6EE726B4B3B48E33D52AFD9FE9D5EA1A66E41F26F906504B03041400060808003868B65C001B26E607010000B201000008000000636F72652E786D6C8D50C1728320
310
14FC15E6DD5140633483E460EB17F4D41B15629828388299F6EF0B899D696F3D3D6677DFDB65F9F9739ED05DAFDE38DB02CD08206D07A78C1D5BD8C205D780CE82AFCE855F324056CEBA850483E0E3EAB66587066783B609B54EE91D94DEEB006898E2A3053F5CF52C33B985A8F0B76C91C34D8E3AA3D953277830F3CFEAB0
310
6A19B402C108AB303960C6DE687122F45436EF3C4F4AC1B7CDA8DDCAA8E86E2E46AF201A469BBAE97AFCD21C8EB8AC8E3DAEFB82E08E7615A9AAD7B2A82B9EA765C17D58E39FF7233167405EDE932FCF9F94E01FCE4DBB208652C8D9E90B04E17922FE84DE16F58FD0C68682ED079F1B1E048D811E44344E0DC6F1A837CED4
310
B6F806504B010214001400060808003868B65C0000000000000000000000003700000000000000000000000000000000006662782F30433446313941362D324446422D344133352D423036342D3142363436394345393931342F617474726962757465732E62696E504B010214001400060808003868B65C00000000000000
310
00000000003500000000000000000000000000550000006662782F30433446313941362D324446422D344133352D423036342D3142363436394345393931342F76657274696365732E62696E504B010214001400060808003868B65CF270F13306000000040000003600000000000000000000000000A80000006662782F30
310
433446313941362D324446422D344133352D423036342D3142363436394345393931342F747269616E676C65732E62696E504B010214001400060808003868B65C615CC3277D0C0000780C00004800000000000000000000000000020100006662782F30433446313941362D324446422D344133352D423036342D31423634
310
36394345393931342F7265736F75726365732F322F305F556E69666965644269746D61702E706E67504B010214001400060808003868B65CB5A795FFE3790000DE7900004200000000000000000000000000E50D00006662782F30433446313941362D324446422D344133352D423036342D3142363436394345393931342F
310
7265736F75726365732F362F305F67656E657269632E706E67504B010214001400060808003868B65CC79145F0B1000000310200003600000000000000000000000000288800006662782F30433446313941362D324446422D344133352D423036342D3142363436394345393931342F6469726563746F72792E786D6C504B
310
010214001400060808003868B65C45824B30F70A00005541000034000000000000000000000000002D8900006662782F30433446313941362D324446422D344133352D423036342D3142363436394345393931342F6F626A656374732E786D6C504B010214001400060808003868B65C0ECF8886E8000000610100003C0000
310
0000000000000000000000769400006662782F30433446313941362D324446422D344133352D423036342D3142363436394345393931342F7265736F75726365732F322F636E782E786D6C504B010214001400060808003868B65C98B5504CE2000000550100003C00000000000000000000000000B89500006662782F3043
310
3446313941362D324446422D344133352D423036342D3142363436394345393931342F7265736F75726365732F362F636E782E786D6C504B010214001400060808003868B65CC8FDCB8462000000960000003A00000000000000000000000000F49600006662782F30433446313941362D324446422D344133352D42303634
310
2D3142363436394345393931342F7265736F75726365732F636E782E786D6C504B010214001400060808003868B65CEB81074443010000560500003000000000000000000000000000AE9700006662782F30433446313941362D324446422D344133352D423036342D3142363436394345393931342F636E782E786D6C504B
310
010214001400060808003868B65C659660227E000000A30000000B000000000000000000000000003F9900006662782F636E782E786D6C504B010214001400060808003868B65CA6D797065F000000820000000700000000000000000000000000E6990000636E782E786D6C504B010214001400060808003868B65CECFD11
310
2DA80000002601000013000000000000000000000000006A9A00005B436F6E74656E745F54797065735D2E786D6C504B010214001400060808003868B65C3DEE336E64000000790000001B00000000000000000000000000439B00006175746F6465736B2D64657369676E2D7061636B6167652E786D6C504B010214001400
310
060808003868B65CFAF59E50F30000008E0100003D00000000000000000000000000E09B00006662782F30433446313941362D324446422D344133352D423036342D3142363436394345393931342F7265736F75726365732F322F636F72652E786D6C504B010214001400060808003868B65C0DAB52E4F30000008E010000
310
3D000000000000000000000000002E9D00006662782F30433446313941362D324446422D344133352D423036342D3142363436394345393931342F7265736F75726365732F362F636F72652E786D6C504B010214001400060808003868B65CD95265C4F8000000960100003B000000000000000000000000007C9E00006662
310
782F30433446313941362D324446422D344133352D423036342D3142363436394345393931342F7265736F75726365732F636F72652E786D6C504B010214001400060808003868B65CE31FB74AF2000000B10100003100000000000000000000000000CD9F00006662782F30433446313941362D324446422D344133352D42
310
3036342D3142363436394345393931342F636F72652E786D6C504B010214001400060808003868B65CAA6B678354010000DD0200000C000000000000000000000000000EA100006662782F636F72652E786D6C504B010214001400060808003868B65C001B26E607010000B201000008000000000000000000000000008CA2
310
0000636F72652E786D6C504B0506000000001500150078070000B9A300000000
  0
XRECORD
  5
7F
102
{ACAD_REACTORS
330
7B
102
}
330
7B
100
AcDbXrecord
280
     1
270
     1
271
     1
  0
XRECORD
  5
81
102
{ACAD_REACTORS
330
7B
102
}
330
7B
100
AcDbXrecord
280
     1
270
     1
271
     1
  0
XRECORD
  5
82
102
{ACAD_REACTORS
330
7B
102
}
330
7B
100
AcDbXrecord
280
     1
270
     1
271
     1
  0
XRECORD
  5
80
102
{ACAD_REACTORS
330
7B
102
}
330
7B
100
AcDbXrecord
280
     1
270
     1
271
     1
  0
XRECORD
  5
9A
102
{ACAD_REACTORS
330
99
102
}
330
99
100
AcDbXrecord
280
     1
102
DISPLAYNAME
  1
Imperial24
102
FLAGS
 90
        0
  0
CELLSTYLEMAP
  5
97
102
{ACAD_REACTORS
330
96
102
}
330
96
100
AcDbCellStyleMap
 90
        3
300
CELLSTYLE
  1
TABLEFORMAT_BEGIN
 90
        5
170
     1
 91
        0
 92
    32768
 62
   257
 93
        1
300
CONTENTFORMAT
  1
CONTENTFORMAT_BEGIN
 90
        0
 91
        0
 92
      512
 93
        0
300

 40
0.0
140
1.0
 94
        5
 62
     0
340
55
144
0.25
309
CONTENTFORMAT_END
171
     0
 94
        0
309
TABLEFORMAT_END
  1
CELLSTYLE_BEGIN
 90
        1
 91
        1
300
_TITLE
309
CELLSTYLE_END
300
CELLSTYLE
  1
TABLEFORMAT_BEGIN
 90
        5
170
     1
 91
        0
 92
        0
 62
   257
 93
        1
300
CONTENTFORMAT
  1
CONTENTFORMAT_BEGIN
 90
        0
 91
        0
 92
      512
 93
        0
300

 40
0.0
140
1.0
 94
        5
 62
     0
340
55
144
0.18
309
CONTENTFORMAT_END
171
     0
 94
        0
309
TABLEFORMAT_END
  1
CELLSTYLE_BEGIN
 90
        2
 91
        1
300
_HEADER
309
CELLSTYLE_END
300
CELLSTYLE
  1
TABLEFORMAT_BEGIN
 90
        5
170
     1
 91
        0
 92
        0
 62
   257
 93
        1
300
CONTENTFORMAT
  1
CONTENTFORMAT_BEGIN
 90
        0
 91
        0
 92
      512
 93
        0
300

 40
0.0
140
1.0
 94
        2
 62
     0
340
55
144
0.18
309
CONTENTFORMAT_END
171
     0
 94
        0
309
TABLEFORMAT_END
  1
CELLSTYLE_BEGIN
 90
        3
 91
        2
300
_DATA
309
CELLSTYLE_END
  0
ENDSEC
  0
SECTION
  2
ACDSDATA
 70
     2
 71
     8
  0
ACDSSCHEMA
 90
        0
  1
AcDb3DSolid_ASM_Data
  2
AcDbDs::ID
280
    10
 91
        8
  2
ASM_Data
280
    15
 91
        0
101
ACDSRECORD
 95
        0
 90
        1
  2
AcDbDs::TreatedAsObjectData
280
     1
291
     1
101
ACDSRECORD
 95
        0
 90
        2
  2
AcDbDs::Legacy
280
     1
291
     1
101
ACDSRECORD
  1
AcDbDs::ID
 90
        3
  2
AcDs:Indexable
280
     1
291
     1
101
ACDSRECORD
  1
AcDbDs::ID
 90
        4
  2
AcDbDs::HandleAttribute
280
     7
282
     1
  0
ACDSSCHEMA
 90
        1
  1
AcDbDs::TreatedAsObjectDataSchema
  2
AcDbDs::TreatedAsObjectData
280
     1
 91
        0
  0
ACDSSCHEMA
 90
        2
  1
AcDbDs::LegacySchema
  2
AcDbDs::Legacy
280
     1
 91
        0
  0
ACDSSCHEMA
 90
        3
  1
AcDbDs::IndexedPropertySchema
  2
AcDs:Indexable
280
     1
 91
        0
  0
ACDSSCHEMA
 90
        4
  1
AcDbDs::HandleAttributeSchema
  2
AcDbDs::HandleAttribute
280
     7
 91
        1
284
     1
  0
ACDSRECORD
 90
        0
  2
AcDbDs::ID
280
    10
320
84
  2
ASM_Data
280
    15
 94
    14006
310
414349532042696E61727946696C652855000000000000020000000C00000007104175746F6465736B204175746F434144071441534D203233322E332E302E3635353335204E540718467269204D61792032322031333A30313A35302032303236066666666666663940068DEDB5A0F7C6B03E06BBBDD7D9DF7CDB3D0D0961
310
736D6865616465720CFFFFFFFF04FFFFFFFF070D3233322E332E302E3635353335110D04626F64790C0200000004FFFFFFFF0CFFFFFFFF0C030000000CFFFFFFFF0C04000000110E0D4154545249425F435553544F4D0D066174747269620CFFFFFFFF04FFFFFFFF0C050000000CFFFFFFFF0C01000000071454696D657374
310
616D705F6174747269625F646566040100000006303ECC405C491943110D046C756D700CFFFFFFFF04FFFFFFFF0CFFFFFFFF0CFFFFFFFF0C060000000C01000000110D097472616E73666F726D0CFFFFFFFF04FFFFFFFF14000000000000F03F00000000000000000000000000000000140000000000000000000000000000
310
F03F00000000000000001400000000000000000000000000000000000000000000F03F1400000000000000000000000000000000000000000000000006000000000000F03F0B0B0B110E0D4154545249425F435553544F4D0D066174747269620CFFFFFFFF04FFFFFFFF0CFFFFFFFF0C020000000C01000000071667656E65
310
7269635F7461675F6174747269625F6465660403000000040300000004FFFFFFFF071767656E657269635F7461675F6174747269625F64656620040100000004030000000703333031040B00000004000000000400000000110D057368656C6C0CFFFFFFFF04FFFFFFFF0CFFFFFFFF0CFFFFFFFF0CFFFFFFFF0C070000000C
310
FFFFFFFF0C03000000110D04666163650C0800000004FFFFFFFF0CFFFFFFFF0C090000000C0A0000000C060000000CFFFFFFFF0C0B0000000B0B110E0D4154545249425F435553544F4D0D066174747269620CFFFFFFFF04FFFFFFFF0CFFFFFFFF0CFFFFFFFF0C07000000071667656E657269635F7461675F617474726962
310
5F6465660403000000040300000004FFFFFFFF071767656E657269635F7461675F6174747269625F64656620040100000004020000000702313004000000000401000000042D0100000400000000110D04666163650C0C00000004FFFFFFFF0CFFFFFFFF0C0D0000000C0E0000000C060000000CFFFFFFFF0C0F0000000B0B
310
110D046C6F6F700CFFFFFFFF04FFFFFFFF0CFFFFFFFF0CFFFFFFFF0C100000000C07000000110E05706C616E650D07737572666163650CFFFFFFFF04FFFFFFFF0CFFFFFFFF130000000000002E4000000000000000000000000000000000149A9999999999E93F333333333333E33F00000000000000001400000000000018
310
C0000000000000204000000000000000000B0B0B0B0B110E0D4154545249425F435553544F4D0D066174747269620CFFFFFFFF04FFFFFFFF0CFFFFFFFF0CFFFFFFFF0C09000000071667656E657269635F7461675F6174747269625F6465660403000000040300000004FFFFFFFF071767656E657269635F7461675F617474
310
7269625F646566200401000000040100000007013904000000000401000000042D0100000400000000110D04666163650C1100000004FFFFFFFF0CFFFFFFFF0C120000000C130000000C060000000CFFFFFFFF0C140000000B0B110D046C6F6F700CFFFFFFFF04FFFFFFFF0CFFFFFFFF0CFFFFFFFF0C150000000C09000000
310
110E05706C616E650D07737572666163650CFFFFFFFF04FFFFFFFF0CFFFFFFFF13000000000000244000000000000000000000000000000000140000000000000000000000000000F0BF0000000000000000140000000000002440000000000000000000000000000000000B0B0B0B0B110D06636F656467650C1600000004
310
FFFFFFFF0CFFFFFFFF0C170000000C180000000C190000000C1A0000000A0C0A00000004000000000CFFFFFFFF110E0D4154545249425F435553544F4D0D066174747269620CFFFFFFFF04FFFFFFFF0CFFFFFFFF0CFFFFFFFF0C0D000000071667656E657269635F7461675F6174747269625F646566040300000004030000
310
0004FFFFFFFF071767656E657269635F7461675F6174747269625F646566200401000000040100000007013804000000000401000000042D0100000400000000110D04666163650C1B00000004FFFFFFFF0CFFFFFFFF0C1C0000000C1D0000000C060000000CFFFFFFFF0C1E0000000B0B110D046C6F6F700CFFFFFFFF04FF
310
FFFFFF0CFFFFFFFF0CFFFFFFFF0C1F0000000C0D000000110E05706C616E650D07737572666163650CFFFFFFFF04FFFFFFFF0CFFFFFFFF13000000000000244000000004000010C0000000000000000014000000000000F03F0000000000000000000000000000000014000000000000000000000000000024400000000000
310
0000000B0B0B0B0B110D06636F656467650C2000000004FFFFFFFF0CFFFFFFFF0C210000000C220000000C230000000C240000000B0C0E00000004000000000CFFFFFFFF110E0D4154545249425F435553544F4D0D066174747269620CFFFFFFFF04FFFFFFFF0CFFFFFFFF0CFFFFFFFF0C100000000711736B657463685F61
310
74747269625F646566040100000004010000000403000000070D31323720302031203020312031110D06636F656467650CFFFFFFFF04FFFFFFFF0CFFFFFFFF0C250000000C100000000C260000000C270000000B0C0A00000004000000000CFFFFFFFF110D06636F656467650CFFFFFFFF04FFFFFFFF0CFFFFFFFF0C100000
310
000C250000000C210000000C280000000A0C0A00000004000000000CFFFFFFFF110D06636F656467650C2900000004FFFFFFFF0CFFFFFFFF0C230000000C2A0000000C100000000C1A0000000B0C2B00000004000000000CFFFFFFFF110D04656467650CFFFFFFFF04FFFFFFFF0CFFFFFFFF0C2C0000000600000000000000
310
000C2D0000000600000000000004400C100000000C2E0000000B0707756E6B6E6F776E110E0D4154545249425F435553544F4D0D066174747269620CFFFFFFFF04FFFFFFFF0CFFFFFFFF0CFFFFFFFF0C12000000071667656E657269635F7461675F6174747269625F6465660403000000040300000004FFFFFFFF07176765
310
6E657269635F7461675F6174747269625F646566200401000000040100000007013704000000000401000000042D0100000400000000110D04666163650C2F00000004FFFFFFFF0CFFFFFFFF0C300000000C310000000C060000000CFFFFFFFF0C320000000B0B110D046C6F6F700CFFFFFFFF04FFFFFFFF0CFFFFFFFF0CFF
310
FFFFFF0C330000000C12000000110E05706C616E650D07737572666163650CFFFFFFFF04FFFFFFFF0CFFFFFFFF13000000000000000000000004000010C00000000000000000140000000000000000000000000000F0BF0000000000000000140000000000002440000000000000000000000000000000000B0B0B0B0B110D
310
06636F656467650C3400000004FFFFFFFF0CFFFFFFFF0C350000000C360000000C370000000C380000000A0C1300000004000000000CFFFFFFFF110E0D4154545249425F435553544F4D0D066174747269620CFFFFFFFF04FFFFFFFF0CFFFFFFFF0CFFFFFFFF0C150000000711736B657463685F6174747269625F64656604
310
0100000004010000000403000000070D31323620302030203020312031110D06636F656467650CFFFFFFFF04FFFFFFFF0CFFFFFFFF0C390000000C150000000C180000000C280000000B0C0E00000004000000000CFFFFFFFF110D06636F656467650CFFFFFFFF04FFFFFFFF0CFFFFFFFF0C150000000C390000000C350000
310
000C3A0000000A0C0E00000004000000000CFFFFFFFF110D06636F656467650C3B00000004FFFFFFFF0CFFFFFFFF0C370000000C190000000C150000000C240000000A0C2B00000004000000000CFFFFFFFF110D04656467650CFFFFFFFF04FFFFFFFF0CFFFFFFFF0C3C0000000600000000000000000C2D00000006000000
310
000000E03F0C150000000C3D0000000B0707756E6B6E6F776E110D06636F656467650CFFFFFFFF04FFFFFFFF0CFFFFFFFF0C180000000C170000000C3E0000000C3F0000000A0C0A00000004000000000CFFFFFFFF110D06636F656467650CFFFFFFFF04FFFFFFFF0CFFFFFFFF0C400000000C410000000C170000000C2700
310
00000A0C4200000004000000000CFFFFFFFF110D04656467650CFFFFFFFF04FFFFFFFF0CFFFFFFFF0C2C0000000600000000000000000C43000000069A9999999999D93F0C260000000C440000000B0707756E6B6E6F776E110D04656467650CFFFFFFFF04FFFFFFFF0CFFFFFFFF0C2D0000000600000000000000000C4500
310
0000069A9999999999D93F0C210000000C460000000B0707756E6B6E6F776E110E0D4154545249425F435553544F4D0D066174747269620CFFFFFFFF04FFFFFFFF0CFFFFFFFF0CFFFFFFFF0C190000000711736B657463685F6174747269625F646566040100000004010000000403000000070D3132372030203120302031
310
2031110D06636F656467650C4700000004FFFFFFFF0CFFFFFFFF0C190000000C480000000C400000000C490000000A0C2B00000004000000000CFFFFFFFF110D046C6F6F700CFFFFFFFF04FFFFFFFF0CFFFFFFFF0CFFFFFFFF0C2A0000000C4A000000110D067665727465780CFFFFFFFF04FFFFFFFF0CFFFFFFFF0C1A0000
310
0004000000000C4B000000110D067665727465780CFFFFFFFF04FFFFFFFF0CFFFFFFFF0C1A00000004010000000C4C000000110E0873747261696768740D0563757276650CFFFFFFFF04FFFFFFFF0CFFFFFFFF1300000000000000000000000000003440000000000000000014000000000000184000000000000020C00000
310
0000000000000A0600000000000000000A060000000000000440110E0D4154545249425F435553544F4D0D066174747269620CFFFFFFFF04FFFFFFFF0CFFFFFFFF0CFFFFFFFF0C1C000000071667656E657269635F7461675F6174747269625F6465660403000000040300000004FFFFFFFF071767656E657269635F746167
310
5F6174747269625F646566200401000000040100000007013604000000000401000000042D0100000400000000110D04666163650C4D00000004FFFFFFFF0CFFFFFFFF0C4E0000000C4F0000000C060000000CFFFFFFFF0C500000000B0B110D046C6F6F700CFFFFFFFF04FFFFFFFF0CFFFFFFFF0CFFFFFFFF0C510000000C
310
1C000000110E05706C616E650D07737572666163650CFFFFFFFF04FFFFFFFF0CFFFFFFFF1300000000000000000000000000002440000000000000000014000000000000F0BF0000000000000000000000000000000014000000000000000000000000000024C000000000000000000B0B0B0B0B110D06636F656467650C52
310
00000004FFFFFFFF0CFFFFFFFF0C530000000C540000000C550000000C560000000A0C1D00000004000000000CFFFFFFFF110E0D4154545249425F435553544F4D0D066174747269620CFFFFFFFF04FFFFFFFF0CFFFFFFFF0CFFFFFFFF0C1F0000000711736B657463685F6174747269625F64656604010000000401000000
310
0403000000070D31323220302031203020312031110D06636F656467650CFFFFFFFF04FFFFFFFF0CFFFFFFFF0C570000000C1F0000000C220000000C3A0000000B0C1300000004000000000CFFFFFFFF110D06636F656467650CFFFFFFFF04FFFFFFFF0CFFFFFFFF0C1F0000000C570000000C530000000C580000000A0C13
310
00000004000000000CFFFFFFFF110D06636F656467650C5900000004FFFFFFFF0CFFFFFFFF0C550000000C230000000C1F0000000C380000000B0C2B00000004000000000CFFFFFFFF110D04656467650CFFFFFFFF04FFFFFFFF0CFFFFFFFF0C3C0000000600000000000000000C5A00000006000000A09999D93F0C1F0000
310
000C5B0000000B0707756E6B6E6F776E110D06636F656467650CFFFFFFFF04FFFFFFFF0CFFFFFFFF0C220000000C210000000C5C0000000C5D0000000A0C0E00000004000000000CFFFFFFFF110D04656467650CFFFFFFFF04FFFFFFFF0CFFFFFFFF0C3C0000000600000000000000000C5E000000069A9999999999D93F0C
310
350000000C5F0000000B0707756E6B6E6F776E110E0D4154545249425F435553544F4D0D066174747269620CFFFFFFFF04FFFFFFFF0CFFFFFFFF0CFFFFFFFF0C230000000711736B657463685F6174747269625F646566040100000004010000000403000000070D31323620302030203020312031110D067665727465780C
310
FFFFFFFF04FFFFFFFF0CFFFFFFFF0C2400000004000000000C60000000110E0873747261696768740D0563757276650CFFFFFFFF04FFFFFFFF0CFFFFFFFF13000000000000244000000000000000000000000000000000140000000000002440000000000000000000000000000000000A0600000000000000000A06000000
310
000000E03F110D06636F656467650CFFFFFFFF04FFFFFFFF0CFFFFFFFF0C610000000C5C0000000C250000000C3F0000000B0C6200000004000000000CFFFFFFFF110D04656467650CFFFFFFFF04FFFFFFFF0CFFFFFFFF0C450000000600000000000004C00C430000000600000000000000800C250000000C630000000B07
310
07756E6B6E6F776E110D06636F656467650C6400000004FFFFFFFF0CFFFFFFFF0C650000000C260000000C2A0000000C490000000B0C4200000004000000000CFFFFFFFF110D06636F656467650CFFFFFFFF04FFFFFFFF0CFFFFFFFF0C260000000C650000000C610000000C660000000A0C4200000004000000000CFFFFFF
310
FF110D046C6F6F700CFFFFFFFF04FFFFFFFF0CFFFFFFFF0CFFFFFFFF0C400000000C67000000110D067665727465780CFFFFFFFF04FFFFFFFF0CFFFFFFFF0C2700000004010000000C68000000110E0873747261696768740D0563757276650CFFFFFFFF04FFFFFFFF0CFFFFFFFF1300000000000000000000000000003440
310
0000000000000000140000000000000000000000000000000000000000000024400B0B110D067665727465780CFFFFFFFF04FFFFFFFF0CFFFFFFFF0C3F00000004000000000C69000000110E0873747261696768740D0563757276650CFFFFFFFF04FFFFFFFF0CFFFFFFFF130000000000002E400000000000000000000000
310
0000000000140000000000000000000000000000000000000000000024400B0B110E0D4154545249425F435553544F4D0D066174747269620CFFFFFFFF04FFFFFFFF0CFFFFFFFF0CFFFFFFFF0C2A0000000711736B657463685F6174747269625F646566040100000004010000000403000000070D31303720302030203020
310
312031110D06636F656467650C6A00000004FFFFFFFF0CFFFFFFFF0C2A0000000C6B0000000C6C0000000C6D0000000A0C2B00000004000000000CFFFFFFFF110D04656467650CFFFFFFFF04FFFFFFFF0CFFFFFFFF0C2C0000000600000000000000000C6E000000069A9999999999D93F0C400000000C6F0000000B070775
310
6E6B6E6F776E110D04666163650C7000000004FFFFFFFF0CFFFFFFFF0CFFFFFFFF0C2B0000000C060000000CFFFFFFFF0C710000000A0B110D05706F696E740CFFFFFFFF04FFFFFFFF0CFFFFFFFF13000000000000000000000000000034400000000000000000110D05706F696E740CFFFFFFFF04FFFFFFFF0CFFFFFFFF13
310
0000000000002E4000000000000000000000000000000000110E0D4154545249425F435553544F4D0D066174747269620CFFFFFFFF04FFFFFFFF0CFFFFFFFF0CFFFFFFFF0C30000000071667656E657269635F7461675F6174747269625F6465660403000000040300000004FFFFFFFF071767656E657269635F7461675F61
310
74747269625F646566200401000000040100000007013504000000000401000000042D0100000400000000110D04666163650C7200000004FFFFFFFF0CFFFFFFFF0C670000000C730000000C060000000CFFFFFFFF0C740000000B0B110D046C6F6F700CFFFFFFFF04FFFFFFFF0CFFFFFFFF0CFFFFFFFF0C750000000C3000
310
0000110E05706C616E650D07737572666163650CFFFFFFFF04FFFFFFFF0CFFFFFFFF1300000000000010C000000000000024400000000000000000140000000000000000000000000000F0BF0000000000000000140000000000002440000000000000000000000000000000000B0B0B0B0B110D06636F656467650C760000
310
0004FFFFFFFF0CFFFFFFFF0C770000000C780000000C790000000C7A0000000B0C3100000004000000000CFFFFFFFF110E0D4154545249425F435553544F4D0D066174747269620CFFFFFFFF04FFFFFFFF0CFFFFFFFF0CFFFFFFFF0C330000000711736B657463685F6174747269625F646566040100000004010000000403
310
000000070D31323320302031203020312031110D06636F656467650CFFFFFFFF04FFFFFFFF0CFFFFFFFF0C7B0000000C330000000C360000000C580000000B0C1D00000004000000000CFFFFFFFF110D06636F656467650CFFFFFFFF04FFFFFFFF0CFFFFFFFF0C330000000C7B0000000C770000000C7C0000000A0C1D0000
310
0004000000000CFFFFFFFF110D06636F656467650C7D00000004FFFFFFFF0CFFFFFFFF0C790000000C370000000C330000000C560000000B0C2B00000004000000000CFFFFFFFF110D04656467650CFFFFFFFF04FFFFFFFF0CFFFFFFFF0C5A0000000600000000000000000C7E00000006000000000000F03F0C330000000C
310
7F0000000B0707756E6B6E6F776E110D06636F656467650CFFFFFFFF04FFFFFFFF0CFFFFFFFF0C360000000C350000000C800000000C810000000A0C1300000004000000000CFFFFFFFF110D04656467650CFFFFFFFF04FFFFFFFF0CFFFFFFFF0C5A0000000600000000000000000C82000000069A9999999999D93F0C5300
310
00000C830000000B0707756E6B6E6F776E110E0D4154545249425F435553544F4D0D066174747269620CFFFFFFFF04FFFFFFFF0CFFFFFFFF0CFFFFFFFF0C370000000711736B657463685F6174747269625F646566040100000004010000000403000000070D31323220302031203020312031110D067665727465780CFFFF
310
FFFF04FFFFFFFF0CFFFFFFFF0C3800000004010000000C84000000110E0873747261696768740D0563757276650CFFFFFFFF04FFFFFFFF0CFFFFFFFF1300000000000024400000000000000000000000000000000014000000000000000000000000000024C000000000000000000A0600000000000000000A06000000A099
310
99D93F110D06636F656467650CFFFFFFFF04FFFFFFFF0CFFFFFFFF0C3E0000000C800000000C390000000C5D0000000B0C6200000004000000000CFFFFFFFF110D04656467650CFFFFFFFF04FFFFFFFF0CFFFFFFFF0C5E0000000600000000000000000C4500000006000000000000E03F0C390000000C850000000B070775
310
6E6B6E6F776E110D067665727465780CFFFFFFFF04FFFFFFFF0CFFFFFFFF0C5D00000004000000000C86000000110E0873747261696768740D0563757276650CFFFFFFFF04FFFFFFFF0CFFFFFFFF13000000000000244000000000000000000000000000000000140000000000000000000000000000000000000000000024
310
400B0B110D05706F696E740CFFFFFFFF04FFFFFFFF0CFFFFFFFF13000000000000244000000000000000000000000000000000110D06636F656467650CFFFFFFFF04FFFFFFFF0CFFFFFFFF0C870000000C3E0000000C410000000C660000000B0C6200000004000000000CFFFFFFFF110D046C6F6F700CFFFFFFFF04FFFFFF
310
FF0CFFFFFFFF0CFFFFFFFF0C610000000C88000000110E0873747261696768740D0563757276650CFFFFFFFF04FFFFFFFF0CFFFFFFFF130000000000000000000000000000344000000000000010401400000000000018C0000000000000204000000000000000000B0B110E0D4154545249425F435553544F4D0D06617474
310
7269620CFFFFFFFF04FFFFFFFF0CFFFFFFFF0CFFFFFFFF0C400000000711736B657463685F6174747269625F646566040100000004010000000403000000070D31303720302030203020312031110D06636F656467650CFFFFFFFF04FFFFFFFF0CFFFFFFFF0C410000000C400000000C890000000C8A0000000B0C42000000
310
04000000000CFFFFFFFF110D04656467650CFFFFFFFF04FFFFFFFF0CFFFFFFFF0C430000000600000000000000000C8B000000069A9999999999D93F0C410000000C8C0000000B0707756E6B6E6F776E110D04666163650C8D00000004FFFFFFFF0CFFFFFFFF0C880000000C420000000C060000000CFFFFFFFF0C8E000000
310
0B0B110D05706F696E740CFFFFFFFF04FFFFFFFF0CFFFFFFFF13000000000000000000000000000034400000000000001040110D05706F696E740CFFFFFFFF04FFFFFFFF0CFFFFFFFF130000000000002E4000000000000000000000000000001040110E0D4154545249425F435553544F4D0D066174747269620CFFFFFFFF
310
04FFFFFFFF0CFFFFFFFF0CFFFFFFFF0C480000000711736B657463685F6174747269625F646566040100000004010000000403000000070D31303820302030203020312031110D06636F656467650C8F00000004FFFFFFFF0CFFFFFFFF0C480000000C790000000C750000000C900000000A0C2B00000004000000000CFFFF
310
FFFF110D06636F656467650C9100000004FFFFFFFF0CFFFFFFFF0C920000000C890000000C480000000C6D0000000B0C7300000004000000000CFFFFFFFF110D04656467650CFFFFFFFF04FFFFFFFF0CFFFFFFFF0C6E0000000600000000000000000C9300000006000000000000F03F0C6C0000000C940000000B0707756E
310
6B6E6F776E110D067665727465780CFFFFFFFF04FFFFFFFF0CFFFFFFFF0C6D00000004000000000C95000000110E0873747261696768740D0563757276650CFFFFFFFF04FFFFFFFF0CFFFFFFFF130000000000000000000000000000344000000000000000001400000000000024C000000000000000000000000000000000
310
0A0600000000000000000A069A9999999999D93F110E0D4154545249425F435553544F4D0D066174747269620CFFFFFFFF04FFFFFFFF0CFFFFFFFF0CFFFFFFFF0C4A000000071667656E657269635F7461675F6174747269625F6465660403000000040300000004FFFFFFFF071767656E657269635F7461675F6174747269
310
625F646566200401000000040100000007013104000000000401000000042D0100000400000000110E05706C616E650D07737572666163650CFFFFFFFF04FFFFFFFF0CFFFFFFFF130000000000001640000000FEFFFF1F4000000000000000001400000000000000000000000000000000000000000000F03F140000000000
310
002440000000000000000000000000000000000B0B0B0B0B110E0D4154545249425F435553544F4D0D066174747269620CFFFFFFFF04FFFFFFFF0CFFFFFFFF0CFFFFFFFF0C4E000000071667656E657269635F7461675F6174747269625F6465660403000000040300000004FFFFFFFF071767656E657269635F7461675F61
310
74747269625F646566200401000000040100000007013404000000000401000000042D0100000400000000110D046C6F6F700CFFFFFFFF04FFFFFFFF0CFFFFFFFF0CFFFFFFFF0C6C0000000C4E000000110E05706C616E650D07737572666163650CFFFFFFFF04FFFFFFFF0CFFFFFFFF1300000000000010C0000000000000
310
3440000000000000000014000000000000F0BF0000000000000000000000000000000014000000000000000000000000000024C000000000000000000B0B0B0B0B110D06636F656467650C9600000004FFFFFFFF0CFFFFFFFF0C970000000C980000000C6B0000000C900000000B0C4F00000004000000000CFFFFFFFF110E
310
0D4154545249425F435553544F4D0D066174747269620CFFFFFFFF04FFFFFFFF0C990000000CFFFFFFFF0C510000000711736B657463685F6174747269625F646566040100000004010000000403000000070D31323420302031203020312031110D06636F656467650CFFFFFFFF04FFFFFFFF0CFFFFFFFF0C9A0000000C51
310
0000000C540000000C7C0000000B0C3100000004000000000CFFFFFFFF110D06636F656467650CFFFFFFFF04FFFFFFFF0CFFFFFFFF0C510000000C9A0000000C970000000C9B0000000A0C3100000004000000000CFFFFFFFF110D06636F656467650C9C00000004FFFFFFFF0CFFFFFFFF0C6B0000000C550000000C510000
310
000C7A0000000A0C2B00000004000000000CFFFFFFFF110D04656467650CFFFFFFFF04FFFFFFFF0CFFFFFFFF0C9D0000000600000000000000000C7E00000006000000686666F63F0C510000000C9E0000000B0707756E6B6E6F776E110D06636F656467650CFFFFFFFF04FFFFFFFF0CFFFFFFFF0C540000000C530000000C
310
9F0000000CA00000000A0C1D00000004000000000CFFFFFFFF110D04656467650CFFFFFFFF04FFFFFFFF0CFFFFFFFF0C7E0000000600000000000000000CA1000000069A9999999999D93F0C770000000CA20000000B0707756E6B6E6F776E110E0D4154545249425F435553544F4D0D066174747269620CFFFFFFFF04FFFF
310
FFFF0CFFFFFFFF0CFFFFFFFF0C550000000711736B657463685F6174747269625F646566040100000004010000000403000000070D31323320302031203020312031110D067665727465780CFFFFFFFF04FFFFFFFF0CFFFFFFFF0C5600000004010000000CA3000000110E0873747261696768740D0563757276650CFFFFFF
310
FF04FFFFFFFF0CFFFFFFFF13000000000000244000000004000010C000000000000000001400000000000024C0000000000000000000000000000000000A0600000000000000000A06000000000000F03F110D06636F656467650CFFFFFFFF04FFFFFFFF0CFFFFFFFF0C5C0000000C9F0000000C570000000C810000000B0C
310
6200000004000000000CFFFFFFFF110D04656467650CFFFFFFFF04FFFFFFFF0CFFFFFFFF0C8200000006000000A09999D9BF0C5E0000000600000000000000800C570000000CA40000000B0707756E6B6E6F776E110D067665727465780CFFFFFFFF04FFFFFFFF0CFFFFFFFF0C8100000004000000000CA5000000110E0873
310
747261696768740D0563757276650CFFFFFFFF04FFFFFFFF0CFFFFFFFF13000000000000244000000004000010C00000000000000000140000000000000000000000000000000000000000000024400B0B110D05706F696E740CFFFFFFFF04FFFFFFFF0CFFFFFFFF13000000000000244000000004000010C0000000000000
310
0000110E0873747261696768740D0563757276650CFFFFFFFF04FFFFFFFF0CFFFFFFFF13000000000000244000000000000000000000000000001040140000000000002440000000000000000000000000000000000B0B110D05706F696E740CFFFFFFFF04FFFFFFFF0CFFFFFFFF1300000000000024400000000000000000
310
0000000000001040110D06636F656467650CFFFFFFFF04FFFFFFFF0CFFFFFFFF0CA60000000C610000000CA70000000CA80000000B0C6200000004000000000CFFFFFFFF110D04666163650CA900000004FFFFFFFF0CFFFFFFFF0C4A0000000C620000000C060000000CFFFFFFFF0CAA0000000B0B110D06636F656467650C
310
FFFFFFFF04FFFFFFFF0CFFFFFFFF0C6C0000000CA70000000C650000000C8A0000000A0C7300000004000000000CFFFFFFFF110D04656467650CFFFFFFFF04FFFFFFFF0CFFFFFFFF0C6E0000000600000000000000000C8B000000069A9999999999D93F0C650000000CAB0000000B0707756E6B6E6F776E110D0676657274
310
65780CFFFFFFFF04FFFFFFFF0CFFFFFFFF0CA800000004000000000CAC000000110E0873747261696768740D0563757276650CFFFFFFFF04FFFFFFFF0CFFFFFFFF130000000000000000000000000000344000000000000010401400000000000024C0000000000000000000000000000000000B0B110E0D4154545249425F
310
435553544F4D0D066174747269620CFFFFFFFF04FFFFFFFF0CFFFFFFFF0CFFFFFFFF0C67000000071667656E657269635F7461675F6174747269625F6465660403000000040300000004FFFFFFFF071767656E657269635F7461675F6174747269625F64656620040100000004010000000701330400000000040100000004
310
2D0100000400000000110E05706C616E650D07737572666163650CFFFFFFFF04FFFFFFFF0CFFFFFFFF13000000000000000000000000000034400000000000000000140000000000000000000000000000F03F00000000000000001400000000000024C0000000000000000000000000000000000B0B0B0B0B110E0D415454
310
5249425F435553544F4D0D066174747269620CFFFFFFFF04FFFFFFFF0CFFFFFFFF0CFFFFFFFF0C6B0000000711736B657463685F6174747269625F646566040100000004010000000403000000070D31303920302030203020312031110D04656467650CFFFFFFFF04FFFFFFFF0CFFFFFFFF0C930000000600000000000000
310
000C9D000000069A9999999999D93F0C750000000CAD0000000B0707756E6B6E6F776E110E0D4154545249425F435553544F4D0D066174747269620CFFFFFFFF04FFFFFFFF0CFFFFFFFF0CFFFFFFFF0C6C0000000711736B657463685F6174747269625F646566040100000004010000000403000000070D31303820302030
310
203020312031110D06636F656467650CFFFFFFFF04FFFFFFFF0CFFFFFFFF0CA70000000C6C0000000C980000000CAE0000000B0C7300000004000000000CFFFFFFFF110D067665727465780CFFFFFFFF04FFFFFFFF0CFFFFFFFF0C9000000004000000000CAF000000110E0873747261696768740D0563757276650CFFFFFF
310
FF04FFFFFFFF0CFFFFFFFF1300000000000010C00000000000003440000000000000000014000000000000000000000000000024C000000000000000000A0600000000000000000A06000000000000F03F110D05706F696E740CFFFFFFFF04FFFFFFFF0CFFFFFFFF1300000000000010C00000000000003440000000000000
310
0000110E0D4154545249425F435553544F4D0D066174747269620CFFFFFFFF04FFFFFFFF0CFFFFFFFF0CFFFFFFFF0C750000000711736B657463685F6174747269625F646566040100000004010000000403000000070D31303920302030203020312031110D06636F656467650CFFFFFFFF04FFFFFFFF0CFFFFFFFF0CB000
310
00000C750000000C780000000C9B0000000B0C4F00000004000000000CFFFFFFFF110D06636F656467650CFFFFFFFF04FFFFFFFF0CFFFFFFFF0C750000000CB00000000C920000000CAE0000000A0C4F00000004000000000CFFFFFFFF110E0D4154545249425F435553544F4D0D066174747269620CFFFFFFFF04FFFFFFFF
310
0CFFFFFFFF0C760000000C510000000711736B657463685F6174747269625F646566040100000004010000000403000000070D31323820302030203020312031110D06636F656467650CFFFFFFFF04FFFFFFFF0CFFFFFFFF0C780000000C770000000CB10000000CB20000000A0C3100000004000000000CFFFFFFFF110D04
310
656467650CFFFFFFFF04FFFFFFFF0CFFFFFFFF0C9D0000000600000000000000000CB3000000069A9999999999D93F0C970000000CB40000000B0707756E6B6E6F776E110E0D4154545249425F435553544F4D0D066174747269620CFFFFFFFF04FFFFFFFF0CB50000000CFFFFFFFF0C790000000711736B657463685F6174
310
747269625F646566040100000004010000000403000000070D31323820302030203020312031110D067665727465780CFFFFFFFF04FFFFFFFF0CFFFFFFFF0C7A00000004000000000CB6000000110E0873747261696768740D0563757276650CFFFFFFFF04FFFFFFFF0CFFFFFFFF1300000000000000000000000000002440
310
000000000000000014000000000000000000000000000024C000000000000000000A0600000000000000000A06000000686666F63F110D06636F656467650CFFFFFFFF04FFFFFFFF0CFFFFFFFF0C800000000CB10000000C7B0000000CA00000000B0C6200000004000000000CFFFFFFFF110D04656467650CFFFFFFFF04FF
310
FFFFFF0CFFFFFFFF0CA100000006000000000000F0BF0C820000000600000000000000800C7B0000000CB70000000B0707756E6B6E6F776E110D067665727465780CFFFFFFFF04FFFFFFFF0CFFFFFFFF0CA000000004000000000CB8000000110E0873747261696768740D0563757276650CFFFFFFFF04FFFFFFFF0CFFFFFF
310
FF13000000000000000000000004000010C00000000000000000140000000000000000000000000000000000000000000024400B0B110D05706F696E740CFFFFFFFF04FFFFFFFF0CFFFFFFFF13000000000000000000000004000010C00000000000000000110E0873747261696768740D0563757276650CFFFFFFFF04FFFF
310
FFFF0CFFFFFFFF13000000000000244000000000000000000000000000001040140000000000000000000000000000244000000000000000000B0B110D05706F696E740CFFFFFFFF04FFFFFFFF0CFFFFFFFF13000000000000244000000004000010C00000000000001040110D06636F656467650CFFFFFFFF04FFFFFFFF0C
310
FFFFFFFF0CB10000000C870000000CB00000000CB90000000B0C6200000004000000000CFFFFFFFF110D06636F656467650CFFFFFFFF04FFFFFFFF0CFFFFFFFF0C890000000C920000000C870000000CA80000000A0C7300000004000000000CFFFFFFFF110D04656467650CFFFFFFFF04FFFFFFFF0CFFFFFFFF0C8B000000
310
0600000000000000000CBA00000006000000000000F03F0CA70000000CBB0000000B0707756E6B6E6F776E110E0D4154545249425F435553544F4D0D066174747269620CFFFFFFFF04FFFFFFFF0CFFFFFFFF0CFFFFFFFF0C88000000071667656E657269635F7461675F6174747269625F6465660403000000040300000004
310
FFFFFFFF071767656E657269635F7461675F6174747269625F646566200401000000040100000007013204000000000401000000042D0100000400000000110E05706C616E650D07737572666163650CFFFFFFFF04FFFFFFFF0CFFFFFFFF130000000000001640000000FEFFFF1F4000000000000010401400000000000000
310
000000000000000000000000000000F03F140000000000002440000000000000000000000000000000000B0B0B0B0B110E0873747261696768740D0563757276650CFFFFFFFF04FFFFFFFF0CFFFFFFFF1300000000000010C00000000000003440000000000000000014000000000000000000000000000000000000000000
310
0024400B0B110D05706F696E740CFFFFFFFF04FFFFFFFF0CFFFFFFFF1300000000000010C000000000000034400000000000001040110E0873747261696768740D0563757276650CFFFFFFFF04FFFFFFFF0CFFFFFFFF1300000000000010C00000000000002440000000000000000014000000000000244000000000000000
310
0000000000000000000A0600000000000000000A069A9999999999D93F110D04656467650CFFFFFFFF04FFFFFFFF0CFFFFFFFF0C930000000600000000000000000CBA000000069A9999999999D93F0C920000000CBC0000000B0707756E6B6E6F776E110D05706F696E740CFFFFFFFF04FFFFFFFF0CFFFFFFFF1300000000
310
000010C000000000000024400000000000000000110D06636F656467650CFFFFFFFF04FFFFFFFF0CFFFFFFFF0C980000000C970000000CA60000000CB90000000A0C4F00000004000000000CFFFFFFFF110D06636F656467650CFFFFFFFF04FFFFFFFF0CFFFFFFFF0C9F0000000CA60000000C9A0000000CB20000000B0C62
310
00000004000000000CFFFFFFFF110D04656467650CFFFFFFFF04FFFFFFFF0CFFFFFFFF0CB30000000600000000000000000CA100000006000000686666F63F0C9A0000000CBD0000000B0707756E6B6E6F776E110D067665727465780CFFFFFFFF04FFFFFFFF0CFFFFFFFF0CB200000004000000000CBE000000110E087374
310
7261696768740D0563757276650CFFFFFFFF04FFFFFFFF0CFFFFFFFF13000000000000000000000000000024400000000000000000140000000000000000000000000000000000000000000024400B0B110E0D4154545249425F435553544F4D0D066174747269620CFFFFFFFF04FFFFFFFF0CFFFFFFFF0C9C0000000C7900
310
00000711736B657463685F6174747269625F646566040100000004010000000403000000070D31323420302031203020312031110D05706F696E740CFFFFFFFF04FFFFFFFF0CFFFFFFFF13000000000000000000000000000024400000000000000000110E0873747261696768740D0563757276650CFFFFFFFF04FFFFFFFF
310
0CFFFFFFFF13000000000000244000000004000010C00000000000001040140000000000002440000000000000000000000000000000000B0B110D05706F696E740CFFFFFFFF04FFFFFFFF0CFFFFFFFF13000000000000000000000004000010C00000000000001040110D04656467650CFFFFFFFF04FFFFFFFF0CFFFFFFFF
310
0CBA0000000600000000000000000CB3000000069A9999999999D93F0CB00000000CBF0000000B0707756E6B6E6F776E110D067665727465780CFFFFFFFF04FFFFFFFF0CFFFFFFFF0CB900000004000000000CC0000000110E0873747261696768740D0563757276650CFFFFFFFF04FFFFFFFF0CFFFFFFFF13000000000000
310
10C00000000000003440000000000000104014000000000000000000000000000024C000000000000000000B0B110E0873747261696768740D0563757276650CFFFFFFFF04FFFFFFFF0CFFFFFFFF1300000000000010C000000000000024400000000000000000140000000000000000000000000000000000000000000024
310
400B0B110E0873747261696768740D0563757276650CFFFFFFFF04FFFFFFFF0CFFFFFFFF1300000000000000000000000000002440000000000000104014000000000000000000000000000024C000000000000000000B0B110D05706F696E740CFFFFFFFF04FFFFFFFF0CFFFFFFFF13000000000000000000000000000024
310
400000000000001040110E0873747261696768740D0563757276650CFFFFFFFF04FFFFFFFF0CFFFFFFFF1300000000000010C000000000000024400000000000001040140000000000002440000000000000000000000000000000000B0B110D05706F696E740CFFFFFFFF04FFFFFFFF0CFFFFFFFF1300000000000010C000
310
000000000024400000000000001040110E03456E640E026F660E0341534D0D0464617461
  0
ENDSEC
  0
EOF
