  0
SECTION
  2
HEADER
  9
$ACADVER
  1
AC1027
  9
$ACADMAINTVER
 70
   125
  9
$DWGCODEPAGE
  3
ANSI_1252
  9
$REQUIREDVERSIONS
160
                 0
  9
$INSBASE
 10
0.0
 20
0.0
 30
0.0
  9
$EXTMIN
 10
1.000000000000000E+20
 20
1.000000000000000E+20
 30
1.000000000000000E+20
  9
$EXTMAX
 10
-1.000000000000000E+20
 20
-1.000000000000000E+20
 30
-1.000000000000000E+20
  9
$LIMMIN
 10
0.0
 20
0.0
  9
$LIMMAX
 10
12.0
 20
9.0
  9
$ORTHOMODE
 70
     0
  9
$REGENMODE
 70
     1
  9
$FILLMODE
 70
     1
  9
$QTEXTMODE
 70
     0
  9
$MIRRTEXT
 70
     0
  9
$LTSCALE
 40
1.0
  9
$ATTMODE
 70
     1
  9
$TEXTSIZE
 40
0.2
  9
$TRACEWID
 40
0.05
  9
$TEXTSTYLE
  7
Standard
  9
$CLAYER
  8
0
  9
$CELTYPE
  6
ByLayer
  9
$CECOLOR
 62
   256
  9
$CELTSCALE
 40
1.0
  9
$DISPSILH
 70
     0
  9
$DIMSCALE
 40
1.0
  9
$DIMASZ
 40
0.18
  9
$DIMEXO
 40
0.0625
  9
$DIMDLI
 40
0.38
  9
$DIMRND
 40
0.0
  9
$DIMDLE
 40
0.0
  9
$DIMEXE
 40
0.18
  9
$DIMTP
 40
0.0
  9
$DIMTM
 40
0.0
  9
$DIMTXT
 40
0.18
  9
$DIMCEN
 40
0.09
  9
$DIMTSZ
 40
0.0
  9
$DIMTOL
 70
     0
  9
$DIMLIM
 70
     0
  9
$DIMTIH
 70
     1
  9
$DIMTOH
 70
     1
  9
$DIMSE1
 70
     0
  9
$DIMSE2
 70
     0
  9
$DIMTAD
 70
     0
  9
$DIMZIN
 70
     0
  9
$DIMBLK
  1

  9
$DIMASO
 70
     1
  9
$DIMSHO
 70
     1
  9
$DIMPOST
  1

  9
$DIMAPOST
  1

  9
$DIMALT
 70
     0
  9
$DIMALTD
 70
     2
  9
$DIMALTF
 40
25.4
  9
$DIMLFAC
 40
1.0
  9
$DIMTOFL
 70
     0
  9
$DIMTVP
 40
0.0
  9
$DIMTIX
 70
     0
  9
$DIMSOXD
 70
     0
  9
$DIMSAH
 70
     0
  9
$DIMBLK1
  1

  9
$DIMBLK2
  1

  9
$DIMSTYLE
  2
Standard
  9
$DIMCLRD
 70
     0
  9
$DIMCLRE
 70
     0
  9
$DIMCLRT
 70
     0
  9
$DIMTFAC
 40
1.0
  9
$DIMGAP
 40
0.09
  9
$DIMJUST
 70
     0
  9
$DIMSD1
 70
     0
  9
$DIMSD2
 70
     0
  9
$DIMTOLJ
 70
     1
  9
$DIMTZIN
 70
     0
  9
$DIMALTZ
 70
     0
  9
$DIMALTTZ
 70
     0
  9
$DIMUPT
 70
     0
  9
$DIMDEC
 70
     4
  9
$DIMTDEC
 70
     4
  9
$DIMALTU
 70
     2
  9
$DIMALTTD
 70
     2
  9
$DIMTXSTY
  7
Standard
  9
$DIMAUNIT
 70
     0
  9
$DIMADEC
 70
     0
  9
$DIMALTRND
 40
0.0
  9
$DIMAZIN
 70
     0
  9
$DIMDSEP
 70
    46
  9
$DIMATFIT
 70
     3
  9
$DIMFRAC
 70
     0
  9
$DIMLDRBLK
  1

  9
$DIMLUNIT
 70
     2
  9
$DIMLWD
 70
    -2
  9
$DIMLWE
 70
    -2
  9
$DIMTMOVE
 70
     0
  9
$DIMFXL
 40
1.0
  9
$DIMFXLON
 70
     0
  9
$DIMJOGANG
 40
0.7853981633974483
  9
$DIMTFILL
 70
     0
  9
$DIMTFILLCLR
 70
     0
  9
$DIMARCSYM
 70
     0
  9
$DIMLTYPE
  6

  9
$DIMLTEX1
  6

  9
$DIMLTEX2
  6

  9
$DIMTXTDIRECTION
 70
     0
  9
$LUNITS
 70
     2
  9
$LUPREC
 70
     4
  9
$SKETCHINC
 40
0.1
  9
$FILLETRAD
 40
0.0
  9
$AUNITS
 70
     0
  9
$AUPREC
 70
     0
  9
$MENU
  1
.
  9
$ELEVATION
 40
0.0
  9
$PELEVATION
 40
0.0
  9
$THICKNESS
 40
0.0
  9
$LIMCHECK
 70
     0
  9
$CHAMFERA
 40
0.0
  9
$CHAMFERB
 40
0.0
  9
$CHAMFERC
 40
0.0
  9
$CHAMFERD
 40
0.0
  9
$SKPOLY
 70
     0
  9
$TDCREATE
 40
2461183.543240741
  9
$TDUCREATE
 40
2461183.543240741
  9
$TDUPDATE
 40
2461183.543240741
  9
$TDUUPDATE
 40
2461183.543240741
  9
$TDINDWG
 40
0.0000000000
  9
$TDUSRTIMER
 40
0.0000000000
  9
$USRTIMER
 70
     1
  9
$ANGBASE
 50
0.0
  9
$ANGDIR
 70
     0
  9
$PDMODE
 70
     0
  9
$PDSIZE
 40
0.0
  9
$PLINEWID
 40
0.0
  9
$SPLFRAME
 70
     0
  9
$SPLINETYPE
 70
     6
  9
$SPLINESEGS
 70
     8
  9
$HANDSEED
  5
AB
  9
$SURFTAB1
 70
     6
  9
$SURFTAB2
 70
     6
  9
$SURFTYPE
 70
     6
  9
$SURFU
 70
     6
  9
$SURFV
 70
     6
  9
$UCSBASE
  2

  9
$UCSNAME
  2

  9
$UCSORG
 10
0.0
 20
0.0
 30
0.0
  9
$UCSXDIR
 10
1.0
 20
0.0
 30
0.0
  9
$UCSYDIR
 10
0.0
 20
1.0
 30
0.0
  9
$UCSORTHOREF
  2

  9
$UCSORTHOVIEW
 70
     0
  9
$UCSORGTOP
 10
0.0
 20
0.0
 30
0.0
  9
$UCSORGBOTTOM
 10
0.0
 20
0.0
 30
0.0
  9
$UCSORGLEFT
 10
0.0
 20
0.0
 30
0.0
  9
$UCSORGRIGHT
 10
0.0
 20
0.0
 30
0.0
  9
$UCSORGFRONT
 10
0.0
 20
0.0
 30
0.0
  9
$UCSORGBACK
 10
0.0
 20
0.0
 30
0.0
  9
$PUCSBASE
  2

  9
$PUCSNAME
  2

  9
$PUCSORG
 10
0.0
 20
0.0
 30
0.0
  9
$PUCSXDIR
 10
1.0
 20
0.0
 30
0.0
  9
$PUCSYDIR
 10
0.0
 20
1.0
 30
0.0
  9
$PUCSORTHOREF
  2

  9
$PUCSORTHOVIEW
 70
     0
  9
$PUCSORGTOP
 10
0.0
 20
0.0
 30
0.0
  9
$PUCSORGBOTTOM
 10
0.0
 20
0.0
 30
0.0
  9
$PUCSORGLEFT
 10
0.0
 20
0.0
 30
0.0
  9
$PUCSORGRIGHT
 10
0.0
 20
0.0
 30
0.0
  9
$PUCSORGFRONT
 10
0.0
 20
0.0
 30
0.0
  9
$PUCSORGBACK
 10
0.0
 20
0.0
 30
0.0
  9
$USERI1
 70
     0
  9
$USERI2
 70
     0
  9
$USERI3
 70
     0
  9
$USERI4
 70
     0
  9
$USERI5
 70
     0
  9
$USERR1
 40
0.0
  9
$USERR2
 40
0.0
  9
$USERR3
 40
0.0
  9
$USERR4
 40
0.0
  9
$USERR5
 40
0.0
  9
$WORLDVIEW
 70
     1
  9
$SHADEDGE
 70
     3
  9
$SHADEDIF
 70
    70
  9
$TILEMODE
 70
     1
  9
$MAXACTVP
 70
    64
  9
$PINSBASE
 10
0.0
 20
0.0
 30
0.0
  9
$PLIMCHECK
 70
     0
  9
$PEXTMIN
 10
1.000000000000000E+20
 20
1.000000000000000E+20
 30
1.000000000000000E+20
  9
$PEXTMAX
 10
-1.000000000000000E+20
 20
-1.000000000000000E+20
 30
-1.000000000000000E+20
  9
$PLIMMIN
 10
0.0
 20
0.0
  9
$PLIMMAX
 10
12.0
 20
9.0
  9
$UNITMODE
 70
     0
  9
$VISRETAIN
 70
     1
  9
$PLINEGEN
 70
     0
  9
$PSLTSCALE
 70
     1
  9
$TREEDEPTH
 70
  3020
  9
$CMLSTYLE
  2
Standard
  9
$CMLJUST
 70
     0
  9
$CMLSCALE
 40
1.0
  9
$PROXYGRAPHICS
 70
     1
  9
$MEASUREMENT
 70
     0
  9
$CELWEIGHT
370
    -1
  9
$ENDCAPS
280
     0
  9
$JOINSTYLE
280
     0
  9
$LWDISPLAY
290
     0
  9
$INSUNITS
 70
     4
  9
$HYPERLINKBASE
  1

  9
$STYLESHEET
  1

  9
$XEDIT
290
     1
  9
$CEPSNTYPE
380
     0
  9
$PSTYLEMODE
290
     1
  9
$FINGERPRINTGUID
  2
{63E380BF-CECF-794E-B484-D676D255174B}
  9
$VERSIONGUID
  2
{41404A47-260F-1C45-AF8B-FE2C6E9CCDAF}
  9
$EXTNAMES
290
     1
  9
$PSVPSCALE
 40
0.0
  9
$OLESTARTUP
290
     0
  9
$SORTENTS
280
   127
  9
$INDEXCTL
280
     0
  9
$HIDETEXT
280
     1
  9
$XCLIPFRAME
280
     2
  9
$HALOGAP
280
     0
  9
$OBSCOLOR
 70
   257
  9
$OBSLTYPE
280
     0
  9
$INTERSECTIONDISPLAY
280
     0
  9
$INTERSECTIONCOLOR
 70
   257
  9
$DIMASSOC
280
     2
  9
$PROJECTNAME
  1

  9
$CAMERADISPLAY
290
     0
  9
$LENSLENGTH
 40
50.0
  9
$CAMERAHEIGHT
 40
0.0
  9
$STEPSPERSEC
 40
2.0
  9
$STEPSIZE
 40
6.0
  9
$3DDWFPREC
 40
2.0
  9
$PSOLWIDTH
 40
0.25
  9
$PSOLHEIGHT
 40
4.0
  9
$LOFTANG1
 40
1.570796326794896
  9
$LOFTANG2
 40
1.570796326794896
  9
$LOFTMAG1
 40
0.0
  9
$LOFTMAG2
 40
0.0
  9
$LOFTPARAM
 70
     7
  9
$LOFTNORMALS
280
     1
  9
$LATITUDE
 40
37.795
  9
$LONGITUDE
 40
-122.394
  9
$NORTHDIRECTION
 40
0.0
  9
$TIMEZONE
 70
 -8000
  9
$LIGHTGLYPHDISPLAY
280
     1
  9
$TILEMODELIGHTSYNCH
280
     1
  9
$CMATERIAL
347
11
  9
$SOLIDHIST
280
     0
  9
$SHOWHIST
280
     1
  9
$DWFFRAME
280
     2
  9
$DGNFRAME
280
     0
  9
$REALWORLDSCALE
290
     1
  9
$INTERFERECOLOR
 62
     1
  9
$INTERFEREOBJVS
345
33
  9
$INTERFEREVPVS
346
30
  9
$CSHADOW
280
     0
  9
$SHADOWPLANELOCATION
 40
0.0
  0
ENDSEC
  0
SECTION
  2
CLASSES
  0
CLASS
  1
ACDBDICTIONARYWDFLT
  2
AcDbDictionaryWithDefault
  3
ObjectDBX Classes
 90
        0
 91
        1
280
     0
281
     0
  0
CLASS
  1
MATERIAL
  2
AcDbMaterial
  3
ObjectDBX Classes
 90
     1153
 91
        4
280
     0
281
     0
  0
CLASS
  1
VISUALSTYLE
  2
AcDbVisualStyle
  3
ObjectDBX Classes
 90
     4095
 91
       24
280
     0
281
     0
  0
CLASS
  1
SCALE
  2
AcDbScale
  3
ObjectDBX Classes
 90
     1153
 91
       17
280
     0
281
     0
  0
CLASS
  1
TABLESTYLE
  2
AcDbTableStyle
  3
ObjectDBX Classes
 90
     4095
 91
        1
280
     0
281
     0
  0
CLASS
  1
MLEADERSTYLE
  2
AcDbMLeaderStyle
  3
ACDB_MLEADERSTYLE_CLASS
 90
     4095
 91
        1
280
     0
281
     0
  0
CLASS
  1
ACDBSECTIONVIEWSTYLE
  2
AcDbSectionViewStyle
  3
ObjectDBX Classes
 90
     1025
 91
        1
280
     0
281
     0
  0
CLASS
  1
ACDBDETAILVIEWSTYLE
  2
AcDbDetailViewStyle
  3
ObjectDBX Classes
 90
     1025
 91
        1
280
     0
281
     0
  0
CLASS
  1
DICTIONARYVAR
  2
AcDbDictionaryVar
  3
ObjectDBX Classes
 90
        0
 91
        5
280
     0
281
     0
  0
CLASS
  1
CELLSTYLEMAP
  2
AcDbCellStyleMap
  3
ObjectDBX Classes
 90
     1152
 91
        1
280
     0
281
     0
  0
ENDSEC
  0
SECTION
  2
TABLES
  0
TABLE
  2
VPORT
  5
8
330
0
100
AcDbSymbolTable
 70
     1
1001
ACAD
1000
DbSaveVer
1071
      471
  0
VPORT
  5
57
330
8
100
AcDbSymbolTableRecord
100
AcDbViewportTableRecord
  2
*Active
 70
     0
 10
0.0
 20
0.0
 11
1.0
 21
1.0
 12
500.0
 22
500.0
 13
0.0
 23
0.0
 14
1.0
 24
1.0
 15
0.0
 25
0.0
 16
0.0
 26
0.0
 36
1.0
 17
0.0
 27
0.0
 37
0.0
 40
12.0
 41
1.0
 42
50.0
 43
0.0
 44
0.0
 50
0.0
 51
0.0
 71
     0
 72
   100
 73
     1
 74
     1
 75
     0
 76
     0
 77
     0
 78
     0
281
     0
 65
     1
110
0.0
120
0.0
130
0.0
111
1.0
121
0.0
131
0.0
112
0.0
122
1.0
132
0.0
 79
     0
146
0.0
 60
     3
 61
     5
292
     1
282
     1
141
0.0
142
0.0
 63
   250
421
  3355443
  0
ENDTAB
  0
TABLE
  2
LTYPE
  5
5
330
0
100
AcDbSymbolTable
 70
     1
  0
LTYPE
  5
5B
330
5
100
AcDbSymbolTableRecord
100
AcDbLinetypeTableRecord
  2
ByBlock
 70
     0
  3

 72
    65
 73
     0
 40
0.0
  0
LTYPE
  5
5C
330
5
100
AcDbSymbolTableRecord
100
AcDbLinetypeTableRecord
  2
ByLayer
 70
     0
  3

 72
    65
 73
     0
 40
0.0
  0
LTYPE
  5
5D
330
5
100
AcDbSymbolTableRecord
100
AcDbLinetypeTableRecord
  2
Continuous
 70
     0
  3
Solid line
 72
    65
 73
     0
 40
0.0
  0
ENDTAB
  0
TABLE
  2
LAYER
  5
2
330
0
100
AcDbSymbolTable
 70
     2
  0
LAYER
  5
54
330
2
100
AcDbSymbolTableRecord
100
AcDbLayerTableRecord
  2
0
 70
     0
 62
     7
  6
Continuous
370
    -3
390
F
347
21
348
0
  0
LAYER
  5
85
330
2
100
AcDbSymbolTableRecord
100
AcDbLayerTableRecord
  2
Head_TopPlateStepperLaser v2_Sketch1
 70
     0
 62
     7
  6
Continuous
370
    -3
390
F
347
21
348
0
1001
NFusion_SketchTransform
1000
1.000000;0.000000;0.000000;0.000000;0.000000;1.000000;0.000000;0.000000;0.000000;0.000000;1.000000;0.000000;0.000000;0.000000;0.000000;1.000000
  0
ENDTAB
  0
TABLE
  2
STYLE
  5
3
330
0
100
AcDbSymbolTable
 70
     2
  0
STYLE
  5
55
330
3
100
AcDbSymbolTableRecord
100
AcDbTextStyleTableRecord
  2
Standard
 70
     0
 40
0.0
 41
1.0
 50
0.0
 71
     0
 42
0.2
  3
txt
  4

  0
STYLE
  5
5A
330
3
100
AcDbSymbolTableRecord
100
AcDbTextStyleTableRecord
  2
Annotative
 70
     0
 40
0.0
 41
1.0
 50
0.0
 71
     0
 42
0.2
  3
txt
  4

1001
AcadAnnotative
1000
AnnotativeData
1002
{
1070
     1
1070
     1
1002
}
  0
ENDTAB
  0
TABLE
  2
VIEW
  5
6
330
0
100
AcDbSymbolTable
 70
     0
  0
ENDTAB
  0
TABLE
  2
UCS
  5
7
330
0
100
AcDbSymbolTable
 70
     0
  0
ENDTAB
  0
TABLE
  2
APPID
  5
9
330
0
100
AcDbSymbolTable
 70
     4
  0
APPID
  5
56
330
9
100
AcDbSymbolTableRecord
100
AcDbRegAppTableRecord
  2
ACAD
 70
     0
  0
APPID
  5
5E
330
9
100
AcDbSymbolTableRecord
100
AcDbRegAppTableRecord
  2
AcadAnnotative
 70
     0
  0
APPID
  5
78
330
9
100
AcDbSymbolTableRecord
100
AcDbRegAppTableRecord
  2
EDIT_IN_FUSION_ACAD_ADDIN
 70
     0
  0
APPID
  5
79
330
9
100
AcDbSymbolTableRecord
100
AcDbRegAppTableRecord
  2
NFusion_SketchTransform
 70
     0
  0
ENDTAB
  0
TABLE
  2
DIMSTYLE
  5
A
330
0
100
AcDbSymbolTable
 70
     2
100
AcDbDimStyleTable
 71
     0
  0
DIMSTYLE
105
58
330
A
100
AcDbSymbolTableRecord
100
AcDbDimStyleTableRecord
  2
Standard
 70
     0
340
55
  0
DIMSTYLE
105
59
330
A
100
AcDbSymbolTableRecord
100
AcDbDimStyleTableRecord
  2
Annotative
 70
     0
340
55
1001
AcadAnnotative
1000
AnnotativeData
1002
{
1070
     1
1070
     1
1002
}
  0
ENDTAB
  0
TABLE
  2
BLOCK_RECORD
  5
1
330
0
100
AcDbSymbolTable
 70
     1
  0
BLOCK_RECORD
  5
70
330
1
100
AcDbSymbolTableRecord
100
AcDbBlockTableRecord
  2
*Model_Space
340
73
 70
     0
280
     1
281
     0
  0
BLOCK_RECORD
  5
6C
330
1
100
AcDbSymbolTableRecord
100
AcDbBlockTableRecord
  2
*Paper_Space
340
6F
 70
     0
280
     1
281
     0
  0
BLOCK_RECORD
  5
74
330
1
100
AcDbSymbolTableRecord
100
AcDbBlockTableRecord
  2
*Paper_Space0
340
77
 70
     0
280
     1
281
     0
  0
ENDTAB
  0
ENDSEC
  0
SECTION
  2
BLOCKS
  0
BLOCK
  5
71
330
70
100
AcDbEntity
  8
0
100
AcDbBlockBegin
  2
*Model_Space
 70
     0
 10
0.0
 20
0.0
 30
0.0
  3
*Model_Space
  1

  0
ENDBLK
  5
72
330
70
100
AcDbEntity
  8
0
100
AcDbBlockEnd
  0
BLOCK
  5
6D
330
6C
100
AcDbEntity
 67
     1
  8
0
100
AcDbBlockBegin
  2
*Paper_Space
 70
     0
 10
0.0
 20
0.0
 30
0.0
  3
*Paper_Space
  1

  0
ENDBLK
  5
6E
330
6C
100
AcDbEntity
 67
     1
  8
0
100
AcDbBlockEnd
  0
BLOCK
  5
75
330
74
100
AcDbEntity
 67
     1
  8
0
100
AcDbBlockBegin
  2
*Paper_Space0
 70
     0
 10
0.0
 20
0.0
 30
0.0
  3
*Paper_Space0
  1

  0
ENDBLK
  5
76
330
74
100
AcDbEntity
 67
     1
  8
0
100
AcDbBlockEnd
  0
ENDSEC
  0
SECTION
  2
ENTITIES
  0
3DSOLID
  5
84
330
70
100
AcDbEntity
  8
0
347
7A
100
AcDbModelerGeometry
290
     1
  2
{c9a9bd3e-63d9-ff41-9def-ac529d24d1a1}
100
AcDb3dSolid
350
0
  0
POINT
  5
86
330
70
100
AcDbEntity
  8
Head_TopPlateStepperLaser v2_Sketch1
100
AcDbPoint
 10
0.0
 20
0.0
 30
0.0
  0
LINE
  5
87
330
70
100
AcDbEntity
  8
Head_TopPlateStepperLaser v2_Sketch1
100
AcDbLine
 10
25.0
 20
-14.00000020861625
 30
0.0
 11
25.0
 21
-4.000000208616253
 31
0.0
  0
LINE
  5
88
330
70
100
AcDbEntity
  8
Head_TopPlateStepperLaser v2_Sketch1
100
AcDbLine
 10
0.0
 20
5.999999791383743
 30
0.0
 11
-21.0
 21
5.999999791383743
 31
0.0
  0
LINE
  5
89
330
70
100
AcDbEntity
  8
Head_TopPlateStepperLaser v2_Sketch1
100
AcDbLine
 10
-21.0
 20
5.999999791383743
 30
0.0
 11
-21.0
 21
-4.000000208616256
 31
0.0
  0
LINE
  5
8A
330
70
100
AcDbEntity
  8
Head_TopPlateStepperLaser v2_Sketch1
100
AcDbLine
 10
-15.0
 20
-14.00000020861625
 30
0.0
 11
-15.0
 21
-18.00000020861626
 31
0.0
  0
LINE
  5
8B
330
70
100
AcDbEntity
  8
Head_TopPlateStepperLaser v2_Sketch1
100
AcDbLine
 10
15.0
 20
-14.00000020861625
 30
0.0
 11
21.0
 21
-14.00000020861625
 31
0.0
  0
CIRCLE
  5
8C
330
70
100
AcDbEntity
  8
Head_TopPlateStepperLaser v2_Sketch1
100
AcDbCircle
 10
17.5
 20
0.0
 30
0.0
 40
2.0
  0
LINE
  5
8D
330
70
100
AcDbEntity
  8
Head_TopPlateStepperLaser v2_Sketch1
100
AcDbLine
 10
21.0
 20
-14.00000020861625
 30
0.0
 11
25.0
 21
-14.00000020861625
 31
0.0
  0
LINE
  5
8E
330
70
100
AcDbEntity
  8
Head_TopPlateStepperLaser v2_Sketch1
100
AcDbLine
 10
25.0
 20
-4.000000208616252
 30
0.0
 11
21.0
 21
-4.000000208616252
 31
0.0
  0
LINE
  5
8F
330
70
100
AcDbEntity
  8
Head_TopPlateStepperLaser v2_Sketch1
100
AcDbLine
 10
15.0
 20
-18.00000020861626
 30
0.0
 11
5.0
 21
-18.00000020861626
 31
0.0
  0
CIRCLE
  5
90
330
70
100
AcDbEntity
  8
Head_TopPlateStepperLaser v2_Sketch1
100
AcDbCircle
 10
-17.5
 20
0.0
 30
0.0
 40
1.999999999999999
  0
LINE
  5
91
330
70
100
AcDbEntity
  8
Head_TopPlateStepperLaser v2_Sketch1
100
AcDbLine
 10
-25.0
 20
-14.00000020861625
 30
0.0
 11
-21.0
 21
-14.00000020861625
 31
0.0
  0
LINE
  5
92
330
70
100
AcDbEntity
  8
Head_TopPlateStepperLaser v2_Sketch1
100
AcDbLine
 10
-15.0
 20
-14.00000020861625
 30
0.0
 11
-21.0
 21
-14.00000020861625
 31
0.0
  0
LINE
  5
93
330
70
100
AcDbEntity
  8
Head_TopPlateStepperLaser v2_Sketch1
100
AcDbLine
 10
-15.0
 20
-18.00000020861626
 30
0.0
 11
-5.0
 21
-18.00000020861626
 31
0.0
  0
LINE
  5
94
330
70
100
AcDbEntity
  8
Head_TopPlateStepperLaser v2_Sketch1
100
AcDbLine
 10
15.0
 20
-14.00000020861625
 30
0.0
 11
15.0
 21
-18.00000020861626
 31
0.0
  0
LINE
  5
95
330
70
100
AcDbEntity
  8
Head_TopPlateStepperLaser v2_Sketch1
100
AcDbLine
 10
5.0
 20
-18.00000020861626
 30
0.0
 11
5.0
 21
-14.00000020861625
 31
0.0
  0
LINE
  5
96
330
70
100
AcDbEntity
  8
Head_TopPlateStepperLaser v2_Sketch1
100
AcDbLine
 10
0.0
 20
-14.00000020861625
 30
0.0
 11
-5.0
 21
-14.00000020861625
 31
0.0
  0
LINE
  5
97
330
70
100
AcDbEntity
  8
Head_TopPlateStepperLaser v2_Sketch1
100
AcDbLine
 10
21.0
 20
5.999999791383743
 30
0.0
 11
21.0
 21
-4.000000208616253
 31
0.0
  0
LINE
  5
98
330
70
100
AcDbEntity
  8
Head_TopPlateStepperLaser v2_Sketch1
100
AcDbLine
 10
-5.0
 20
-18.00000020861626
 30
0.0
 11
-5.0
 21
-14.00000020861625
 31
0.0
  0
LINE
  5
99
330
70
100
AcDbEntity
  8
Head_TopPlateStepperLaser v2_Sketch1
100
AcDbLine
 10
-21.0
 20
-4.000000208616256
 30
0.0
 11
-25.0
 21
-4.000000208616256
 31
0.0
  0
LINE
  5
9A
330
70
100
AcDbEntity
  8
Head_TopPlateStepperLaser v2_Sketch1
100
AcDbLine
 10
-25.0
 20
-4.000000208616256
 30
0.0
 11
-25.0
 21
-14.00000020861625
 31
0.0
  0
LINE
  5
9B
330
70
100
AcDbEntity
  8
Head_TopPlateStepperLaser v2_Sketch1
100
AcDbLine
 10
0.0
 20
-14.00000020861625
 30
0.0
 11
5.0
 21
-14.00000020861625
 31
0.0
  0
CIRCLE
  5
9C
330
70
100
AcDbEntity
  8
Head_TopPlateStepperLaser v2_Sketch1
100
AcDbCircle
 10
0.0
 20
-7.000000208616256
 30
0.0
 40
5.5
  0
LINE
  5
9D
330
70
100
AcDbEntity
  8
Head_TopPlateStepperLaser v2_Sketch1
100
AcDbLine
 10
0.0
 20
5.999999791383743
 30
0.0
 11
21.0
 21
5.999999791383743
 31
0.0
  0
ENDSEC
  0
SECTION
  2
OBJECTS
  0
DICTIONARY
  5
C
330
0
100
AcDbDictionary
281
     1
  3
ACAD_COLOR
350
63
  3
ACAD_DETAILVIEWSTYLE
350
6A
  3
ACAD_GROUP
350
D
  3
ACAD_LAYOUT
350
62
  3
ACAD_MATERIAL
350
10
  3
ACAD_MLEADERSTYLE
350
66
  3
ACAD_MLINESTYLE
350
5F
  3
ACAD_PLOTSETTINGS
350
61
  3
ACAD_PLOTSTYLENAME
350
E
  3
ACAD_SCALELIST
350
42
  3
ACAD_SECTIONVIEWSTYLE
350
68
  3
ACAD_TABLESTYLE
350
64
  3
ACAD_VISUALSTYLE
350
29
  3
ACDB_RECOMPOSE_DATA
350
A6
  3
AcDbVariableDictionary
350
9E
  0
DICTIONARY
  5
63
102
{ACAD_REACTORS
330
C
102
}
330
C
100
AcDbDictionary
281
     1
  0
DICTIONARY
  5
6A
102
{ACAD_REACTORS
330
C
102
}
330
C
100
AcDbDictionary
281
     1
  3
Imperial24
350
6B
  0
DICTIONARY
  5
D
102
{ACAD_REACTORS
330
C
102
}
330
C
100
AcDbDictionary
281
     1
  0
DICTIONARY
  5
62
102
{ACAD_REACTORS
330
C
102
}
330
C
100
AcDbDictionary
281
     1
  3
Layout1
350
6F
  3
Layout2
350
77
  3
Model
350
73
  0
DICTIONARY
  5
10
102
{ACAD_REACTORS
330
C
102
}
330
C
100
AcDbDictionary
281
     1
  3
ByBlock
350
19
  3
ByLayer
350
11
  3
Global
350
21
  3
Mahogany - Semigloss
350
7A
  0
DICTIONARY
  5
66
102
{ACAD_REACTORS
330
C
102
}
330
C
100
AcDbDictionary
281
     1
  3
Standard
350
67
  0
DICTIONARY
  5
5F
102
{ACAD_REACTORS
330
C
102
}
330
C
100
AcDbDictionary
281
     1
  3
Standard
350
60
  0
DICTIONARY
  5
61
102
{ACAD_REACTORS
330
C
102
}
330
C
100
AcDbDictionary
281
     1
  0
ACDBDICTIONARYWDFLT
  5
E
102
{ACAD_REACTORS
330
C
102
}
330
C
100
AcDbDictionary
281
     1
  3
Normal
350
F
100
AcDbDictionaryWithDefault
340
F
  0
DICTIONARY
  5
42
102
{ACAD_REACTORS
330
C
102
}
330
C
100
AcDbDictionary
281
     1
  3
A0
350
43
  3
A1
350
44
  3
A2
350
45
  3
A3
350
46
  3
A4
350
47
  3
A5
350
48
  3
A6
350
49
  3
A7
350
4A
  3
A8
350
4B
  3
A9
350
4C
  3
B0
350
4D
  3
B1
350
4E
  3
B2
350
4F
  3
B3
350
50
  3
B4
350
51
  3
B5
350
52
  3
B6
350
53
  0
DICTIONARY
  5
68
102
{ACAD_REACTORS
330
C
102
}
330
C
100
AcDbDictionary
281
     1
  3
Imperial24
350
69
  0
DICTIONARY
  5
64
102
{ACAD_REACTORS
330
C
102
}
330
C
100
AcDbDictionary
281
     1
  3
Standard
350
65
  0
DICTIONARY
  5
29
102
{ACAD_REACTORS
330
C
102
}
330
C
100
AcDbDictionary
281
     1
  3
2dWireframe
350
2F
  3
Basic
350
2E
  3
Brighten
350
35
  3
ColorChange
350
39
  3
Conceptual
350
32
  3
Dim
350
34
  3
EdgeColorOff
350
41
  3
Facepattern
350
38
  3
Flat
350
2A
  3
FlatWithEdges
350
2B
  3
Gouraud
350
2C
  3
GouraudWithEdges
350
2D
  3
Hidden
350
31
  3
JitterOff
350
3F
  3
Linepattern
350
37
  3
OverhangOff
350
40
  3
Realistic
350
33
  3
Shaded
350
3E
  3
Shaded with edges
350
3D
  3
Shades of Gray
350
3A
  3
Sketchy
350
3B
  3
Thicken
350
36
  3
Wireframe
350
30
  3
X-Ray
350
3C
  0
XRECORD
  5
A6
102
{ACAD_REACTORS
330
C
102
}
330
C
100
AcDbXrecord
280
     1
 90
        1
330
65
  0
DICTIONARY
  5
9E
102
{ACAD_REACTORS
330
C
102
}
330
C
100
AcDbDictionary
281
     1
  3
CANNOSCALE
350
A3
  3
CMLEADERSTYLE
350
A0
  3
CTABLESTYLE
350
9F
  3
CVIEWDETAILSTYLE
350
A1
  3
CVIEWSECTIONSTYLE
350
A2
  0
ACDBDETAILVIEWSTYLE
  5
6B
102
{ACAD_XDICTIONARY
360
A9
102
}
102
{ACAD_REACTORS
330
6A
102
}
330
6A
100
AcDbModelDocViewStyle
 70
     0
  3
Imperial24
290
     0
100
AcDbDetailViewStyle
 70
     0
 71
     0
 90
        3
 71
     1
340
55
 62
   256
 40
0.24
340
0
 62
   256
 40
0.24
300

 40
0.36
280
     3
 71
     2
340
5D
 90
       25
 62
   256
 71
     3
340
55
 62
   256
 40
0.24
 90
        1
 40
0.75
 90
        1
300
%<\AcVar ViewType \f "%tc1">% %<\AcVar ViewDetailId>%\PSCALE %<\AcVar ViewScale \f "%sn">%
 71
     4
340
5D
 90
       25
 62
   256
340
5D
 90
       25
 62
   256
280
     0
  0
LAYOUT
  5
6F
102
{ACAD_REACTORS
330
62
102
}
330
62
100
AcDbPlotSettings
  1

  2

  4

  6

 40
0.0
 41
0.0
 42
0.0
 43
0.0
 44
0.0
 45
0.0
 46
0.0
 47
0.0
 48
0.0
 49
0.0
140
0.0
141
0.0
142
1.0
143
1.0
 70
   688
 72
     0
 73
     0
 74
     5
  7

 75
    16
147
1.0
 76
     0
 77
     2
 78
   300
148
0.0
149
0.0
100
AcDbLayout
  1
Layout1
 70
     1
 71
     1
 10
0.0
 20
0.0
 11
12.0
 21
9.0
 12
0.0
 22
0.0
 32
0.0
 14
0.0
 24
0.0
 34
0.0
 15
0.0
 25
0.0
 35
0.0
146
0.0
 13
0.0
 23
0.0
 33
0.0
 16
1.0
 26
0.0
 36
0.0
 17
0.0
 27
1.0
 37
0.0
 76
     0
330
6C
  0
LAYOUT
  5
77
102
{ACAD_REACTORS
330
62
102
}
330
62
100
AcDbPlotSettings
  1

  2

  4

  6

 40
0.0
 41
0.0
 42
0.0
 43
0.0
 44
0.0
 45
0.0
 46
0.0
 47
0.0
 48
0.0
 49
0.0
140
0.0
141
0.0
142
1.0
143
1.0
 70
   688
 72
     0
 73
     0
 74
     5
  7

 75
    16
147
1.0
 76
     0
 77
     2
 78
   300
148
0.0
149
0.0
100
AcDbLayout
  1
Layout2
 70
     1
 71
     2
 10
0.0
 20
0.0
 11
12.0
 21
9.0
 12
0.0
 22
0.0
 32
0.0
 14
0.0
 24
0.0
 34
0.0
 15
0.0
 25
0.0
 35
0.0
146
0.0
 13
0.0
 23
0.0
 33
0.0
 16
1.0
 26
0.0
 36
0.0
 17
0.0
 27
1.0
 37
0.0
 76
     0
330
74
  0
LAYOUT
  5
73
102
{ACAD_REACTORS
330
62
102
}
330
62
100
AcDbPlotSettings
  1

  2

  4

  6

 40
0.0
 41
0.0
 42
0.0
 43
0.0
 44
0.0
 45
0.0
 46
0.0
 47
0.0
 48
0.0
 49
0.0
140
0.0
141
0.0
142
1.0
143
1.0
 70
  1712
 72
     0
 73
     0
 74
     0
  7

 75
     0
147
1.0
 76
     0
 77
     2
 78
   300
148
0.0
149
0.0
100
AcDbLayout
  1
Model
 70
     1
 71
     0
 10
0.0
 20
0.0
 11
12.0
 21
9.0
 12
0.0
 22
0.0
 32
0.0
 14
0.0
 24
0.0
 34
0.0
 15
0.0
 25
0.0
 35
0.0
146
0.0
 13
0.0
 23
0.0
 33
0.0
 16
1.0
 26
0.0
 36
0.0
 17
0.0
 27
1.0
 37
0.0
 76
     0
330
70
  0
MATERIAL
  5
19
102
{ACAD_XDICTIONARY
360
1A
102
}
102
{ACAD_REACTORS
330
10
102
}
330
10
100
AcDbMaterial
  1
ByBlock
 72
     0
 43
0.0208333333333333
 43
0.0
 43
0.0
 43
0.0
 43
0.0
 43
0.0208333333333333
 43
0.0
 43
0.0
 43
0.0
 43
0.0
 43
1.0
 43
0.0
 43
0.0
 43
0.0
 43
0.0
 43
1.0
 77
     0
 47
0.0208333333333333
 47
0.0
 47
0.0
 47
0.0
 47
0.0
 47
0.0208333333333333
 47
0.0
 47
0.0
 47
0.0
 47
0.0
 47
1.0
 47
0.0
 47
0.0
 47
0.0
 47
0.0
 47
1.0
171
     0
 49
0.0208333333333333
 49
0.0
 49
0.0
 49
0.0
 49
0.0
 49
0.0208333333333333
 49
0.0
 49
0.0
 49
0.0
 49
0.0
 49
1.0
 49
0.0
 49
0.0
 49
0.0
 49
0.0
 49
1.0
175
     0
142
0.0208333333333333
142
0.0
142
0.0
142
0.0
142
0.0
142
0.0208333333333333
142
0.0
142
0.0
142
0.0
142
0.0
142
1.0
142
0.0
142
0.0
142
0.0
142
0.0
142
1.0
179
     0
144
0.0208333333333333
144
0.0
144
0.0
144
0.0
144
0.0
144
0.0208333333333333
144
0.0
144
0.0
144
0.0
144
0.0
144
1.0
144
0.0
144
0.0
144
0.0
144
0.0
144
1.0
147
0.0208333333333333
147
0.0
147
0.0
147
0.0
147
0.0
147
0.0208333333333333
147
0.0
147
0.0
147
0.0
147
0.0
147
1.0
147
0.0
147
0.0
147
0.0
147
0.0
147
1.0
  0
MATERIAL
  5
11
102
{ACAD_XDICTIONARY
360
12
102
}
102
{ACAD_REACTORS
330
10
102
}
330
10
100
AcDbMaterial
  1
ByLayer
 72
     0
 43
0.0208333333333333
 43
0.0
 43
0.0
 43
0.0
 43
0.0
 43
0.0208333333333333
 43
0.0
 43
0.0
 43
0.0
 43
0.0
 43
1.0
 43
0.0
 43
0.0
 43
0.0
 43
0.0
 43
1.0
 77
     0
 47
0.0208333333333333
 47
0.0
 47
0.0
 47
0.0
 47
0.0
 47
0.0208333333333333
 47
0.0
 47
0.0
 47
0.0
 47
0.0
 47
1.0
 47
0.0
 47
0.0
 47
0.0
 47
0.0
 47
1.0
171
     0
 49
0.0208333333333333
 49
0.0
 49
0.0
 49
0.0
 49
0.0
 49
0.0208333333333333
 49
0.0
 49
0.0
 49
0.0
 49
0.0
 49
1.0
 49
0.0
 49
0.0
 49
0.0
 49
0.0
 49
1.0
175
     0
142
0.0208333333333333
142
0.0
142
0.0
142
0.0
142
0.0
142
0.0208333333333333
142
0.0
142
0.0
142
0.0
142
0.0
142
1.0
142
0.0
142
0.0
142
0.0
142
0.0
142
1.0
179
     0
144
0.0208333333333333
144
0.0
144
0.0
144
0.0
144
0.0
144
0.0208333333333333
144
0.0
144
0.0
144
0.0
144
0.0
144
1.0
144
0.0
144
0.0
144
0.0
144
0.0
144
1.0
147
0.0208333333333333
147
0.0
147
0.0
147
0.0
147
0.0
147
0.0208333333333333
147
0.0
147
0.0
147
0.0
147
0.0
147
1.0
147
0.0
147
0.0
147
0.0
147
0.0
147
1.0
  0
MATERIAL
  5
21
102
{ACAD_XDICTIONARY
360
22
102
}
102
{ACAD_REACTORS
330
10
102
}
330
10
100
AcDbMaterial
  1
Global
 72
     0
 43
0.0208333333333333
 43
0.0
 43
0.0
 43
0.0
 43
0.0
 43
0.0208333333333333
 43
0.0
 43
0.0
 43
0.0
 43
0.0
 43
1.0
 43
0.0
 43
0.0
 43
0.0
 43
0.0
 43
1.0
 77
     0
 47
0.0208333333333333
 47
0.0
 47
0.0
 47
0.0
 47
0.0
 47
0.0208333333333333
 47
0.0
 47
0.0
 47
0.0
 47
0.0
 47
1.0
 47
0.0
 47
0.0
 47
0.0
 47
0.0
 47
1.0
171
     0
 49
0.0208333333333333
 49
0.0
 49
0.0
 49
0.0
 49
0.0
 49
0.0208333333333333
 49
0.0
 49
0.0
 49
0.0
 49
0.0
 49
1.0
 49
0.0
 49
0.0
 49
0.0
 49
0.0
 49
1.0
175
     0
142
0.0208333333333333
142
0.0
142
0.0
142
0.0
142
0.0
142
0.0208333333333333
142
0.0
142
0.0
142
0.0
142
0.0
142
1.0
142
0.0
142
0.0
142
0.0
142
0.0
142
1.0
179
     0
144
0.0208333333333333
144
0.0
144
0.0
144
0.0
144
0.0
144
0.0208333333333333
144
0.0
144
0.0
144
0.0
144
0.0
144
1.0
144
0.0
144
0.0
144
0.0
144
0.0
144
1.0
147
0.0208333333333333
147
0.0
147
0.0
147
0.0
147
0.0
147
0.0208333333333333
147
0.0
147
0.0
147
0.0
147
0.0
147
1.0
147
0.0
147
0.0
147
0.0
147
0.0
147
1.0
  0
MATERIAL
  5
7A
102
{ACAD_XDICTIONARY
360
7B
102
}
102
{ACAD_REACTORS
330
10
102
}
330
10
100
AcDbMaterial
  1
Mahogany - Semigloss
 70
     1
 90
-1023410177
 71
     1
 91
-1023410177
  3
C:\worker\deploy\Material Library\assetlibrary_base.fbm\1\Mats\wood_mahogany_color.jpg
 43
0.0555555559694767
 43
0.0
 43
0.0
 43
0.0
 43
0.0
 43
0.0277777779847384
 43
0.0
 43
0.0
 43
0.0
 43
0.0
 43
1.0
 43
0.0
 43
0.0
 43
0.0
 43
0.0
 43
1.0
 44
1.0
 76
     1
 92
-1023410177
 77
     0
171
     0
175
     0
143
0.5001500248908997
  8
C:\worker\deploy\Material Library\assetlibrary_base.fbm\1\Mats\wood_mahogany_bump.jpg
144
0.0555555559694767
144
0.0
144
0.0
144
0.0
144
0.0
144
0.0277777779847384
144
0.0
144
0.0
144
0.0
144
0.0
144
1.0
144
0.0
144
0.0
144
0.0
144
0.0
144
1.0
145
1.399999976158142
148
0.5
468
0.0602702498435974
 94
       17
1001
ACAD
1070
    -1
1070
     3
1070
     0
1000

1071
       72
1070
     0
  0
MLEADERSTYLE
  5
67
102
{ACAD_REACTORS
330
66
102
}
330
66
100
AcDbMLeaderStyle
179
     2
170
     2
171
     1
172
     0
 90
        2
 40
0.0
 41
0.0
173
     1
 91
-1056964608
340
5B
 92
       -2
290
     1
 42
0.09
291
     1
 43
0.36
  3
Standard
 44
0.18
300

342
55
174
     1
178
     6
175
     1
176
     0
 93
-1056964608
 45
0.18
292
     0
297
     0
 46
0.18
 94
-1056964608
 47
1.0
 49
1.0
140
1.0
293
     1
141
0.0
294
     1
177
     0
142
1.0
295
     0
296
     0
143
0.125
271
     0
272
     9
273
     9
298
     1
  0
MLINESTYLE
  5
60
102
{ACAD_REACTORS
330
5F
102
}
330
5F
100
AcDbMlineStyle
  2
STANDARD
 70
     0
  3

 62
   256
 51
90.0
 52
90.0
 71
     2
 49
0.5
 62
   256
  6
BYLAYER
 49
-0.5
 62
   256
  6
BYLAYER
  0
ACDBPLACEHOLDER
  5
F
102
{ACAD_REACTORS
330
E
102
}
330
E
  0
SCALE
  5
43
102
{ACAD_REACTORS
330
42
102
}
330
42
100
AcDbScale
 70
     0
300
1:1
140
1.0
141
1.0
290
     1
  0
SCALE
  5
44
102
{ACAD_REACTORS
330
42
102
}
330
42
100
AcDbScale
 70
     0
300
1/128" = 1'-0"
140
0.0078125
141
12.0
290
     0
  0
SCALE
  5
45
102
{ACAD_REACTORS
330
42
102
}
330
42
100
AcDbScale
 70
     0
300
1/64" = 1'-0"
140
0.015625
141
12.0
290
     0
  0
SCALE
  5
46
102
{ACAD_REACTORS
330
42
102
}
330
42
100
AcDbScale
 70
     0
300
1/32" = 1'-0"
140
0.03125
141
12.0
290
     0
  0
SCALE
  5
47
102
{ACAD_REACTORS
330
42
102
}
330
42
100
AcDbScale
 70
     0
300
1/16" = 1'-0"
140
0.0625
141
12.0
290
     0
  0
SCALE
  5
48
102
{ACAD_REACTORS
330
42
102
}
330
42
100
AcDbScale
 70
     0
300
3/32" = 1'-0"
140
0.09375
141
12.0
290
     0
  0
SCALE
  5
49
102
{ACAD_REACTORS
330
42
102
}
330
42
100
AcDbScale
 70
     0
300
1/8" = 1'-0"
140
0.125
141
12.0
290
     0
  0
SCALE
  5
4A
102
{ACAD_REACTORS
330
42
102
}
330
42
100
AcDbScale
 70
     0
300
3/16" = 1'-0"
140
0.1875
141
12.0
290
     0
  0
SCALE
  5
4B
102
{ACAD_REACTORS
330
42
102
}
330
42
100
AcDbScale
 70
     0
300
1/4" = 1'-0"
140
0.25
141
12.0
290
     0
  0
SCALE
  5
4C
102
{ACAD_REACTORS
330
42
102
}
330
42
100
AcDbScale
 70
     0
300
3/8" = 1'-0"
140
0.375
141
12.0
290
     0
  0
SCALE
  5
4D
102
{ACAD_REACTORS
330
42
102
}
330
42
100
AcDbScale
 70
     0
300
1/2" = 1'-0"
140
0.5
141
12.0
290
     0
  0
SCALE
  5
4E
102
{ACAD_REACTORS
330
42
102
}
330
42
100
AcDbScale
 70
     0
300
3/4" = 1'-0"
140
0.75
141
12.0
290
     0
  0
SCALE
  5
4F
102
{ACAD_REACTORS
330
42
102
}
330
42
100
AcDbScale
 70
     0
300
1" = 1'-0"
140
1.0
141
12.0
290
     0
  0
SCALE
  5
50
102
{ACAD_REACTORS
330
42
102
}
330
42
100
AcDbScale
 70
     0
300
1-1/2" = 1'-0"
140
1.5
141
12.0
290
     0
  0
SCALE
  5
51
102
{ACAD_REACTORS
330
42
102
}
330
42
100
AcDbScale
 70
     0
300
3" = 1'-0"
140
3.0
141
12.0
290
     0
  0
SCALE
  5
52
102
{ACAD_REACTORS
330
42
102
}
330
42
100
AcDbScale
 70
     0
300
6" = 1'-0"
140
6.0
141
12.0
290
     0
  0
SCALE
  5
53
102
{ACAD_REACTORS
330
42
102
}
330
42
100
AcDbScale
 70
     0
300
1'-0" = 1'-0"
140
12.0
141
12.0
290
     0
  0
ACDBSECTIONVIEWSTYLE
  5
69
102
{ACAD_XDICTIONARY
360
A7
102
}
102
{ACAD_REACTORS
330
68
102
}
330
68
100
AcDbModelDocViewStyle
 70
     0
  3
Imperial24
290
     0
100
AcDbSectionViewStyle
 70
     0
 71
     0
 90
       78
 71
     1
340
55
 62
   256
 40
0.24
340
0
340
0
 62
   256
 40
0.24
300
I, O, Q, S, X, Z
 40
0.48
 90
        3
 40
0.18
 90
        1
 71
     2
340
5D
 90
       25
 62
   256
340
5D
 90
       50
 62
   256
 40
0.24
 40
0.0
 40
0.24
 71
     3
340
55
 62
   256
 40
0.24
 90
        1
 40
0.75
 90
        1
300
%<\AcVar ViewType \f "%tc1">% %<\AcVar ViewSectionStartId>%-%<\AcVar ViewSectionEndId>%\PSCALE %<\AcVar ViewScale \f "%sn">%
 71
     4
 62
   256
 62
   257
300
ANSI31
 40
1.0
 90
        0
290
     0
290
     0
 90
        6
 40
0.0
 40
1.570796326794896
 40
0.2617993877991494
 40
1.308996938995747
 40
-0.2617993877991494
 40
1.832595714594046
  0
TABLESTYLE
  5
65
102
{ACAD_XDICTIONARY
360
A4
102
}
102
{ACAD_REACTORS
330
64
102
}
330
64
100
AcDbTableStyle
280
     0
  3
Standard
 70
     0
 71
     0
 40
0.06
 41
0.06
280
     0
281
     0
  7
Standard
140
0.18
170
     2
 62
     0
 63
     7
283
     0
 90
      512
 91
        0
  1

274
    -2
284
     1
 64
     0
275
    -2
285
     1
 65
     0
276
    -2
286
     1
 66
     0
277
    -2
287
     1
 67
     0
278
    -2
288
     1
 68
     0
279
    -2
289
     1
 69
     0
  7
Standard
140
0.25
170
     5
 62
     0
 63
     7
283
     0
 90
      512
 91
        0
  1

274
    -2
284
     1
 64
     0
275
    -2
285
     1
 65
     0
276
    -2
286
     1
 66
     0
277
    -2
287
     1
 67
     0
278
    -2
288
     1
 68
     0
279
    -2
289
     1
 69
     0
  7
Standard
140
0.18
170
     5
 62
     0
 63
     7
283
     0
 90
      512
 91
        0
  1

274
    -2
284
     1
 64
     0
275
    -2
285
     1
 65
     0
276
    -2
286
     1
 66
     0
277
    -2
287
     1
 67
     0
278
    -2
288
     1
 68
     0
279
    -2
289
     1
 69
     0
  0
VISUALSTYLE
  5
2F
102
{ACAD_REACTORS
330
29
102
}
330
29
100
AcDbVisualStyle
  2
2dWireframe
 70
     4
177
     3
291
     0
 70
    58
 90
        0
176
     1
 90
        2
176
     1
 90
        0
176
     1
 90
        0
176
     1
 40
0.6
176
     1
 40
30.0
176
     1
 62
     7
420
 16777215
176
     1
 90
        1
176
     1
 90
        4
176
     1
 62
     7
176
     1
 62
   257
176
     1
 90
        1
176
     1
 90
        1
176
     1
 40
1.0
176
     1
 90
        0
176
     1
 62
   257
176
     1
 40
1.0
176
     1
 90
        1
176
     1
 90
        6
176
     1
 90
        2
176
     1
 62
     7
176
     1
 90
        5
176
     1
 90
        0
176
     1
 90
        0
176
     1
290
     0
176
     1
 90
        1
176
     1
 40
0.0
176
     1
 90
        0
176
     1
290
     1
176
     1
290
     1
176
     1
290
     0
176
     1
290
     0
176
     1
290
     0
176
     1
290
     0
176
     1
290
     0
176
     1
290
     0
176
     1
290
     0
176
     1
 90
       50
176
     1
 40
0.0
176
     1
 40
1.0
176
     1
 90
        0
176
     1
 62
    18
420
        0
176
     1
 90
       50
176
     1
 90
        3
176
     1
 62
     5
420
      255
176
     1
290
     0
176
     1
 90
       50
176
     1
 90
       50
176
     1
 90
       50
176
     1
290
     0
176
     1
 90
       50
176
     1
 62
   256
176
     0
 40
1.0
176
     0
 90
        2
176
     1
  1
strokes_ogs.tif
176
     1
290
     0
176
     1
 40
1.0
176
     1
 40
1.0
176
     1
1001
ACAD
1000
AcDbSavedByObjectVersion
1070
     0
  0
VISUALSTYLE
  5
2E
102
{ACAD_REACTORS
330
29
102
}
330
29
100
AcDbVisualStyle
  2
Basic
 70
     7
177
     3
291
     1
 70
    58
 90
        1
176
     1
 90
        0
176
     1
 90
        1
176
     1
 90
        0
176
     1
 40
0.6
176
     1
 40
30.0
176
     1
 62
     7
420
 16777215
176
     1
 90
        0
176
     1
 90
        4
176
     1
 62
     7
176
     1
 62
   257
176
     1
 90
        1
176
     1
 90
        1
176
     1
 40
1.0
176
     1
 90
        8
176
     1
 62
     7
176
     1
 40
1.0
176
     1
 90
        1
176
     1
 90
        6
176
     1
 90
        2
176
     1
 62
     7
176
     1
 90
        5
176
     1
 90
        0
176
     1
 90
        0
176
     1
290
     0
176
     1
 90
        1
176
     1
 40
0.0
176
     1
 90
        0
176
     1
290
     0
176
     1
290
     1
176
     1
290
     1
176
     1
290
     0
176
     1
290
     0
176
     1
290
     0
176
     1
290
     0
176
     1
290
     0
176
     1
290
     0
176
     1
 90
       50
176
     1
 40
0.0
176
     1
 40
1.0
176
     1
 90
        0
176
     1
 62
    18
420
        0
176
     1
 90
       50
176
     1
 90
        3
176
     1
 62
     5
420
      255
176
     1
290
     0
176
     1
 90
       50
176
     1
 90
       50
176
     1
 90
       50
176
     1
290
     0
176
     1
 90
       50
176
     1
 62
   256
176
     0
 40
1.0
176
     0
 90
        2
176
     1
  1
strokes_ogs.tif
176
     1
290
     0
176
     1
 40
1.0
176
     1
 40
1.0
176
     1
1001
ACAD
1000
AcDbSavedByObjectVersion
1070
     0
  0
VISUALSTYLE
  5
35
102
{ACAD_REACTORS
330
29
102
}
330
29
100
AcDbVisualStyle
  2
Brighten
 70
    12
177
     3
291
     1
 70
    58
 90
        2
176
     1
 90
        2
176
     1
 90
        0
176
     1
 90
        0
176
     1
 40
0.6
176
     1
 40
30.0
176
     1
 62
     7
420
 16777215
176
     1
 90
        1
176
     1
 90
        4
176
     1
 62
     7
176
     1
 62
   257
176
     1
 90
        1
176
     1
 90
        1
176
     1
 40
1.0
176
     1
 90
        8
176
     1
 62
     7
176
     1
 40
1.0
176
     1
 90
        1
176
     1
 90
        6
176
     1
 90
        2
176
     1
 62
     7
176
     1
 90
        5
176
     1
 90
        0
176
     1
 90
        0
176
     1
290
     0
176
     1
 90
        1
176
     1
 40
50.0
176
     1
 90
        0
176
     1
290
     0
176
     1
290
     1
176
     1
290
     1
176
     1
290
     0
176
     1
290
     0
176
     1
290
     0
176
     1
290
     0
176
     1
290
     0
176
     1
290
     0
176
     1
 90
       50
176
     1
 40
0.0
176
     1
 40
1.0
176
     1
 90
        0
176
     1
 62
    18
420
        0
176
     1
 90
       50
176
     1
 90
        3
176
     1
 62
     5
420
      255
176
     1
290
     0
176
     1
 90
       50
176
     1
 90
       50
176
     1
 90
       50
176
     1
290
     0
176
     1
 90
       50
176
     1
 62
   256
176
     0
 40
1.0
176
     0
 90
        2
176
     1
  1
strokes_ogs.tif
176
     1
290
     0
176
     1
 40
1.0
176
     1
 40
1.0
176
     1
1001
ACAD
1000
AcDbSavedByObjectVersion
1070
     0
  0
VISUALSTYLE
  5
39
102
{ACAD_REACTORS
330
29
102
}
330
29
100
AcDbVisualStyle
  2
ColorChange
 70
    16
177
     3
291
     1
 70
    58
 90
        2
176
     1
 90
        2
176
     1
 90
        3
176
     1
 90
        0
176
     1
 40
0.6
176
     1
 40
30.0
176
     1
 62
     8
420
  8421504
176
     1
 90
        1
176
     1
 90
        4
176
     1
 62
     7
176
     1
 62
   257
176
     1
 90
        1
176
     1
 90
        1
176
     1
 40
1.0
176
     1
 90
        8
176
     1
 62
     8
420
  8421504
176
     1
 40
1.0
176
     1
 90
        1
176
     1
 90
        6
176
     1
 90
        2
176
     1
 62
     7
176
     1
 90
        5
176
     1
 90
        0
176
     1
 90
        0
176
     1
290
     0
176
     1
 90
        1
176
     1
 40
0.0
176
     1
 90
        0
176
     1
290
     0
176
     1
290
     1
176
     1
290
     1
176
     1
290
     0
176
     1
290
     0
176
     1
290
     0
176
     1
290
     0
176
     1
290
     0
176
     1
290
     0
176
     1
 90
       50
176
     1
 40
0.0
176
     1
 40
1.0
176
     1
 90
        0
176
     1
 62
    18
420
        0
176
     1
 90
       50
176
     1
 90
        3
176
     1
 62
     5
420
      255
176
     1
290
     0
176
     1
 90
       50
176
     1
 90
       50
176
     1
 90
       50
176
     1
290
     0
176
     1
 90
       50
176
     1
 62
   256
176
     0
 40
1.0
176
     0
 90
        2
176
     1
  1
strokes_ogs.tif
176
     1
290
     0
176
     1
 40
1.0
176
     1
 40
1.0
176
     1
1001
ACAD
1000
AcDbSavedByObjectVersion
1070
     0
  0
VISUALSTYLE
  5
32
102
{ACAD_REACTORS
330
29
102
}
330
29
100
AcDbVisualStyle
  2
Conceptual
 70
     9
177
     3
291
     0
 70
    58
 90
        3
176
     1
 90
        2
176
     1
 90
        0
176
     1
 90
        0
176
     1
 40
0.6
176
     1
 40
30.0
176
     1
 62
     7
420
 16777215
176
     1
 90
        2
176
     1
 90
        2
176
     1
 62
     7
176
     1
 62
   257
176
     1
 90
        1
176
     1
 90
        1
176
     1
 40
179.0
176
     1
 90
        8
176
     1
 62
     7
176
     1
 40
1.0
176
     1
 90
        1
176
     1
 90
        6
176
     1
 90
        2
176
     1
 62
     7
176
     1
 90
        3
176
     1
 90
        0
176
     1
 90
        0
176
     1
290
     0
176
     1
 90
        1
176
     1
 40
0.0
176
     1
 90
        0
176
     1
290
     0
176
     1
290
     1
176
     1
290
     1
176
     1
290
     0
176
     1
290
     0
176
     1
290
     0
176
     1
290
     0
176
     1
290
     0
176
     1
290
     0
176
     1
 90
       50
176
     1
 40
0.0
176
     1
 40
1.0
176
     1
 90
        0
176
     1
 62
    18
420
        0
176
     1
 90
       50
176
     1
 90
        3
176
     1
 62
     5
420
      255
176
     1
290
     0
176
     1
 90
       50
176
     1
 90
       50
176
     1
 90
       50
176
     1
290
     0
176
     1
 90
       50
176
     1
 62
   256
176
     0
 40
1.0
176
     0
 90
        2
176
     1
  1
strokes_ogs.tif
176
     1
290
     0
176
     1
 40
1.0
176
     1
 40
1.0
176
     1
1001
ACAD
1000
AcDbSavedByObjectVersion
1070
     0
  0
VISUALSTYLE
  5
34
102
{ACAD_REACTORS
330
29
102
}
330
29
100
AcDbVisualStyle
  2
Dim
 70
    11
177
     3
291
     1
 70
    58
 90
        2
176
     1
 90
        2
176
     1
 90
        0
176
     1
 90
        0
176
     1
 40
0.6
176
     1
 40
30.0
176
     1
 62
     7
420
 16777215
176
     1
 90
        1
176
     1
 90
        4
176
     1
 62
     7
176
     1
 62
   257
176
     1
 90
        1
176
     1
 90
        1
176
     1
 40
1.0
176
     1
 90
        8
176
     1
 62
     7
176
     1
 40
1.0
176
     1
 90
        1
176
     1
 90
        6
176
     1
 90
        2
176
     1
 62
     7
176
     1
 90
        5
176
     1
 90
        0
176
     1
 90
        0
176
     1
290
     0
176
     1
 90
        1
176
     1
 40
-50.0
176
     1
 90
        0
176
     1
290
     0
176
     1
290
     1
176
     1
290
     1
176
     1
290
     0
176
     1
290
     0
176
     1
290
     0
176
     1
290
     0
176
     1
290
     0
176
     1
290
     0
176
     1
 90
       50
176
     1
 40
0.0
176
     1
 40
1.0
176
     1
 90
        0
176
     1
 62
    18
420
        0
176
     1
 90
       50
176
     1
 90
        3
176
     1
 62
     5
420
      255
176
     1
290
     0
176
     1
 90
       50
176
     1
 90
       50
176
     1
 90
       50
176
     1
290
     0
176
     1
 90
       50
176
     1
 62
   256
176
     0
 40
1.0
176
     0
 90
        2
176
     1
  1
strokes_ogs.tif
176
     1
290
     0
176
     1
 40
1.0
176
     1
 40
1.0
176
     1
1001
ACAD
1000
AcDbSavedByObjectVersion
1070
     0
  0
VISUALSTYLE
  5
41
102
{ACAD_REACTORS
330
29
102
}
330
29
100
AcDbVisualStyle
  2
EdgeColorOff
 70
    22
177
     3
291
     1
 70
    58
 90
        2
176
     0
 90
        2
176
     0
 90
        0
176
     0
 90
        0
176
     0
 40
0.6
176
     0
 40
30.0
176
     0
 62
     7
420
 16777215
176
     0
 90
        1
176
     0
 90
        4
176
     0
 62
     7
176
     0
 62
   257
176
     0
 90
        1
176
     0
 90
        1
176
     0
 40
1.0
176
     0
 90
        8
176
     2
 62
     7
176
     0
 40
1.0
176
     0
 90
        1
176
     0
 90
        6
176
     0
 90
        2
176
     0
 62
     7
176
     0
 90
        5
176
     0
 90
        0
176
     0
 90
        0
176
     0
290
     0
176
     0
 90
        1
176
     0
 40
0.0
176
     0
 90
        0
176
     0
290
     0
176
     0
290
     1
176
     0
290
     1
176
     0
290
     0
176
     0
290
     0
176
     0
290
     0
176
     0
290
     0
176
     0
290
     0
176
     0
290
     0
176
     0
 90
       50
176
     0
 40
0.0
176
     0
 40
1.0
176
     0
 90
        0
176
     0
 62
    18
420
        0
176
     0
 90
       50
176
     0
 90
        3
176
     0
 62
     5
420
      255
176
     0
290
     0
176
     0
 90
       50
176
     0
 90
       50
176
     0
 90
       50
176
     0
290
     0
176
     0
 90
       50
176
     0
 62
   256
176
     0
 40
1.0
176
     0
 90
        2
176
     0
  1
strokes_ogs.tif
176
     0
290
     0
176
     0
 40
1.0
176
     0
 40
1.0
176
     0
1001
ACAD
1000
AcDbSavedByObjectVersion
1070
     0
  0
VISUALSTYLE
  5
38
102
{ACAD_REACTORS
330
29
102
}
330
29
100
AcDbVisualStyle
  2
Facepattern
 70
    15
177
     3
291
     1
 70
    58
 90
        2
176
     1
 90
        2
176
     1
 90
        0
176
     1
 90
        0
176
     1
 40
0.6
176
     1
 40
30.0
176
     1
 62
     7
420
 16777215
176
     1
 90
        1
176
     1
 90
        4
176
     1
 62
     7
176
     1
 62
   257
176
     1
 90
        1
176
     1
 90
        1
176
     1
 40
1.0
176
     1
 90
        8
176
     1
 62
     7
176
     1
 40
1.0
176
     1
 90
        1
176
     1
 90
        6
176
     1
 90
        2
176
     1
 62
     7
176
     1
 90
        5
176
     1
 90
        0
176
     1
 90
        0
176
     1
290
     0
176
     1
 90
        1
176
     1
 40
0.0
176
     1
 90
        0
176
     1
290
     0
176
     1
290
     1
176
     1
290
     1
176
     1
290
     0
176
     1
290
     0
176
     1
290
     0
176
     1
290
     0
176
     1
290
     0
176
     1
290
     0
176
     1
 90
       50
176
     1
 40
0.0
176
     1
 40
1.0
176
     1
 90
        0
176
     1
 62
    18
420
        0
176
     1
 90
       50
176
     1
 90
        3
176
     1
 62
     5
420
      255
176
     1
290
     0
176
     1
 90
       50
176
     1
 90
       50
176
     1
 90
       50
176
     1
290
     0
176
     1
 90
       50
176
     1
 62
   256
176
     0
 40
1.0
176
     0
 90
        2
176
     1
  1
strokes_ogs.tif
176
     1
290
     0
176
     1
 40
1.0
176
     1
 40
1.0
176
     1
1001
ACAD
1000
AcDbSavedByObjectVersion
1070
     0
  0
VISUALSTYLE
  5
2A
102
{ACAD_REACTORS
330
29
102
}
330
29
100
AcDbVisualStyle
  2
Flat
 70
     0
177
     3
291
     1
 70
    58
 90
        2
176
     1
 90
        1
176
     1
 90
        1
176
     1
 90
        2
176
     1
 40
0.6
176
     1
 40
30.0
176
     1
 62
     7
420
 16777215
176
     1
 90
        0
176
     1
 90
        0
176
     1
 62
     7
176
     1
 62
   257
176
     1
 90
        1
176
     1
 90
        1
176
     1
 40
1.0
176
     1
 90
        8
176
     1
 62
     7
176
     1
 40
1.0
176
     1
 90
        1
176
     1
 90
        6
176
     1
 90
        2
176
     1
 62
     7
176
     1
 90
        5
176
     1
 90
        0
176
     1
 90
        0
176
     1
290
     0
176
     1
 90
       13
176
     1
 40
0.0
176
     1
 90
        0
176
     1
290
     0
176
     1
290
     1
176
     1
290
     1
176
     1
290
     0
176
     1
290
     0
176
     1
290
     0
176
     1
290
     0
176
     1
290
     0
176
     1
290
     0
176
     1
 90
       50
176
     1
 40
0.0
176
     1
 40
1.0
176
     1
 90
        0
176
     1
 62
    18
420
        0
176
     1
 90
       50
176
     1
 90
        3
176
     1
 62
     5
420
      255
176
     1
290
     0
176
     1
 90
       50
176
     1
 90
       50
176
     1
 90
       50
176
     1
290
     0
176
     1
 90
       50
176
     1
 62
   256
176
     0
 40
1.0
176
     0
 90
        2
176
     1
  1
strokes_ogs.tif
176
     1
290
     0
176
     1
 40
1.0
176
     1
 40
1.0
176
     1
1001
ACAD
1000
AcDbSavedByObjectVersion
1070
     0
  0
VISUALSTYLE
  5
2B
102
{ACAD_REACTORS
330
29
102
}
330
29
100
AcDbVisualStyle
  2
FlatWithEdges
 70
     1
177
     3
291
     1
 70
    58
 90
        2
176
     1
 90
        1
176
     1
 90
        1
176
     1
 90
        2
176
     1
 40
0.6
176
     1
 40
30.0
176
     1
 62
     7
420
 16777215
176
     1
 90
        1
176
     1
 90
        0
176
     1
 62
     7
176
     1
 62
   257
176
     1
 90
        1
176
     1
 90
        1
176
     1
 40
1.0
176
     1
 90
        0
176
     1
 62
   257
176
     1
 40
1.0
176
     1
 90
        1
176
     1
 90
        6
176
     1
 90
        2
176
     1
 62
     7
176
     1
 90
        5
176
     1
 90
        0
176
     1
 90
        0
176
     1
290
     0
176
     1
 90
       13
176
     1
 40
0.0
176
     1
 90
        0
176
     1
290
     0
176
     1
290
     1
176
     1
290
     1
176
     1
290
     0
176
     1
290
     0
176
     1
290
     0
176
     1
290
     0
176
     1
290
     0
176
     1
290
     0
176
     1
 90
       50
176
     1
 40
0.0
176
     1
 40
1.0
176
     1
 90
        0
176
     1
 62
    18
420
        0
176
     1
 90
       50
176
     1
 90
        3
176
     1
 62
     5
420
      255
176
     1
290
     0
176
     1
 90
       50
176
     1
 90
       50
176
     1
 90
       50
176
     1
290
     0
176
     1
 90
       50
176
     1
 62
   256
176
     0
 40
1.0
176
     0
 90
        2
176
     1
  1
strokes_ogs.tif
176
     1
290
     0
176
     1
 40
1.0
176
     1
 40
1.0
176
     1
1001
ACAD
1000
AcDbSavedByObjectVersion
1070
     0
  0
VISUALSTYLE
  5
2C
102
{ACAD_REACTORS
330
29
102
}
330
29
100
AcDbVisualStyle
  2
Gouraud
 70
     2
177
     3
291
     1
 70
    58
 90
        2
176
     1
 90
        2
176
     1
 90
        1
176
     1
 90
        2
176
     1
 40
0.6
176
     1
 40
30.0
176
     1
 62
     7
420
 16777215
176
     1
 90
        0
176
     1
 90
        0
176
     1
 62
     7
176
     1
 62
   257
176
     1
 90
        1
176
     1
 90
        1
176
     1
 40
1.0
176
     1
 90
        0
176
     1
 62
     7
176
     1
 40
1.0
176
     1
 90
        1
176
     1
 90
        6
176
     1
 90
        2
176
     1
 62
     7
176
     1
 90
        5
176
     1
 90
        0
176
     1
 90
        0
176
     1
290
     0
176
     1
 90
       13
176
     1
 40
0.0
176
     1
 90
        0
176
     1
290
     0
176
     1
290
     1
176
     1
290
     1
176
     1
290
     0
176
     1
290
     0
176
     1
290
     0
176
     1
290
     0
176
     1
290
     0
176
     1
290
     0
176
     1
 90
       50
176
     1
 40
0.0
176
     1
 40
1.0
176
     1
 90
        0
176
     1
 62
    18
420
        0
176
     1
 90
       50
176
     1
 90
        3
176
     1
 62
     5
420
      255
176
     1
290
     0
176
     1
 90
       50
176
     1
 90
       50
176
     1
 90
       50
176
     1
290
     0
176
     1
 90
       50
176
     1
 62
   256
176
     0
 40
1.0
176
     0
 90
        2
176
     1
  1
strokes_ogs.tif
176
     1
290
     0
176
     1
 40
1.0
176
     1
 40
1.0
176
     1
1001
ACAD
1000
AcDbSavedByObjectVersion
1070
     0
  0
VISUALSTYLE
  5
2D
102
{ACAD_REACTORS
330
29
102
}
330
29
100
AcDbVisualStyle
  2
GouraudWithEdges
 70
     3
177
     3
291
     1
 70
    58
 90
        2
176
     1
 90
        2
176
     1
 90
        1
176
     1
 90
        2
176
     1
 40
0.6
176
     1
 40
30.0
176
     1
 62
     7
420
 16777215
176
     1
 90
        1
176
     1
 90
        0
176
     1
 62
     7
176
     1
 62
   257
176
     1
 90
        1
176
     1
 90
        1
176
     1
 40
1.0
176
     1
 90
        0
176
     1
 62
   257
176
     1
 40
1.0
176
     1
 90
        1
176
     1
 90
        6
176
     1
 90
        2
176
     1
 62
     7
176
     1
 90
        5
176
     1
 90
        0
176
     1
 90
        0
176
     1
290
     0
176
     1
 90
       13
176
     1
 40
0.0
176
     1
 90
        0
176
     1
290
     0
176
     1
290
     1
176
     1
290
     1
176
     1
290
     0
176
     1
290
     0
176
     1
290
     0
176
     1
290
     0
176
     1
290
     0
176
     1
290
     0
176
     1
 90
       50
176
     1
 40
0.0
176
     1
 40
1.0
176
     1
 90
        0
176
     1
 62
    18
420
        0
176
     1
 90
       50
176
     1
 90
        3
176
     1
 62
     5
420
      255
176
     1
290
     0
176
     1
 90
       50
176
     1
 90
       50
176
     1
 90
       50
176
     1
290
     0
176
     1
 90
       50
176
     1
 62
   256
176
     0
 40
1.0
176
     0
 90
        2
176
     1
  1
strokes_ogs.tif
176
     1
290
     0
176
     1
 40
1.0
176
     1
 40
1.0
176
     1
1001
ACAD
1000
AcDbSavedByObjectVersion
1070
     0
  0
VISUALSTYLE
  5
31
102
{ACAD_REACTORS
330
29
102
}
330
29
100
AcDbVisualStyle
  2
Hidden
 70
     6
177
     3
291
     0
 70
    58
 90
        1
176
     1
 90
        2
176
     1
 90
        2
176
     1
 90
        0
176
     1
 40
0.6
176
     1
 40
30.0
176
     1
 62
     7
420
 16777215
176
     1
 90
        2
176
     1
 90
        2
176
     1
 62
     7
176
     1
 62
   257
176
     1
 90
        2
176
     1
 90
        1
176
     1
 40
40.0
176
     1
 90
        0
176
     1
 62
   257
176
     1
 40
1.0
176
     1
 90
        1
176
     1
 90
        6
176
     1
 90
        2
176
     1
 62
     7
176
     1
 90
        3
176
     1
 90
        0
176
     1
 90
        0
176
     1
290
     0
176
     1
 90
        1
176
     1
 40
0.0
176
     1
 90
        0
176
     1
290
     0
176
     1
290
     1
176
     1
290
     1
176
     1
290
     0
176
     1
290
     0
176
     1
290
     0
176
     1
290
     0
176
     1
290
     0
176
     1
290
     0
176
     1
 90
       50
176
     1
 40
0.0
176
     1
 40
1.0
176
     1
 90
        0
176
     1
 62
    18
420
        0
176
     1
 90
       50
176
     1
 90
        3
176
     1
 62
     5
420
      255
176
     1
290
     0
176
     1
 90
       50
176
     1
 90
       50
176
     1
 90
       50
176
     1
290
     0
176
     1
 90
       50
176
     1
 62
   256
176
     0
 40
1.0
176
     0
 90
        2
176
     1
  1
strokes_ogs.tif
176
     1
290
     0
176
     1
 40
1.0
176
     1
 40
1.0
176
     1
1001
ACAD
1000
AcDbSavedByObjectVersion
1070
     0
  0
VISUALSTYLE
  5
3F
102
{ACAD_REACTORS
330
29
102
}
330
29
100
AcDbVisualStyle
  2
JitterOff
 70
    20
177
     3
291
     1
 70
    58
 90
        2
176
     0
 90
        2
176
     0
 90
        0
176
     0
 90
        0
176
     0
 40
0.6
176
     0
 40
30.0
176
     0
 62
     7
420
 16777215
176
     0
 90
        1
176
     0
 90
        4
176
     0
 62
     7
176
     0
 62
   257
176
     0
 90
        1
176
     0
 90
        1
176
     0
 40
1.0
176
     0
 90
       10
176
     2
 62
     7
176
     0
 40
1.0
176
     0
 90
        1
176
     0
 90
        6
176
     0
 90
        2
176
     0
 62
     7
176
     0
 90
        5
176
     0
 90
        0
176
     0
 90
        0
176
     0
290
     0
176
     0
 90
        1
176
     0
 40
0.0
176
     0
 90
        0
176
     0
290
     0
176
     0
290
     1
176
     0
290
     1
176
     0
290
     0
176
     0
290
     0
176
     0
290
     0
176
     0
290
     0
176
     0
290
     0
176
     0
290
     0
176
     0
 90
       50
176
     0
 40
0.0
176
     0
 40
1.0
176
     0
 90
        0
176
     0
 62
    18
420
        0
176
     0
 90
       50
176
     0
 90
        3
176
     0
 62
     5
420
      255
176
     0
290
     0
176
     0
 90
       50
176
     0
 90
       50
176
     0
 90
       50
176
     0
290
     0
176
     0
 90
       50
176
     0
 62
   256
176
     0
 40
1.0
176
     0
 90
        2
176
     0
  1
strokes_ogs.tif
176
     0
290
     0
176
     0
 40
1.0
176
     0
 40
1.0
176
     0
1001
ACAD
1000
AcDbSavedByObjectVersion
1070
     0
  0
VISUALSTYLE
  5
37
102
{ACAD_REACTORS
330
29
102
}
330
29
100
AcDbVisualStyle
  2
Linepattern
 70
    14
177
     3
291
     1
 70
    58
 90
        2
176
     1
 90
        2
176
     1
 90
        0
176
     1
 90
        0
176
     1
 40
0.6
176
     1
 40
30.0
176
     1
 62
     7
420
 16777215
176
     1
 90
        1
176
     1
 90
        4
176
     1
 62
     7
176
     1
 62
   257
176
     1
 90
        7
176
     1
 90
        7
176
     1
 40
1.0
176
     1
 90
        8
176
     1
 62
     7
176
     1
 40
1.0
176
     1
 90
        1
176
     1
 90
        6
176
     1
 90
        2
176
     1
 62
     7
176
     1
 90
        5
176
     1
 90
        0
176
     1
 90
        0
176
     1
290
     0
176
     1
 90
        1
176
     1
 40
0.0
176
     1
 90
        0
176
     1
290
     0
176
     1
290
     1
176
     1
290
     1
176
     1
290
     0
176
     1
290
     0
176
     1
290
     0
176
     1
290
     0
176
     1
290
     0
176
     1
290
     0
176
     1
 90
       50
176
     1
 40
0.0
176
     1
 40
1.0
176
     1
 90
        0
176
     1
 62
    18
420
        0
176
     1
 90
       50
176
     1
 90
        3
176
     1
 62
     5
420
      255
176
     1
290
     0
176
     1
 90
       50
176
     1
 90
       50
176
     1
 90
       50
176
     1
290
     0
176
     1
 90
       50
176
     1
 62
   256
176
     0
 40
1.0
176
     0
 90
        2
176
     1
  1
strokes_ogs.tif
176
     1
290
     0
176
     1
 40
1.0
176
     1
 40
1.0
176
     1
1001
ACAD
1000
AcDbSavedByObjectVersion
1070
     0
  0
VISUALSTYLE
  5
40
102
{ACAD_REACTORS
330
29
102
}
330
29
100
AcDbVisualStyle
  2
OverhangOff
 70
    21
177
     3
291
     1
 70
    58
 90
        2
176
     0
 90
        2
176
     0
 90
        0
176
     0
 90
        0
176
     0
 40
0.6
176
     0
 40
30.0
176
     0
 62
     7
420
 16777215
176
     0
 90
        1
176
     0
 90
        4
176
     0
 62
     7
176
     0
 62
   257
176
     0
 90
        1
176
     0
 90
        1
176
     0
 40
1.0
176
     0
 90
        9
176
     2
 62
     7
176
     0
 40
1.0
176
     0
 90
        1
176
     0
 90
        6
176
     0
 90
        2
176
     0
 62
     7
176
     0
 90
        5
176
     0
 90
        0
176
     0
 90
        0
176
     0
290
     0
176
     0
 90
        1
176
     0
 40
0.0
176
     0
 90
        0
176
     0
290
     0
176
     0
290
     1
176
     0
290
     1
176
     0
290
     0
176
     0
290
     0
176
     0
290
     0
176
     0
290
     0
176
     0
290
     0
176
     0
290
     0
176
     0
 90
       50
176
     0
 40
0.0
176
     0
 40
1.0
176
     0
 90
        0
176
     0
 62
    18
420
        0
176
     0
 90
       50
176
     0
 90
        3
176
     0
 62
     5
420
      255
176
     0
290
     0
176
     0
 90
       50
176
     0
 90
       50
176
     0
 90
       50
176
     0
290
     0
176
     0
 90
       50
176
     0
 62
   256
176
     0
 40
1.0
176
     0
 90
        2
176
     0
  1
strokes_ogs.tif
176
     0
290
     0
176
     0
 40
1.0
176
     0
 40
1.0
176
     0
1001
ACAD
1000
AcDbSavedByObjectVersion
1070
     0
  0
VISUALSTYLE
  5
33
102
{ACAD_REACTORS
330
29
102
}
330
29
100
AcDbVisualStyle
  2
Realistic
 70
     8
177
     3
291
     0
 70
    58
 90
        2
176
     1
 90
        3
176
     1
 90
        0
176
     1
 90
        2
176
     1
 40
0.6
176
     1
 40
30.0
176
     1
 62
     7
420
 16777215
176
     1
 90
        0
176
     1
 90
        0
176
     1
 62
     7
176
     1
 62
   257
176
     1
 90
        1
176
     1
 90
        1
176
     1
 40
1.0
176
     1
 90
        8
176
     1
 62
   257
176
     1
 40
1.0
176
     1
 90
        1
176
     1
 90
        6
176
     1
 90
        2
176
     1
 62
     7
176
     1
 90
        3
176
     1
 90
        0
176
     1
 90
        0
176
     1
290
     0
176
     1
 90
       13
176
     1
 40
0.0
176
     1
 90
        0
176
     1
290
     0
176
     1
290
     1
176
     1
290
     1
176
     1
290
     0
176
     1
290
     0
176
     1
290
     0
176
     1
290
     0
176
     1
290
     0
176
     1
290
     0
176
     1
 90
       50
176
     1
 40
0.0
176
     1
 40
1.0
176
     1
 90
        0
176
     1
 62
    18
420
        0
176
     1
 90
       50
176
     1
 90
        3
176
     1
 62
     5
420
      255
176
     1
290
     0
176
     1
 90
       50
176
     1
 90
       50
176
     1
 90
       50
176
     1
290
     0
176
     1
 90
       50
176
     1
 62
   256
176
     0
 40
1.0
176
     0
 90
        2
176
     1
  1
strokes_ogs.tif
176
     1
290
     0
176
     1
 40
1.0
176
     1
 40
1.0
176
     1
1001
ACAD
1000
AcDbSavedByObjectVersion
1070
     0
  0
VISUALSTYLE
  5
3E
102
{ACAD_REACTORS
330
29
102
}
330
29
100
AcDbVisualStyle
  2
Shaded
 70
    27
177
     3
291
     0
 70
    58
 90
        2
176
     1
 90
        2
176
     1
 90
        1
176
     1
 90
        2
176
     1
 40
0.6
176
     1
 40
30.0
176
     1
 62
     7
420
 16777215
176
     1
 90
        0
176
     1
 90
        4
176
     1
 62
     7
176
     1
 62
   257
176
     1
 90
        1
176
     1
 90
        1
176
     1
 40
1.0
176
     1
 90
        8
176
     1
 62
   257
176
     1
 40
1.0
176
     1
 90
        1
176
     1
 90
        6
176
     1
 90
        2
176
     1
 62
     8
420
  7895160
176
     1
 90
        3
176
     1
 90
        0
176
     1
 90
        0
176
     1
290
     0
176
     1
 90
        5
176
     1
 40
0.0
176
     1
 90
        0
176
     1
290
     0
176
     1
290
     1
176
     1
290
     1
176
     1
290
     0
176
     1
290
     0
176
     1
290
     0
176
     1
290
     0
176
     1
290
     0
176
     1
290
     0
176
     1
 90
       50
176
     1
 40
0.0
176
     1
 40
1.0
176
     1
 90
        0
176
     1
 62
    18
420
        0
176
     1
 90
       50
176
     1
 90
        3
176
     1
 62
     5
420
      255
176
     1
290
     0
176
     1
 90
       50
176
     1
 90
       50
176
     1
 90
       50
176
     1
290
     0
176
     1
 90
       50
176
     1
 62
   256
176
     0
 40
1.0
176
     0
 90
        2
176
     1
  1
strokes_ogs.tif
176
     1
290
     0
176
     1
 40
1.0
176
     1
 40
1.0
176
     1
1001
ACAD
1000
AcDbSavedByObjectVersion
1070
     0
  0
VISUALSTYLE
  5
3D
102
{ACAD_REACTORS
330
29
102
}
330
29
100
AcDbVisualStyle
  2
Shaded with edges
 70
    26
177
     3
291
     0
 70
    58
 90
        2
176
     1
 90
        2
176
     1
 90
        1
176
     1
 90
        2
176
     1
 40
0.6
176
     1
 40
30.0
176
     1
 62
     7
420
 16777215
176
     1
 90
        1
176
     1
 90
        2
176
     1
 62
     7
176
     1
 62
   257
176
     1
 90
        2
176
     1
 90
        1
176
     1
 40
1.0
176
     1
 90
        8
176
     1
 62
   257
176
     1
 40
1.0
176
     1
 90
        1
176
     1
 90
        6
176
     1
 90
        2
176
     1
 62
     7
176
     1
 90
        3
176
     1
 90
        0
176
     1
 90
        0
176
     1
290
     0
176
     1
 90
        5
176
     1
 40
0.0
176
     1
 90
        0
176
     1
290
     0
176
     1
290
     1
176
     1
290
     1
176
     1
290
     0
176
     1
290
     0
176
     1
290
     0
176
     1
290
     0
176
     1
290
     0
176
     1
290
     0
176
     1
 90
       50
176
     1
 40
0.0
176
     1
 40
1.0
176
     1
 90
        0
176
     1
 62
    18
420
        0
176
     1
 90
       50
176
     1
 90
        3
176
     1
 62
     5
420
      255
176
     1
290
     0
176
     1
 90
       50
176
     1
 90
       50
176
     1
 90
       50
176
     1
290
     0
176
     1
 90
       50
176
     1
 62
   256
176
     0
 40
1.0
176
     0
 90
        2
176
     1
  1
strokes_ogs.tif
176
     1
290
     0
176
     1
 40
1.0
176
     1
 40
1.0
176
     1
1001
ACAD
1000
AcDbSavedByObjectVersion
1070
     0
  0
VISUALSTYLE
  5
3A
102
{ACAD_REACTORS
330
29
102
}
330
29
100
AcDbVisualStyle
  2
Shades of Gray
 70
    23
177
     3
291
     0
 70
    58
 90
        2
176
     1
 90
        2
176
     1
 90
        3
176
     1
 90
        0
176
     1
 40
0.6
176
     1
 40
30.0
176
     1
 62
     7
420
 16777215
176
     1
 90
        2
176
     1
 90
        2
176
     1
 62
     7
176
     1
 62
     7
176
     1
 90
        1
176
     1
 90
        1
176
     1
 40
40.0
176
     1
 90
        8
176
     1
 62
     7
176
     1
 40
1.0
176
     1
 90
        1
176
     1
 90
        6
176
     1
 90
        2
176
     1
 62
     7
176
     1
 90
        3
176
     1
 90
        0
176
     1
 90
        0
176
     1
290
     0
176
     1
 90
        1
176
     1
 40
0.0
176
     1
 90
        0
176
     1
290
     0
176
     1
290
     1
176
     1
290
     1
176
     1
290
     0
176
     1
290
     0
176
     1
290
     0
176
     1
290
     0
176
     1
290
     0
176
     1
290
     0
176
     1
 90
       50
176
     1
 40
0.0
176
     1
 40
1.0
176
     1
 90
        0
176
     1
 62
    18
420
        0
176
     1
 90
       50
176
     1
 90
        3
176
     1
 62
     5
420
      255
176
     1
290
     0
176
     1
 90
       50
176
     1
 90
       50
176
     1
 90
       50
176
     1
290
     0
176
     1
 90
       50
176
     1
 62
   256
176
     0
 40
1.0
176
     0
 90
        2
176
     1
  1
strokes_ogs.tif
176
     1
290
     0
176
     1
 40
1.0
176
     1
 40
1.0
176
     1
1001
ACAD
1000
AcDbSavedByObjectVersion
1070
     0
  0
VISUALSTYLE
  5
3B
102
{ACAD_REACTORS
330
29
102
}
330
29
100
AcDbVisualStyle
  2
Sketchy
 70
    24
177
     3
291
     0
 70
    58
 90
        1
176
     1
 90
        2
176
     1
 90
        2
176
     1
 90
        0
176
     1
 40
0.6
176
     1
 40
30.0
176
     1
 62
     7
420
 16777215
176
     1
 90
        2
176
     1
 90
        2
176
     1
 62
     7
176
     1
 62
     7
176
     1
 90
        1
176
     1
 90
        1
176
     1
 40
40.0
176
     1
 90
       11
176
     1
 62
     7
176
     1
 40
1.0
176
     1
 90
        1
176
     1
 90
        6
176
     1
 90
        2
176
     1
 62
     7
176
     1
 90
        6
176
     1
 90
        0
176
     1
 90
        0
176
     1
290
     0
176
     1
 90
        1
176
     1
 40
0.0
176
     1
 90
        0
176
     1
290
     0
176
     1
290
     1
176
     1
290
     1
176
     1
290
     0
176
     1
290
     0
176
     1
290
     0
176
     1
290
     0
176
     1
290
     0
176
     1
290
     0
176
     1
 90
       50
176
     1
 40
0.0
176
     1
 40
1.0
176
     1
 90
        0
176
     1
 62
    18
420
        0
176
     1
 90
       50
176
     1
 90
        3
176
     1
 62
     5
420
      255
176
     1
290
     0
176
     1
 90
       50
176
     1
 90
       50
176
     1
 90
       50
176
     1
290
     0
176
     1
 90
       50
176
     1
 62
   256
176
     0
 40
1.0
176
     0
 90
        2
176
     1
  1
strokes_ogs.tif
176
     1
290
     0
176
     1
 40
1.0
176
     1
 40
1.0
176
     1
1001
ACAD
1000
AcDbSavedByObjectVersion
1070
     0
  0
VISUALSTYLE
  5
36
102
{ACAD_REACTORS
330
29
102
}
330
29
100
AcDbVisualStyle
  2
Thicken
 70
    13
177
     3
291
     1
 70
    58
 90
        2
176
     1
 90
        2
176
     1
 90
        0
176
     1
 90
        0
176
     1
 40
0.6
176
     1
 40
30.0
176
     1
 62
     7
420
 16777215
176
     1
 90
        1
176
     1
 90
        4
176
     1
 62
     7
176
     1
 62
   257
176
     1
 90
        1
176
     1
 90
        1
176
     1
 40
1.0
176
     1
 90
       12
176
     1
 62
     7
176
     1
 40
1.0
176
     1
 90
        1
176
     1
 90
        6
176
     1
 90
        2
176
     1
 62
     7
176
     1
 90
        5
176
     1
 90
        0
176
     1
 90
        0
176
     1
290
     0
176
     1
 90
        1
176
     1
 40
0.0
176
     1
 90
        0
176
     1
290
     0
176
     1
290
     1
176
     1
290
     1
176
     1
290
     0
176
     1
290
     0
176
     1
290
     0
176
     1
290
     0
176
     1
290
     0
176
     1
290
     0
176
     1
 90
       50
176
     1
 40
0.0
176
     1
 40
1.0
176
     1
 90
        0
176
     1
 62
    18
420
        0
176
     1
 90
       50
176
     1
 90
        3
176
     1
 62
     5
420
      255
176
     1
290
     0
176
     1
 90
       50
176
     1
 90
       50
176
     1
 90
       50
176
     1
290
     0
176
     1
 90
       50
176
     1
 62
   256
176
     0
 40
1.0
176
     0
 90
        2
176
     1
  1
strokes_ogs.tif
176
     1
290
     0
176
     1
 40
1.0
176
     1
 40
1.0
176
     1
1001
ACAD
1000
AcDbSavedByObjectVersion
1070
     0
  0
VISUALSTYLE
  5
30
102
{ACAD_REACTORS
330
29
102
}
330
29
100
AcDbVisualStyle
  2
Wireframe
 70
     5
177
     3
291
     0
 70
    58
 90
        0
176
     1
 90
        2
176
     1
 90
        0
176
     1
 90
        0
176
     1
 40
0.6
176
     1
 40
30.0
176
     1
 62
     7
420
 16777215
176
     1
 90
        1
176
     1
 90
        4
176
     1
 62
     7
176
     1
 62
   257
176
     1
 90
        1
176
     1
 90
        1
176
     1
 40
1.0
176
     1
 90
        0
176
     1
 62
   257
176
     1
 40
1.0
176
     1
 90
        1
176
     1
 90
        6
176
     1
 90
        2
176
     1
 62
     7
176
     1
 90
        3
176
     1
 90
        0
176
     1
 90
        0
176
     1
290
     0
176
     1
 90
        1
176
     1
 40
0.0
176
     1
 90
        0
176
     1
290
     0
176
     1
290
     1
176
     1
290
     1
176
     1
290
     0
176
     1
290
     0
176
     1
290
     0
176
     1
290
     0
176
     1
290
     0
176
     1
290
     0
176
     1
 90
       50
176
     1
 40
0.0
176
     1
 40
1.0
176
     1
 90
        0
176
     1
 62
    18
420
        0
176
     1
 90
       50
176
     1
 90
        3
176
     1
 62
     5
420
      255
176
     1
290
     0
176
     1
 90
       50
176
     1
 90
       50
176
     1
 90
       50
176
     1
290
     0
176
     1
 90
       50
176
     1
 62
   256
176
     0
 40
1.0
176
     0
 90
        2
176
     1
  1
strokes_ogs.tif
176
     1
290
     0
176
     1
 40
1.0
176
     1
 40
1.0
176
     1
1001
ACAD
1000
AcDbSavedByObjectVersion
1070
     0
  0
VISUALSTYLE
  5
3C
102
{ACAD_REACTORS
330
29
102
}
330
29
100
AcDbVisualStyle
  2
X-Ray
 70
    25
177
     3
291
     0
 70
    58
 90
        2
176
     1
 90
        2
176
     1
 90
        1
176
     1
 90
        1
176
     1
 40
0.5
176
     1
 40
30.0
176
     1
 62
     7
420
 16777215
176
     1
 90
        1
176
     1
 90
        0
176
     1
 62
     7
176
     1
 62
   257
176
     1
 90
        1
176
     1
 90
        1
176
     1
 40
1.0
176
     1
 90
        8
176
     1
 62
     7
176
     1
 40
1.0
176
     1
 90
        1
176
     1
 90
        6
176
     1
 90
        2
176
     1
 62
     7
176
     1
 90
        3
176
     1
 90
        0
176
     1
 90
        0
176
     1
290
     0
176
     1
 90
       13
176
     1
 40
0.0
176
     1
 90
        0
176
     1
290
     0
176
     1
290
     1
176
     1
290
     1
176
     1
290
     0
176
     1
290
     0
176
     1
290
     0
176
     1
290
     0
176
     1
290
     0
176
     1
290
     0
176
     1
 90
       50
176
     1
 40
0.0
176
     1
 40
1.0
176
     1
 90
        0
176
     1
 62
    18
420
        0
176
     1
 90
       50
176
     1
 90
        3
176
     1
 62
     5
420
      255
176
     1
290
     0
176
     1
 90
       50
176
     1
 90
       50
176
     1
 90
       50
176
     1
290
     0
176
     1
 90
       50
176
     1
 62
   256
176
     0
 40
1.0
176
     0
 90
        2
176
     1
  1
strokes_ogs.tif
176
     1
290
     0
176
     1
 40
1.0
176
     1
 40
1.0
176
     1
1001
ACAD
1000
AcDbSavedByObjectVersion
1070
     0
  0
DICTIONARYVAR
  5
A3
102
{ACAD_REACTORS
330
9E
102
}
330
9E
100
DictionaryVariables
280
     0
  1
1:1
  0
DICTIONARYVAR
  5
A0
102
{ACAD_REACTORS
330
9E
102
}
330
9E
100
DictionaryVariables
280
     0
  1
STANDARD
  0
DICTIONARYVAR
  5
9F
102
{ACAD_REACTORS
330
9E
102
}
330
9E
100
DictionaryVariables
280
     0
  1
STANDARD
  0
DICTIONARYVAR
  5
A1
102
{ACAD_REACTORS
330
9E
102
}
330
9E
100
DictionaryVariables
280
     0
  1
Imperial24
  0
DICTIONARYVAR
  5
A2
102
{ACAD_REACTORS
330
9E
102
}
330
9E
100
DictionaryVariables
280
     0
  1
Imperial24
  0
DICTIONARY
  5
A9
330
6B
100
AcDbDictionary
280
     1
281
     1
  3
ACAD_XREC_ROUNDTRIP
360
AA
  0
DICTIONARY
  5
1A
330
19
100
AcDbDictionary
280
     1
281
     1
  3
BUMPTILE
360
1C
  3
DIFFUSETILE
360
1B
  3
OPACITYTILE
360
1F
  3
REFLECTIONTILE
360
1E
  3
REFRACTIONTILE
360
20
  3
SPECULARTILE
360
1D
  0
DICTIONARY
  5
12
330
11
100
AcDbDictionary
280
     1
281
     1
  3
BUMPTILE
360
14
  3
DIFFUSETILE
360
13
  3
OPACITYTILE
360
17
  3
REFLECTIONTILE
360
16
  3
REFRACTIONTILE
360
18
  3
SPECULARTILE
360
15
  0
DICTIONARY
  5
22
330
21
100
AcDbDictionary
280
     1
281
     1
  3
BUMPTILE
360
24
  3
DIFFUSETILE
360
23
  3
OPACITYTILE
360
27
  3
REFLECTIONTILE
360
26
  3
REFRACTIONTILE
360
28
  3
SPECULARTILE
360
25
  0
DICTIONARY
  5
7B
330
7A
100
AcDbDictionary
280
     1
281
     1
  3
ADVMATERIAL
360
83
  3
BUMPTILE
360
7E
  3
DIFFUSETILE
360
7D
  3
FBXASSET
360
7C
  3
OPACITYTILE
360
7F
  3
REFLECTIONTILE
360
81
  3
REFRACTIONTILE
360
82
  3
SPECULARTILE
360
80
  0
DICTIONARY
  5
A7
330
69
100
AcDbDictionary
280
     1
281
     1
  3
ACAD_XREC_ROUNDTRIP
360
A8
  0
DICTIONARY
  5
A4
330
65
100
AcDbDictionary
280
     1
281
     1
  3
ACAD_ROUNDTRIP_2008_TABLESTYLE_CELLSTYLEMAP
360
A5
  0
XRECORD
  5
AA
102
{ACAD_REACTORS
330
A9
102
}
330
A9
100
AcDbXrecord
280
     1
102
DISPLAYNAME
  1
Imperial24
102
FLAGS
 90
        0
  0
XRECORD
  5
1C
102
{ACAD_REACTORS
330
1A
102
}
330
1A
100
AcDbXrecord
280
     1
270
     1
271
     1
  0
XRECORD
  5
1B
102
{ACAD_REACTORS
330
1A
102
}
330
1A
100
AcDbXrecord
280
     1
270
     1
271
     1
  0
XRECORD
  5
1F
102
{ACAD_REACTORS
330
1A
102
}
330
1A
100
AcDbXrecord
280
     1
270
     1
271
     1
  0
XRECORD
  5
1E
102
{ACAD_REACTORS
330
1A
102
}
330
1A
100
AcDbXrecord
280
     1
270
     1
271
     1
  0
XRECORD
  5
20
102
{ACAD_REACTORS
330
1A
102
}
330
1A
100
AcDbXrecord
280
     1
270
     1
271
     1
  0
XRECORD
  5
1D
102
{ACAD_REACTORS
330
1A
102
}
330
1A
100
AcDbXrecord
280
     1
270
     1
271
     1
  0
XRECORD
  5
14
102
{ACAD_REACTORS
330
12
102
}
330
12
100
AcDbXrecord
280
     1
270
     1
271
     1
  0
XRECORD
  5
13
102
{ACAD_REACTORS
330
12
102
}
330
12
100
AcDbXrecord
280
     1
270
     1
271
     1
  0
XRECORD
  5
17
102
{ACAD_REACTORS
330
12
102
}
330
12
100
AcDbXrecord
280
     1
270
     1
271
     1
  0
XRECORD
  5
16
102
{ACAD_REACTORS
330
12
102
}
330
12
100
AcDbXrecord
280
     1
270
     1
271
     1
  0
XRECORD
  5
18
102
{ACAD_REACTORS
330
12
102
}
330
12
100
AcDbXrecord
280
     1
270
     1
271
     1
  0
XRECORD
  5
15
102
{ACAD_REACTORS
330
12
102
}
330
12
100
AcDbXrecord
280
     1
270
     1
271
     1
  0
XRECORD
  5
24
102
{ACAD_REACTORS
330
22
102
}
330
22
100
AcDbXrecord
280
     1
270
     1
271
     1
  0
XRECORD
  5
23
102
{ACAD_REACTORS
330
22
102
}
330
22
100
AcDbXrecord
280
     1
270
     1
271
     1
  0
XRECORD
  5
27
102
{ACAD_REACTORS
330
22
102
}
330
22
100
AcDbXrecord
280
     1
270
     1
271
     1
  0
XRECORD
  5
26
102
{ACAD_REACTORS
330
22
102
}
330
22
100
AcDbXrecord
280
     1
270
     1
271
     1
  0
XRECORD
  5
28
102
{ACAD_REACTORS
330
22
102
}
330
22
100
AcDbXrecord
280
     1
270
     1
271
     1
  0
XRECORD
  5
25
102
{ACAD_REACTORS
330
22
102
}
330
22
100
AcDbXrecord
280
     1
270
     1
271
     1
  0
XRECORD
  5
83
102
{ACAD_REACTORS
330
7B
102
}
330
7B
100
AcDbXrecord
280
     1
460
100.0
461
100.0
462
100.0
463
100.0
290
     0
270
     1
464
0.0
293
     0
272
     3
273
     3
  0
XRECORD
  5
7E
102
{ACAD_REACTORS
330
7B
102
}
330
7B
100
AcDbXrecord
280
     1
270
     1
271
     1
  0
XRECORD
  5
7D
102
{ACAD_REACTORS
330
7B
102
}
330
7B
100
AcDbXrecord
280
     1
270
     1
271
     1
  0
XRECORD
  5
7C
102
{ACAD_REACTORS
330
7B
102
}
330
7B
100
AcDbXrecord
280
     1
 70
     0
 90
-1500291969
 71
     1
  1
B68D28D8-AE2B-4867-ACA9-852048714F5A
311
504B03041400060808004868B65CECD90DCC54030000900800004F00000046344333454444432D394243332D343345332D414130342D3442344436393132313032462F4173736574446174612F446566696E6974696F6E4974657261746F7250726F706572746965732E62696EC55549681351187EDD5CEA4E116BF510EC45
311
85319925E9A4203A93693C55451177E234992423B399C96055D4A21E2C0AD683072F5211AA222A08E2C153955EAA872AA257A5E0021597A2B841FDFF994962ACC6F6A0065EFEF7FEE5CDFFBEF7FDFF3B4E0819F37F30255530BAE0BF01E426434DAB4A4A54F3BA6C6D4C66155D26B37ED68F5380039953F20A78E12BAA4155
311
0B03B6B25DA9DA49FCD8411872CA6A5D25DBB6925F198C7331B64D9230A5DD608A515131C6521CDBC6528210E2284EE4A4489466E810130F6E506CD3C925153B480BA08E31318AE545708FF3314A6422112AC2D21C2B08712914E582F9ACA37718B2AA0543C1B2C3252C23B3BCFFCB6142AC07D78F3441AE054C6A20874A78
311
2C00FBFA9C6AEB14CDD109D392F7384A42D63A949459C1044193C408F3398461BFC0EADF619425759042253C1681BD8487EDE4D2725249E44C27933514DBFE83190F3831EE4C71F320A41287FE052E782F988B6C218708191AFE7C11F9F3F2F94757AE1EFA3686EBB7C3D75D697DA83F89EBA723EFDD758F2F7B0BFE23EFBD
311
B87B333CBF414F76F9923CF9E4DAB7F8FEBB4647DDF534178F2AB73E4547B7DA8B15DB0896F1376298395DD62AD9208C4C8781BB0560BBDF56F05E702AB212F1304051AAE489DE4244A2C39C24D1142B84698AE36996E2B1F44529CEB4B5B0BC148FD16515EC1FD3C37DAE8F6FCF330FFF7AC8A1124F2B146705136C3A417E
311
16788978FCFFBA2564A68F07B6EB358AA1E4D4A4DFD1A796343F4C81A204979292961D2D8F61EDD0B1154D930DC574EC79A5A8802EE7613F597319829429286CDC21E37D0D7BFD5EAFAF76C2B4C498C933458CF012C34B3C25B431223025D2420931214AF16126C4F12D34170F0B654CF15340A6AC4D0CDEB8D23FB87F36A4
311
80FCC073B8D5B1CE6DDD3E26788862CD942D10177CBE369B66EA077C96F8AA00056864CD8C6CEC0BA45543B5B34A2A602BBA9AD14CDB7DF70AC158B071D5C06ED705C3F52CC30EBB8AF79E2074C760148BEC2F40863C5D0ADF00E812EB4D3BCF84E8701986F9441110C4F1D255FD42D3D1616DE79D47D6B21D550DD5BCA5CE
311
3FA59D4D57376746DE0DCDB87CFBCCDDEE6B07E4BAF35F5353BA6B5A0FDF1F7B7DABA3F1744DDFE2D6756F9E3EEEBB79FEDC80B34D6A7D7162E055F3F6DACE9EBEAD0B7B1F7EFE0E504B03041400060808004868B65C5BD5661FDB040000580D00004500000046344333454444432D394243332D343345332D414130342D34
311
42344436393132313032462F4173736574446174612F496E7374616E636550726F706572746965732E62696EE5566B6C545510BEAD8F6A696BA51508245A6A6D6CF4C8DEF7BD50BABD8FBDA00DB10D9A1A2DD96CDBDBEE92EE837D485BB4AE0623A8B1010D0A1124FC80F083868404FF9046FB4352880989FC50AB1149F0F5
311
031B09FC40B4CEDCC76EF751BBC4F0CB49CE9D73E6CCCC39F77C3373CE2E8AA2E61C822E55062D0DDF3AE0CF47420321B35F0D25C381D8E6BEA0190E34819856385DD0188DB092CA12CE9034A23282400496E6584531748FCC55E79BA321CCEB3E869709CF7160283034510D5527B4C87A3441D364C527839A45E5F04D436B
311
E9199FBAFEF8456F3EB794A8592FEA599BB604B87B8B9635381D60C5FB4C7B56AEB6670C9DCEACD7B69FC5A37911FACE38B396AB00826530BD3D1AEDF78703C1E8602032E2EF4D85634F6D8D0DA28F1DF5131B7E1CDD99B1479943B3DEBBA1B7E4C84AF88993271DBEA3DA1ED7D9DC73C2E6A8B9082E2CAB7B784EE009A730
311
1C1CAFCA13559468E2F17122C7EAB4AEA9DC7270D3190F25C284E6687F3416D89632FD81A15EB33F5A1A42F758FBA0A82C52F9C8B8635004BA5308212EA6BD80B50E2C64F36208E15FE722D4171D8AC64B8668A8754D2A1E6A6B4D24E3A1C86043241036D73726476266635B05B85E041781E37985F50984130D9A703EDD43
311
645E3208EF11198F2CF0922C09ABC04D1697442A3E10E833FDF1686A3018311389C5B1B9CFDA0745E566918B453E0765A03B810DE292B0DDE30276CFE5C5B0590D2AB9D8BC1C88474289A0D96FFF7FC9287978C230CFD1EC5A0FB396AE04B7880B162215D271D3FC0A26E834CFE93A4D58850744249A2592AAB144D50DC627
311
B2926E68F40A302C4424128D8703438BC391816189B50FF82C5226B018DD1CDB7A26F97EB0E0D0F2D173C7E015A834141117AC630D686253B6FE95580B17CE30AC4EA511E2B148BE28B2C0C9BAA6108DE1A098F1A24164433688A8F13E49E6385A10FF7B1DABB1F6F13FAB63FF0251AD830BE2B3C18C98F1505FF6C6570549
311
67245D228A8F51215F0491289A221389673C9C24D29CC12B58081DC3DB480F300272031AF883304C43CBB9F4610C941BE8B5ED542D4A739306254569D65B5686773BEEAD9407CC52D04B43B32953C0DC4E21CFBA2FE51E2E773D17D4C82A98B978B5BB6C726602F30DDF6169680E611AA3C68045379C8CBC94C94C572FC30B
311
376A4F813CBB878C76B683198DE785F56BF3F6401217C67E5F9068A95E13A76F51E26B5D6AFD336FCC4DBD3DF561E570D59BC7AEEE316E76B4BC7E6D7ADDF907BC674E7FBFFEA78FE3A72BD6EDAFAFBEFCCE7B7B0E1E3CF4CA1AFFF14F3E9FBB3076E0B37D3DDFFE56F981FFC49527471E3EBEFB979F8FACE4FDA7C6F4F62D
311
CB577D74F45763A67962DBCC85477EAFF84B1C7FA9A3EBADA68D2B1A76D7241F8285B17E609C58E5F959EB0D63C72A016129B1EAEF8C26928C87E6EF77BDE073E8B6C2161F7D6968195AF8A0B391514A65C343B7685E100014B1BB5CB9C39DF5F06993465191F55D57350DA88074C9099422CAD63CC85DA36CA798EB026DBC
311
2ED39634EF83FEB22750CACD9BE780A20EEC479A9E97C10B3FA9304E578387ECD30ADDB951EC442FEE69EFD26B0DE7BAE38DC7CA6B869B3ACB466EC5F69DADDFD5F1C3374F1F2A1F9D3C75BEBCF9CB96D68948957274785C1EB8F770E2F2BB933D5FBCFAC226E19CFCD548F2EFDA471F6BF3FE498D36DFE89E9B2EFBBAABAE
311
FABB27AE6FDCF947F596F6C39F5E39FB0F504B03041400060808004868B65C615CC3277D0C0000780C00007100000046344333454444432D394243332D343345332D414130342D3442344436393132313032462F5265736F75726365732F31413444364332432D333842332D344638432D423236362D363331343341414644
311
3039342F7468756D626E61696C2F302F556E69666965644269746D61705F706E6701780C87F389504E470D0A1A0A0000000D4948445200000040000000400802000000250BE689000000097048597300000B1300000B1301009A9C1800000A4F6943435050686F746F73686F70204943432070726F66696C65000078DA9D53
311
675453E9163DF7DEF4424B8880944B6F5215082052428B801491262A2109104A8821A1D91551C1114545041BC8A088038E8E808C15512C0C8A0AD807E421A28E83A3888ACAFBE17BA36BD6BCF7E6CDFEB5D73EE7ACF39DB3CF07C0080C9648335135800CA9421E11E083C7C4C6E1E42E40810A2470001008B3642173FD2301
311
00F87E3C3C2B22C007BE000178D30B0800C04D9BC0301C87FF0FEA42995C01808401C07491384B08801400407A8E42A600404601809D98265300A0040060CB6362E300502D0060277FE6D300809DF8997B01005B94211501A09100201365884400683B00ACCF568A450058300014664BC43900D82D00304957664800B0B700
311
C0CE100BB200080C00305188852900047B0060C8232378008499001446F2573CF12BAE10E72A00007899B23CB9243945815B082D710757572E1E28CE49172B14366102619A402EC27999193281340FE0F3CC0000A0911511E083F3FD78CE0EAECECE368EB60E5F2DEABF06FF226262E3FEE5CFAB70400000E1747ED1FE2C2F
311
B31A803B06806DFEA225EE04685E0BA075F78B66B20F40B500A0E9DA57F370F87E3C3C45A190B9D9D9E5E4E4D84AC4425B61CA577DFE67C25FC057FD6CF97E3CFCF7F5E0BEE22481325D814704F8E0C2CCF44CA51CCF92098462DCE68F47FCB70BFFFC1DD322C44962B9582A14E35112718E449A8CF332A52289429229C525
311
D2FF64E2DF2CFB033EDF3500B06A3E017B912DA85D6303F64B27105874C0E2F70000F2BB6FC1D4280803806883E1CF77FFEF3FFD47A02500806649927100005E44242E54CAB33FC708000044A0812AB0411BF4C1182CC0061CC105DCC10BFC6036844224C4C24210420A64801C726029AC82422886CDB01D2A602FD4401D34
311
C051688693700E2EC255B80E3D700FFA61089EC128BC81090441C808136121DA8801628A58238E08179985F821C14804128B2420C9881451224B91354831528A542055481DF23D720239875C46BA913BC8003282FC86BC47319481B2513DD40CB543B9A8371A8446A20BD06474319A8F16A09BD072B41A3D8C36A1E7D0AB68
311
0FDA8F3E43C730C0E8180733C46C302EC6C342B1382C099363CBB122AC0CABC61AB056AC03BB89F563CFB17704128145C0093604774220611E4148584C584ED848A8201C243411DA093709038451C2272293A84BB426BA11F9C4186232318758482C23D6128F132F107B8843C437241289433227B9900249B1A454D212D246
311
D26E5223E92CA99B34481A2393C9DA646BB20739942C202BC885E49DE4C3E433E41BE421F25B0A9D624071A4F853E22852CA6A4A19E510E534E5066598324155A39A52DDA8A15411358F5A42ADA1B652AF5187A81334759A39CD8316494BA5ADA295D31A681768F769AFE874BA11DD951E4E97D057D2CBE947E897E803F477
311
0C0D861583C7886728199B18071867197718AF984CA619D38B19C754303731EB98E7990F996F55582AB62A7C1591CA0A954A9526951B2A2F54A9AAA6AADEAA0B55F355CB548FA95E537DAE46553353E3A909D496AB55AA9D50EB531B5367A93BA887AA67A86F543FA47E59FD890659C34CC34F43A451A0B15FE3BCC6200B63
311
19B3782C216B0DAB86758135C426B1CDD97C762ABB98FD1DBB8B3DAAA9A13943334A3357B352F394663F07E39871F89C744E09E728A797F37E8ADE14EF29E2291BA6344CB931655C6BAA96979658AB48AB51AB47EBBD36AEEDA79DA6BD45BB59FB810E41C74A275C2747678FCE059DE753D953DDA70AA7164D3D3AF5AE2EAA
311
6BA51BA1BB4477BF6EA7EE989EBE5E809E4C6FA7DE79BDE7FA1C7D2FFD54FD6DFAA7F5470C5806B30C2406DB0CCE183CC535716F3C1D2FC7DBF151435DC34043A561956197E18491B9D13CA3D5468D460F8C69C65CE324E36DC66DC6A326062621264B4DEA4DEE9A524DB9A629A63B4C3B4CC7CDCCCDA2CDD699359B3D31D7
311
32E79BE79BD79BDFB7605A785A2CB6A8B6B86549B2E45AA659EEB6BC6E855A3959A558555A5DB346AD9DAD25D6BBADBBA711A7B94E934EAB9ED667C3B0F1B6C9B6A9B719B0E5D806DBAEB66DB67D6167621767B7C5AEC3EE93BD937DBA7D8DFD3D070D87D90EAB1D5A1D7E73B472143A563ADE9ACE9CEE3F7DC5F496E92F67
311
58CF10CFD833E3B613CB29C4699D539BD347671767B97383F3888B894B82CB2E973E2E9B1BC6DDC8BDE44A74F5715DE17AD2F59D9BB39BC2EDA8DBAFEE36EE69EE87DC9FCC349F299E593373D0C3C843E051E5D13F0B9F95306BDFAC7E4F434F8167B5E7232F632F9157ADD7B0B7A577AAF761EF173EF63E729FE33EE33C37
311
DE32DE595FCC37C0B7C8B7CB4FC36F9E5F85DF437F23FF64FF7AFFD100A78025016703898141815B02FBF87A7C21BF8E3F3ADB65F6B2D9ED418CA0B94115418F82AD82E5C1AD2168C8EC90AD21F7E798CE91CE690E85507EE8D6D00761E6618BC37E0C2785878557863F8E7088581AD131973577D1DC4373DF44FA449644DE
311
9B67314F39AF2D4A352A3EAA2E6A3CDA37BA34BA3FC62E6659CCD5589D58496C4B1C392E2AAE366E6CBEDFFCEDF387E29DE20BE37B17982FC85D7079A1CEC2F485A716A92E122C3A96404C884E3894F041102AA8168C25F21377258E0A79C21DC267222FD136D188D8435C2A1E4EF2482A4D7A92EC91BC357924C533A52CE5
311
B98427A990BC4C0D4CDD9B3A9E169A76206D323D3ABD31839291907142AA214D93B667EA67E66676CBAC6585B2FEC56E8BB72F1E9507C96BB390AC05592D0AB642A6E8545A28D72A07B267655766BFCD89CA3996AB9E2BCDEDCCB3CADB90379CEF9FFFED12C212E192B6A5864B572D1D58E6BDAC6A39B23C7179DB0AE31505
311
2B865606AC3CB88AB62A6DD54FABED5797AE7EBD267A4D6B815EC1CA82C1B5016BEB0B550AE5857DEBDCD7ED5D4F582F59DFB561FA869D1B3E15898AAE14DB1797157FD828DC78E51B876FCABF99DC94B4A9ABC4B964CF66D266E9E6DE2D9E5B0E96AA97E6970E6E0DD9DAB40DDF56B4EDF5F645DB2F97CD28DBBB83B643B9
311
A3BF3CB8BC65A7C9CECD3B3F54A454F454FA5436EED2DDB561D7F86ED1EE1B7BBCF634ECD5DB5BBCF7FD3EC9BEDB5501554DD566D565FB49FBB3F73FAE89AAE9F896FB6D5DAD4E6D71EDC703D203FD07230EB6D7B9D4D51DD23D54528FD62BEB470EC71FBEFE9DEF772D0D360D558D9CC6E223704479E4E9F709DFF71E0D3A
311
DA768C7BACE107D31F761D671D2F6A429AF29A469B539AFB5B625BBA4FCC3ED1D6EADE7AFC47DB1F0F9C343C59794AF354C969DAE982D39367F2CF8C9D959D7D7E2EF9DC60DBA2B67BE763CEDF6A0F6FEFBA1074E1D245FF8BE73BBC3BCE5CF2B874F2B2DBE51357B8579AAF3A5F6DEA74EA3CFE93D34FC7BB9CBB9AAEB95C
311
6BB9EE7ABDB57B66F7E91B9E37CEDDF4BD79F116FFD6D59E393DDDBDF37A6FF7C5F7F5DF16DD7E7227FDCECBBBD97727EEADBC4FBC5FF440ED41D943DD87D53F5BFEDCD8EFDC7F6AC077A0F3D1DC47F7068583CFFE91F58F0F43058F998FCB860D86EB9E383E3939E23F72FDE9FCA743CF64CF269E17FEA2FECBAE17162F7E
311
F8D5EBD7CED198D1A197F29793BF6D7CA5FDEAC0EB19AFDBC6C2C61EBEC97833315EF456FBEDC177DC771DEFA3DF0F4FE47C207F28FF68F9B1F553D0A7FB93199393FF040398F3FC63332DDB0000000467414D410000B18E7CFB5193000000206348524D00007A25000080830000F9FF000080E9000075300000EA6000003A
311
980000176F925FC546000001934944415478DAEC955D9583301085C33A4825C4C258A012A804905024800422A19540253416B01009DD877B764E0A6996435FEFF704C39CCCDCF909C6104208218410420821841042C821EABA7EE5B85EAF7068DB1696799E8D31D334BD3E0087D462ADC521CFE7538D755D67A34FD3942636
311
CF73212BF05310360C43DBB6DF57C71863AD1591AC43D334E9B30A2E64956A7813B02C4B5555555579EF61C946EDBA0E6E7DDFC3E2BD87E57C3EAB5B8C514F800C5852ACB510804FFA9A8DA8E1D206FE94E586100ED7FEF1786830C88065557E947C1CC76D433E9116E24D80730E7386C9E9FB5E5B718010428C5144ACB590
311
B12D87A6EBBDBFDFEF10EC9C5BB961EB8661484BB36B07F6D4A300726A9A46449665590970CEA9B018A37E2D048D31765D979635BF033ACAAB6BE1D814617E20265B7E11490BBCBD3974EB4EA7D36A28F21DD0ABE0DF3B618F002454989F15DA993DE477E076BB6DA7ED00E960AC8E121174268450FDA1F7CCFED12DEDC038
311
8E97CBE5CBFF00F2C69467CB9F0AD3E73D3F0442082184104208218410420839CCEF0093FA2B2C77C209510000000049454E44AE426082504B03041400060808004868B65C615CC3277D0C0000780C00006B00000046344333454444432D394243332D343345332D414130342D3442344436393132313032462F5265736F75
311
726365732F36443135344444312D334135312D343831332D384243332D4244463245373338444643312F7468756D626E61696C2F302F42756D704D61705F706E6701780C87F389504E470D0A1A0A0000000D4948445200000040000000400802000000250BE689000000097048597300000B1300000B1301009A9C1800000A
311
4F6943435050686F746F73686F70204943432070726F66696C65000078DA9D53675453E9163DF7DEF4424B8880944B6F5215082052428B801491262A2109104A8821A1D91551C1114545041BC8A088038E8E808C15512C0C8A0AD807E421A28E83A3888ACAFBE17BA36BD6BCF7E6CDFEB5D73EE7ACF39DB3CF07C0080C9648
311
335135800CA9421E11E083C7C4C6E1E42E40810A2470001008B3642173FD230100F87E3C3C2B22C007BE000178D30B0800C04D9BC0301C87FF0FEA42995C01808401C07491384B08801400407A8E42A600404601809D98265300A0040060CB6362E300502D0060277FE6D300809DF8997B01005B94211501A0910020136588
311
4400683B00ACCF568A450058300014664BC43900D82D00304957664800B0B700C0CE100BB200080C00305188852900047B0060C8232378008499001446F2573CF12BAE10E72A00007899B23CB9243945815B082D710757572E1E28CE49172B14366102619A402EC27999193281340FE0F3CC0000A0911511E083F3FD78CE0E
311
AECECE368EB60E5F2DEABF06FF226262E3FEE5CFAB70400000E1747ED1FE2C2FB31A803B06806DFEA225EE04685E0BA075F78B66B20F40B500A0E9DA57F370F87E3C3C45A190B9D9D9E5E4E4D84AC4425B61CA577DFE67C25FC057FD6CF97E3CFCF7F5E0BEE22481325D814704F8E0C2CCF44CA51CCF92098462DCE68F47FC
311
B70BFFFC1DD322C44962B9582A14E35112718E449A8CF332A52289429229C525D2FF64E2DF2CFB033EDF3500B06A3E017B912DA85D6303F64B27105874C0E2F70000F2BB6FC1D4280803806883E1CF77FFEF3FFD47A02500806649927100005E44242E54CAB33FC708000044A0812AB0411BF4C1182CC0061CC105DCC10BFC
311
6036844224C4C24210420A64801C726029AC82422886CDB01D2A602FD4401D34C051688693700E2EC255B80E3D700FFA61089EC128BC81090441C808136121DA8801628A58238E08179985F821C14804128B2420C9881451224B91354831528A542055481DF23D720239875C46BA913BC8003282FC86BC47319481B2513DD4
311
0CB543B9A8371A8446A20BD06474319A8F16A09BD072B41A3D8C36A1E7D0AB680FDA8F3E43C730C0E8180733C46C302EC6C342B1382C099363CBB122AC0CABC61AB056AC03BB89F563CFB17704128145C0093604774220611E4148584C584ED848A8201C243411DA093709038451C2272293A84BB426BA11F9C41862323187
311
58482C23D6128F132F107B8843C437241289433227B9900249B1A454D212D246D26E5223E92CA99B34481A2393C9DA646BB20739942C202BC885E49DE4C3E433E41BE421F25B0A9D624071A4F853E22852CA6A4A19E510E534E5066598324155A39A52DDA8A15411358F5A42ADA1B652AF5187A81334759A39CD8316494BA5
311
ADA295D31A681768F769AFE874BA11DD951E4E97D057D2CBE947E897E803F4770C0D861583C7886728199B18071867197718AF984CA619D38B19C754303731EB98E7990F996F55582AB62A7C1591CA0A954A9526951B2A2F54A9AAA6AADEAA0B55F355CB548FA95E537DAE46553353E3A909D496AB55AA9D50EB531B5367A9
311
3BA887AA67A86F543FA47E59FD890659C34CC34F43A451A0B15FE3BCC6200B6319B3782C216B0DAB86758135C426B1CDD97C762ABB98FD1DBB8B3DAAA9A13943334A3357B352F394663F07E39871F89C744E09E728A797F37E8ADE14EF29E2291BA6344CB931655C6BAA96979658AB48AB51AB47EBBD36AEEDA79DA6BD45BB
311
59FB810E41C74A275C2747678FCE059DE753D953DDA70AA7164D3D3AF5AE2EAA6BA51BA1BB4477BF6EA7EE989EBE5E809E4C6FA7DE79BDE7FA1C7D2FFD54FD6DFAA7F5470C5806B30C2406DB0CCE183CC535716F3C1D2FC7DBF151435DC34043A561956197E18491B9D13CA3D5468D460F8C69C65CE324E36DC66DC6A32606
311
2621264B4DEA4DEE9A524DB9A629A63B4C3B4CC7CDCCCDA2CDD699359B3D31D732E79BE79BD79BDFB7605A785A2CB6A8B6B86549B2E45AA659EEB6BC6E855A3959A558555A5DB346AD9DAD25D6BBADBBA711A7B94E934EAB9ED667C3B0F1B6C9B6A9B719B0E5D806DBAEB66DB67D6167621767B7C5AEC3EE93BD937DBA7D8D
311
FD3D070D87D90EAB1D5A1D7E73B472143A563ADE9ACE9CEE3F7DC5F496E92F6758CF10CFD833E3B613CB29C4699D539BD347671767B97383F3888B894B82CB2E973E2E9B1BC6DDC8BDE44A74F5715DE17AD2F59D9BB39BC2EDA8DBAFEE36EE69EE87DC9FCC349F299E593373D0C3C843E051E5D13F0B9F95306BDFAC7E4F43
311
4F8167B5E7232F632F9157ADD7B0B7A577AAF761EF173EF63E729FE33EE33C37DE32DE595FCC37C0B7C8B7CB4FC36F9E5F85DF437F23FF64FF7AFFD100A78025016703898141815B02FBF87A7C21BF8E3F3ADB65F6B2D9ED418CA0B94115418F82AD82E5C1AD2168C8EC90AD21F7E798CE91CE690E85507EE8D6D00761E661
311
8BC37E0C2785878557863F8E7088581AD131973577D1DC4373DF44FA449644DE9B67314F39AF2D4A352A3EAA2E6A3CDA37BA34BA3FC62E6659CCD5589D58496C4B1C392E2AAE366E6CBEDFFCEDF387E29DE20BE37B17982FC85D7079A1CEC2F485A716A92E122C3A96404C884E3894F041102AA8168C25F21377258E0A79C2
311
1DC267222FD136D188D8435C2A1E4EF2482A4D7A92EC91BC357924C533A52CE5B98427A990BC4C0D4CDD9B3A9E169A76206D323D3ABD31839291907142AA214D93B667EA67E66676CBAC6585B2FEC56E8BB72F1E9507C96BB390AC05592D0AB642A6E8545A28D72A07B267655766BFCD89CA3996AB9E2BCDEDCCB3CADB9037
311
9CEF9FFFED12C212E192B6A5864B572D1D58E6BDAC6A39B23C7179DB0AE315052B865606AC3CB88AB62A6DD54FABED5797AE7EBD267A4D6B815EC1CA82C1B5016BEB0B550AE5857DEBDCD7ED5D4F582F59DFB561FA869D1B3E15898AAE14DB1797157FD828DC78E51B876FCABF99DC94B4A9ABC4B964CF66D266E9E6DE2D9E
311
5B0E96AA97E6970E6E0DD9DAB40DDF56B4EDF5F645DB2F97CD28DBBB83B643B9A3BF3CB8BC65A7C9CECD3B3F54A454F454FA5436EED2DDB561D7F86ED1EE1B7BBCF634ECD5DB5BBCF7FD3EC9BEDB5501554DD566D565FB49FBB3F73FAE89AAE9F896FB6D5DAD4E6D71EDC703D203FD07230EB6D7B9D4D51DD23D54528FD62B
311
EB470EC71FBEFE9DEF772D0D360D558D9CC6E223704479E4E9F709DFF71E0D3ADA768C7BACE107D31F761D671D2F6A429AF29A469B539AFB5B625BBA4FCC3ED1D6EADE7AFC47DB1F0F9C343C59794AF354C969DAE982D39367F2CF8C9D959D7D7E2EF9DC60DBA2B67BE763CEDF6A0F6FEFBA1074E1D245FF8BE73BBC3BCE5C
311
F2B874F2B2DBE51357B8579AAF3A5F6DEA74EA3CFE93D34FC7BB9CBB9AAEB95C6BB9EE7ABDB57B66F7E91B9E37CEDDF4BD79F116FFD6D59E393DDDBDF37A6FF7C5F7F5DF16DD7E7227FDCECBBBD97727EEADBC4FBC5FF440ED41D943DD87D53F5BFEDCD8EFDC7F6AC077A0F3D1DC47F7068583CFFE91F58F0F43058F998FCB
311
860D86EB9E383E3939E23F72FDE9FCA743CF64CF269E17FEA2FECBAE17162F7EF8D5EBD7CED198D1A197F29793BF6D7CA5FDEAC0EB19AFDBC6C2C61EBEC97833315EF456FBEDC177DC771DEFA3DF0F4FE47C207F28FF68F9B1F553D0A7FB93199393FF040398F3FC63332DDB0000000467414D410000B18E7CFB5193000000
311
206348524D00007A25000080830000F9FF000080E9000075300000EA6000003A980000176F925FC546000001934944415478DAEC955D9583301085C33A4825C4C258A012A804905024800422A19540253416B01009DD877B764E0A6996435FEFF704C39CCCDCF909C6104208218410420821841042C821EABA7EE5B85EAF70
311
68DB1696799E8D31D334BD3E0087D462ADC521CFE7538D755D67A34FD3942636CF73212BF05310360C43DBB6DF57C71863AD1591AC43D334E9B30A2E64956A7813B02C4B5555555579EF61C946EDBA0E6E7DDFC3E2BD87E57C3EAB5B8C514F800C5852ACB510804FFA9A8DA8E1D206FE94E586100ED7FEF1786830C8806555
311
7E947C1CC76D433E9116E24D80730E7386C9E9FB5E5B718010428C5144ACB590B12D87A6EBBDBFDFEF10EC9C5BB961EB8661484BB36B07F6D4A300726A9A46449665590970CEA9B018A37E2D048D31765D979635BF033ACAAB6BE1D814617E20265B7E11490BBCBD3974EB4EA7D36A28F21DD0ABE0DF3B618F002454989F15
311
DA993DE477E076BB6DA7ED00E960AC8E121174268450FDA1F7CCFED12DEDC0388E97CBE5CBFF00F2C69467CB9F0AD3E73D3F0442082184104208218410420839CCEF0093FA2B2C77C209510000000049454E44AE426082504B03041400060808004868B65CB5A795FFE3790000DE7900006B00000046344333454444432D39
311
4243332D343345332D414130342D3442344436393132313032462F5265736F75726365732F42363844323844382D414532422D343836372D414341392D3835323034383731344635412F7468756D626E61696C2F302F67656E657269635F706E6701DE79218689504E470D0A1A0A0000000D49484452000001000000010008
311
030000006BAC58540000000467414D410000B18F0BFC6105000000017352474200AECE1CE900000192504C5445818181B3B3B35A5A5A4848486060605C5C5C6464648383835E5E5E6262624E4E4EAFAFAF4A4A4AB5B5B54C4C4CB1B1B1858585B7B7B7585858ADADAD7C7C7C464646787878ABABAB747474A7A7A768686870
311
7070B9B9B96E6E6E6A6A6A8B8B8B666666545454565656A5A5A5505050A1A1A1BBBBBB8F8F8F9F9F9F4242425252527676764040403E3E3E9B9B9B7A7A7A8989897E7E7E9393939797974444448787873C3C3C727272BDBDBD3A3A3A6C6C6CA9A9A9A3A3A32020209D9D9DBFBFBF8D8D8D9595959191912626269999992222
311
222424241E1E1EC1C1C1282828C3C3C32C2C2C2A2A2A2E2E2E303030C5C5C53232321C1C1C363636383838343434C7C7C71A1A1A0E0E0E121212484A484C4E4C1616160A0A0A4A4C4A787A781414147C7E7C9193915E605E464846838583878987B1B3B18587856668665A5C5A626462818381A7A7A5A3A3A1B1B1AFADAFAD
311
7072705C5E5C9D9D9BABADAB7E817EB7B9B7585A58BBBDBB4C4C4A8D8F8D747674B5B5B3B7B7B59FA19F606260ABABA9A5A5A39B9B99A9A9A78F8F8D6C6C6AC7C7C5451AD12700002000494441547801DCBD89771BD7B5A70B8EE04C702641712605CE034890E220088028C93245451215B713AF388E7DFD9EEDB8DDCE6ABF
311
F4B57D97137BE50FEFEFDBA74049B6AEED74869B7E87404D2814EBB7F76F0F67A8835CEEBFA0E42B854AA5B2BB5B6BCC951A8D52A93657A914FE0BEEE39FFE2FF395B9B9C6CAD2D4C4606F4B7FFF8D1B37EEDCB97587F7CD9B4343BD134BABE7DB48E3FFA7A228ECD6F6574E4786C0FC8B5FFCE2CD5FFCE297BF7CF3CD5FFC
311
92B52FFE58BFF9E69B776E0EF5F79E55CBBBF9FC3F5D3DFFB07F5898ABAF7CDA3B74E74EC0CE20230561BF096E97E05712BFFCC59BC80539DCE83DDD6E54FE61B7747DE17FB8980BBBFB2BBD4337DF487881AAE6C5ACC6AF25207877B2B527BFF1CB3B77FA47561ABBD7F7FA7FE146A5B6BD74E3164C7F51449AE95DB41220
311
0EC539418717E7F2F11B376FF62E95FEAF1442BED0581DBCA1BD2780D23F506AFA16E1A7AD974EF17876F00DD7BCB187A1A97AE51FCED5BF2BC1F2BBE5B3C19BE27B43CF26DE00933658FE129B109C2FFF922CC22C4260FA01BEFB462A77DEBC35F42F600C3F5B0795D2E9E02DAD5E650B4438A92801B65C35CBAB7B1EE504
311
1CE69D3B6F1822DFB873EBD6AD3B6FBC71EBC6C86AE967DFC2DFA4CEBFF1BF54F6276EBC114E2F43FEC60B01A0D440A868B2920E5C4BC10D60931ADCB871F3268B21D3851B08E1D6AD9BFD4BF57F7577909FAB86F29B982571136AF01DF5FE32AC3BD9406CAAF2440A54CF176EDD01FBADA1FEFEFE21FE4C9858DFF4183458
311
A9FD2B6708A5A5A137E0EE1D11A9EC0C7C58B2C73C0AD6B479BD76B7790CF899E287FA5B06FB7B07C9195B7851FA8794031EF1FC5F9406BBFB23375420286399B631E93B08022A785C4DBF9996EC3551874094D71B6F487E80F6837E50F483BDBDBD83232323AC420A18C68DA196EDDADF68A77F938F78FD972BABBDB7B87F
311
B164AC6FC2CB760365821ACB74AED44FFAD7E7431ECD7E08AC421F391D199998989A383D9D98E8E56F84A318C58D9BFD2DAB73FF5222C8EFAEF4DE7AF30D756E5108683DA471E70D0502099A7240F19E4089D3FD203E620F1B47BF43501E85031AE44B4B9F2E4D2D9D4D51D8970983FA861B3706FF950CA170DE82F6B312CC
311
4F42C8966295F7D725ED29882415DC055F36DEA1FE96FEC141493F05FAA9A9A5A595B333DED5B3D5A533F62183323032F46EFF13EA0AAFA5FBF7C8976F8C10F7280A014832593B90004D52341980D907EAEB73411EB2F1EBC9F507F92746C40E7AE0AFAE54292BAB2BAB67CAE0746264A277B06508168C94BF772BE9765F7B
311
F0B548FE1E07F3B5A521340A5CB5297C4B12811B89E82191ECF3E41B3259C529F135E23CF4C7F961FB13537F5A02ECCAEA76B5BA5D3D3FDF3F2FEFEFB3AA22053E5008833428DC6C59FA2F770595F311F235D427F379BB8A121BD901B96076A388DC4C3C61C7933CCCD770FF375A6E0CE9F535FE2534BF5ADD3E3FAFD71BF5
311
7AA951B6D4CFEBFB8864758A26154430080B06ABFF557610ECC93726224F155D1471041E0D42F82F4891C926C1355B0831649FF365F46FF05300A7A790BD8ADEEB0D4AA9569A9BDBADCCD56AA55AE377F5F3F3EA2A34983A1DE91D810543138D7F28E57FF4E2B5335A3928B76EA1CB9B00BF158C8F63A2E788826896D0B5E7
311
C461949ECE089144F8EBEFC7FB4D8C9C4E9DAD60F7FBE572B416C2F2423ECF8B86C439E450DA970634ACFDA977629098D0B2FAF313A36B3869E37AF7853378CDA1171FBEBA95DF1E44FD5144A420588641B0055A79ED91CC0DC41E27064512FB33F1F04D09D0D2DF0203A646A6CECE80DF28356A348CED8C4F1EF137B9319E
311
1BCD29867CA556AA97F7B757567006A447FD375A26CAAFDED9CFDCFB2BB0BEEE8AA5911BC2C7F85DF88A3775389990AA72219D582409210F85A4E66F2987D875C30848023088FDF77E87F96FD7CBA5B9DCCEF4F4C9FC7C676777577B7B7B67E7ECCCE4E8DEE85E81A6D55AA3BC7FBEB242589CE8ED4770E785D7DDE23FF258
311
7EBF57F50B9E820527316488E5C32D50F979BCA58207297E2B6D658702FFCD211840FE43FC9F3A5BAD9E97E6F21B9FCF16BBBB3A3A5A175B5B1787875B5B3B86DFEFFC687A72674F19D46A8DFDF3EACA59E405375ACE76FFA922C817CE86A89BDD92F400F2C55B7462F610459837D3A61ACF50C7471C8F2F2A9D38C3DA2F06
311
8007F80EFCDBFBE5DCC674B1D83EBCBEB8BCBCBC3ED0D3D333D0B3DE33BCBEB0D8DA35FBF9F8CECE68AE020BCE61C112A4C1138CD47F9AD13F7DC6AB9CF9CFCFAF9D0E01FFE6CD503F5B91C5218E2899CA15098714848B04FCE5654884ABF0E554F11F6C21D73D5D5AADD64B7B9327DDAD8B0B7D7D6D6D07070763BC0F3E38
311
E8EB4310EBEB8BC3DDB347E3E37B5842B97C4E44A0C630427E5CFDFB71E03F471E12CA9FF70E055AE141042DD81234B879EB4606361D9328149037D7D76A571A7E974FA20AD0323832713AB5BA7ABE3B3E3D3FBC30307070B0B9B645D93C3CDC3CDCA41CFC6AAC2D64D0D579B4B1B397A7C1BDBEBD7D36657A3CD4B2F44F49
311
09F2B9CA597F4245C59DEC354316F0587020D0C661742BC02869435FD12CF195C422DB3C5A3E2305C000CE6B7B27ED8B7D63079B5B5B878787C787C7C7C757C76C51B60ED60EDAFA06D67B965B3B672677080BB5329E60E9B477847AE2E9EB53E35779FD37EFCD2D0DDD68AA355B6B0D81860502B8B68C801F5C697E9AD62F
311
4B406244CB975560BAC756AAA577675B07C6D03778C17E7C95CAF1B3ABABE3E3ADADE3CDB1B1B6B681014470343EBA979F8B90383545727C63E43549D14FD0F927E5F1FDEFD7263058FE02EBCD1BDCBCA053496BD58E69BC44F9F854D4D979AE9ADB908824382AC1D4014E9756EAF9CE85B6B54DB01F02F8EA5908E0D9D5F1
311
B3E72188C3C3AB67879B07C8A0A767B8B831FE5E7EB754DEAE5261460243FFF07858D8EF0D658BDC563A2C5EF5833C13C90B69248C4DD97842B61DFA7F210A2F6108A0F96B62E2D3B3F3DD939EA47E30ABF5AB2B903F4BE5F9B36757CF65021E616DAC6F60A1FB647274B4B05B2E5341B082D43278F67D8DFDA48AFF9A13F2
311
2B34C7586C9992BA6E66CABC190E313E7C811AA57304B421A75B289B9D174CC868C24548823E230B9A5A2DCD2CAFE1F98E61C015CA7E96B083FC59F3ED06EE60F360B3AD6F79787ED278D0A86FAFE00BA9220EAEFE1D5DE1F7855939C3FCC1332426B377F692406E022C010DB437EF009803F0DCFD3B7C94440571D8F2C328
311
F115F47FD324802070BAB43FBA80EFDB92FCA1F7E7CF9FA875CBB327CF9EB08C4DE4815BC4210E2CB7CF1CEDECEDCED5B757490968286899FAF95583BF46F9393CEE6A86D6F618CAAD9BFF0BE22B042412C5CFB50556815CC5BBE33E9F61ECEC26A9BCB8145FD10590078F9C9E953B513FAE1FE387FAC246E14F9E3CE7F5F8
311
194BD6594140876B6B84C5D6799C61A16434201E5237582AFD75C07EEED9863F463284E2E13425A036BD41061259289B6BDC1ED656FC8B8592C9D00701E27CEA749F0D8EF44EAD8C1F80FFF8F8F9D513191F6803384C800097F24069C407CFAE88136B7DCB3D5D4A60B711F19070D83235F77331FD35E715966889038E2E0B
311
346EAB7936C4162043E1A1F144093695443A570144898BC4079CEF1912809A3035A1D3F361235F90FFF1E3E0FB93C7E2750719F88E7D8E68123883ADB5B18185AE99F1D11C1238A792DC4BEDE8EC6FF503DF377E0445F68FAF4E08D43082D02170F30131A154206CC559A8D9CFDD762B31273E4947A581E0D9BB71E33FFA07
311
CD02CE2A6BE1EC80167497F2A81CFA3F7EFE58D0CF5D5D170DE4F89070B0BC4040CC17BEAC6B0586C3D3FF0309BC06F44B04A1E13729929B4DF73C44070692C810B08AC3012E8EE9EAE22067796288C193B2139B970B86F47FAD0F98382B1E035D9C32FD318A4FAFCB274F2E1FA772F94411B0CD42493C23393A685B5FEF3E
311
1ACF554AF5F3552A478383374E6B2FDDFC4F6DFE38F4F4ED7A7FE838F488EA852482F412D3CB07E293D02C9F074F12E84C5AAC423271450572A385449844706475FD38DC3C22486A0639E5F1E38B0CFE93CB4B25910EF309A2224BD8DAD40C682C28341AD69047E8539A6AFC14EC573F7FAD10AE0FE6EB13E87B28E093B513
311
B5803514DE408809BC12A14876DE0A25F643009E9176D9F0C330164285A7444DC8CAF0E9FE41429EE0A2F6A6DE91C0856C501272404A8468822E24C807030B1D33D40D4AFBDBABB411D093D88C86D7205E05FC57EDD1F805FA4CED5920F0CED39157E007CE21757C5DE440ECBCB46CD283E378029B43FB077B4F47E60E9F61
311
E8D01BE017D7E843EB49F50A2028F1E442FCC90C9EE308E4C0C2C94EAE30B75FAD3A0EAFA57FE9EF960F14BE15638840EAF3BA490BB6850EDB38EECAFD21A0C746D0C4234DBD035EFC7EDD121FA585FAB73DB89FE6A03CF833AB0730E5E2F1A36CE3F202A128934B44E396961121E1F2C9F32BFCC0C140CFE22C1CA8E109B1
311
82919696BFB98120234F61B59F7BF46EC30CF067B21A33B0FB3E402448EE266CCD93135A8E823DB31F85E677434E608F53F8100BC0098EA2FD6BC01770E0F2F2D1E5452A711C4BB8486248FAD756D852026B6DC90A2AA5C6B69E9068B8F27AFABFFEE8AB36F1D23985D5960014FD711940800B560250D2272CC54FF1D3A660
311
B275AC3881E349689C1616E1E9044129D032313509DE4700BC867C71F128C400159407C761022BA8A040F40A244788808C60B3AD67A17576279F6F946923191921B0545FC2F12AC0EFEFBD7262B6935679FC7F80629160ABFAEC88E8430E76D82A8DE62ACE50BD4A42FBF03B387B37FD321B37E31C3F063D99703F5160E6C9
311
E5A300CF32A91E0A085A29C0FC507F6C21012303C6104B82C1F1E156DB3229D1A855A32A8352C9077AF733A0AFE0FB3EF81FDF2F0F82C21B0EB06998866878B103305E31EC17F4FD43831E570A2118D1667632D4FFFFB125782F96168A833DBE78C3F11F8383A79D49F58F1E3DBC780417AE6581381E8610604888E2913E12
311
492881274822C221AD04CB0B1D273B8542837460898C686864FF6F801E8269F40AD0481DFAF5E6E9C1F3BE391C325004DF0746A4E4448F7B52C0D5EAD39EC46896B888C4210D68E99DFA2820DF7FF850EC407EB55C3EBC5028611409BFCB8889C90F1C52355AEF98B18100094C9D0EF6F64FD47E5CBF3FF5293DDFB4B50DDD
311
54F351446FA1F14580DC3902C085F593CB24ACC917B213BBC11B3F0A61042FD8B24F4FB9C4556D0CB9E1A880DE89934CE9607F18F81FDD950DD0E1D143F41D56110E227C250621FF098838042BC85B5B6BCBCBC31DD37B34966E9FFD9936A2FEFEA9EBA4182E5CD3E17AE35501FCE0707E5525A7DBC64DFD077825BE37CE0B
311
BE1BBEC061410C660B6E49912665E2B3749C7C9F93834022F74CDE6CA5EB501D9CBC04B768292C5CCB84478F3CA83074092C6082169015E5800D5839DC6C1B58EFE83ECA513BDE3EFB8EF1242D2D4B3FD55AFE03D42F8492AF8A3F21444FA2FA9ABBF525EAF84C09F0168527B0138A85D1EC0443C467B28BF844EAF76323BE
311
13D7C11F72FED783837B970FEFDE7D7817E077C17EF7E2A1C2C0FE851FE4C008388C15E818958746129E1009D054B67530D6B3D8DA3D59D82D9D57CF70039FF50FFE0DE94089DB269C3655A4F25B38C49D0BD48E59F1526887C18FC5272197F85CA72862A593A4843CD25F920487DDF7AA0441A2C0600D062001F103FCEEA3
311
D8560CEC3EBACB01CAE5A51E420349F602191E5F901893142381351CE17047E764BE50DEAF9E4D8C38B6ECFFACEB141E54A6865A88A60133EE9CBB4C256930B0B168C1C3AB59FE1743FB422C7166082E934AFA5EFA3E4BCE0B69362FA7041818B7FDECE1DDFB4D022007CA23E521F0700AAEB5888BBBF08023E128B4045381
311
542FA256B0D04E28A0C3804E233A1BFB476A2F48FD135BAF9843BEDA3264EB42BA499601F16B566E72C7EA35908ABCB9176BBED43204C696AFD3D7B24B08D3AFA44BE243D88A6D9D0B6562B52F741E1610C0EFBBAF2B0829289A640EC4C8A4FF66A24430786CEBE1E1E61AF9507BFB496EAEB64F8F49B4129EBDEC065EC1F8
311
A3F228A3CD0950883B41BEC6D1944AE06147289600A7726313AC69A3F91197F1438BCB743E76F01F6EF1D1C854071670FFFE43FF1EDED702EE5A14C85D0C42DF90B86068800659AC88981855E3E774A71C0CAC2F76754EE7CC87C808D1E1E0F6CF47FD4224731337BE1E39C5010823EE997B1491BBD99FC8D8EF77482BEB5E
311
B2CF66499A8E0F7511B19B3EFBDACB6507BC78731B1B383D02FFDD7BE8DD9256F7D0BA7B46015941097B80018F700FFA024CC08078F51806100ADBFA163ABA8A3B95B9D2F92AC30BC908ED31FABE0CBEBFFF0279B675868F9AA24E9530B08C174055B7F48E4F58002F3E82F0BDFA003E8B431EB6C4A91E4D9B5FFB791265BA
311
8827BBE5F1BCFA7F789F72F75EC800F8AE43FFAEC42F13009FB905A9A0132015D0068ED7682AC608BA6771038DEDB3B33082891FAB1ABF5614F93238079726B833958796B845B731FCB86316713C1DC581B1E19B424EE32674093F80776F7E27C6FBFAC85C536CD955B96EDA2A3FBF770FF4BE11845470EB3E42D022000E0F
311
E07D161811020742162444668308801E133A4C163BE68F6826A5523071CA78B2FED51F28F8C70FE4190073A3E5D3259D7A288CD19BDE623F10021BAB0C6E327FD507B2741627727EA00D31856492F9F009D7F152D930704E642795C1C1B336E0DEBB7F0FDCB79318543B25341F36802D64A981A690B94259607DE0B19D466B
311
F8C1C5E1CEF9A3FC5C639FD6117B4BAEAB453F8EFBDA500A67E8BAF76C8A06566E36EE1184E8329419161F83D843D5DE7D8221163E145F56921C3EE383978072129E290A9B7166E63D26BAB1FCDBF710009E4051842390031845F20077CD079407C575F20364C4910ED2A574BC357630B0BCD8DE39335EB175646A698458F6
311
A346F003A93002E846FFE0C459B8006E506D79BF902908A0AA05CB5E73530E33BA1D3C2EF99C712B7C8B41DF4D2A7830BE8707485FCFAEEB85A09AB6D39BBF7B4F23E00509C20DB04E240822A4B810E04D8D53D10D504C059ED86BB8697F514777717A8F8144D48A4C89077F7EDB00E2D89DC02A7B975640A282C49A4AA84B
311
70B12BFED8EA6584860DFB7EE23FCB00C6BAF7332FF259FA3C9346508813E372F1DDE425065BB61FDF8300F7EEDDBE8D0C6EDF46F7D8823478590AE23759D60DA6B7A9F125EDE8F4A5D2B37470D0B63C30DCDE3D3D59A8D1501EB1B0A5377517BDD6E301F995E3F955F0F58FAC2E81CE172A8344AC03DC6781939D2484B8FF
311
C15E8F3ACCD3954CE19576B942D0A029188EC7013FE59AE90B71292DE774F1F63D60230180B30A2EDC65291B6211B4081128856001A680015CE000708254891851D4B3BED0FA4D7166B466BFF1D2A924885AD12B387FC0FCE6819AC3AE06A7AA4B715F0927B74D119D4A668FB54B8A8C268D8B038A207D10A7B1E95E42195B
311
695BE0240F7408B311257C23F581E987C180140C584A02B1670CB817CEC0A080F259F1360E58452013200E3EC107AC1DF4FD7B0F6D23F33347F9527D9F51E6138E31AF35F1BDAAEEEBA3D71BB402E2FB47CECEE96B4DB85536772B07C82A34F3E66D0BCEC207FEB9E70643761276F7B50D5EE963CFF80C7AF4A2130F5BF8C4
311
EBFB5F07B709840480DBD8007FB7EF3F90104908BA457D43AA2A6A02C91422285E5AAC143F3313A0CB74D9D164933B86C25587134E8D342B453FC982860D09FD13ABE72055ED020E85D3E312F74C25CB0293D978A1C4001927C80B86FD06349126EC219F0C735C8053D8F5F310817EA01F1B7851F406144C211C6362C27DD5
311
1F1E310C0102280ADB891E9B085CC528A2B1369A46BA195B9A2B351862CE43174BA73FB7CBB430A5798F4C54B7333B96C3224A9863AD02B9FBD8E63092191924E77C199D92887DA594B6DCF0112857162FD0949FE6A441F5E62E42FB2105BC405A2301A3424601DC807912CB2C39C604A27908021CDA30C4C8C2019A883B3A
311
8BD393BB3546136EAF561980FB63E9E035FF73B96D09A905ACB2C11D79571C5159026227DDBDB81396EB03F14100BEB66DE1FA9EF82C3ECCBE318119C4269FD014E66361FC8BB0B4EA9A98EF3D8848A01360430284335004C183CC25BCA82D2302EB03B8419241C64DF4F5ADAF77B533BE786334BFCBB8DA72BDBEFFC36103
311
AFB30608A0B39B58D93F0BF42180841DD26BDC22CF0A770E90240006BAC65197D90920131C7B2EB3CFD3C71C6378A305EE8488FC1FF8D391E2BDDB0F6E3F45E7C8207C419800DB410073A3173942CA8D5242642A74496FF115832A6314D9FA4257577BF7FCF8F8E8CEE8DEDE5EBE76DD3CF892BA7FB8B90F629431B5525E92
311
A15A3A4A6FEA3FDD73136172060959206591F4C927196CF645AA285CF3014630121754261C0D31E1A7E3DA2DBDB54B04703BDE3A4209F02045C4BB0F529A14BED07098A2A1CD47513DA64B512F409BC01663090796D787173B5AA141B1B39BB470EEBCF1E30F9D263ACC4D05110797CEF7B923B027F089F74D1D06F0A4D8C0
311
CDA6604023FCA45B76C5CDE0BF3845ECBE13E0C0ED73700A8A753C1AC8AEFFF1B407FC8A20F42F0D94019121DE304077A027D4112283BB8FF0072444D68AAD111D6F591BC0061854BBC048EBBE9E81F6A33A95C21BFD13AF3C7E7DCDFFEB0DE8903F77B41DF178E99C289895B0EA8CD640549D68935BA7C5294E0A1D66DA0C
311
C419BD398E6265789CA1241441AC94532A3C19C95340BEFC68703077EFC1D307B71F3C500859C11494838E902203A2BE90EACC5135B80B078804340C920C2300BCC06F7A1C71B875DC572C9BD1D84BD5FB9363CA6BA7D03E5C40FDFC54FC23C9B4B9DDD028787D89219038523BF64E638BB37CC25335937A00DFD32869C5B3
311
90C8C32FF25C8C47A7181B4A599A224A9DADB0E0406FEFF9F183B7448F081E3C55024FB33828784AB61704482CD0160C04174F9E33BA9291D58C2F1F1B1B3B5863B0D9F3E51C35C253D54A23E560E2C0CB3A6F7A81382601C2079CAE96B7B1560D20A341E85A928A4E01083256420576C2ED477E2E565FD9223BCC691CF394
311
D3D8E281501E0EE5C1C8159E92585D255CF30CC854C75318006EA4A01028EC853F9407C6053910BE105348324002260254886C156260F9189EE0F8C9A3CBAE9D5A992184568A69D5183A7DB97DB089FDC57AEE54F858FE54F577DBA85309640290F2D220952620750C5811FB772A7876D1E4040FBFC6474D51246D8B3FB378
311
283FB514F8AB3C20B8BF7DBE5DE541C9A5D3D38DDB30E00151E02523081BC89C2214103E0BC1B3D0199A08E002681A2613A2616CEDF0F0F9C5DDC75DA395C25C0309C03DEC8091A4AFD3FEB504AAC6633930556DAC86EE3561941E862C4A75DD6B6BB3A0C59BE153DFA73EDFCBC3CE2188D3D378FC976D0EF9A95B7C8532F5
311
27CE3CF539581E0FE501291E9139FFB65EFF5DBD8E0C18DE3077170A64E033FD278F18068028802F156C3809FDEB11B1019C208D020C9BA2870457F0F8E1FDC7EDD393E3B9FC9C4308E9315704233F960E554802C14716B0B45DAB5EAB5E25AB7830EBB8D25E6CA94E4AA01794FB1EE164FE9F040FE82C940A4BCEF913075D
311
087E85A7237D3CF29C47E4E676777779528C4781761F0BFBC1D3A77880E40C9A2E5109180D5255317890394229F0F082010354082D574F1E3FBAB7D6553C2113DACB97BEB5526C7C6F69F9310A94C46CD89FF8F379AD1AA035FD00FF3F320180F01417A6F255A3A8D86319FE0C0B0E06A0DCD33F79841339C01E5BBE1911AF
311
CFF7C1E0A540BFBDBFCF2372352686D863F83F59CB6865F43104007EE06F52406F680341102048A01BB048823082CBCB0B6AC48C313F3E7CFEF8F2D1FDC3D6F6F9F9D9E98D9D7CAE5EADE2A6512FAD7AB526E17F600C85550DDE9ACFE9D97E694513103BC69F8A2813176032C890C1E9C49FC09C61670FF8705B1D7386260E
311
7C8E7122C7F8208A55139E8C8D4763F7EBF5728DF9C34677364E3A3F9AEFDEC9CD95470788834F9FBEC512379890B38C94205B2557987C4186DF5C0837608DF0F9F3CB87B7EF6E920475752A01460E556919B2B64296FB9FB70DD5F47232A0F77465BF140CD001F00ADCA175090E2665A14E6329B62660E02A1CB50C6025E3
311
DA252A670B3F0FFAA5EAD94A509FE7036B159E0D1D9F2E76B7AE1FD5A606198D3A747AF450023CBDFD162278B9446688111009B4029B0F2180AE20A542D40610C073B47FEFE1416B2B12200F3C991C2F54EC2491027A816B0A34A9D05C6F437AC23462385DADD75642EDDA738AF1600DBE07EE8437804D2D011A94DF71C208
311
5EDD40266A407FFA1D1C00B0C03927E60338E3B9D8C47D1F8CAED578E06F7CFAA4BB63B175FA7C301B747CB377F45192003CB8FD34B12009224543D8604494011A80C1903CE0518C986208E1C5FDDB8FDA161686873BBABABAE74FA637BEA894A44078C19696F326E057D7F95D061A6B0394A9D5F2DCAAFE4C2388D8A6E9AB
311
7695CB0BDD0A332430F1A9333DA41D1FFB97FA09AE84E738C75C407C260408F8DBD5EDED7DE1570A7BE333C54F16963B46AB0C2B71208EA3D16EF4EEDCD7005241166C005A73C03164792151205C007288AE337B4D7103741BDE7B7AC913350B348B2D767515674EC6F72A0402BBCB41C81305AFCF05F2758D3ECAC8D26AB9
311
7606DB9581A4B7A8FFB068CD5C0604E6849046B70C2B60FF0CDDF93C13822B4E82FA0479A68220E66D9FD775FB3C1A9CDBDB9829B6AF2F77EC9E0678FB20ED8D1B1A1A39D10F9812E20D6281F5673121AACAA9C53424000DAC173F7E18C3052EEE3E78E7F1160F5AAEAFB70E0F7775CFCE4EF384DDEEBEB9C0889D5243BDF5
311
57559FEDE5F17AB21E118C4C31A3DF6A96B56AC62180293910ECD6B721047664BCFCC6B2DD3C65CA0F0C823DFEF84083C7ECCDF05898EEF158F4FEF97EB9C123F1B9D1D1A3D9F9AEC5F5CEDA84A3C96C14A55584D62893D6A54D8D2028D05C8B1F124884543F3223B29D208B04910D3FC43F5C52196AEB5B5F5E58E8E82610
311
F08C21BD443801233C0CE8BD1E40F84A1CA86001990048031ABBAB11EF83F9283EA89F181F2A0D9A9F62D94B7F625FD727E6A93F63F200F614F7CF100D4511C07DB45FC5F0CB4CA359ABE4774631FDAE85E599EA0878A3C33D5AD6430CF4C055EE5FDB80629000D7855DED3F436F3B61B3DC7FFACEFD2B1BC6FB0696312CFA
311
477CE87A87070C7998E04FBA78AE3F915A065E819FCF35B410321D9ABB308146A11AD5196CDDD7C477A171C8AFC74B45CBC6F641AB53C8D4ADA5870C02379BC0470CF83DB55F073E29CF5CE5F7A3F8FD62EB7AEB1774C2C6780B9523F9287193FD23DDB79FBEA513B45200E2E0C1B51350163AC19043C600F2C1DBF7DEBA7B
311
B9B5457BC0D840CF325EB0BBABBB786D301437000020004944415472B491ABCCEDAFC0591201CAC8EBFACBF367FE7B6E40E69F551BBBE7123E3C00AC560CE20C62436E8C3C54CC225EE08C0D74CE26148877689EDD004FB2BFBFFFBB984035373A7954EC5EE8591FE531348654514DB1D1C56411DFA2A7C212BE5ED91278F2
311
851A432244C6822C29C85A8B320ADCBDFDD63BF71FD32648E7D098CD018BC35D7FE89E250EF2AC75F96C15271602687965C844B8807C6E7729D93F22E81D39ABD62A0820C1FE9F11CFA7208125D33E96FD69E83AF6052DD32D49FF0802CD9F9DFD39260389A950887A647CCC99BAB17132DFB5DED35138FB3A060F6295AA5E
311
195BF0BB56495A5A4A8FA440026E46A047D40ED2520A441C302D240F201FB8F7E0EDDB0E12A04D8816215A0579E8FE1B1281E9F19C9900DE79842E2A7CCD48E9876EB01C75DBA0E0C8D44AB5512947A00BE7CF5DE9E1A6A6BE43CF1A78783DFD5A404E4477336C1ED8B18908B2A847B2AFE9839E891137A6673BBB96FBBA2A
311
4B8E9373B001F08369BA11BE8ABC4302FD2345FD6014A127068427D007BE28B41D9B0D40FFB7EE531FA673C8870A69135B1CEEE8D009C08042A5B4EDA314920B635BF941E7487E45256439DFE9D276295F87E698389CD49FB394FE19720412DEDDC40E9CE9C6DD605E0B719FADC416CB15AB3A61F9B5B9B9426E54F81D8B03
311
DD950946D432B40CEDAB7BB5AF11213CBA73C9BCCCDAFBCF06127C7980FE6D1DC9B4DF14832D6568FEAEEBA76FBF438300B541064ED33F3AC0B0D10505306FD370AED02859234402F6C3FED006766DDED2034D90D119057225EEE3DAF787EBF30EC51ACB4F551678BD6728E1944730C095F13E4D81A4DFFBF67C5BEE37E62A
311
85FCCEC6CC6C7BC77A5B477E22223ECA4FCC0F87E2A5E3EB782BDB25B8CFC6736A044DE5A7CDA604526361D650484FE283B77EFBD65D52C1C73C4F48E7D0D81ACF572F2E2280F98FB230508FA906B42DE240ED651B301CEC83DE1790C9FD96B6CBF986BECF3BD332C18EF627A0B6EECD5B152E02088D03D828AFFAD26B05BF
311
671B4F9A09A8CE0CD2707F67F2A4B3BB75B9ADA331C1305BBAC182FB4A79820B7EEAF73199B8404C0B81231CDCBB871B80FC41FF5860E8E108222A1A076C29E6E03B6F3FBD4F1F295DC457573C7ADED636D6B7B8C88413DDF3B327E1046AA51040B40CB50C7E3F1D2E44DAD34CFA604029BFFBE714DF0C069908027EB275F1
311
F366C132E1A7450B04011CF82B2B647CE754F650FF6E25BF37AAF65B7BDA16CAA791F1D09F6CAB989EC5AB7809BE145FA459E8D3E4B0FB47DAEF093B946FED585B80FE1A0305FD5330FEDB4FDF79FBF6BDE81D8300CF6815E5F9896552412A03F31FCDCC7CB5E32365550CD9365FDCCEC8752E943161D78047336F8AF65398
311
40A1F2E764FDA2970999F205CD2BD1F5CF496571F76EAEFA0E1CF8FD2A55FD06391F9EEF8B9DC9994E72BEBEE1FC928E2F223EBA0FBFBFB4F2DF137BC894B8087643D64ADE6EDED67F7680FAC9060239E845FC94AE93D880F994FBF71FBCF5F66F9F32C292EA900F9C1E6F1105E81C5B5F58A067A448143842008D7275EA3B
311
BA3D2516FDF02FF79260020D6B3C714711F3CFB61BFF56A826E627E82256F7400FB387FEF23C1C1E77FD6A21EBB1B2B35F2F95E7760BE1FA3ABB3A981423477517EEE36FF96F122B942F6FB64D9502BD1B9089162532A2FEFED255028FE653C9F46FA321E0B588B7DE79FBED07C44106CC85133CA65190543004D01D02D818
311
1DDDA5A9C91A7110805B7875B689FC3902200FB192E7DFD936B37B57D9C338BD49E99E181F4E5FCAB2ABC1CA7AAB382CBC7D515457CFABE6FBC63D525E5CDF74B16378B9AD6774A58531912D232DF01BAA913DFB7D3AAFF912984302B84D0500077800D26C60A4742101DE420C610C2E92FA93056022EFBCFD5BB6B3865147
311
0CD33BD87630C05831BA864C85997B8754B05167F0706499DC442FCD22592AEC2ABF3FF13F950039BF159FA9B36ABDB2778EFF83F70972B83BFD3F4899E64DD8346AA495CB155A7499F2CE39B0AAE755125EB84FD8CF8D8E4F4E9FB4B72E8F1DBCCB98B31BC4607C2CFF21C8145FB48EA0F2159F86A3098415609554DEFA7B
311
27EF1301033DD06D274BAF6821D220DEF96FA4CBB60B3CA241C021D38E1AA76B4406B4767576166766A6C7F77273F5F395291BBA19F64F2E3095C14F3E60371827741CB27E89543857D6D96BF9A47C6A9A26057840332EB843717AAD171880217B71FCCC0355AED3D4819911F79D0EA8AD6DA31A83E36C5DC2D470295C0113
311
02387069158F6C9966022367ECF1D00BA9BB95C389AE7B6105A1FB640689033A7FCCFFEDB762189103A61C3A4FEFE0D6A6B5A19EC5755A443AE78BC5E9235B047890A65919A0D2F96AA3C01CEE913BB3ED239C3E0CD8DDAB99E4348BF3F8B977B6C43DEBEFBD7721A839A63B94C06A10DB87FCBFA3C2932F8C26F88B6D6BB3
311
0C3C4E09AFE40FAB52EFAA1EC0316920E031A46D65A0FFE45A673432E907FBCF86717AC04F2CD0EF512D665FF53F05BFCDC43489F150890C60A8E0314E70A06F619D30D841189CA15D3417F3CD50191AE4396543F0C42BCFD696C58DF163F5B46D708BD5FDDA5E5E5FDF9401BC4F7E00E8A17520833D1CBFF495B5D1CE037C
311
664123EEE74737268B5D1D3DBFDA6AAD8C08DF2C0BC7A737E10AAB2A7B958990CEBF556CDBEE823CB09FB344143463C630CFFF585D330CF0320E921744A7918280FEEF981161008E9FBC78C830217A07B7D6985E83F9A79884ABB5AB383B4D7D788F9FB3D867A2112A43F19042B33A108690CF6F472F8661CFAC971478757F
311
6E6F2F7AEB82FEA85E5715941778B278281F28C268AB24BDB470EF3303E09C359E9DF1CF990D8A096106E6A66C8620DDE7D281DF0B2831F20439A30D68386CE13E002F7EDA8D7806162B205D6A19AA1FABFD6B1B400EC2BFFDD66FDF7E8755B4883C043F43046C1326136680404F1F934EBDDFDD39CB58A98DF1BD7880E053
311
2E671FA1435E9D6EA5E9071000BE8F262E7C4044FD95D5FD526EB40A05A634775F32205C3D779FDC168CD5E56BF982508BF572BDA4F6F57D3304BE9EB18149461B12F760D7485891CA47CFC44909136FBF4931716A2E100123FC6CCAA6A644F25EDF4AC980B14039009BECE8B798BF69A05DC5B6885CD23F8E13A46FF0C0A9
311
86D617F001C52241801E87C2974C31411DA3A5D7B6175472763D637D3E57C33B908F867F4A59CFCA7923375E5F027A983E18BD7BD4E6FDDBB2250C1529F4202EFAAF979DFFB1F2612E87EBEFEC58581EDB9AA95AD1D7C1905F7305BF8182D5BBB524D47C4E3B81CD843220DE1E6536497C0962C225F75A2D6A998303B23FC5
311
01F0B3F736EE1FF01200FC8C99F5515207C9C40081DF304C0A17D06E26CCBC5B3C47459308178301FA8057C2C0AE9D99B05F038828B08400F2E3251254DD7EB8BC4853B101F99AB48E387457C96951E5DB670648BAB70A7B04FE93EEC5F5B183F9739C98952C6845C380D401B8FC86E70A20744EC720E09D35955D96A90417
311
20196D183AC2CFE6AEA816652D0234883D788BEC8F5DF2615261DB031C2381092401B48D8D2D870FECEA9C3D99DDB036C8A051058030E32190976718C89F031DFBFF2EEA3D88606A8A19BD0AE305BDFD12BA4FF46F1A0002B07137989C748936E9DB2C91F43B07E4E4D16C3779CF5A4FFE8CC981F07C29E34B7C012AF0054F
311
AEA4A6A3D49D3A16D2B3CF220A029003366663053C89B3FB1827080DEC2780076FBFFD8E39810CB0593CC68B5D9009F2D400418028B0BC6CC74067E7C9CC0C2690FBB084AA5254A12AF63543B35EB40D17B693F7E3464D5094C00AA9E04E0E0524F5C35C5EC6BA94B21AAF2440725E2A9FF94FE7A8F0E769EB83FDEB039B63
311
1B18BF396F5C13CF89ACC02C387DA56DC3B1CD84B96CFAAA37B55FE723B611062258257D331F186AC93D8AD600B4FEF4AD777E4BF68F2168FF08C081A37AC13446C859964803961928476D78F68419390D830C1935B5C2A0A22A3AB17D3D6428BF12DC373B8D464E04C0A496BB3B3B75639DCC2500E0F0B15FB6F47B5A7ED0
311
183A87CAE8D535F2EDBD4B3B7FC762DFE65A07C30B2851DB890082ADC07131EEEFA3DB7DD5CD32C0860CA83CD4B7993A175F422A8149B1C1D94C1145059D9C78A8A572A90B7C8B1E3392FF77A80C50220880FF3669004E90F101740D2B808181455A044904674E7482CC3EC85C4BCE339404C0B0BF6A5611E4F9B8157BAB6D
311
E327EC9BFBA1B4557ECB609C1F45326499EFB90EE78F18227F09E563C9E63D847EDB3B68EB9C39E95AC4F7ADCF7D87F6752BB6912040281E4A0D8A8314E80D60470999B8A51FB1488A66A9F3F81FFA61C83F4FA6969E472288FADFD61B005E0EA4284822E018911828E868614DA0C36E11F3A051070BF2F0840E35F200E2C0
311
C80A776CC9E7E6841C0503D0EDF15ED9AFE527E798D23BEE5F0604E58DFB7099D739BF0BA5D332EF29F1535995BDBD0DE681C4F71DFE6A7AC5A13554AE6910963E9ABC9A0DB5B202225545F5CFACC942B5B93C207352B6E5310BF349AF200175D7DFDF78F6D683B7C87E087FA9B35812C4F8F13452CED610A2207541E6D659
311
A739441F3833CD0C9C3C3DC2B0712F62333C4FA9327C9CA1124904B4FDE0FE21C119776CB0C212AAFBA5CAF80EB43772ADFE77CD9FA8A4144C54C2FB2304C65F62FC3678E4F6C68F30FEE1BE8383CE7DB86F58B1AE0C51F0F055E188D02F00911DDB0991832228B3172B3E623E513FF1734FF414A611A603163F401BEA790F
311
C9FF7FC3FD3DB02DC00184145B850D01D120424DC03C00FCEB7880EEEE939399F1F18DBD4AA54C939899304D913CC2D5CFBC55E50C7FBE4C0E14AEEF53D6843DFF56BE2D554637EA047D3C210E2C61077875FB5B40E19F43AB7470CAFE1C0D3ED3B3B4778D1DF6D4F837C08747180FE8394F2CA1E0A46B6DA62CE2B2DABEDE
311
0B1924098580FC16B369730E9E90541D3730D47FDE16EE1FFAD3419CDA05ED1F2715C607F2E81893AFC5936303F40EB776F1D808BDE393A3FA401E1C706E154C892860AD74A2949C409E28A8FB3349C764D13E4D1D3468952B7B1B35001BF41142CAD58D6011C8B78961EACAB66E9AFBC627673B61FFDA4167950A274145BF
311
11EA17BA9AA60815C2C43AE1F648E3772E53C94E6364AF826019E723069A8AA353A3BF7FB5359281700061FF64C28C10B9AF0B70B0B0D30A31CD1CFD22F68C76DA1E44558869257892363C091D313EFA46B57C3BEB252E9C6BF5B4799EC58F1910F469E25AA17B343799DB3E33CF410061F96C6D63FA91B1000CEBB7D2971B
311
DD39A2A76361E000F5DBC1688D47CB812DD60F8001AF25B328D173A9E4BAC18CE9F1F628704330741B2649B92E9714447C68559C6CD2F681919367E4811100750058809D0230C087A89FF3C80C23C4C60882E481F48D531764BABD5CCECA308DE2F63D3BB50373D630796126803C2D1FBAC148F7592881B395ED7D26B7DD38
311
D7096AF98841CB37592561D9C6565317AFBE9FC4AF7371E060736C7635E0CBA1809FC80F544DBAA1F2F9393D970D44C0615A0C6930E758B9E63AE690F73045F0C8C0731DE9CD80F718E94652383458799E02C06D328010011C7090D8C5E5336A83D4059953877EA1E1D66FBE994F04608C4C991917230FB61F9AEE183A40AB
311
9108D032449FD1A7283DD25ED15360EF7EA9303EDDC0043403531EDEAB10DFF87F5E2FD56DF0F1B701A9F614DB17FA0E0EDF6FD0B1622A81FA3D1DE5A33F551930335C353A87F9AB05C60455193448246944A232C5D07636D864CDD7A50D0B4440CDCC465D1C418321F50E1648D500294065D869559EF3C40C8FCC6C323E98
311
9AD0F0C73142480B200842802C061008B480A9954AF282052B3AF67350FD0DD30D1F4075AC303A5D490250F5400ACF479656861E4C77AFF327F3EBECA4B57B6B6C8FF62602BF150744656A87DABD7BC6BED50527B2120C001A0B3718C74F0C65CD34F275164D7968148DDF259AB8AD6CA81CDA4E8819509B996A7F642D987A
311
401A2B04018C01E6C169A8700F9DE3B489DB2BC49C9B7B858A4F50D22AE15428FCA4A1EDB20C83492690CFE361CC7F8C8066FFD0D77AEE797977F468A36E0B0DFC87F90EE6348BC748F7CB73B5B9DD5C6EE7AB19ADBF6DF359F1DC2A0F9E44F213F8041F64274C0859A2AB7C37440FEDDD2F95BE44065F22067E3EA0CC3BD8
311
C0D8194EAB291CCEE20B9CD8E02950AD806080047A279F19024C837C848816719AC4A34DF8F0706CED904E8185753A458A27E4C1E37B5F30A104932BE140E0BF4E400160F320B054A8705042FFC47B4940810173F9C9E97240C7FCC3F3813EA239B745DE9F1B1F3FC2F9330374DBD1A7B475923F9A2ED81716D18D1B577DAA
311
B9D1A0458655AD3CA7E211867AE7C702DCACCD291E0F798013DC01BC326087775C0833E04EA3778FBCB8DA4687A0255CA0AD210C15661E4E92001A4449031D1DD27D327334BE830B64DAD90CBF537A45FBD4E94A7A88888E715B7E74FCD040E818BDC1BF5AC609CCCC015DED23877080FCDC47BD8EF3A7B783A17D33F3ADEB
311
6D6BC7AD75EA7C7852C5B6FDADA6AFEFC2D181C03F8C40DD8A4AB5024F0B72E34B57BC1182472DC80946789AFB711DB7F1193C03C893B0345F420246114D3EA71D04FBA731C0DAB0D3CD311B218F0D5A15ECC105D02F3AC32F13600084731A83220040019B03180634B5923D438300B05BAC80881F061095FED5D572A3323A
311
BD83F1D37A2301A8C930AB3F66ADF7CBEFED30BAAD7D78A06DEB6A87F15491F5AB7E25842B6B34BEFC12C8A159F187C64B3CBD2356DE5FBAB98BBE9583F0E3280C0076DA15BF34C15238145742B07080B1EFB83382F9FEF2239D003541041083C5AF9EF3C8944DC2030BC3ADEDDD9D27475800693049E05413BFB3FEB43087
311
31512F13400D06F813368A0101D8D863EB3E75FCCADED124F532AD3F123F131AB46A93DF1ECE7F96CE9EB6C365C6D6A07EEC461FC919FE288AF7AE1A7D012D291EB073735FF26BBB1C99FB706E972192819B7A34BF22424BEA1CC7958AC2E04BFC8E02DB90A4A1DD04811ACDBC181037864672C78F6C0EC3073A40CC49D5E8
311
13593B7002763BC6A909D31AC86F3F6E335C9E1C309BC58F16418642E2AF6B290A34FEDC0CFEE08FCA0F56700699CB73B9C99302AA17BD516D7F1FD755A2B32B3FBE7134D3BEC813195BD355020A7DBB541539CD2C06E45F46FC0EE08293E6C0E1972176D9B678340AA1A4823404EF79B1E2347E47C35D0A2260730E0B5130
311
25DC0BD1C07E3366E9B9D17F767405FB531070700035618606F0B40C73C974CFD321B0C174A80C0F3AA54945FFEF348F5488895713E89B5C98DA501E06D8D24FF04FF0CD7ECD7BAA755A854EC6A180AD13BE094E8D5D63BFD6DFA5F5D3E4DB1BA18FD8473DC6E17FFC9832B71A2A94D96E808BB53F9192955D62C82E282B05
311
168AA0927D54AB20A20A74800B7CC9655C8B15F62377CA4C91641F9F4D0478F4FEFDCE273A002CC0A725EC165CE3A149F0333E8E9600B2C05A7D15FD831F0938DBE5D0FF13E3C0F0765965A0961C3FA86DEEB0E28304747BFBA5FCDEE44C23544F7BB7BF7A132DDE34F99E44EC3FEEAE92F667A10F7E90B0E8C6442DF5A531
311
8B0F816311DB2E6DC6F172C363FC800EE09186BB9EC82A24C0117700CD884AA42023B81EA6E0CF8B3056411110D78606EBC5AD5417B45BCC8E61EA01C4006AC233933E35D860BC1B6CB9C9CCCE7840D2E0C1C1FFC11CCE54D59300F2B47D66A10F09D8E24B71B9BDDF98FB62A3B897C53EC88D16D1FFE8C649B17BB8E760EB
311
20B784F52F992544753F2CBF642CD3C9C70D8722C197142C567E74FB431EE248A8F3FC00377F5142144A82FFC28AC2970A780C85A7EE9146FA4B2981F3C93BCB0F3FBCB6DD3DE69C72B6073B99140DE28B8E919D9D9E7C2F5FA99FC1FFD07E9AC0965CDAEA0A945FADE52C791EA989E8E7A21A355FB37E44405D171B98A6E9
311
46DB26AE71DBD01FEF07FD378F5B4B518724481820890E7486E3FCE61A60E096D577701890EE07CA5D7F2B086040749FCEF3F81972E510A86359C9BB579883035887542090614E5C4461705D7CA1CF84DB564838606CF1597E8119790D021080C935A908324EDE9F60A04B7830A33F0670CB08605B8D01BF9A3D435693FAB4
311
FD84EF6754930640C1F9D74B052A7ABBA9F502B39DA3BF6BC7514EA4BEC71D752BFDC198EDA8DFE8F32B3EF811E4576B0A2074B99B070A069F60173E7427BDF285024E35A4418B7A412914F2800F1965C4F1120A2D5D2C64400563D5942044807BE7C738EBF3034C4A6F4D70C04ED1F97673C039FABC4CFF18866E08200BB6
311
6BDC9CCDCC3FFD1E43BEFC52C317F0F5E64900FBFCDA4DEE68768FFF46350E0EDADB7B34DBBEDE3776BC55599AF84E312229F931E700D04478D66A0D88D09B2276141AF0F8811C5F8067DC04C0F90929F7F1AC9CCD368488AFB965C97B855A3E2E93AE5B4866502E55991B82D4388614F2C36B8484A5FA06E3EFFA984A6AF1
311
7D5C2073299D9F12FD63826F67FC460E54030981684E9FBFC22009A3006962285FDF4FC84B699FB5BEF3736C6072F6844C15EDF25883037DE6BB7AFAD6AE164B367812FA8CFCA6FA25725D99AEC5C6EDEEC64ADDA2BE0056002032E1D7A20A54CF444E360D520A5B69816C0A953CE0434A8A898BF18E2B704588C01BDB2133
311
342F5404FEE698957C200EF54E31BE6DF4E888C9C67F5F3F1B41F922777E7FA6332677C20098C59F762F5DFE4A23F9801A3BB6F8A4F66E0D40EC867E92DEFCE84C714FC7CE8DD3DD3BDBF9C781B1C3B549FAD2C89D711808CAB100E09700BB85240374A7209212F320CA577222A7020E7824500179FC7096C714884BDFD949
311
9E027ABEB3CB0226CD293CAE6E0C41A6788F396606A073E28CBE5CC67D584D36CA39D37974FE1023253E3FFB007A26F657FFC901D851130DDC2BF54884F20D5D40A0B7E5C7BCC7CC87B84F2ED820192CCE1AABA1FF24ADBE1D03635B5B3B53D4A5F84120125FADC36A0E792D3AD7E255792CD5241A4C84171F1104090017DA
311
493D0A7790A7BDE6DF326180398E4B0DEADA5C2763825E43E05C388E184678C88CE6422606C017F030366981353DF03A753DBF6370879F79889DD0BF75408724DB53C5B0063AB6568D02DC47AE4627B58D7E367A6000267E7840C23A0940B992DB98ED1C4731B4FB4DCFB6D3EAFB6CAC7646F0335C5031888CD74E21033802
311
60AD47176D703960230370FBBF28813524C17FFFBD6288BB28E4F905ADB4A788B40B4A6201C1878BED224DE9906C4C79EF32EE679B9F5D3B5DFA137327320643909A823F62106CB8F9BFE4BFEAFF0FC7A6393EC7F64A698EFF8ACE31BA05ECE6DAB6DF124118D1D13F892F3D3530602E3F3ED3D59DFB821ECFA3D9AE85B1AD
311
AB9E328DE738BF55D5DFD039445AE76D0194180F57B15BEE5F09C07F952F9A10372BC894CF7DA12CF6507E2A8916E0DF430C519485C55D61EFE209912D8C32866214E121611E22A0B1238DB18E86636A3BFAFD5B4EE02FF1E505F902BDF424D0516907BFC95EF3A76B6B3872769D67E25B548F0DA46E2B93DFDFD5F2B9E9EE
311
E1EE1DCC7FBE6380DFBF38A165CAC73DF912AD76A4690D2B766A3EB4AFA2D05BE543EA20B095FB17AE3F1928D84482049B659E671A4763CFA567C08824913D37F2F92F841FC244085C1681225C04AD6DE1684831682CE0D6096B56101C0D4FB3A1BD3F11FC1105AECF5660BD3FEEDF162B0D9DEC6DB55AF27FC98050BDDEDF
311
F63ED14B01336053A19DE9AEF5F5D9E9D9F9E19ECDADCD497BCC57681922F327EB41FF681E17C1921B04FBAE371AC69E53F98183E91B84897A5DB164158BD1D12FF6F6BEF0E02847727BF2628F9FD48B6FB11DF6928C868B29590A0606F92140D0C08850DAA7DD8A5FE8A50389F61288AEB743E9C801BB67DBE0A7F64F63BC
311
87770FDF57AA73FE1F5A84F8DD3AADDFC32087FBC0A7D645C327B97D65E7A8BBA76DFD9BCEE1B1CDE3F5F7CE4E6DF4013ECD7CB60BD1239E8A4E9A5722AD9C4FAC8F7FF17B214AF8801950430639A08E3ABD05A0D94E253BD5951C885B0CE750309070555FF21F2EF83FF53F4E15038B8D8A244740A5C9CBC120043DA0B323
311
FB1DA0A4EDA268C05A304619505000BE10415DE898809DB6B66896E60AE347ED3D6DC707CB7D5B5BC374A158EDC343D0EA61C217D4878CBBDC1D85686782C3CF4272E7DCFB5E9EF628F5A95AC1AC0C6848F5771329EF8DF2BB79EFEDEC8DBEC72EB7F245287FD4B31008AB38EA4D52F2BF57167159E3004CD8950E217DDD6F
311
699FC763E9D1A0AECC701F7BD4430A3E030374066938F883C01DE40E7DAFD609345E33570F4CE6BE467FBD7F793B5AF2A9D331D86DBA7BF98067918F9FCDD609A0384B523F4413B574B818C6889FAEFC5E7B8F90CEFD62BC2C85B2478D54DD076635BE434FCADE68B3ECF1C8708E27863DBEC352D87BCC7A92A8E135700CDE
311
65BC114026DE5DB68275E656D2C0D4087293D43BB4C9C14EA83C0D806783B40DD7CD4F19EE9F33801F55A3F1FD600017A6CD5DE607783D5F74E34680E7DAB98D99F6E5B5ABC7F7DF19D8278322F6A97FDB2FADE1539BD945DDF868EE2B8B70D9EDAA45D1BB0A5801198CF1DA891540474745BF0317F8A3703E02510AE94B08
311
4221F887FE950272D62D4232781054A87C58D015CD45EBF9B70E60820A2056E9D4D619E8494BBFA68B61EBDD8CF52CCBA124BACD4A4077E8420A7F36FCDAF661E577B792A7E1B7E337C7CF1FDEBB3B49F501F3C7366C1730E793F51FA20A9C3D2E9F18E63DC277449054CEADA36DA0807467D45F8A744E1BDED725A0338687
311
03F1392BBE221158220588F30574A0B0893D0515B0B7C404AD0E7F40C11D504C49BD7DA39A85A19CD7357DFC966E5D92272FF06D59CA5A6A1C8AE30E52F1247C1F1D78F81887F9F3E387075B170F9F5EEE4A7F5BFC69DF02FD8795FCFFAB472E7C88D563DA514861B85BD41594A75F5E866BE69471110A9F75C8609C7E6BF6
311
C7C727431EE3E9E3773D2378C25226E82C08104A57ED273FE0921D6990E02B006BD038263BA360355E8DC446A380F0BA35FA9945A80CF60DFD54054202F91897C241C147D59F8E0FC67CD0F2BF377A3463F8BBBABCFBD6833C57E214AC3F5AE9C2FDE88852968F20337972C7E04EE5658223008AE82D93BC37D8DDD900BD6B
311
16EF221F0D4149045D740A8A215D4FC186C658E01994B8CCD317465828704BB630DA2243B3B4ADD3EA554A97408454148C04A1A0CAAC2E04033C04073851F54380E0BF2DFFA43FAD3D6B574F2E1E5EF6E5F4FEFBD1CA87C161FCBCF5C7AAE2F726F814027BAE10F79BC3D765D61D1803952210A9AA07F8C6BB2105B61145B3
311
24F96014EF223D4A9261080239F03FF6F4DD4975C183B887E081F7A467A25EAA0C94028FEB808637768B07400A8235D4EF33143253198900E079E3FACB0C59B00F827A5785A6FFE2FCF0C0E6F1714F11CDE5140D931D707950631F3DE877F300002000494441540ADFB08704E252AADE1BD4E8DF55796A32B9B6F17737C677
311
02E5C638682737286CB0E0A89B624D5BF28222432848C9AB8C07170C97B814FF492A61072407D638006F7C8400860444C01B1930A522788045633DFA9507267A3A42BA05925BAD705CDD3792FA23C1075C6EE768A673919EB6C3FCFE7629B7310AA794CC9C0D14A1FB88F95C845BF22543F57996E0B26C9E4C2ADF187F979F
311
8A55F11B47BC26594C52588518D25E6C2B1CCED231EA1B748F093E5726A21A54C91EF95789041030C20FD5AD68613432E19A4D0DA2505B6BD843516E10BB00AF9AC315EE9FDB39CC1F9EA59CD88F9CD071D470C86C4647FDEDDBB1CDAB81DA94034747A779F4CED497CFF817348F69F52E55490840E48840BA72DB71F3E84F
311
6DA2F4717AA928F153DA6E4C7E8E00363CEC9A2E1C8E65F298FC4A52F087FCDEE5CBA38A80CBE11FF7BC2AFF249203FFAB77A128A001B1987BD334AD9B901890A8C2005B6B248196AD09C0025ED841325B31845032E327C531C839E66DBAB39566B631C2FF0A1DA5A3CC47E665AD8751B47CFE33899DF047C9F3C365E3B112
311
78D49DF939298E09002F6430F9958803309827A7C791048CA070061B7E9A64C557D235F83EE24822E5EAB805F9862F20FC58F483DC0EF02181F572930205107E00E523861895A2811309808F2B6C14B2AA579E893753C155D2F54302007E9FF36AC5FEDBCAD47E182D91A73920CFA5C18E01F8FFF4C3F1FF553BCAD0E58DEF
311
85DD63B91BE38ECE1A9FFC4AD4A1FBA30D462C328C5A0340DFD393D3D3D3C0659195C96990F391EFF4175213BC74C020922D4830FE215E76940962BC0713A3B82784C0CB6623DC40D6E1485BAD454F6892200B225096127FBD82D2B12006BAE2E329C771E25FEBC0DAB3B5395289D56D7A8A89081B34EE06F80F819EFE75C6
311
7DEEE95D227E283FE98A7B9F1C97D2D05B4D07A469153C3DA3048EA68FA667A6D90E291C7D7E2D063E4D044964D055F2DBF3E31BB851AE9F78A0A7314F0AD24901F581D74A6929142039C65AF5830D1C809536CDC05E4BA51038F79D713DA930CF18BA3010E385351CF47F74D439BCBC793556A1F99814926AF12835E251C5
311
9BEA3C083EC2B2760FEBDF4304C9EB87B35769E1EB24B648542CFA4EBA9EF93CD42F03C08F249A2C98897D8E2225E90077823F4A52171A61219998CED6FA050992B6B0A74A2220ED12123004FB977084208F8E2AFC80F456CB110BCA647A3A0F854085D84FE0052BE31FFE7F925610BAFEC06FC33F9931BF063F39DB3D1BB2
311
0EE357F594045F4226131578582CB055A59A073AE0413989D215019B6EB8A21CF154D71164E0D8F4E730C2CD382D098DA5261456A425643686BC8301710F2C50665881399156AA2B4C3191BC555728384800CE10040F746A3D8A80A5F0E500A93456FEC52833BBB45203DACCA37FE1D3EE4B9BF0EC27ED47D89B8266F11EA2
311
DB8B5A8BB93EAEDF0C06B7AD0402B9EAC6E787365535AF19F15158308A9D9785C1BC1C01377F8C6B4D07B50DAD25649764A91DC9812C7B34CA98184084F7C01055466B48058CD44085AF26648520C85C41C67805462D8425680425559F4440F3ABBE1F3F81B1EC72708767DDC8FFB6465796C8FE310FEABE0C9B242A74137E
311
C3E0427091967023299BE5D6D4D0C6D15747DC2AEA4ECC57C72856E827D33CBD319D70FF854369EB841282F84B7CA4881447ACFCB257E252E00FBB3272120A75B99119840858486615636E0E0334031AAA8C08A62E080053A0AAA4158431EC727A084021D41CF5D630C94184F6FE7432E8F5F9A4FCDF3EA7CF136FC2988093
311
F98ED622E38E4976E1BF0CF49D2889E6DF3566719FE1F9B47A2D3BF89C69155DCF24F88C609EE551160F0415900B4C48FB013D8900A9192A700748002924771A3686A0A580FE4009E00ACC090253E280B90AC15048E047020483A038A60ED232831F2CC90498648690D960C48E439F18F4DDBEB0B6F5AC7B7B89F6230243B4
311
FA160A7B9327F3AD5D937C8BFFE5FF8B3A5E64283BEF8EAB9F71159514CFED62DBC880614AA1F7994CCFAE7D8C87057F451733699B8DF87056E1F0654B5021E38097E4E23221B810DE20559AD183A61C2C88A648DB096081E9801CA00BC1DA0124E08DAAC15FD2936905CA8DA1C40E42B13F1764E0C4015EAD7F8BFEC99A31
311
0B1B7C0BCC7746D3C0702759C89EAD57122092122D1F857067684A578F1DAB7EAC400841F493A468113282FFE42316CC74C756B1C880FE78795C692813CF4644480EE9B02991BCA257A71861F00666D9410288487618D120D0E80D7773E2B7DD180E100EC98B221C94BFC4FF531A09B986230F1CD08378A8E4D0FDD7D9B1BC
311
75F5C12EAD7FF83F3ED19EB018620303C217A6A35D826E72ABF2D8E2BB1B783F6E48D2E3F360806E1D192085D022103473A10375B63853EC54F500B5B064DBC20945B88160DCF7E4F83A0200BF6FAEAC88E9F54D22D898E43F378D20B51B5D6B1457000922202800DD401A9266483029C0D6D57ED80D42A0E6E08835F0F3AC
311
73D7FAE6D56185F04FC44472B854EB7D9CBF7134DF3DDC35A9F6B38417DD6F508B37C1A718B0D054124176F7222F62DFB327F34D451799D56216880193254FF782D7DDE26C271BF38C6E422E271CE4AB8823C9510F021126A7A944E00DB4031D013C88EA0746C96D4574069BD5439C4110403B40020C30B07A604F1E41D19C
311
21A93FD9002DFC35F23B1E7B98E95E38387E3603FE7393680410D702FF9ED5A3C5E5CE68B5827D721FA78F3A9A0C08A79722D9C9B418F46C0057BB1640C70AA4A03D29CECF33987596D53CFB27B32C3BE304C540E14BF8464E080918268D254838C91A01F0FFB99154FD8A9C0495EAA6534A6C464440B4A71E16100E740508
311
8122A35F7A511DC003D002E6C8E7E15F6D1D2FD09014139EC11FDC89394621F77B9F88EB5A583C41E2FEDBC8F82334494C0BFA97FF3C3A34ADE60385B60E5A30CF036E5E75370BE3B83AE73B3B7DC0BB337DA0045299ED0C66681E4AE223D01B1BC3BD4C921E2005FEB5114739040758189BA8A320067B62A3995E47200550
311
65AC2B4A8006BF8CFCC907C0063EACE41813C5F017065AD46CFDC6FF1BFEE052932CA3478C8E5A6F25DC8503D40F61FC1B047E4DFFE8E84407C81F1AC7B5C79DA358551CD0D13785A9AEB38D6EB68A0A8087FC6543E7471082873CDCE5CBEA1EFC5CC0579469E225428E9A43D6A6000B4219DE52E8DF00A55F4BF503596066
311
1C2DB88AC1F67C2890A93FC420193C8326409E7B595FBBBA9AE1D1511B3F6D65B09AC10A71C2317201A603E88C56CC68C91279E83F5C147787EFE6C675F00941D23EF092920330982DF38C65EDFCA89DA98E8ADDECCD77CB86D85118F3DD9884820B1128010D02F1060F582871CC8FF42024C02239273A1CC3BF71E770DFB7
311
E96081682803188118B50310BD620234F230B12711B063E0F0490FCDA9248B580D3D3DE944A30CFCF2A1E0F6E59E8FBEA289CCCC943785BB8880ADA9C2FD70F6A13F5418444E3A669273C006C4B4EEEC067827539FFBEA9CFF04D84E7F170480037005AAC8829084329899F90B5E013927F8E646514B4824B01D11F72C012C
311
EACD163B6358A4454A4221D06E68A71062520649BF9E9127D0772D6E5EADED52FF216BC2FC513C7D3C5CC4C8AF009811826AE20203B076A2AA66D8D32E317DEE0EFC000FCE16D9E0BEB17C74AB009256C5D8AD1CBABBDA61402612C675FBD72D07E633B1A42F2421208CE01397560811204306617A5141706105C9F4984C45
311
9F2D0F6C392FA05BED808512B0B9A8A9FC6CED89640EA347D31F0DF76D3D9E61E800FE9F7601BE4C9614A1C58E6C839F13A12D0EB426DE6386B82369A9E6A7F1F9146EB578A2EF4289AA109B4F6CEFEC0463E0072A05CC9DEDEDFE08407B173B8AA65399C80B2911252E6290C82CC1B8909140C11B7AE161B42B93905045D0
311
17E00CED6D27AAA15F2C2179F1E83D411A7020B9408D202381E7E5DEE5A9E7E5CDE3B186433F488AC81554BEC09BC579018ADD1DCB3D9D70F02B14BF9159A4DA376225FE43DA224FED327941705DA582B2FD1BB5DC0540667B650BECDD1D5DDFB0C7F36DEE2B94F6EE2EE4E426F20A1174C31DF153321A24114C4FFF25E505
311
475F6906D4149B21F1BD9D9DF7B059F8E0FD83323CB97991FE80EE131A9003B81C491B218B1D42C0C0D593D9D548003839DC29A740298B0C23F0CE14BB167BD61989AEF0B985C8FAC8F923A73F31953989F0F6C96CA6C4D0A9A88184BEDBBBDA3BBADE77CD8E2FFEDEEF46184A86671D7DDC51417477BE9F04804F305AC82C
311
2D018A21EA903866A0F959FBD4139916D036635EE03DDB7408BCF0627A03027AD314C09B0A27F0A79490D53839D0DAF1416995CAB24101FA63F75029D57A4CBBA9FB4D120ADB17FB5A999FC9420DFE04FA670430B90FE7F589F7FE8D50A4B5F004CE5F07EB4EA007F8AEAE8E8EF7DB3BE2F81F42166C7246FA9E62D02C8209
311
BA1024414C483498B50229FD923F2414040B2081390AAC353B5283EADA12A30B1080866D746B9ABF5BC107F33C2A015B275480759334B83AB02175EFD0DEC785DFC505E0064F4EBA5A97073A74C5C9FEC97BD25D819E28AEE661FD2732B8BBFB1BF13441B3C1F45E8AC1752BBF80C113DE960E0AC7D9D02C58C80505A19BA0
311
E84B14402601A590A4AE00A825E98C3212342302EE10FC5100681F86834A2804BC409D70270A2091DCE874B16BE0706C974EB3D26EFEDFFCA6C4579AA4DB781708469F055532A7046C6BEB0CF39F3ED2EC4FBCA3D00EA91CA68FD2B87B5C191E0EB2C300F00A1C9881F263571C6CFD83D079D09F176FAD839340CF030F7045
311
8F81F09AEE1329505150CA0A00576B56C06D58070B23086F685E44232D9D53DE3FC3731044F286D19F459351863F749F1104198D6E14BBC68E17CAE70D7AFD958E350BEBBC70C9C4DFBA075240DA27D40AD7DB063A097DD3F041EDB3E4B682A7A12A548F3393DB01945547175879989302521EEB1431B08759B632B174E0F7
311
00E774FCA1BB83F95029ED1A084288C8893520E49415E00DA080AE8027C34206D35491D050A4C6B080F6A20889A2FF82379AB6234F6710C05F9080ADF002B9C9F9C583AB220F45D618D7E7F7547FB27CED8A8B7A7D24EDA4988B0C1C2A1AFB53FDC61BF3DE50D63C560F0120B0372F0839DDDAF13E583B868717C1CB8CC71D
311
1D7F440CC82184803144196EFD58BBE00B7EE77DE8C015942357FB06FC906A5E2B8882CCF9FFE184B0035A5CF186A962A63F84B3AAEE3D5A2C830008807568B6A9F424086D2095A3E262DBF124350082C4B5DF4704A9D2C93553DE47BD6766B69349610716999FA25854F759CA9792599D3837ACF6247CE8597B0F960FA3EC
311
45B61715050260C5844FCCFEC9666BC71F875B17E3BCB4CB151405D7D08F846B4CB952248B4603CC402B609E90F0044A007FA800EC46D07A51232B00E5683C55D5096E1374DA4FCBBDE2C25A5B8D26008227CA7758033D7D70DF12CAF7F247939F93F1CC63047D63ADA0B7CC8771B234D8095FCDB577B586D1834062035670
311
E204B245EC093FCBE15626C10D210CB38A13F50E10A0D5C0814B0C4B30AA9858516001669002229618F100767AA3D6D2528595FE7A398C2D2300ED0013A0AE60B91644A057327BD3C36BEBF48C91279B45F8BD145494674AFB211A91977CB838DF35DCB3D6D6AA2FB2784B591ED785DFD7DB77747DAC9D2F7674810EFC2895
311
F9ED8007EC7885101679C06F21E4B1C8A6120956F80518D1DAF1717BEBFB5803E20C6F2A11B2E48AFF4AD2810A70054623E341B3D1ACD92DA91150DE631EEB2C28882D092049C0DD38E262A7BD6F98549930C9D44B7C37028AEA9F8C5628A2BEF5704C0DCB2B428181B1BE766F43014498D2E57791E4C8DA6BD2ABF5003F0C
311
40202E2E32EDFB02852D16C30B7F646B98FDF86C7891690043128B0A0DE6B4EA27F08C30CA34C9D0AA0852A5997F8D11A6EE84E040B20472020256F4AFEBBB74E6705A12083B249089218E6452C8E5A69717E904A3F5EF3D5D08EC1F4D4E85086B238CFFC11AB9AE972CB775616C6D1DE04DDF073B4DE3747C41FBAE607290
311
1CAD0237100670C5A00C2C3CE063610ED824826C1F6650700E88C00B62468903A0D71D3A390255AD7040048348C56C4647413C2C2561216E0C469203EF06A5B101AD40D0E207F78B124747DB5B4BBB4E88B1C373C114E0470B345156EDDBCE1B4DBDF81DBC400746B0B54E05F693707B89A5E430982C2AC7D10DFF11D5B102
311
B9505034B35D07E8E5F585757F088B390F2D4C85CF7218E8418BB4F25B885053D07D5A908326809F31D6CC6B77CC948413B28664484439D118DBAC27DB5AC40C1AD166F25E6A2F0AE82100C0BF220405323E1FF80DFC518CACA8DE1003F3C9FAE9C7B2D60703A0004F8EAEAD2DE0F5485452D15B77B4B67F4C2403B8D8F9C5
311
33558ADE058A9E177A1698F75DC0EB4C800F74C0270178C8579C1FACD025F0560844502D2BBC01E620030CB93636C1041636A693949CD80139FD15BE107F905590A292840F8860706D07E2970A2F15E5B13B87C3143CB2930374CC46A6F9B9D7A5CCCC14E11B9E879A49FBE27ADBD6DA82410FBB94FAA8487D61B51F4BE0A0
311
3FD08743C31020D6628ED20305A22C2C2FAFA7ED1E7881C438AA5B9035F20759E243C51F34D0D5F02F11403B9E204CC1686C0B6C9000470561519CBE1B0E4FBEAB37A39EE4B84C05F023858779341991F36D9D9F351E7BB3B5ADF00148D9D05784F9AD8B037D48C01BFA83D4247F03BB768BEEF973A14E610090D4B96B1EEC
311
5C5E66928F28EBEB6CF578B067DD83086081579848E60DFC7684044D8174993C39F886043481F6A2B743B18749E52447CD4D230513032D20D20206E536E15BCF7B7D211634F98FF9986287F33F9A94615A5A0A7CACF8DF5DCC1AC6EF9AF1945EB78E0A2FED1DA2ACC00EF983F9A012260BD722EF61C9DBCDD8719703ECF839
311
029010CA0B9F100B1D2842153E01A1A3837AB579516A31982FD2908A09100DAE591016CBCD4B011A2F4DE299E1338CE065DC4841BF9895D8C81714800CD08F5AD39601BC929B55D291F6CDCEF2AB40DD5D98F4E6F107C47AEE4A09A079C05316F479DAF4C2BAB83221BCC0CE23FE3D3D4C7BC9AB673D89A3677D6020F6E182
311
332028012FA0FBE0B2668FB85485902A8E7FA0BA2105C213E20BC2169211A4BABA7D693C3F1DA961F203694853137073AD5CD25F1C017DE0477626D7BA55B88F83B5EE513C41D814639FD1BF759171F4577D3CAB0C3DFF68B2D3B1F8478C18F67BEBB2598FA76A4545E9E961BACF657E0791D2373030E0EC9FAEDD17BEA770
311
3A738185D08236C407448A4CB504CBF01FF43859D3115488EA01B55078000DF085911805790DE1B41B6F8CB2889C3834FE02AFE07D85143C6C008438A944EA63E047023A7EF37E13B0903AFEA7BBAB9579330FAFDAACD540022980B65A75FBA17D388F1E6576405CCE7032D95BDA420E7DC0EFA320879E5F8B3B04C1D2D9C1
311
114210C19FCC49DC6A855E12010184DB8968109ED016E4683CD552A36B3AFA13BFC2114068935A7E774CD2C7225642B73325938052D8634ABC18DC9442BF9E0402E85B42F9F3273672DA8E8F1070405D1DC3248487574CD98092B8B956E6AFE1566530B78FAE05B4A0DE51FBAF85DD075C7E11939F80E015A58D1F87E400CF
311
FD2306C4D1D3C634380A201545A92BE01F445800BE12302AB477BD6F62600D211232EB061448A0D2B877BB940D63D059C37E0569A83DE93E214F4BD86209FF6F479C640AFF8AF6D1BFD987D029A94DB7C329B4184D4BB013BF912FB88FEEF913071A8D82B651BC10DB067A7EC52FE1B421883144C00F64FA23A11CF708BF16
311
CA59F18D4C04B8085964B2D8DA4A855187000BE440BC816FFB13374640B0EB1D0998AF38A1AEF503F14302E2811081FC12EA6CD38A63B33035125F40F170C0B0AA45E9FCA38FC6D688D48563B5C4B4B7C359D3C7AE0EFB16ACD5E2FAA47EF8307044B4EBE1C71E84E742D81431FB06B90B600B9C239E277A57C94C427EE10E
311
7826980C0136600D916A06058CBE8604DB4D314FBC014EDAACD0820F14BF75449B70339490FE5A0491221BF95F949DF1235380E969AABDBE2D32EB4403D3FDF17F42F9A0A7C28ED75BE86BDB7C7EC80C76F86B8800F77B305EB88F00A4352E0F8089EF811EA02A3DF08F7DA008F803BE4B4EF5F41E56087099E920708C3D72
311
0916444440FDFA013D4E1201414123A09290F5BD7AB729298209C4306D007BB0829FD4EC3A6D7E4F00B67DF38CA0764F832F0448E58439B952CB4F70DF964AFA74CCFDBABBDF273E2FF4F56D3DBFF2A78D42FFF2755DF307066497F44062AADFC0CC546F6DCCFECECFA232E14F408F05477D311B683A35BC245FCF8A5CD2AF
311
20022C21022266905A5BCC8B20235D6FF04019CC04058AC80023662E25F342063165956320BE50370F2A657BACC817DDA3DDD3EFE04028645780A768FE38DBA88BF2EF3ADADFC7FEACA952E5A77568ECF0C971DF32BF1D24F8486B22A649EC81B1B60315CBEFC026091CA45F858D7D04C1B437079431E63E38F880758842E7
311
80A9E03791C0FAAFE10012588C3C592FE35461A6047802BA18686887023A422A49599399893103942CF6DA53A8E387825FA0678B261F139F801E2B17C901D0F5217E07AC2401A87D0480F753FBED44FE949C93A1D042B879FCE499B3D861AEB23F9C1F372F0C24D0B7D6E70FE1AAF60F84BAE642D82F0A9F53E22783915518
311
494FDBC0AFAE7DA282E5050B703570E06319A015E00D693A6BEFFAE493941C3B08C13B96BD20D0115A9565701DC58568A3009DA13E965765C03091F0FF339F7309D44F6E61F837F1B1FF920450EB8FC48F9B40158BE89C81A597CFB0DAF5F5755D3886DC13D4479599B583758CBF35663AA234F133F91D3BCCFCE0A794367F
311
385C59B19431780F1C099131384056616E15A1563B50021D369C593FB292685A68A8B2A50A0A2085CF05434617E05FC24A6B077B990014421A68401AC4D65788EE25F737EB780D08A6E38F060F2ABD889E1B889C44852C2FF368C1E3E710D73B6589EA83F7417B341ADA1F639A23D15298F087AD0326410E116C3A1B325218
311
433C71AE62C07C1480F1C045629724A076A4BB8D622D24690486727F56108D07046DAB065000678E04C4F8C342DE27F4AC102D854F2D08D59B4ED0E4F697B0FF62F113646BC5B7F3131D4EA8BF8B265EA3F2026E7061B96F6DF3D993276B2180B8E57067587428579460551049049B074CF8B1066C7E14C705F0B39298C099
311
7C17F701097023BAC31081390196801FB0C2A12380042927503D5A01CA127F9841B460310639C674BC8CDF1A320501448E0068905B07F6E5602F8C1F07786253438CEC51AE61FDB25FF71B09893AC026A9EAE3F30F369F5D5EAEA5801FBAD3C98B38C13EE017B054F81A56F05259DBDA64FE270B1FC4C77200FE276FE814B9
311
16E222575ED717A62A92956504605268408CFE13FD61F84252228376060206802B9550F00B9D47E6AF1022538A752CF4FFF1F5931384A9FF8700EDD4FFA2B93FCBFABB3EA6C607FF714B0B8B04EBBE83B52B246092AB018C0D0002FC490849F1E214AE6FC42009D6D86616C835B65DB9862EFC4480C14137603C3089D0A558
311
8FA27E693DD184131BA4E88C35045ACEF1CDE1A82323C20B842F2419604821196EE8185BC834AD44F8E9B7549A32900196E9ECBBE20FFB4706861AACADBBFD9B56A23FFD3AB8BFACC18B1B5AC0ECD7B6AE2E2E9CCD2BE8AF1B1BC3A813B94107E82DE67A42E7CC7D4A6116700B5B2EE3C338A09B840F07C40A64800D7C605A
311
C42B72227C4C7020AB1F20056E26F542717F56534261DE3766AC10A6ED2D006DD03BA9DBA507AE0510A8B385C92363B9154167F1230C40D76AF6F3BE0CA08F8BA2FFBBCEFB09D0986550E0F0EAE2F2780CDF850CB0F88CFC2815FE87BD83909F474F45DD47F1C821DB2107A8817FD45384F57891B65F2543D0C1E20A89B4A8
311
DF806862AC27C60F6A054627FD344250718AC0FA21CDC4E28DBF2650D1B39D8B8A420C348A4F846E2BE824BF8C45E1DB8EEB52F576F47A75FF95F90FCE0FD3A7A08D48D5B9AFBE3EA658E1676FE3372FB57F0AD8D70ED4AEBA3D4C2BE0AAF1C3AD63A6004D12900CFC481A47430C9EACB390038642C8C41B13303166614210
311
592736B8603AD4FAB17189DBB32F3915F0C380795A089A15228460BDE8E52203527D41B5470901B088D84FF8B3FE2BA7F4FD30ACAB3DE0B7E2FF95807AB0010FFDE3A048F7360F9F3FB9380EE537F16F8673131325D3351A3F664022020811A0FE8C019CA17370725CBFF64132025DA1BE2555102212E80A907FB43ED80A99
311
1A8AAC183932C19AE17524B06590B6AD286EB99BAD18FF4BD64BAB519202F992A963648ED30E7521F909F090C0213E367A77D8836BEB6F34D92EDA624183070248351F1A079E5D3E7A9EE81F2CE6678F92E299EE312B6C0572C0A7B5EEE07853612403813152C7125E2022A20C18F855DBAFA399817FC97FB6E1CDCA31D348
311
434ACD0012F0D32A5456B4007E6E92D72B1A4E9971223A42C1042819E4049C0C5801300C0013FA48F8944FBAE71DAFC27F1826FA2304ECDF3F6C10FF47D5C7E49748DDD687DE8E91C09394EE0682A4F84CFD6067EEDF43E67EA46CB2F4070160439245F00343D03BF25D7E2F26FC400A896DBF19FB8D4D0A66DA669C3D608F
311
9CD048A0533621B25690EE19D5D15248E390F042B12C682511B02BFE3E5700E4C9A9B2107A8F45248FA48234FD23005ED1F4EFE80D1320836F04003BF42856D478D1DCA3ABEEE3C68F9F30C3A16E5C238EA5DE3FF37DACC2F8B7980033F47FAC34421EF0418A045394802CE032D61C70023D788136788613887C0011A4EA31
311
6E005718AE191F8D0D841B9C679CD2FC478442D005429166F5A24403B1E6ACF3298F388B6D0BA933D92339D48969A5C11F09B4FF017A9900A4F887010C474717E10F36468032FF33F4AD610517777104CD920C3CD15FC5F3B3A0C75BBCA3B00F2724863C10BCD4A0E00736C7981F2F72E4B001438B99714FCFAF713A2603BC
311
710376A1715FC602022202E06FDEBBC680A3DF1C4C095A12C50B554FE7623B50374FB2129DDEA4C392C9188077658C87F55FF92FFA507FF03FC8DFD3F31BDAB46DD51AEB03F7E1B38B8B87CFF47EA1479C3EBAD5C6B382C221C0F1B358B39D76D9D3142C4A20935F541E492E0EF081BA41B3620A8E172B584EA1485632E22A
311
8221CEDAC6110AFA4B6D43E2B76A18AB240BB24337721C9321D2C033B2D3E2641A55A400A28403C12D1DADE39AD23FC5FC08C47A64DC3FF6DFF76B5235124022D7E6D6D5F3CB870F9F31C96FE477FAFE54100068A3A87FA5908A2C08011CF31309C10025B089FEF9C510522B8DC07C30AA469841723A10C08E27F00F7FBC18
311
1C083F2809EC3B2B328E294AEAD5A071B3A95C81D2DE3F930372D022C9C793535B92FDAD5426E90490C3C81D000017C6494441544698C416520C1C40C71FC204B22448FD9303782FBA67089A1A7D4CE38E89050FEF5F1E078A4DCCFADA058032C34C1CBC2E1202B1F8962B1A8024F0EB7A11F209E96FB369D4B64202FE7BA2
311
30AD24C46413536EAE955B341B726C593B5D4630C0BE822480908522B0D85430230352618DCD4F7BA6D568BF4343801480006658EA3EDCBFFA9702B4FDE9022163C43F9B72B58001A23FCE6F0B3FF0E4E1DDFB9801A6FC42FD0132CC1F2224F89933107AD30B6C9131A53818AE944BE25A70810821C38F098411980E46D108
311
F483DC63F49B91B852351604091D60546702F58A3872A1716411B642C7629C267E64E77719F46B0548FD6BFFFC86A38DBFADFCDF700228C124C8664FAA02BFB1F92B09800876FCE4F2D1C3FB4FD0A44E0106A8DB8079751CBF0BD9340066C3D52BC64706467C05B5A54401BE4A1B0132A55EAC1CCCB10D378A3DFEB9812022
311
327745EF2102886A9142C812A1A2C9708027BB55B7006357459F9C2080E0BC34489FC629510F3017B62D5073E2A2C64048A0A42580E413BA9E08274091A398EA80B5BF31C87BF5ECF8F1C5DDFB4F22AAC181F070AAFDDAE5650C4000516440D8806786D874215149E69ABEC43FF0EFC820FEA112B0522003C84BE03FB76623
311
513B6D840820358B084119B0CEC8C00AE888826339A54091F5FCA513AFE147975BB1A86FC50618D9D74502F0C7C8815AA306602FEE3A5E79E0D7DED1B221001118B73182CD439A092FF801105D1AA14E1918EC282F6260869D55108065988BD67F68E5581720A708051F7C8070F582389C682BE53F2AFD85853F2A013D2156
311
4028E06E79B7A71E43212180A81541EBC88F451E02385100491AB0C4A3BC5309A95911E66D04C0B448366988ECD204C2FC930F8CEE8FA410EE4C25B58DD1B6EBAD83F6196670F7DE635282C0A56A851AB035831725F0471A10FE52097089C80495804100318405F0DFC2136004B4C40705EC9154315129205EC35793003568
311
8F61AC02188250CFA9A980233925F16A117A48CA54DAB6400221976B75D863330942E20EE3B00B08FBB71AA813B0E502FD2B023DF70114E0D7DF2E2EEEDE7B789504200112075478F2FBD6897835C91F0C20782401E801A2F9142700B74805703426023A81CC0BE88B537D0003E0C5181D29EB8D83050964DD2580910A1E7A
311
8138F76253DC01DC2F3824391AD748276C0B0CDF12366625D038603D0003E0266CB42704C8CE7FA7F11B4D59C0BF454A78F8FCF1E50513715D469607031272358F04E0003C90107223A581218F10008B10247CD20D860FF0BF48801040B361808148714764028EAC137E871501EFDD97C89B52107FF1235B0928C562530082
311
573CE137840EFEF82A0BDC602736C595912FBEC69E6A3A26903B3A300C5A098A9E3F1810CDFFBA019D97B4E7A7A075850F2E92569BD960CA7B8304995FD006FC4213BB1448A6F4BFBB3A9F9FC4962D0A1369129B10073771FEDA38B1737B663A71C088D8848027FC3008DAC4E4397A6F76271DFFFCF77D6BD7F1F67DA51E0E
311
08875A6BAFBD6BD7AE52CC04A0B4A2206F650EC412841A48258258E8662C3838FBE21E25172C2A15A4F78D82DCF68A005DCF07047C183E1CE47731BBCCB5469D9169E0D588945BEB637E87802A03D88FB82486210D28FB3B858D13DC7CE75F5E6F3B03C1744D30CC58C7C7A256146853A05243060B850072A7010CA47CFBF9
311
A1E24F414037B8781E8E9F219A774B36481CB43E48A79819D638C8760D672FAC19FB9D3FC5EA9158DBD0159C27860409682E8FF2595652FE189D2CC2D7C023E944158355806FC320087CC74116030CC376C559C098B93A041C5DDA48AF33827D2327DC761D19C17CC62780D82A170E6CE7415A5E7FE825E053048F88D2AC2A
311
561CA4D4C60098DA28EF1A01382772484698F60C8DD24BF396EA76260542810A625978C03580A9CAB91D10249BE579B0377A3DD15749A45F24C4D81FF3D7D7996F6A1690288008C0FF6CC186DA9D5FC95BB09B1301004B016E707FDFED306A1BE8FA208828F00BF342186839839F1F6FA338DC5A0200FF383DE92614C03A45
311
08DA18F4D85F9354F7E867AA77A42FF49BBE6757A1A7454448D0BFC3C220714FE43A3D8F1547BE10F0BC5A05985AC3C28829A06FE24CD062700601F4AF12AF99099B08E7071DC4626A97C920C3FF96E190C9D1FD7CB6163E800D79E5F3F10A9306C02B799E80F1AB380E0571A584C0370A220C3125000B500900D96FEA4040
311
9F980E2083E4EDF4D8D2480AE5667222E020BCDAD4EF19682120818FE18EC7FD6AAD67C03F7DF1955E697456F517AC4F24700C30171C67E9168B109A4F60AFA60F98BE30941BF776DBC7C70792A2FBE98AAA97224F8BEA39B47BFD14A8CD03320DA2B676E3AA397E652E30A42CE2987B7DA1EF7F75242413800A04C0270C62
311
A13372400B435ACD84B8B5009208F5AC73EB149FFF3508E21C2201E0338BE07E50EB47E7FF6D97724A601028C5519073E7978EC88834410450E074DD58AD13A4900103A6444A9CB99103229F0EF8C0C78161EBC68137240734CDCFC349807851E0EB46CE864D2E405ED341B71A390CF2DE20CF5193189E1901E866D0230409
311
684B193D17E2928534D04240937D3C84477494FC5E0FE0B448E35AFC19007926C1C6A6E622FDB8A12E30993C6710E070397C4B26304C0AE38218D19F01FFB15BAE1C0E7E74DF75F2406E373C414E848FF8E500EFAF3C1029C9C0ADAB2313A7426CA9B2C1B9E30032C84EF31A09A88A386F136E8C2F1D582EA0459207015F10
311
F1F001F0B1B7DF7222011EA2001F00BFD36BAEE0850928B08C077030FE3806C880EAA74BCE0863A952812E6008B3A89199C1EE918AF96AF583F1A073B0A355B9D861AF1460DCFB3BFC6B7EFDC834B09700CBED3510E48DC7129041C991F06BA5006CA6B5B34EE21501374E8DFC910042036111EC9C7CFA1C05D48A7270F7F8
311
35BF04A4194DA4CF76CEC66718C84CD020D04C412AC848F03E3C61A1C8D50D0EA6838A00376054D3DF61A0E393E1F8B058A6C994093476D601A4A06F0CFD3C0A6BFA910E75CC10400A80FDA93AC9B5EA4303F6C0D188B559086091CC5910137772E14F2376D03181B5CFE74C0EA38440D0AC256D6C4D104CE05302FCC00B60
311
B9CD4D71E08BD40C144A025E60D4C1F45FE846A2105D717EEA84808A5DD90A168E133640311CF05DD870768683F5D2F1800F485AEBE5CABD8FFA3C0BEB33702493AEB551B1EB035EF5C8E5757FA7832141F88E8578A363802B560007AF93D7D470B478C4D00B412D634C9140C4F9275C00DCE8DFE3C7F8C0AFBC5B2CE82E3C
311
3BDF393D4375D50C43CD1C17E3777CD2C170725B7B42B41DF15BFC344DAD089C1E9118522B4A2C60B794E4E8F33081BB7C8CFCEEA0B2015E49D586429C6C78646180B7710E06018A3082243C275F077FBE412C17DE80D3E6B9462C5204C5D980D1DF84A864401C483CD01B143F4A4868087A0F780F37230200A4FBF6AED325
311
114C367C22512750A5C7C3E32D545CE20A0904183BA10015DCAD89864B3E1EE97EBAE8B204266A48E010511838E2FE413FB116E60880C2D8440AC3880DDA6DF6618C138CF1CB2A09637E18D00F80CB0DC05322E31EADB8081C29410903F06BFCDF5AB46024E4A75828056440503C707856EF0C037623DD4922A400E8A6BD75
311
E4D2800905F18450A00CEE88860C8964C7B3F90F56528BA18F71CFBBBCD2D05797E168FC37DB26DBE0DD2EAEF39686C18440820013C1444055402A541400DD362A0A402F1FE51246404E098249FEE30708C10CA0B54601053159480C00BAA9B1223A773234FE72FD5C3BD81804D8D196FE3D5315A0C981D88D04FA01DFC185
311
CA93F9120E1F480B08063364A0A318F08DF95056E4C91F1150D31B011200383502E079EE43CC18603AE2F88FD139C802A739F208E88D06DC78267C448C27C4113C19B0F51B0E9C1C021CF8F9167C6B1F2E10E461002910105D1042792D1CA303F469714C018C23D72179E165049C40E801CB96CF334562E5807291D1E0C70F
311
E6CAD91656715F0E5C5E70F8D7F83290549B1BAA6F781D25180EBCA93EC84E72A74081CE3020789B3790E1A9E478E658C099BECFF01E530E80EC5FE31204ACFF70AF8177A03059240CD074978A002A878BF883FEEC81DD684E406CA630ACFDE87292822A11953710F000885D6F68A67ED40CD772B0828359B753F7CE23D947
311
9AB9845771B389D6A77130F8C134EFC83947392029B10E4425440A84AF0E54825228FC1634D369874739C837A9DDC83C20D320C36042610ECDFA750303710224D01202488012CA847424F8D53F78AB6BECE9B3B35A7F32396AC6B7444566327DBB4DF06FD9616744F4D3A397EB3B0A3FBA8D763702883ED742FE5CD24146D8
311
E353ACCF811C806AE09914D8446E93840FF4D6C963FF32BFB6AB015D1D3B0C9A0968776F021F21404B6260CF84A14F35180CE20B5E85BDA2EC91FD5A7DBA7E5705F4F0F97AF26CE18E3BA078138202400A62930FA6CC7882F911A92F33E547E64990B0F27323D73B6222863F86425153FA8009361C675554C25382CE148420
311
C8DCC47A20122806CA178A0918C14CBD33440289078A00EC6070184CA9907FD0A1270478E0B325B67C2193694EDB7DD0F3C238447C8A11485562FB4902134E6AC952FD5320A4F7C780882DA9684285CD81D278C0E8FF8DEC9F45D22DC3C2CA99C2728110888799575B6834BF22B0F01EDE72D7F21B672C40F0A972999E2200
311
B7C91403F9BB3D09C01990819238CBAE5E7510D7D57450507E3DB04AAA0A3C280064E0775380C8C16EEA4834346A04BF0CE847B4B3AF760D06D24BBB267C32E2C9257DE5EB748AD101AF1FD33265E2B674EED8C01A0AC901392211011AC810560F77778E85B13BAFE3E25C95B70919A4862C15928BD8989664AD8638101D00
311
9A80F00BDC41AF27602A4BDA0C077E550048E7F1011410F01405045E1C140B4D0E70E0F6E034171C3D6FD12004FCC1FA304312518910356628A4A326EC9ADF5DFFD1B2C0399503F14B4F8E3E0E4E39A06ABCB56A8014687E86E462BDDE5124615ECDB412B7314F62E6E0C76ADEC0F717B360E741960104CF1706CFA18E0605
311
004B01AE007869B095ED92144A807841EFF2811C047889A04901C809062057192688C92346F97F279449F89B113500BAD282D1DA80A55C27EFFE02C8D4F395003F285B617BBF0831F49B055342DDDD414378E8888E92C16789F269A27C9A221FAA4A0DFDDB9F935B2ECC04DC51481558A69301E0460B02665AC4DD30C03D48
311
0866C3409400051811876014C0F294C542821AB045011A3E3F09001FF304E3A0BED05CC11A811B865001769507FC01ADC611F400CF68C7B093606E30F3C7E0F00C1D10C31951C1E2D7252181DA00345842A19130715C736EC9ECE686A712FDB31E4D3E50AB336E5666D7B212C0113C4A4406029709B43D0228F3FBAF49921B
311
19CA0C82A2D5BC4A2079809240F37D3E10F9637607C3983F0458508A98B8B4EFC92AC13530180CF55359500080061DF59B98BB3FEACEE881DC8127F182A885A86FB12B43C590A4380504E32305E3148BBEEB2D2782029765428092545BA5C2C681FC5F8E869C0EE1034A822FF09A12C94084505AA868080303473F8161F7AA
311
0A6610745E280BE4427FB770106F8800EADABA19F453210435BDB2348471B13B65F2FCB554827632C4C44467333E4127095D22092ED492009930413251B5408345065065E415266E20279A40B3F520370BE2050C8360E6BB4601C1673B9BFE007EF5200B6483CD195400A783E6DEA0653515B0FCE8E86D1618FC1EFC15C2E7
311
27F24F2A2DAB57326D8D0877D4E298894E7A0C3C7D9CE8A0E2D17AA2020FA1097D6372F2A9F955060FDD467AD0426368C24A8340FD0D6687A76316DEF5179ED9042005A2BF02A5DD810A4DEFA4A8F700EFC50FF4FB8C06410F0303C106ADF8852ACC6A2CA9046E9ED070739339857222CC009E206479886EA26227BF7A341A
311
15C351A8404A6C10080A2140FA4B4E8D9B9A11645899332363FD69887F436A660566964250FD752E787B64BCF8E6C8190DF8EA0C854C062D8A5A1346F810414313E606ECA0AC3A01D6928544029D5F42E202C0CB386F880F7842A31287061F32F3CBE09F2950783394F2F2B23D85386C6F51943E99DD10C8A0000BA9569A14
311
805693274BD0E4F4DC3F28E331EEA91C4F33ABE057889BFB92819187840A08E57A276A8BFCB75B0342668C70C565C8059996D209C2800941A21FB82B2F520BC2E6FE6F1A8827043DE17000DACC8193E78BBB8DF1467978C06F6AFE986123E3A95272CAC122046F4C65C4B88FED2F1CD1D918F7CDBF8903BF1A90057D42F4DC
311
133AF804ACBB58446A0DB78806FC053FA1E45D0AF1112613CC0DD976C5E70AD3282F42725C0D02AC8588DE451B1C01ABF063E7748A3882F0DD484BB78D037F9812240EB88B6034C0AD53E5116D4C6D920C6A89F084E6D0598AD7EB6930CC7B293E27A666E5CDFE9A3FA52FEB3C97976FDAAE9A60008FCA6B33099CF9880D35
311
D419FC687D424378E3099441E110C5B3C6DC311E6653514A67A530D863326C4D8430E0C28024803B5B069B0E60C10EDB6DF087034171DF01F1F3404B27B1056D8C0E56E7CA6056E7798147BE4C2F01CED5987E413AC6A724876DE3F599E0601CE7B9CEF3BEB3671E12DCE8AF9631B8031D3F360B6955DC2342B2A0E4632A00
311
264C0DA002220CFEC3E10D9BADC8904D88DC51928593AA16C91DF6FFF82B3234404C7214D0F8608E0052283EFB2B0563F1D072936C4017706010BCF1B16CDE0C1FA9C777E44E1F5259B0C9BBC8794A82A6C182A3AF56B16921405351FDDC91B5BAAA617860E8D76C97C377FE701A4EB4378FA97C2C8E3CC8950886C6FD93AF
311
70A1F5F676B7ED16CBC56AF5D09110EEB8607CC08A795882358280DDB98AFFE7087C6EB593D62F041CDB4018935238E73F1098100D0C8769818F777057F64C703C6530E142FDF5C837AE1CF66C94C4887D3A3726AB990DEA248F73B5D32C8E04F6714B1E67C53FC52040252E605B322407CBF8C7F05453462A295ABF4D9559
311
2DDD76AC23512E9A2DF964715C80DD752CA8E263AC36F02C3C28A133EB22AC8D099BDEFDE28C3E8FFEE3815D5D00C17C00511058354D62443C1A546280E43572A9C661A34FA5891F8E7570608C8DF21DF51DF9D2A84D4501F41B8CD4F4C9DEB2F901E810C0E4CEB6EC08DFB06341C864CF8D0EEE779A606545E1E64AAF30A4
311
324C20FDD3BD558BD966BA994FA915CD162B1978642AD01694E533EC190368A68234657085B5F88E27A0805E04B8BB6A00A51646EE3C10A50FF007FF410F1963CA69BE2002F0F902E701AEC995FD41F83A3F0C3809A3288A083003A6CC2A20E6D703EE48E3777AC07ADD51EB6101603A9FCF17B3D5928F6D742EE7E4CF38AE
311
2B03C5FB39C81D7B2978FAFE85AF3D2710B0582C970F0FEB0E4D1103B8BE2B4D560CA10002FC8F334C891C07B44FE06B2E3ACE5E1E2D1FC32203110ABF9CA0E8381F68EC3C06701328E5A38278A5FCD944CEA5283DA933DF2A2448BD23F1C5D8BE04CC2DC3B43B3EEC29F8B5FF926D11D3E97EBF7FA1BD1E5E5F5FE6D3D972
311
F548547783146ECD84873F377C5820F7F9FCE5E07378D6CBCB7E036DF7F7104079A05B77C6942D1BA95D47424BFC3DB6411009A42E207871B7EE9B06614BBD20F22F7523FB985F3F7068E37600273A3ED0C1CCC380F6EC4AF01CC1CF95E4848B7BF950AD14C44F10460221E02D21D01DAE800F323704C00035DFE97CB37F79
311
7D3D1C0E4FBF35EE1E5E9E0E879FBF3DF6F474780A01FB3DAF01FE0C0798218007C2090A3008BA7682A338F4A8804A06CBFE6A80CEC766F49853F15B2F45FCEA3F8250012841315016E75E797EFEEC4ACA6C79F515CF1738F7C36E2406071051043817C9E8C5888D49D0332E800062FF54FA562BF7446CC0BFDFBF8603D1FE
311
FCC9F7FFB5A7F000430755C2D3F72F2D02A022820897ABDD44594475BDCCA4A10AF34C06B08B4AB58BBFAE30999DC66C7CE903A83CF8EB006EEEAA063430F84B05F0ECF644825F5E95073870E72A0771AB89B080022A0C5A9FAF34C89286257FB7BEA000EC65B59750C68E0815B0D9834B15606328F80709DE09018AC2A781
311
7F83F96DB3D562C10A0A31300230CD4200B87F85808BAF64D04600254047F9C14DE93464009E7F5AABB4FDD6D55142A2C0BF1541FCE19C20C899BF4F76AB54B84CB97F88F48ECC029FD253F0C70DF4816B9AC94BCBD653B1A283C4001A0337955E4AFED3FB790B6B1F5EA0B5514074103A38D84280EE0F5F9BE974EAB2D16A
311
B1EA969684B6E4166CA28264B300474C7308D20013B204A65F82970718D05678B3315D442E1C0A327E2F56556040C005D2FAB1326A68A07507C9E46A3648555A7080F5F50219A00E6222E3E0862CE95B5680930530742F1D041805E69B788161F015944D041182B861A2C17F3AF01CF5BFDF6C343F9171F5B004BF59C01671
311
9164B888EA206A02AD05E8464D06B48E4381A0E9345FD171625AC22198F57C003BEA5510F81FF78D31C9B033D0030000000049454E44AE426082504B03041400060808004868B65CFD2AC7A5AFBC0000A5BC00007800000046344333454444432D394243332D343345332D414130342D3442344436393132313032462F5265
311
736F75726365732F42363844323844382D414532422D343836372D414341392D3835323034383731344635415F506F7374323031352F7468756D626E61696C2F302F745F507269736D2D3134315F706E670090806F7F89504E470D0A1A0A0000000D49484452000001000000010008030000006BAC58540000000467414D41
311
0000B18F0BFC6105000000017352474200AECE1CE9000002E2504C54458181818558428D624A8F624A8B5C448F60488B604A8B5E46895C468B5E48895E488D5E448F62488B5A42855A46895C448F644C8D60488B6048855C46D3B39D8D5E468D6046875E48855A44B5917CD5B39F6E6664706A68D7B5A1875C44B38F788156
311
406A646274706ED1AF9B9362487E543E91644E815842875A426A6260855A42875840895A427872708D624CB38F7A855C48B18B7489604AD1B19D8383836E6460D3B19BCFAF9B91644C85563EB7937CD1B39F875A46855840D5B59FB18D788B624C7E5642726C6A835A4685564097684ED5B5A1B1896E7E5640706A666A605E
311
875A44AB857093644AD1B19BAD8B7693644C916048815A4491664EB7937E746E6A8B5C488F5E46B1917CB59581AD8972B5937E8B5C42AF8D7891624A916046D3B3A1AF856A6E6662D5B7A3D3B199875C46CFAD97AD856CB38D74B38D7668626078747295644C81523CAB816AD7B59F6E6866B58F78D7B9A5B18D76D1AF99B1
311
8F7A8D5C4481543EAF8770AF876E858383B7917A7A523CAF897493685066605EB9937CB18972665E5CCDAB95766E6C70686493664EB38B70B79783815840B58F76B9957E8F6650956A52AB8774B39381815A466A6664895A40A9816A996A50A77C64AB836C6C625E875E4A7C7674A97E667A5440625C5A916852898585A578
311
606E4836AF81667C503A8F5C42996C56724E3CD9B7A38B644E784E3AD1AD95605A56B3876C5C5652726E6E878583A5745AD5AF97BB978187624ED7B39BD3AD9176503EB7978587563E935E447E7A78BB9B87744A369D6C52CBAB99D9BBA7CBA78D58504E9F7058D1AB91CBA9939762489B684CD5BBAD837E7C918783A37C66
311
AD7C62B98F746A4432B58B70A37056D1B3A12E1E1A8D8989C1A597623E2E998B857A5846D1A98DBD957AA5836EC7A189CBAF9FCFA587A18F87C39D83815C4AA793893C261CD1B5A7B18366AF998D583628302824B79F93D9C3B59F897CC1997E504A484A42404C2E22AD8D7A746C6838302EBF9F8D403A386C584E8F6E5E8D
311
78709B76669DF1924C00002000494441547801C4BCF94F5B07BAFF5F2FD7475E907D0CB631D29C2F12C658B165F381080C6195814672F880E38AA57899281C0412E91597259D12D04491288524444C5A458DD24C9BADA83F24346D12A549AB6C556FFB69A35B659A69269D6A6EA5597E88347FC2E7F51CDA99CEDCF6DE3B5F
311
DDAFBE2761B1F1729EEDFDBC9FE5F8A9A7FEFF38B6FF676FFAB77FDCBEFDA9BFBDE37B4FFDD13F7CEF313FF2EB7FF2AA3FF28CFFC1BBFFEBF3DEFEC20BAFBDF6D183078FBFFEE69BDF7FF3E0B5FFFA19FF83A7F71F5FEABFFDF6FFBD07FEF0A3B66FDFFE1A427FF4F8F1E3AF7F2FC7E7371F3DAA7F74FFFEFDC69B9FFF8FEB
311
E087CFE1EF44FF6F3DE8AFCFF9071F6E3C51647EED0107A6FEFDE772DCBC79F350637D7D59FD5863E3A3C6FAFB7BEFDFDFCBF1E8F36F1EBF4634FCC7E387EEFB8F8FFAC17B7EF4A93FFA871F7C997FF44EDCFB052CFDE0F163DCFB5B991FDDBCD958BFA3A75E8E8AFA9E1D1515657BCBAAAA1A6F72FBFEFD9FA2819E1D8F7E
311
FFF583FF6FCFEC1F95E41F78FCF6ED2FBC86D45B96C6BBC5D2F53BC4B4C6D15356565556D6B363C78EFA0ABE1AEB514059454F4559E3A1313453FFEDA3EEDFFCFDE37FFBD177FD51E5FCD01F7EE8BEBF7BE5FFC643B69EF1A30F1424FB684B6A89EA3F7F7E470CBAF77E4F8F08F4BE21D5FB72B45554F49C6FC3E2FC794745
311
7DFD4C7D6363FD4C5559C368D5E8D8D89D438D1C28E1FDBD3D7BEFFFCFC3C1DFC9FDE339E7EF1FF8C3B789EA8FF06F717003C90C1F47F2478FEE235E595959DB7944FF977FD92B922311B7B88D0ADAE49B68A0DE8884C6FAC643338D555533333387EEA003B91FC5FDB4678701893FFCE6FFF5BD3F6AAD1F7BEAF79EF0C3BF
311
3EF514EEFDC20B1F016546CEDA726FA0ECE69D4358125BDEC47EE2C704737D5555595B1B2AF8CB810A50C5DEF3F2ED7D54206E2091C0F3782E40D853D6307368ECD0CD9BB84759CF79DC063D187EF063A7FCE3F7FF6794E26F9EF53D517FCC2188E9EDDB0D4B7F0D7E1B522363458508B41709CAEA1B6F1E1A9BA9AAAFE237
311
1104053472FF0E242C6BDB32BF88FE7E4F85F1C3B8879B6DF8C868993C90273C6A2425CC000F3333FF7BECD0A1315E0CFDEDE5197B7790161EBCF66367F737D2FC4F3E48D8C977F4E45B28134BDF9CE16C3973B16E5B85A8A06C473D107EE8100E5CCFE9A301F1811DA0BBE8A6AAA702939FE7104F3020417E318EBDE78984
311
8699FABD6021F2A3C53130B16CA66CE6D0A13B63333BCA7803C365F6DE7FF4FB07FFF6C2DFCAFA3F73EBFB0E201EBE454FBE364CFDE7CF3F7F2439ABB191F48CD8F555636387EE60EB86514EB24262B9A24C54502196BF43F48ECD8C8E55CD8CA183FA46641727A8AF6F28EB21127A2ADADA0400446908C56FE7CFF79C2FFB
311
E78A86061E2339F066E3D89D9B2482C699329E3B76670C50A8EF39DF431CECE8E1853EFFFDE317FEEE74BFD5C1DFDEFB0F2A662BAA25551B42E3E0376F42CA38A74337C74484AA2ABCBB0CB4DEB157606A6C6CE3D0C6CC4C4359033E70BEACC708D5BDA201D1C1A1B1D151CEBFA2AAAAEA260E51812390E31B7018E4470118
311
FE3C666F3360BEA7E7FDBD658616ABAA0E096AA036F47DE8106F565F553F3673E74E63A33CB561C75E51C10EE0E0A3BFD3C15FA5FD47B480A1859EC044BF155AB29690B146C828C4ACAC0CADE39B638D0DE29133331B0D48D3D32329BC9E5BB70F81DA0D5522D4F9B6F33FC19C04AA68A0F1D09DC6860AC9ECE47520AE8A97
311
DAB1979BF5680547D842C4BDE7791D3CA7A78704B1B7A2BE8A77AAE2C9F5923BE455C4DB5002E4A871660C60103CE8012C8421FD673AF8AB367EF4B7ED4FBD60305103C91098F71B6BDC81D28D08AEDF410632B0CB78C719EC5855D55081D96770831EC88C4036A7859FCF8899900A1D9C7F1F8B8A8D6630228A34984D05D1
311
8D0E7A78859EBD289317AB2000F6627532408F6819BBCAF32085082BE740E488E71DBA098412179CC48CE8636C06F5559137B997C7C312FFDF174CDB3FA2EE10297967605C6C01F056A0E7B1B13182B1AA0A4FDBC1E961A00A2CDCB081B3E3A63DC4748F203E88CD174E01508DC97919BEDD765E129658887476A8B16A469E
311
627C9107AAF8530FFA0037CEF38E7BDFEF397F1EF2277141704304E44545500E946A3801DF796134D0D080AB8D8EE20CDC4029E225144CBFFF5ED1F877BEFF7737BFF3856FEF7EED9B3F7FF941E318EAE7BD496382E415C014B63AD438338A871BBADFD1739F739E19ABE821D6EB390BD153158F470E5102A4A50C9F80BC62
311
59F923A1D02678280C9792EED0186F00EC11E03BAACA761052FC49F2060F45EDDC5FD150D13046801357887F7FEF4F7F8A70063D4440E3DF0E031EDADA2E03B9B851196727FA96D7BF5FFFE8E6E75F3F78E147D3C2F794F0BD5F45178FAF7FF5E5575FDE6924EE2AF0028167E3DC67EA1BF0EC0DD0CD3083A4B79EB22ADCB6
311
AABEAD6C54D4CF29000B226D83A880A8E620271CE231647B4EEE3CF9CE880402053798414AE04EFE62C8C9DF109DD7350EB2A4249546DC830315DCBFFFC8884770430293E89C41596DEFF3AA155067092B5C88506AA807A9484A8F3EFF3D90884C7F27E27726FFC19FDBBFFE0A057CF5E597C0352F2772B6C1CEDBCE4BC0F2
311
E2631B1F8812087C18583D81CE416494B58153A388835579A07097FA1DC061197F266425468917E07D6FDBBF806B6253F0909C880482FEE70D3E237F125ECCBBCA23F023C20505A2D88A1DA08780F0D621E8D7284AC44580180E71D486329C0165E3109C81C4C2E746DDFC5FA8604B3FDF6AE985279B0FFFB46968E0CEA1D1
311
990670987CDC033CCB1B106F808170108C6A9C22191FD01FA55C1D35F21E818DD60C0D6C61365681F93536CE9461D1B6BDE75111F5ECFD1DF56592D50003E29FACDFF6BE08FFDD4136A11CEED92B0FA8077E1B1A11E85B99605137C57D8C8020CA28A8901E37353C80D3A96A108F9353D80B30D5DFBCF9CDE38F5EFB416B7F
311
7BE7DF2AE0F7D73737FFF42734B0F9E50798A8AAEC3C3800E1920305348C42C6EF7C30364352201DCA7BF01870903F233AC8464CF083728D4847000C457C08823712144825FE2C085B06BD1315D403A7EFEFFD09F95FA2CA50C14F814779195EBA9E1248548EA0849C5118DDC72FD029D580B891B83DEF2A6802008C725278
311
1D0A123C68DB8283FAC61F291AFF121A7FF9E5A9A75EF8E6FAE69F1E3E7CF8A73FAD0A14185E5086DD7054FE3534B435706A331B1B7708354CCB59208E58DC00ED8619DEB66C469C0334163786BE22625503B914AB612ED00E5C31B222A70F7F94CC66843EBE2CC9C0A0402418328E6847BE11412421E396DC81EB904AC8B2
311
656538825123721AA44D624F0E98167A17E4C113808E1DF0F09B7FFEFA7B69E13FF18717BEC60336371FCEAF34E3075F7E20EE8D79859B49A0A1E60AB05A421BB6B7412400495B548514847FE081158677082F14C003C8381B14327353001101485F8205626F6EECA52520C08A0B13C6905F5480F3A312EC6DD89AA78AE6F0
311
22317CFDFD9F8207A203A990C7D00DCF2E93978566F012E7395B4C200951D42D9A1144E64140E2832D96F83D837FEFD72DAD6CFF7A79757575F3994F3E5D99FFE4E19FBEFCE0F6C66843C3F9065EF9FC4F8C5843C5C44199F1CE86ADC5034901B0128050F011AE8FC9A02AE2CF7881984E6261ACF18EC016075E4B24F0D79E
311
19E351F555870E3508461A74A10A8FE68FA408B1A4783AA208174005DC96582747D79749608DE15C78031CC5C01DB48716812C8C84773EBACFB30C1E817F6004E921FD602BF1AF2EB15D3C607575BE3938FFC9FCFC2640F0C1ED4BC0BB9C1A4EC04F236D091A6CCC8C8D0A24CCA06DEC066AA37B8101F1C5862AAA1E2A05C0
311
A00783612DE1870001007A076FA822A044079C5D854433D51D4175FE7C9901E8808E6887A8C784A23EC39C680144DD9030879009C80BBE82121C7817BFC21C891DDE5538394A311AAADCE26EE349420F0C1DC81CE03F18DFD0020A18DE6C6E4601CD9FA081E02661707B630600A4AE29BB6CFC473E287CC3E8861C06EA3608
311
1A92F9E57C0912793342F1B6244C4C20802866E76C8D14F201272B3E2BB694E7F5F078C3BE1BA3A3A8B842B23A990FA5828EB02DC38578B87803AE86583C5A9480E20471AAE4A569935098A07F7A0CD84434B031CAFB13A53C9A43FA4B46F92945E31653FE56057FA389ED5FAF6D2E375F5F5D0D363F9C9F9F9F989A470577
311
362E5DDAB8CCABD743FAE4301017DB8F6EF0A6580097AF97C684C161406F040090F8335511482E01800B1B8D00CA6539C499450BBC983C4B7C1A171DDD20102EE3FB86A31941F27E1B2F252EC0C153283278E19931BA855243EEB80FF46F0812A05A7102490B1416550D0D82DA65973736D0175868886F98A8ACBEE2BE144C
311
3F96191F5F1F1919B9421434CF0783CD2BE32BF30FA145C4C12538B78835FA6D4E1424800310F29C18DF25E205D8383191AB81D3043DA4300412C6EE10C6727A84023F0D1DC82F00C74F0C82BCD720C37BEBAB4691FF9F8923224DD89D0005B40662C3730D251826A04722A023A784DF19AF2B495BBC1E701606350A76492A
311
4441A84328670F4A108714065D014DFCDA6089DF8BFEAD10787C652818BCB2194401CDABCDCD2860FEE1261A8000F292689F52CE208682056864D4382F5E1B97C521257737368285B011C21ADBDCDEB87D6766039BDFB9C3E989E1A567021C72B6924679A221267E60F810E85271F95B2F68201E400A6122887C53405DF01F
311
7D885F08D3149B08F1222B8187C20379617969318D705338162CD6608C7884840D25194A4307540B7FF583BFC4C1E3EBC16062F37A707375AA39881FACCEBF880A84197D70E7F6063687F590097931CE8E371E85320B44F31EE2A4C48230970D0C3136BAC199902C0F6DDCFE60EB200F4A441B502066C33704087936B2232A
311
0E048EC1332425A068390811712D4E58028F474B8B8D34224C41CC8F85E9BC48F61773F33BDAC7E368959096A93A1BA09F9CEC066D2A5E4DF8A2F026904A7A1040E2477F117DCB031EAC0513F9D5E5CDD56030B88A23AC36AF1C5C5999DF8414A0824397F0FA9951449526B5BCA3A172B4CD1DF4291BC520721716B93D2385
311
D18CE48BDBB8C1ED0FEEDCF9E003BC600C267388925EC65D42E30CCB6F3901A12FE2EED881B3E1B49C631BA460CB458480203E695D1402B220EDB77F47A6B69E1D55F8A4A1167C7F748CD817A805108D221105018DBC288A0567DBC897BC3C1D37E8C1D678E53B3D3C181A4924969737379BDB47469A379B57370182832B3F
311
FFB9A181DB12625023A350C1DCB8BA51F08D8D192D0BBC80124EFAB66407E98BC110E5411C6300E21D948002B04D7D0505B791DBC41C6D3F15F484034A0AD8D201017E193CBC2CB6A565282613D813996100941EB83B2AB98C3C3D228A91A2F7923FD042037509A5192731760853D18D2520801429676778A8F8565B85F805
311
078F87293FFE6BDDFC606D24111CDE5CDD1C6E7FE699E0262A985F59981252F0A7AFE0451F60CC994B581C44C5EC589A7742D9E0322A20F00903CEB3ECB29C807CE10515FC10BE804A3EC0F43C54D86DA3743A3830A544B9D8564E0C69CE738BA34A1C406C8A9BD14193C7C8AD369E33D3707914B4C4B9509391318C620DCB
311
1AB241BDA1A4337C411A2483503E8DCDC81F0D7C2A3350166E073A5C06712ADA46C7A816BE75818FD646C080E1E5E5E1E0487064131C9C5F990F36373F7CF873831B8B0A2E8D5E6A6890F340A63B8D65460E0283AAF0690AB7464817B681A813ECDC3B5A31CAA91C226781F177A48CE09C087F621A795003912D22F7F454CD
311
2082FC6F3B4FC528110FCC48E4565C16D89276317088F1F9D3E8E8A5D1CB1CC2AB85A5E13D989417EAE136918E1BA0824B7001BCB39E5E322A90476CDCDEB8F4CE25D407BDC37DC8EFEF18C7ED2FBFD9F282D7D666471240C0F561D261825C303535358E06561F3E5C31542039F176C3A5CBC0320988B21097A7A0C10B905F
311
100ECD4862170793D457451B187BF1FE52B78C9216C525A910C55B90CD484C3C568CDEB6A301FCC7458526C23C717D7182F3382AC6E636ED826F9B54883873194FB80C3F813EB6FD0B7293830924B8B0E10978C1E8CC65DE1A3B495AC0F72E7113892F7DF1CEA54B97DEF982AF7746DFD968687BFFC3F73FFCF0D137860FBC
311
766568A47D7878F9FA7070756404249C985A99871BAF820AD488920E841C8EA28106038870FB06A952E43D909D8C605466C69930D06D240FCC107965FC9114414EE0745019D9A86707AD37B220C636F04B5420A613C66D783E6ECFCBF06B03FE843CE89C2040396D3BB65A7544028E8E43E02628E17D3289146C1C50097190
311
516444565C7603F439049D79E79D2FBEB8FD9B2FBEB8242503627FF887EF8E0FFFFC40F2C0474343B83E2878457E0C07E7850B8DAC6EA5C43FD12DF9392A102FD8B844D30E3024B8C5F5119F03CA453E001A31A97C41CC518EB41538291E592578C19813CF908A991F44024DC01E889038CD0ED1048697A6395FDCE2CEBDC4
311
3CB8064D345E170DB4B5FD64AF140D0619BB04D4187172DEE8A7D14F44747171E4BE7C59ACFCCE1722F6075B0D8E8AD1BDF7FF466E74F0E1EF7EF7BBCF3FFFF28FE202AFAD8DAC268647D6968787D646369747A6DAE7C7A78419372F2FAFADFEE9E1CFE9157C25ACC050813801EF0FA3912F83920901E1F75190B091136362
311
0254D2A612CF1EA588141A248F4465A202DC8150C2D462F58A9F72FA227505FD437E317A51FC71076D215C09631BA0854FB4D14F410315DC737974E3D2659CFB725BC54FDA2E5794FDF33F57CCDCBEFD0E82CB7F71F5772E5F7A8700BCFFBBBF0ACE6F484DE7F4F3EBD79749F9E3E33F7BFAD3AF45011F7DB3160CAE8D0C2F
311
6F0EAF090A2CB4C3028884F9E6916522826EC9CF1FCE1B5E4052074CC4D07827913F23D9A7A1110548794023B9816E69C32862F5C006C4C2303CA85A8F84337753C1520C0A4165042E9E2DB24BCE97828667FDF37777A18E8A7A88244E8C13492D2E7D687E008E0273869CEFA0826F25BE745B7CFC1DC0FA5243D9DE0F3FDC
311
8B89F1F30F7FF7E11F5001623FBAF9E74D8ADE4F3EF9E467AFBE7AFAE2E95B173FE338FDEF4F0C0F78321B4C2C0F9105D6864646968389C4D44AFBD432312071B13A92201D3CFCC4C0823BE2CDC24545038684528310ECA2027C57586C15D9E73C5941CCCBE3802471782320208AB43B11A6829C8A762A0861789F40991C0D
311
E0A1288503CCA7C44305BC2105163A18E5C7254A34096E716FF1F22F7E23C73BEF6CFC6F8658C009227F1BDEE2E1F791FACFD7AFFFF97A707CCFCF9E3B7DF1D6C58B887DA3BBFBF8F1E39393F7EEDDEBBEB8C70881ED43EDB38991A1B5E5E52B6BC3C04030B8B2D2DE1EC44BF00780105FA05532BF49F79CD3A118C4CEA200
311
480F759671B63365869DC485259C2589219FE1E2880235456712BE64695AD8625FC4ACDF02FD8AB69FFCE4273C857BAB460DE9850A4822BD0DAD814A72DCC6C1DF117A8DDCA0DA171F7CF09B2F30F9ED4BB73728BD05D63EFCDD1FB67C5CBCFCE6E77FA6C7F7E25BCF9DFED7D318FBECF11B9F75873277AFDDBDC7BFD024C7
311
5D51C08D5B7B8C1078EDC9EC6C70790DE98786A002D0C2A9F18504ED81C4C826CC70F399E0FCA79FAE48C30C243C74FB106E09FD965433DA00759122554A12A122B8037E51D526EE21694D140245128BE217E01A41BD3153D626B457D83EBE414633EA58663E92F9086C39789D0AFC1A0AB6B1F10158F68118FB83AFBEFCE2
311
8BDF7C00B5321A3F08CEF1ADDC48FD67EC0D9F9F1A3FF8FAE98F0D63DFEBEEB62C2D2D6527EFDD08950CDE45ECC97BD742BDDDF7447C51C0EB5B1EF0243F34BB0C06AC0D0F8F100423C1A985FC44706435383B12A45B88078CBF38DE2CF5D1E657D44777C66E43F731B1A10241276C0B2702ED91CFD00C7FA650917509709D
311
3FF31F750192A3704A7E032289555220AA21A2280685B323B4A4B2068174392E5D323CFDD2975FFE0615E00B5F1E7A7FEF0E03D724B07FF7E1FDFB7460111BC0CE3F3B8D979F46EE8B37CE1EBF771773DF0D859C9680C7E351D47BC7074BA2DC150A8506436AA87BB2FB383AB871110F00045E783CDBDE3E3C74E5CAF0952B
311
CB3081E5E0C4F844FB2AD130443CE004ABC4C478F354F061F3EAAA24038E3B1B65339CBA9C269A10F606ED96DE392581D12865743483DC4629072E088C113292C32F61D40DB2E3C625C0FEBCC405ECD64863BCD88C60B8FC37129924F04B68F04EE3DEFBB836FF247D3D6283F2F3CFFF7C7DBE79FE93B75E7FEEE5D3087EFA
311
C6D95B9377EF768726EF75F7F78742C56B93778BD7AE39D554C0967585EEDDB83BB75EBC5BBCCB5DC56C6FB771DCBB77F1E93F8A025E7B3C3BD487075C01058697290B12E32B53ED2343AB89C42A5140C3B4797E7E7C7E3E3FDD1E6C97CEB16880BECBCC86181905201CC6453AD281C406B28E71039EC02324B7130BD00251
311
013C9512490E10EDF6C6E5F36D92D236BE97BD258713DB33C4CD5EE81A78FE873F606D20ED1142F37F6D61D7AE677FFDAFCF7D76F1E28D8B37EEDDC09FEF668E875C93C539677766B07BB2B7D779E6DA9933D7AE95CCB9353DE04F164393C7AF9D193C131A9CCC849CEAA953D9A5E38284C72F3EFF4721422FFC7168363F14
311
1C5E1B5E5B5B25F38D04A7A7DAC182E07030380C1DA444FE64657C33D8D777F0D3832B2843782191B801A6E3CA64A78651100E43CAC4523C1A17A73E86FDD3F995D425149C8C285405F90034D18070346C2D079E0E5705E0DE11C7023B8CE836BE21FAA34760F9FCD4CACF5E7DEEF4CBAF9FBE75EBD6E291B3D9497CFC9A1C
311
93D83BD43B59280C9E292EFA80B8626F686E0E0DCCAD9F89044A0336732173EF782616294E0EFA9DA19C72389B5DEA5EBA3179FCC6E9E71F8802B6FF71E8C9D1114180E561BE4646A6A6A4353092201FD01DA0699E5819DF9508F6E5C73FF9649C4AE1A1F80002005152FF1B0E4CD88A2B70C8376C2D0D82D1993B644DF21B
311
FD1E03DB10180C07D18D04B6F5FD0BB237251C62FF556EC3DF1FC158AE803FF37B5EFDD848DB37EE658EF3E5726A75B5A5919233D78AD8B9E8C7A86AA1A0F87CB9DCE280120AF95CA18CF3EEDC99F5E899A6B8C3E1F23AD4FEEE4853245362D5D6739AF7C891EE7E23177E767AD747A280A71E0FCDF60909C60346840B4D4F
311
900313AB43B3ED79DA4464C2E0FCC4B389F6F6C4CAA7744DBFEB16A102895000408A543C16FC929800D7A0A338F64C03291B58A43012860E3733AC6DE46EE3DB1DB2D8CCE8B76283E6E2E63035406D7579626161E139E2FB3350EDB31B77EFE2D4F7EE9E59BF766F32A32891406D6D6EEE0C078676DEF5F98AAE8C5DF5F9D4
311
B059ED2D167BAD19B473E64C6E2E56D7D1E14D3AECC9EE42C4373768B5C6726EFDD4D2D2F1E3BD04C1AD97170C0F78EAEBE093A3C87D65795852C148626A010EC4BF60B0BD9D99C9C86670617C613A3F323BB18203CC4FC918ED2B831AE3BA97A9B23171439951935CA668BC4C0EDFF2EDBF549EE2EB5F90C2C8DD5FDC1664
311
6B98A14F771F4403DCF071700DB93757C7C70F4E08AA099EE3EA678F774F5EBB77A33B74A6A4242AF2AEDFBD3739E9DD963EF1DBDA588E283F3337183B531CB42AAA571DF0B9AD1E87ABD00B06388B020267E622B5B51D669B6EEDEF572B7373EBD1C1E87A976EE9ED5EB4A0831BB74EF749A378FBF63F0E8FEC020386D740
311
42B8407B7BFB04F14F711C6C4FC8D0683331317E702A9FCF4F910DE69BA7E69FF9E42B34F09B2F3EE0DF3B1BB8771B0E0E90FD338E6EC0F8E51991F33790533135BF3030B83D4AEB88DC87A1F77EF8BE61EC9B77907A737E75E5E0F3AF3CBDE775923752DF12783ADEDD5FE805CF0B85DCE0E460F14CC9B533CEC16B254DCE
311
E3DDC93A53BAB6B4D49ABBCA9D583A132ABA2276BB6AF675691E5BA7BAA4AA4A0EBD5CCBCD0D466A4A0F3B2CAADA3FE98CE6E64A22D69268A52DEC841A1C0105CF9ECE7F640C4BFEB836D49717DA37BCBA0CFB6F9F6E5FA03F3E0211984A90F99A83EDE32B1353EDF9FCB41409CD41F20F44EBE157BFF9F2370266EF08F917
311
5A7E891244FCDCA0A92237820314B767E03C42C93138A9FBD1A32F29AFFFF4F0D3179F7EE5F5D73FFEF822010E59FBECC60DC82967366951FBFB9742A1427FFF64AF1A9B2BB8427731BE736EAEE4EABE5CB7CB66D3B4C0B6805A722607CE81EDAE825FB5075203EE167E749A0B16C5EECF39AFCD217224603B1C302BFEC950
311
6EFFDC5C2E166BEDD2CC96DEFEEE64167A786B4B01DB9F7A303C72F4A8E0BEE860A439313F3D3595407E1851022C1859CE8F2F60F9D9A16902603ED83E157CE619CA032A4411F18B0F6E53C520F85F831B0D90E4E824EEC5D8F8B811DD37EF7C0E57DB5C797ACFC7AF7F2C8CE5B31B21C8088C2C74B77BB1B77B32742F1432
311
C77B436673777F3234D91BEA2E4CAAC5395732E3C4D9394AA2D1B44BD16D013D10D09D8324B69C7370AE18CA84FC715B5DA0D264B2EB2973D2E5D56221AB3353D4AEEAB575B57559AF3B93C9459C73835153D33ECDEC29B8BA17CF9E3D7EF6E2E93E01C1ED4F3D1E5E3B7AD4708191E1EB23ABED898589F660F3F24862683A
311
2160301C9C5E189F6A1E197A769E56517B7022D1BCF99039AA344B8C6E112D27DCDCF0763CBDF13E80BE772F90567FF3D1CD3B77AECBEC716562FCE9173F4670989AD81AAE76377446B819FF07AFCD5D9BEC9E2C3A5D9EBAA5A580ADF778B23F34D9BDE4F2873299D0929A93782F593FD3D4AAA9EBDB6A4FEC0EA4240B1407
311
9DA1C1DC5C4E1D2C04EAEA6C353B03B640CAA35ABC3EC59D76169DD148F9DB6F9FA83BAC6BBD85D6FD31E7BA5B998B28D9C5A5A570F6C8911B8060DEE8896DFFE8CAF0B70A20EEA905E001A4BF35509074301F5C1D1ECA4F4CCC070504E91424B83708095BA16B2A1D334AA40F3F242F1A14F1D01D5C1CB16F7EF9E575F8D3
311
A76FED790E373F0D98BF8CCD45F21B77AF85A42691F83D732634199A74F6164B9CD78AD05457C16CCBC61D96FE5EBF8BD0EEEFF7BB5CA1DE25170A18F4C762D1AECAF24CEBCE13758E8EDA525374FD4CD139678DC5DC4A5133D73A1C3595A9B74F74D4F52AB6887B7D0E0498BB5A930A9C28AD0B549BE307BADC51A7E67246
311
35EFA22599CD2E9E3D72FCD6E9275B69F0C1F5E13C1EB089AD574786865783388030E260620A22001B4227094061767A6265622208239C9F42039F26A6E689849F7F55FF87DFE1100FFFC4BF87CD0F3F01299F7EF1DFFF5DAC4D0ABB85C1917BF206EC1B6323F1B56BD8FF9FBE55402FA559AFF3DAE020A60EA96E8BAD6329
311
A9F42E599626275D4B66B35F0D2D65FDB1B99241ADE94C4957A5D26FEDF45CA8AD0B74747595CC0D9E8946731145F13BEA6A3B6A6B3A6B4E043A6C3E558F594D25BEC1C1F57DA6DADADFA62ED4EE54D49D6BD8725800002000494441545D5DB198A2E6AC11B347B1793C8B8B6751C0D1AD71E14757AEE4FB6699092CC38547
311
8608F2E6A9D59135A830E62613900E82EDC1607E08F9C7A7DA79001132FEE2A70B89F9879F20F95737E73FFBF834707651AA309CDCC8DD480D599B9CC4C731FAE064376263EFEE62A888FB03DF25A16B734B205CAEDF7966100D0CBA5455B7C53D983D6959EAEEEEED566C1632C1112566C5CCD16B834DADB1A4553377D82E
311
5C3831D075C6E974467C9A557558B2A9549DA3BC2680666C6E55CBE54C08AB62EED263A5A56FD79A1C8EF2D668D46A75C7142D9EB5DBCC96C5234BDDC75F7E62EC9B6F7FB07665E828BEDF3C323C4C1010F15353C1912B5217072988A443122402F2B3D3540453C1A1857CBE796AEAC517C713CD0FFFD7A79FAC7CBAE7B3BB
311
C76F1CC7BD6FDCB88B98C727EFDEC0DA62E3F5506170CBEE60FADD62117D184EE0144CCB5D731E4F865C83FE8CD35F54E173164B2090ED75F949E5D96E5490345BFA275D5955C1DF213EB158CCD9AB6A4A3650D771CCB49EB33A73562537C0833CC78ED505F4CAF2DA13015BDAE52C0EC6ACAE983B12518E1DABDD1DA80D78
311
BDA67DD15C54755E8DB504C20EB3271B3E72FCC8D997FFF88291063FBA3E3CDB87C5A50E1881112D80F953E4BF112A408CCF9DF3E20AB34F16C657DA8389D9E9F659A6C82FBE4828CC7FF2E2279F7EFCD95DC51D5743AA1354BA56E24CF663FAE2E49C60B79314A46670FCEEFEC16BD649FF3D1E95290AA69D599F2B6A2AB2
311
661455519C4AD1A780F0366F5251962CFDC924DFB268C3994C5AB6B536AD5B7325EBB95667BFCBAF7880FC401A502B2999732ABAEE8D9B8FA53A74ADB22690AA8B7B154575E2334E3FC171A2B33675B2AECE6C3655A7AD315F2CEAF62DDA5AEC71CFE291238B677FF1646B6B00109C3D8A4C6000B97F7824FF2C30475DDC9E
311
48249A89FF11121FE0373BDB2E1010CC2FCCCE2612E39FACCC27E69B3F39F8D65B1FDFBBFAE6BEA6F598962B8909032B8672D7FE69301312AE1E32BB32AEA550AFCBA2F807A51A2F024EA03EDCAE687592E85597CB6C512D05C5A529F6806E4BFABD8AD9924D2EA9498BCDAC76FBD57040BBBA5E8CCC95C4624DBEDE7EB362
311
315F48D574459C31904ED11425E935078ED5A9E9F2542A902A4701DEC85C34162B465A1CC78EFDAAE644ADC3B2E48EBAAD5AA429E6563D1E4D0F9F42FEC5B3AFFEF105637D861018393A3BB2BA8902824328607AA2392F814F3D0C0B02039A57A7DB57B97F7A4A14909F250450C002FAF9E4ADB7FEFDF4DDE81BFBB739D773
311
38AAE4EB229252A119B9DBA7FA35551DCCA849D7DCB5391217ECE5EAB592AB252525CEDC201E03718B27932E9F05DF8EEB4AC1AF69BAD712B6F4A23864CD4EF69B3553343AD795BB3AE78EF8FA337642F8EDBA5A138A3CE3B4FA959CE2F1581C276C8E96742AE50878036ED59956A3919C3FA6E9BFFAD5B1F254C0BBD8DBB4
311
CF998B1106B0C2B0A2DA0E9FA2A2BCF5F210DD0082E0B52BD7D77E3D3482CFCB310C156E4FE001203F8E3FF44CB07D24B83AD54E83283F3E3E359F9FEDEBA33A9A1A1F6F9F0509DEFAF4DF3F9E2C79E38DEA58AC245A22A9EDDAA4A4B441884AC99941005D2D8442BDAAC5EC2C96E4FCFE5C49C9D5C1BBD7AE5E5D775AE7D6
311
7319B76AB680E3AA19C3C535BFC5AC2B26B327ECC9FAA96A2C594BAF6751AB8C44D3E9B96871C034B0682E0F20EE8913954E67AEE48C358207F8FD2EB3A3C333901A08D8E3DE94C3E1D0A08125D6F5AE9A63BFFA554D8DA6F6BB2AA34A4E6B8AE4347BD8E3B2C7174F9D3A7BF6ECBF7E8B01AF5D591EEAA317B629F20F91ED
311
16122B1306F64F245681FF60A2B91995807ECF2F800AB30BF976E667F3E3D0A4F9A93D4FFFFBC5C99237DFD8D6A4CC35699CD5DC9949F84BC839394784E654B3AAF452A725CD4BDD19601BF9D74B06AF39C1336B2476B5E852B1876AB6DBCDAAD73BA0AB8A43F1E3E3364BD6E5EAC75C59CBE205871689A0843975BFAE1E31
311
EB813ADB05F1006D7F24EA4C97DB1CE6A4CD9C3AA1464CBA438123EA7A4071CF618CF568F9C95F1DDB595E6EB2B4ECACE635B6C59ADC6ABFC7371036E4BFF52A2D41F9F7DA37D7D770F955106F7875782DB87010CA6FB8009282FF28603391C701FA5E1C9F26074EE7DB838C0FC77184F995A75F7CF1E2BDE89B0752A680DB
311
4FEE09C1699CA1C2A4D35912C1E9D5B0AAAA19AB4F55C3AE9032E8C4F2D148D4BA4EB4E4B46893D5EA52FC9E01F3C080DD6F7778F588BBBC5C8958929664D25F7459F01FCBE1C38E16C5EDA7DA759B5A54B5375E57172F3DB6BB3CBADE74752E36A7A3AE7ED5A277D8236EAFEEB7E1498AEE8F44D6AF522DA5C9029DBB6B5A
311
0A03D5FB5AD25193291A518EF71348D9302878EB178F25049EDAFEDA37578651C026F5CF727018E2BB8BD928A32123FBF35D8EE64490BE11251104399F1F6180BE32B190A75DF1D65BAF5F9C8CBE77E0585D4AD154C54526E8EE25A317A9C629477C66C557B0A28470561D8488EDBB6A5DD77C143639F272B44951753701AF
311
FA54FB80D76101E62254EC0AA86851FDBD1E8BEAC95EE8505BD4A2D2AF66DC5DBE4277C1E5F0788EEDDEDD128D34E5D6070715C513B678014E5B8B86F12995223A7F8B16E7A2EB9181DADF9EA8A93645D581FDD5955DAD5AA4759BF9883A684F7AB267C1805F181E4053F0EBB560DF107520ED009C001E30011716FE67B445
311
E7C903F45DC983CF4E4CACE00FED7DB0E58595F185597AD07BDE3A7D311479EFDD63759A6632A9A175EA57D5B7A43A4D1177D35C46B1DB01419FD9624E2615D56A6D2A31A96E084249492C1ABB1A8D64309EA7C5AEF23873C066B55A110B1024309C8ACB6376983B3CA7145F26476E2BE6F6C57CC97ED56CABABEBAC2DCF51
311
429C71465C0E471C6DD903035D5D715BAD57D715ADA52B9AF39136BB4CC74E9C284DD54415FBFEEACE6DA535E974AA3FE9520AFDD945F18057BE0B81AF8767DB87479691995910824F8F130D58BC7D824488E0E202F9E6E06CDFF40A2DE2F6F63C28496FE0E8D0C8D48B7B5E7FFDB390E9BD73BFB2695E25A2697E576FB7C5
311
D2AFF9F064D555F49773EAE4798BDDE677298A351AB146A0F073B1F5681348ED762BFEB0C76B5611BA25E0F19BDCB1411E9D542C64715575389216575871B98B6EBF3B64ED4AFBFAFBA9784E9C38569B4E2B94824D319F256EB3A9BE42D6D73260ABEDF40323693882D3E473465BF5DA786D6A5B4BAC57AFAC369556767676
311
EEB6C4556B264C3574F6ECADE7690A1B28F0F5154600CBC283688A2CE302D353F3CB9B23901EEC1D0C4E8DC07B820C8FF2E313D3E201ED89BE7612C2C25062FCD33D7B3EFE2C54FDDEB99DA5E0710E1474BAB259B3D9E657DCDE7EA136C88148401D299B3ADDA4B8D6C501D6D7D7235A81BA4DB5C4BDE401B3E20D04DC90BD
311
185EEDF3F95C45B59821A45CD9B84F014A2D83399FC964EE56031E2A819D29B02206E5B3BACCBC191E50672FD752B5019B6E7605B6599D4E2DE2CC6DA3271AA8D956AE07769FECDAD652230A2060622A4D5192C0AD571E6C81E00B5F5F613286E83880B12832B16214C7F9C404BB12C0E172B0192A484B88D00806A7499379
311
3A242B0B7DB30BE394F7374ADE7CEFBDEAA6754537E99AD315B2982D1607B2C37102361BB2CB3F8FD9EB37FBDD11D5AAA2007AB625D118ECD7EA44768F57D51D5E6FC0E6FCA798E84A557C03AA9FBF286AC0EFF1A8D6C9FEFEC58CBB25E270F4AB8E808D3498AA6E8DAD432B06FD8AD96B56ACB680AAEB42881D66DB6EDD9D
311
5694584C6B4D9D08D4A574BD65F7CE9DA6CA973A3BAB3B035EB3DD57F05208741F3FFBCA1FE98781822F3CBEB28CFCC201A41AB8929F20CB1103B3098A7F7AC3ABD719174A48E4A9872148EDED23ED7952C5F4D1FCD18378C08D33D5EFBD5B6D32E9360DB95D50384BD8ACE97E73209072D854F25A72C91CF6AA4436A6762A
311
C0333E108DC48AF05AC5A5806A1E731D19CC915BCF39752F8097B62B107D55D1E366879A76BB7A557331A2C750933F60A364AC3B561DB152F2E32A4B1D871D56A525A097076A8F9D0898BDDED6FD4EDA9F4EB7DB642AB5D9744D87229AA2A66DE535952F957A6C76757269B13BD97DE4E27346354C187C3D3C9C5F1B162274
311
05181C6E9F6E5E954E483E2F10B0DA3C727D75642A3135C4F8696582E4B0203E3031FEE244FEC9C28BCFBDFEF1715FF57B07765646345D0B406BD5A57EB3C7E3556C0E5B2010B021214941B1E97EAFD9915588FA68B4E4CC9C733036A05A10882E904DB72B669FE2304B04688A4F71B51C4ED93597D9EBB1C53B3A741B25C3
311
D2A0D51D51CC855E0B3E5F17800B838A456B44F574C4011B7BA0A53C75A2F684CDAE28AD5DB1A873306AD5A3C2096C03EED64EDA07A64AD381EA03BB1D013D5DE8A725D87DE3D62B464B90CB061F130264004070130F1811CF67632ED1975F101A4461B83A0F074E3CC92FE01923B343ED435389693841DFD18583AFEE7915
311
0C387060E7B6265D2FF77A977ACD494B38699698EE40018A609F023639FC8AD7E3B13A4DF08362A8BFDBE9A4FBE18526653D6A36EE4EFA286BE0BC56C55E2858D281019FAE0F70976E63B6D7DF3D99EDCD50DFD97DA182510B9556B71222D79C39B3ADC363F6DB6D713D504BFBC70C80A694A24ABB38668A44D23EBB43F795
311
96A6FCEBD1AEFDDB3A0F74EA81CA984B14C0C8F839BAE25B20781DBBD30D642CB22959603EB890A73F8C07203EE5C030BDA185206E3F0538522100012C512C3C7BF468DFC29602DE7C73B7666AC18B01BF64389BB4E000B65394E728024C53A00802060E4FCCEF8B9A62252E33AA20262C8A66B1C4098C0135ADD2BE9C8BD1
311
E0F5BBD4805D770F12503E786D47B94A716856E9F3E9297748B940D95F9AAA6C8D39735138A6A323C0F3F578972375C236E0553DA4225F46AA8E56EA21B77920A29596EA8AD55A2928D059D3B2BF29DD9FED663070F1958FB688902CCC13DA7C0D5F470F2323132B53581A89C901ACCEC291A52CC8F7D11696FBF3ED7DEDD3
311
0B07C777D1489BA0E5F559E88DF77EB9735B6BA5BE3B6573A8C9253A2E9E8039DC610BEC76382405B891D063B70C78BC51AB168DAC9FC958D5B988DA4FC0AA2E25BC288FF0F91D8EB9396A7885CAC86C53FC3EB74BB1FB7CB630F4D5C298DBE9F66B7566553D515A5BBBF358795A9338F729D9C371BFCBA70F98ECB56FD7C2
311
8B15AF9674E5287D62112D66F5157CD658A9BECDECD44D95D527DFED2C4F99BA06FAFBBB7B276F5C7CF623C140BE1E33162601A000998E2D0717303555018282049BE206407EB0BD6F160CE0461F3C60627A7CFCF95FF7B54FBCFCFAEB177BB537DFEBDCFDD2FE520D88F63A925E6F32EBA83BD5718256A5D034D54AE40748
311
0516AFA9297A350A08AECF3923D64955A58B1D3F7C98C0A516F2AA8383C588D53AE85315CA820140D0EE9CB3657C76984E32E47447EA6CBAAB5007BD3B5603E9B2D2F98BD0DFB25B54AB6E773BDEBE70C26C49DA924A21A44ACB5C33C5223E0BD952B739149366AAAE3E79E02471D6AA32166067E0E22E142021602880E027
311
0F1AB96064E1201840599CCFC381C146DA8384C0346970618536415F3EBF2A208807B4AF3CF71C543872EE973B5F6AADA9AC4939A4AF1347EA406D47476D6DDD80C502CD51DC110D6BBB5C4A13755D9482C0E72B49BB5578A07969D113B7F8DDA43E07D486072A4EDA07767B0802E9F3BBD3960CBFA80598A03B02CDCB64EA
311
CAEB7E9B2A4FA7D5DCFA9975672F34C2ABBA7D2E4BFC424787C3AB2E59FC706FE7E060C4D4A5A3006DCE0990E811C554BDF3DCBB3B7706BAECC9A434C46E5CFC351F02F11705607A68C0E6F2DAD0D01A165E1005B03A23440837689E8201E567835449F3ED89FC50625A3C000818DFB3E7F58B99AE37CF9DACA9AE7C695B69
311
294D0C9799E455576B3B7CE284C3DCA2DAB2A0B9570B900AACCEC8BEC85CCC7DB5C9EEBE9A53FC05BB6AB7646D5040720574D10DB5F1F9FD932EBB537541FE818DB8CD42FAF01794983BE6C32DD490EDA5B76B8FD52A6E4A0B69A67A038C05A9B6D2E1C387E3619B97F9A0EA0A3915D5958656D2A9726674B8A5AEB456769E
311
3C79B2468BB8D5A467A9BFFB383D51C180EF42400663304116A586DA1786A6808459C98314015081CD60FBEA547E565A82D21B5B4B303B9898C8F72D4C3CF7D6AB9FF5460E9C3B79EC6425A537A9CF61869D76046ABD8E13171CB8BDC76C0B5C70C4E37E35D694739BB45857D77A4E75965811DE6B87C7796C000174B73CAE
311
38ADD8DB62B1587D76DA848AB6CD57889F824A120C8383BE982530A06AA9CEDADACE148D1FFF2005B632D0E22BB87C76551F3875F8ED0E4738EB510A6AAC682DBAA82CAC8A059CD4071C7E552F2F2FDF79E064B9D7E92B802878C0E9A3A44103041E7CC3452346FC4303680C24D884100F58C0D4EC0AB58FCCC37F9BE7190E
311
0A41A22E1C0A4E1C9C5E59C81F6584BBE7F467A1C81B6FEEACAEAE3CD909F50C3874D513B6D1B8F4BCDD6186FE846D8B813A6F38EC8F5C6D8A285A64BD894256F1E54C1945D5E2AA391EF64215D311C501EA13FE0E35E412FE5CB452212899B08710D29296A22FDA44C5D0ABEEDC7922702CA5BA7C32361964D43158F0C129
311
15FDD4E2E15387CD6AD69F74AD0FC69C2EDF003CDB32E05306BC7EBF32A0685AE781CA9681D8802BD9DD3F79E3C6E93E22C048830FB63090E138073120C50E6B530B0BED6C4A04D9217FE699F6C466FB933C0391E054708AEA68029C5C983DBA6BFCE53D1F5FBC4B3FE040F5BE6A694AD6E102B6B8C5E370D41DEE8006D1E3
311
F184CDBAB9CEEB8AB8BB22392552D224D99E38454A48B39F4988C264D7AA94DBA48BB53F604158D56B77A99ADB6F361F59CCE2208A3237E7EB6AF1AA9319534DED89548A12B9C82849753AADB18C530A6E3BE2771C3167785DDAE5E9417876DAB764B3B7F81CE5F25E4ABAB5F340B5744B2CFDDD8B1081D347690AA3008683
311
D4016C4CB328C8C2E8DA48BE2F21F3E1E5048A60436A3E38DCBC490F207F7436BF323F119C160FC8B3344173ECD9832FBFFAF16793E507DE3BA955EF37A51850BCDDD111A8F3984B1D5056045795B8CD636EB19C2857AD4D51DDEB8DCD75CD5D755A8B3977C65950349762B1D9EDA4E9084283118A29A5169CD027B5204479
311
89AAC56C76592DCA195F4953B94E5F5D3395D6EE2E2D55ACBD8373AA33E7EB0D150B0CC57DEAE2E18EC387C310711F1D47AB55F5E9FE64B80312D212A05E545A4CA69DEFEED4EB1412F5D264F78D1B17BF9D8B3CC56CEC3A3E80FBA380E5A13569FC4F0537D756A6250BCC0B08CE27A6830B47F3ED53132BCD89098264626A
311
62FCD97CFEE0F8CBAFC204A3D56FEEAC69AAEC0CD4A6521DA73A185DD83C14C6719BE27525C3B6B023426AF4D2A64B5B2391E2BE92DC60F15A09CD4B7AA07E0B9CC1EB05C560C6EEA648BA1CB4A4CF13F21592F0664BF6D429B34B3129EA9CB5A9B5C5DE3F596C2DAFADDBBDAD54B70EAE9F517D1972041DB8EE82AA1E5E8C
311
8717FB8577D39F8C0CAAA601B510EE70AB03FA80DAA2C52A4DE535EFD6D49C50741773A7DEEECF4E3FF98B07FCFE3A5530C2A3853526030B538400F98E343844C80384CDF8421FA0CF820CFFD14873022AD8DE07157EF965FA01D56F96EFDCFF4675AAB68ED0EF88D751A3FB3D16090050B0E3701C1268F69399556FEBFA1C
311
634ED23408C5A9AA2AAA01EC7DEE1CF5823BA639955273C8A9F97B0B493223317CEA148800ED8D45AABB06D4CC5DBFB6FBB76FEFDE1D89A10067D13A67578B933EF88E4AA30F0DC451A4D3D954129B037DD4494F87BDD79E82896E33455A4CEF9E4CD504144B922DB9E360800C868C1060364602907218E81B591B9AA62D1A
311
5C060A4478C983CD9BD3F9E17CDF13E1C28444707984AD86F185FF2731F1EC2F7EF1EAADDE970E1C78A9BC6B9F490BE8E44187CD66B65111D0ED54C849AA2DAC2ADE6C5C8193D993EEABFB4A4AAE5D1B5435CDA8855DAA374EAE2093670674FCC3E7D21535A429FDFD74132895698AC9E044355B634D2693A5FFAE735BE7AF
311
6A537A57CE0933E08924C14241EDF7F9FA8F2C7AFA0F2755D863893312CBF8BD308238889284A06B269FA6A53B4FEE4C390AAE429625A11B9F19832123117EB44615683041709010985EA0DDC78E1011800E18988C34F7E57188D9859515090AD921E4BAA2E727DA1776FDE2D5576FB95EDA595DA957569AD2818039600F58
311
E21DAA97FEA408E67379B31DEC6F50EF3ACC1892113DFD8039D5AB53CA167001974B2A38C56AC24C8A9BAE8A834952C4EA6768C648C1DBAFDAA49C2CC0F6D295AD6AE1AE72525ABD2F3535A595BBD00671A2C9225B1571FB610F5A77B975B51825E1A279A91DC3F1C502445002235259B9BBD481492CD9253C0005185940DA
311
C260009ECF540847A035020F6A4F0CAF25180D494B28C1C26C9E1E00FD8F8979A86133E5E1A6B485578213BB7EF1DCE95BF1EACAEA9DDAFEFD5D4A20A5DB48E3C01E74888E1EBB3BF4426C269A0250644D69BD1A6DDA77F5EAD5125FC1ED8BA9C9A4DB2A9B4D2A8D3C7A1876AA617A21D61075BECBBB24CB2E0308462BD895
311
31AB6E1D74C8B8E9EBD4FEF65867D7BA52948E108CA950B8CBDC41751CF69ACDC96E6F00253A2311ABA2877D9964381C4E76506B30780A982A77D7D621BFDA4B101CBFF131FD1021C27445BFB94E066021801C48161CCED3F24A6CAE617E4903B442580CA2183A9A3F880B34CBE6185394F99583E30914F0EAAB6703BB6B60
311
01FB2A2B159DEACD6C56CD1D347569D458E8852A7687C384716D8E6424E28EEE8F44BAA225AAA548EFCB5570990BFE64DCAC0CA4CA75B71DC64C2D4404C494247291E9FDE6A5B85DA7EF0D949BE0181E5533A58ED59E38B6ADB235DA34E774E55C2D7E6B012834ABF1B703594F7FBFB934ED8BADB316278B436AD86629143A
311
C2124DA978AA73672AE08079C383BAEFDD100F1015F0114A84004B6240C03243E1D9B57CA27D5A403091978CF80C2DE1CD858567F27D430B2F4E4C351302CB9BA4C7F1E799943DFF0AAB8BFAEE9A7328E08D4A85B184230CE7733874C54C92C70D55AF059B68DEBA78B6841E4534AA0C44AD71752EA6385DC4AECB453D60B6
311
97A715B7AE6BA47E97921974A6FD7E7F8112C0BB945D5429DE1810A72B597BED3033FFEAAC7DFB58AA3AC26088A22F9276850A52527B6D400F3C81119BAB698EC5012D9CCD16C2717786361ABEA468010DA666A6879C3D729C8DE91BCC450C059006190C08076897621035CC06DB17E657D7640E7A54A240403FBFCA487001
311
1790DBCBCBCCC7A7E89B2CBC220A70B4EE3E77A0BA7A5F977460F48247F5F38EE43D3F0A2097873B02BA2970B8C3224689AD5F8D44636A6ECEE91CA438EAB5B8A04A34B3652632106178A97A7B33455CB6BFD7A5DBD56CF894CF5A0875275B75538B0D4C77B7A4D811E9DC566DCD35C578255D71B359C1FBD849BD96A5C524
311
751425C55CD3BA3B4C1E0A275935437CCA0ACDBE6DF76E9B27AC7BC210E1C9E374C52509880FFCDB374203868341E141307D9C1F3921BDD3E4FEA14462161E0C3B3E0A06C8B6140A60FD85A5C1F1A9A9E79FDE73FAAC2D459D7560DF3E85AAC31B755B7C6ED5EE2517F42F2DF9E986C40F973A4C1DA73CFEAE2E9A014D3218
311
9D2B2951948CB5578A37D56E4F9757B628919A722D82FC71B53FE472B9D873271A3CF178AF75B2D7E5A5E7575E6AF6F44722C440076E10C945ADA698DFA4A998381EE7553A2CBD8B4BC9A437E91C64EC1253EC1E1290A5D0EFD25D31931249EB3AD5AA396BB62DB22B3C7943E622460E40035F5F613F70793541261866650E
311
C45F6006C8AA4C7E57FB1053318E85C444DF6C7E6ABA9D19112BE489F90969194F4F3FFDCAE95B4A4DCDBB073AABAB5B1C0118B7CD02A1076A2415F64AF085E3E50E357CC1E38C76B598BAE8065C2D59EF656DD3A576B3AA900C7BF501BDDAA4D355A516F607EA2C49D5EFF3F51632A0191315503E54F4075EAA4EB1FB6E71
311
464C3527EA529D35F48F23D17567C682D885384013E8309BB3E142D262F639AD25B1741A6A40615EA0B6B45B232D5D2693C2FC3C10B62C2E6669071CBFB5D511130CD8FE0D4BB943D20F2502F2801DD56E902600D9E0281B31CD4309EAA3056182D480788031293AC8B20003D283A280EA03BF3CF7EE7B6F9828841CA0394C
311
C49DA407E470C98887D1271D3180488B4441B9927DFBF65D7559AC919CD3DF6BCEFA7B190AD92B2B1DBAA9DAD4E22ED229344A21A5E0A23452CCC8E066F9572D3DB0DFE4EDC87A9DA69A9ABA0BB5A55DD4132A5B2F219B075F89879564F6B067C9E2E9A5F3125333D12629140BF10E2687C972AF4B73475A60D9A95A5BD866
311
8E43850981E7B630000DC807C904D7F80801E1026B43F93E265FEDD206995EA02D38121C196A9EFE5FEDF9A36C8B4D4D817FDC85F50181E629763C5FBE653E70EEFF9C3BF0DE9BFB2A7589021F41E9270198FDFE100D2EBA118A3DEDB069D6922E4D6F6A6224765535BB5C4D94AD0E8B5971D8147B65B5AEA63B3B79B24A1F
311
5555D369D87DC1EFF35ACCD9A4ABD735E9DA96EA6AA1CF68B1EA1443B45ACADD6EDD69D5625172BFD9EC594CDAE3A79692E6307585927366E838E9E2FE1DAA39E973D8A1924ED340BA74775DBC1F37EA5EEAC5037EF1600B01D0C0D757AEA00076A4AE70E5DC9327B35C39C63563708085BE3EB201F98098A0185A981A4FF0
311
711B102340709CEB072650001870F2DCFFF9E59B6FBE516952745FCC4991EA56680AD1220F51D5F8D580E64807EAD8F469F56A4D516642678A67D8DB642862CBD2404FDA7D5D5DEA406B4D8D0E1B52033A21E4A396B1FAD20A5E9CA1294E55506E3531445223E5353B6B6B8F759497FB35E6A8BEF431F669FCFD0CA13D8BE6
311
C2627FD26733399D2CCC3B9936C342ED2A6C101EA05A03F674A09625AC01CFA28555DC1BB77EF6ED6C94CF44FDFACAF5E015198D1B3C807A78819600FBF2B2388CBD59949A5E689E3A9A5FA0092080C0B6ECD427E313532313E32BAFBC7CB6AEFADD5F9E3BF7DE9BCCEF7565BD84962C1C181E9824913BFD6CB1058CF06557
311
7D5B849E203CE8CC99412741ACD8E266BF999CC906A0AED1E7C305748D593AC3149A0084803A60F6B9BB8F5B7A15966264F86D3275EE0C9C3816E8D45AB55CC441A5A766265DC44926BCE8A27BCC869965702E33988B2901AFCF15B627FBED290694100C9FC22E19816986095BD8947DE581F4830C0C0004B95E80C6283468
311
E8C9DA6C7E172B9284C32A4C007187B878880D910514300104B23ECB8DF1151AE6EC123CFDEAD91327CFA18037DF60434153A27880D3A7331D831386642CC2D0CBEEB51DB6B8A37E9B3F7DF52ABB2390386B04DE834FDB98DEB454579607CA4FB21A602DC787457E858E0E675DA005E2EBE552183DD595566D34C02B4FEEFE
311
2D45677534628AF8DDBE96547CF25AC41E567D61362097689A9AF562B1A066C03A740000200049444154D27970840B2A1B71496F806610F132A8043C34ACD5B0E5886CCCDFA2276A104140F0F1F52B9B6B57840A330E985D9B9D3D8AA1210464C23C23E0213A20D3CDCD0BF95D0B539449D2140A321E1796B870F067AFDEEA
311
D84908A080AE722DC0E84B2D0C2A1A7149D7A697E10699CDCF0CFCB01AD15CFE58649F73B0C8654BC55804C0B87018B2E450D25D5DE5E5916DA526C56F0FD0F602FFAC83455A80F811951473A1EEDEF2269AFC0E1F0FEC3C71A2B6B31A005CB75A339A2399C9586D6657C8C39510DDAADD955568107595447832CD3F2F89D4
311
96669768D00A0F0B04EC24A7C52396C95B676F2D3C4074D18128E0BA2CCB0B02AE0DCD3EC9F7EDEA0B8EAC11EBD218962AA8997E006DE1A35C4EC5D2E0089FBB3345EFBC79042A0811A8AB3114505D99A6DDC072A78B2684577590066120520E42900F9F52230316C6625D91C1122A9D3357F759542F8D832C1D549D7E72B9
311
A6E8E988D32D930462C0E9CEC0DE1C6166DF8A6BB2BF3BA420F14BBA12E97AA9F258EDB197588D0653282903B40EEC61EAAEC5C5702F35E46498EEBA33CDF60808CB2AC829FA738A53F315AD8356D6C9CC598F0CC7BBCF1EB9789410100590050041591193D9B0C0C06CFE681F25100E402664270437A049982004888111E9
311
8BCAE579CF820FCDED077FB6E774B65AB240134C50D1A3AACB0933D3CD7EA5D4C28EA34E3BCEE10D784E9DF2B82D7AF53E386AEE2A4B02D17D743DF48E5387C3B44D5A2A77D6680C56345C9F00407FAA35A4BAF488232C8D42952DAB90E28C3923A045DA54CDFEEBB66D69DA880C819416D7A45A30877DC9C5C5028BA5CAA0
311
EE9E1B54D3257311BAB3F08C0B360B1D2527AC938281CB67D8C10B2FCA7A000D21915EA2403C802561D98E189A8512B10726F3F155E49425391AE1E401C27EB6EFF967991CF34923520B0182C1675811D9733A2C20F866539349D3DD6EA72BC3618FBB50020D31437E87237BEA08A5414BA5BB89FD289A2131278B8526CD53
311
17B6503EB57455972BADB2DC41F75CC7FF35CDCD16A5AE04E20EA6A6990CEB031193D5EF8F0F44F655D6000195959AB5AB2BA2C474BB8F0BA62C8C18C24B19328E3AA844593C8E95C4347B920DBAEC2914A00BA8EAD238F4D0852669B22D7EF6B44CC6B63CE0A90757AE6F520651121204434F6617FA580819E13F1362B201
311
38204D907C7ED7B3E37CB806E3B266AE2E7D718A4ED1C4C29E574F7B76028207F6EFABD67163676F28E3D2744F1C05D8188A42843C66C573E414948DE515D6DBD74BD8708C96B0B5B82D10F784E30EA635FBCBED117810794167F7C38726327CA7BF1E80465152DAB4AE7D5166AA85C1489389922B55ADBB2BDDBA16F3D9B9
311
4E4A0D0FB8C91D2882AB074CEC87386325DA36078D40357BAA8E080C08BBB45818CFAA7642C01CC7052E2E7CB48500E20157868343A481B535AE9D1B9ADD6A0B93FC56838C07A54B0E376EDE5C2104E6C102B93F98605D084A101CFFD9AB174F49163850BD1FF764579DFE8CD5AA73DEBA4C3B585F902ACD718A09DE7A51E9
311
92A9D85536B94B8CD2D71C07A33A1CEE48ABC9DD5A49C1A23BCA079422633266A414869A972EAED4721A739E7471E9F8245BB0AD818096DA59E9A612A06F6A964D1233952FDDB70C855321622A29166373A6548792F1173CA73CC938837B88A5D3EA9356558BAD1F7AD54D4F94F50054205F8F87C902AC4690039809F2891A
311
79B2409ECB26614023C37C1B9A6F6F6638D2C786007D71764A99151959607E62CFCF4EBF2D0A38790022E4A0EDA5D2A6973990DD61EECF581C61B32C01B135C21A3BF0EECC311BBCEA4CFBA284BBC31C0E3BE21D8ACF14D15AA3115D35591D29B800648069BA94027AAA86FE4088C5B72E9A88FDDD94D19148CA1B3859F392
311
BF350264F8E3045C79385EE807087B29AE3303BEC18C35BAAE94DAD219A5603E6C7675E874A77B61D636D958F1C298C3CC456ED114DE927FFBF6075CD501134203437486287BFB6809E001840029AF9D5D11D4D13CD1B7EB95A920C3F3043B33F3E31483C1A9F9839205AACFFDF297EF5657B79ACA5948F7BB8A738A6C7AD1
311
102A30D6B63131A6B36D496A5AD219B97A751FEB51BAEE6647D017C0033C1D1D16E69EE99875402106E85E963BFD6C1A001F60BCA7B4D46E67A318DFE8CA59338B6ACCADA76BF5DD3B5FEA92F533C55D5A172F3090F785928B49699DC1C1DC19171351FF4B0125E355B3752A4CAB5461750D246166CD94229B0DD310BA7894
311
0FDA938F1B240DA080EB340396AFC858845A809108B3716102C4BFD4C394040062FE955D0C07A13F8282D4C25C53357FF0C5D74F2FEE7EF797BF24044CD8CC9AA19FE944788B6283C98300719BD7EB7164B3765D33BB99587745002F9DEE90DBA70D3044F2D8CAB17C1A6E6FA21FA0EDD7CA9D1A799324080FB09DA8A1E065
311
44A49ABA9C91A5450BBB78B4865227793736085CD4C9EC7E86C3059A5FAA2BA36A834ECD19CA2839B57C77C0EAF4508BC73D0E9BAE333720AD1873CAF0593A425C398C029EDA6E74C65F78404F100EB4CCA788CC8E9003B86A919E38A1CF85F50C41F2B3CC01568307F3BF7E1626285980CFDB9AFA641E4DCC8F9306BB5364
311
81EAFDE9CAF272CDEA637A851383F93A758A85E5761020AE01065EC5D352994E47A226BB55B35E956B3D5C4B494BFC448B96D67D4C4694D68855DB5D634AABB2ECE473DB555B472DEE6BB434F42E55097B92566A1A2E0D3AB9F38D26AB4FDA07363A8B01474175F55B00845E27CE122ABAD7338E54876A2F55C387E9237594
311
B2B49E343B7DEC5298F5ECA25C3F7DFCE293D78C657161436481E1C49565D880CC4649826B30A0BE5942800F58198105D0228208B5EFFA355D510180CD793A226486E6A9170F3E77FA6CEAE4B90307F6B7569A743552821D684BB11A22B36FB5808B3B58A2B465D9DF3AAC6A5CB912557C31855CC0D240B21BA613B02B1401
311
6EB76A33B94D359D3B590AE71A07CF001ECE90D5BBDB932CB065B98D075B0E9B3311D61E5BDEEC7CB7B2151F5268C2A9D20FE955AD36359BB51432500F46634EBF565327E590ADC396B5D9B62956B3197D31678E9B6D4792FD5C99280AE0101C6034040590003088301B927443488044C1EC10E14F30B012C1E6FC2BBB60C2
311
5C4C370FFC4FB12B45CFFC4530E048CD8173E70E5452D0EB5AABB5088551FC1886DE304C88C90FCD21083FB4A7C3C4DEB369FDEA1C4B92F4F4AD2E3DD91F678D89F5D601AE8A71B89B4C9D273B4D11ABC36BF3B81898F0C45272BBCBE275942B8C093DE15EA9974C9507CEED6CA5BF4A824FD933D6B8470D252D7452E14C6C
311
15E45C9AD35F5ECA55A301993DB3B2A5692E955D621B0B56014F7C891D31AE1DFFA3AC070815D8FE1493113E516F2B0B408567F3B338425EE29FCF17614A3EC2D2C8C4FC74FED98567D99B92BD595646C60F9210E79FDEF3DCCB9E973ACF9D3B595A535EB94D71C4D84EC828699B65C9AC87C336E6338C89342ED7A3411830
311
B1C6593AB0EE36758101484219C7289D1A8F99194428270A3869527C642BB29ACB5DEAD89DAA75C4152F5CC1CD156F470A1902E7582AF5EECECAEACA8835AA9BCBEDCE989EB5F4B398A5295C35CB9009C5795BB9BC2EC0A8B9A3C356672123CB8A441D1999830E4A7FFF8D6E2663C8CE85737CFF88F978628D0DA1E5116182
311
4F50C0F0348BA08481AC8BD20FECDBF5AC54830B6CD172F0A91A2B1CC1A9F6959F3DFDDCE92375275140654D6965B94A97064622E32056033D402E55919A6A2977D81CB2C9AC5103D1E235B544A23967046E12C64107DC6EF74004621F8B6AD59D9D290649067E7289139D40168F6C966D35F000FFD2A29AC935E9811A14D0
311
54599956B401489136507EB8D0BB948CCB84812C40FD418748A3FF6551A1FE7587E375809246136640F7769CB079BA1725044EE3015B21F09D02AEC8AA90C183165806A1234E2D8806707F6EEC6285BA6F7AD744FBB45C4732CFAEC81457D73127DFF3FACB4702D5EF9EDC5D694A6D8B683E6BAEE8B4D0772011D83C49D6A5
311
581202BAB91AC8AF9BBAF6EFEBF26BF4C6A3E92E4ADF728B37C9EA33D7B9C574A88E1EE9AAAC3EF012977C91452D1A31AB380284413C8BF65ED2F564D64245C02281CE1C229266171327B2E9EE019B872B123C1857553248991EF0C4D959AC132A71CA1350A8B3582AF714DC7687EDC289ACB97B493E3EE0E5C760C0561624
311
04AECBA2BC7C8A4C1FF667FB0BFF673AD48EFB530E01857C6A433B1EF02C17954ED10F0A364FBCF8C9383D82796A818FCFDA2A8D1048A574BFA6C44293943FECC9B1DAE0A233C6829CA3542F65F14B49CBD6BA3B174B53374422B1B4E22A26D9844C6654B7954B2894D85CB4755B4BDA9DD6BC360B7B4F56DAEC5CF1823B90
311
597CAE6C329B6691C06A873B6FD35B235C3E00E40D44DC71FAB07118AE4D71B318682A573B96780CFCC7E4BD7081E122C5157303D5AA681D87DF368759123B7EEF38A34171008980175EA01FC68214F3112A213E4E6141C830E03FDB97E73376C80643D221801CFC7AA1B9FD79097D3ED1411A022389E75FD9F3EA59DBCE77
311
CF9DECDC56CBC9BAD539163C747A3716663A183259C0FBB9CE4BE6C5DEF2CAAEFDB4ACBBF677B12A4403CC1CF20D041C19E75C4C8D587D266DAE95DE85D5AAB10F1CF0B99D74B2414FF0808D2125D6EBEF0E178A735676D1CABB769A4CE972DDDF62A6005506E0DC1EF180B415DEA5D7780E9383CC1D66C60DEC4F07141AB5
311
5C4F481894D71EA63A643F804DC997FF2859C000C1EDAF7DCD27B11000C3C3F927CC06FBFA865985931A580E4623F40529039999EE7A96B62831B08A06B8A45EC8C1CF508023F5EEBBD59DD5A61A87E68CCEF53A690750E83BD8FDA025E322CAB9CC034278CA3CB02F5A6D4A37BDB1BF3A3A67C57F9305958186CB17D102EE
311
34BBD6EC4998CA2BDD5AA96E810A6A4A290B27ADA51E8F4E2AB08632C9AC6F904BDF1CB526D67D4C5D34D1B9CEC64D0F41D5B8068244432169A1EB71E16DBA2A24A172D6551D34D3A9D16847E108A9B72F1C3E453F88EB466FBCFC583C40D2A071D18CB485AFAC5D995D784235BC8BD6384B82321AA330664B6038389DA007
311
D2FEECB3EDF969A906A7A6E7F9508576760A5FD9F3FAADF8CE73E7769AA041DB148DB1B58C622952925CED0006520EC5D91F8C9B073A6CA6682CE28C32E76EE2BA198A79B620E21E8BE28EB584E90EA4F488931960979BA5687ACA4A14C7A661C8DAB9A2B5721148D1EB19BC068A0E04E80C9276810DC7B69492CBA12C473C
311
4BEF538B28DE9681384B0A76DF00BE00090AA008FA547AC4EBA7A43E71E142962B32BB8F1CBFF10B2E9A0306450178C0F26662162E383CF464E1C99385BEA13E7010BBC3070986C4D030B332F978A15D2C8FC8023134687C6525CFA7EE2DFC6CCFC7B7C2A977CFED94E1335D510C0B03F2BBCD00BCC74307CAA6F26D5BC0A1
311
119495C8EE5773ADEE5813B35166BF2CCAC503EAE05C9C751A9B99DD06ADA532A2A6014E07B8C0B095A593524CE7D0D2D1B948DAC3472044BB52B55ACBEE036FA4F5189C3995E61213BBCE669260A2D3E76DD1F5BA0B1EBB979D39AE430463A15ABA9A8CB0803557F3F6850B1DFDFDD9C9EEEEB3BF7820C1FF9D020041CA61
311
B2E0932740E051D6A0DBE1FF09B6422886134394C307497A520E321B78A61905B029D2B74297E4E9B75EBF953CF1EE7B07AA2BB7A534AD956BFF0AB2330E01000521C446311228EDB06975A5DB2A590909D1FB625F76CECFEA4AC8477CD8E7E6063C36855ADD4D63506FE1721387C3CB72273AABADAB29C5C0B475F7A5D369
311
DDCD925D975EEA76D7C003CA9923D5D4D4D08554F5162E9663FC4558C575BBED705881613806F42C0AE0A575D5E7CC5833EEF2B74F5DE8E082F4E3F7266FED7AF01D13C405BEBE7E1DA8FFBF54BD6D6C53779AFFCDB17DFBC80FC83EB69C63547464AAF8013B18AF3548F6C816768FA3B83851126771681A1205E948A12451
311
AB883899264141908CD924CD1062D2A499341414D474841489A59DF64591187580526DB5836E5EACB857D5AC34DAFDB7FB30EDFBFBF373E75EE936306580D29CDFB97ED7C3F7FA5EDF8B52A8F3FBE5EF3B81045FCC8876F9A18B27B903274F52202DB71F3A7FF6E45CDFF8C946F4E3F187CFCF801D2388B0F34D977EE7F360
311
D89FD7BDA41B3CBA5BC020A6781C1AB407CEBC47F526BCEE44722BA94A867B9E2A2F9D7E107328160E40248A7647378D4FD254DE7974B3A6B974C55E562B204476F72C70468FA2893C80544975C5B840E2AE48D381AC745D93A3B5680B38A2C6618565E0287A84AA2DB9EB231A308EA7856020B9C940529634407449C2027A
311
10E68021F270F24FB8C05F8892B87100BF3E740644E8CCD9EF3BBF07F9C1024436F8CB8B3CFD3297E1CCD97684744EBE3937771ED22CCE5F8401FC2179C0146363F3DE3B77C860A251C34BD33B24C050D998778B8E04050CBC779DF16E9C205D549951908A9C4D8F8E920A7A946E0FA88F2FD56D03FA61CCC4D5E42D5316D8
311
152FB4674D8A187637B5644ACBE729FF5AAE238F01CD30A8935048C570A01A6BF1EA519A5EBA4DD6998B914B16ADC9CEF8A475DFCA0C4A87615772F06FC8254C3E678B63C0D11248ECE64C5D1D03A8946001FFEB04D151A13372912CE0E2F7CB9DDF530C76F6B59FE400DE3C8339BC0017798F30F8CE2F8F1FEFA3413E73E8
311
BC688D9D3F397CF61A8CD1B9B69D7BADDAF49DA03F2C79C9CB4A84DC1493B24E46798435A8767309FFE655199748E6C3701552952C53BC20A3747F7C900A212E923992FD86E488231AE6EC70E4DE64251C96B9D95659B566493347A12075CCD2E3226162362ECB888A743DA2AFD4B4EE8A5B8D7A55066733C43ABB52B1D9B9
311
F7A48F8AA1F4E4C842E85453963ABAE496ECE2FEA219E4F8C6EDD6FFFF0134AE00C8F8F79DCBDF9308F561F1822A0E3A404BB09334E0E272E73BA4C4337D7D9DB047042036FE2E79C1717C00F5F00DE3EEDD40344CD2AA47E18932016832191E939332DE1C9AEFF16448674440F7EA86BB49B3570AD9340D145A634E9FD5A6
311
C695A6411763E3E678C6E5AA45030C517B183DB0187E914F580DAFEA2F870B4129E26C75770D3A634C47C88CC384FDA5983F5F0C4A16A689999593B88092D300848FAFEFE6C4E800BE6331076F4D358453A2504E6776B716DDADA979047A1EF6FD496CC1FCD909FEE25F901DBC48182404427F6CE700FA4433F8EFBFA7552A
311
E445B084B3284B1C220CB4F3DC58FE79E666400C8ECF4DB5EDDDBB21DFBD331D0EEB90A5BDCCF101E58AE0A7909F018C828E65F875640FDCAA9E89F42B66FC982BD2E200D2C35AE28204D4EF8AB70E809D32E26DC819C38C0016522946494BDABDDE44D25F2C06A409E6ADDC0303627086CA28305D2C46A3FEE9FBE58C45B6
311
D2F636F4ACDD0EBBD6C8C2A3C82127E069525C4DA1C5752E57A94971A4BA9B0722E1FDAD598AE65612A1879D60A2BFFDEDB77FF301FF052E4E22880FECFCFE0579EF4CBB80412E5E142742A31090403C35ADF319CA013EE76911411D2061EEE30ADC90EEDC0F06203808B230AC38006D2B48B67D00CE4A0EDE94118E7AC905
311
3D9A17B64C93CC01B4C42CC4FC2686FFED76CEC927D9E7E52E372E232A3330A540FB375C19BF68E5785792D484512DE2EB7710287C808971417BCBEBE1706473335F26A94E902C541AEC51C078296353134CDB583D36976CA21AC41539004ABA9B9D8C912D32976DEE58626C729903E0040EE0097FF52B1A0387989B821B48
311
1000F9E2B9FAC6CF1C3AF33DF818C00007719613C0F497DB5F8C43A14547400C543158393EB5C001180214F687FD7EA252C5CD043434774E1E97EC8EE730D06891F7E9A571E207F6CE660B72BA3F06E647DF145478A0C3E992DCAD1D5D6E1A03B080199FB1FB45DE806727834EE6BA6ABA3F72FD60FF7579D63C10A147AA1A
311
510E80EE40B028CA220A868C6E86AACF01367170E0482480B4C118A8492EBAC9857B8143D0EE887873FC5FE6466FCFDEBE775684410EA01105FE85CE100780A92F3308D45E6F6F6F9F2113E4BD9FC514CE9E45741217407768B9BD1DBC74E624820A6784A0CE7148323BDFB41A220A04C3514D2333A3956130D14B6BCC5381
311
E160622E520F46ED7AF82E8E0BBE54F5D6683A3D9A66F87F809C195FD90DABB547E930DBC5E85B92EE30231E4685515C521A888749A71CF55A2C141072283568D1E4909A0139CA4F4F4BC16C5197FA25AB376A446A9C99C561B3652AF40ED58A6ECD20C1E1D9DF772773309520E25B5AA4646EDF1A6A453C62F63612324062
311
7FF301BF02137BB3138E1877FD0569009F550AC293173187195CE2C9BF7F93B40864E8649F280B3900BAA46FC0A13F343E4C73F0DE0DFD3E73634146F34A5109428A2657C8CCAD4C4E6383AA5DF6E76B656F62052F51D55C2DD55BB70AC12A06ED723A8D26BBD549F1600F999BCC36433852D223544F32360DC20CBEA047CD
311
797C51A9500816AA2E138D114D89477DB2BFCC1868B9E4F7EBE9985F55397AAFB85F4C888425B2475DCBEB45DA6A8944324E42E074585288AA947412C150CA8A88CE12E312C207E204453AF0A77FFC474423C8033A5FB47712F3B101A200B058273E1033A055F04BF473DE1CE7F997999911D411D132E616B4B5B56DDFD0EF
311
4C036440C4F5EB787ED8AE720F8C1D0E1E0604B8B651DE4400AE389DD0FD26B800417FB020096D09EAD50C744A27E09E49D1143B91CFABAB19E608E09891E832546A32E5E05A78038160B5EA425382726920A43319952F168B3520B840218D7C0EA153CF97BD4C9AD0493072496F5827E4D00FDFB79A6C906F41D63B1C1649
311
DDDFCDF52CCD2F313BBEFDFDB7DFFE966F8D2BF0AB3FFEE37FFDFA2C14310E002A547D8D03E8C4DBBF89032015BC789C84F81FDEC5F7CDCCD401C58E23B32242C1F1F35C8AA985BDED56FBF466ADA8E3028DB2ECEB1D24F50CC59952656AD7ED89D3BB7D5E2CAFEFE713EB14CCF4016BB560D0281104651B37DEADF442EB14
311
3C1A9D0BB492802112F1C85135037150B18A88DE134DE4038142A445716732850850934DD1F2D1009D88A8F875635DD73CBA5FF292872B25A9415AD71309B4282AD6A4C75AC1AB2ADD031D4A56B2E716933DF3A9A5DB5B4B6BDFE3033002E1041B8D8137901212CC80CE8B9D2F56A97BA906E80750FB886478BC93073EDE09
311
34D8B7FC779CCC380432AA65EAA2F37446BE19F1303011ACF9BD76238A5C53BFA36200F7DB3D7E2365651EC464879DB44F705613EB46363D1DD4A34155661E5610D788163E286C76F2035DCBE0D954D90220A2A96647C60C3ECEADB5EB2BF96A502F395221B0344DE5AFAC68DE6C20305DCD1B8152C4B032256D2F87F58C87
311
3C887C20A1E7250E32427D9153A1658B6174A5A33B1290F6730480D03C16B0F6FDB73C3F5B5BC50D10130388486001DFBF387BB1AFBEDADEBEDCC9ABA618ECC30878F33C2EE352676696DBFBDAF9A54EA200E334C767E80DB6ED6CB77AEF33335264441F9083466D4C82E1481D60D39A80A54D664A01EFFEFE7EAE5C840613
311
281502E94850813C93316A254226BC71C63DC9FF3800FA194CB855887F50486C36A621D7CDEACA4A3E1CCC1B4668964B635442D0CEA4A2371BAC65CBE562164F21522CBDE8A7B5683245CBB48F11D15223B08BED49FA119A63C0E942BF27ABA9BBB9D99ED9504AF800AEC0AF7EFBEDDFF2000E804EF8995F9FB9C8932F8B28
311
C043CE1CE7022C63009402F4CA8EFF929981177D7D9358C50CAA0A67C41CFD597CC0DEF617D6699EBF582EF3F5815D3924CDCE309C467B50B56EC5533432CAC97584CDC26AD21B28C0D81BA5E86774DACAFBB4DBE909650DBF9115C9AC2109D6708454470132B4C1194BEC2FEEAEACAC70C7B552089B0A54EDEB36AD140D33
311
071A1613F169CBFEFA0AE9A25E8E66FC648DD17C9861695DA70BE8F198D6B943588089A90A240DD4FDC578FC760866BDB0000EE0577F0B831CC02FD151F9477C004FDCF798BA5F20E0FC5C1483172FCEBCE8446AF8F8F165A2007C31810D8EE302E014530B4CAD3DB4530B14F982FCCC3E81D044FCF690BA9FA330B35B7371
311
9A63C5BC757F1FA3B4EA6441B214C916407F68011620FFA99840AD589633765DD2FC6161089AE6AFC47DBC4F5B465FDFCF25132B2BB87BCD17323102EDB7BA0D8D30180807A46859D722955CA2ECD7BD2BFCF7219D6703451C896004CA8085221901864690093EA92C257677E946BA6F2320F1B871057EF5EDFF5E815F63E5
311
BF7EE3E28B3A6E6F758C99093EE8A674CE90FB5FE42866680B1E9F2148B45FE357E78641CD8F8F6304932022244277EEE757F284303FB864C37B5977179982D7928B20827A34ACEEA27E04C427D518A1D4B48086EC23512048E14F221F15155058AF49065F7E547389175A2042F80C6D7DDD6A5D799990A8B34118147F45B3
311
27ED25FF2662004192C170C0E24BAC4465BD1C8E46F35A2923658365A6AA088DFE8825944BF6405783B3D27FBD99F491037087E667976653B737FEE5DB9FF180464D085DFAD754FD68E82CB7331BB53C47D1D707348AB5530A7015C63B6784BCE2D91733402282352DAA62A2C0C9E38224D46ADCBD73FFF9735061FC3F344D
311
C3B084DCBB5BC41F7D3D474197085B93A879D0002B644B7CF306B2FE80C3E772E5835E908C5206668814B0E2204A5251F7464B52D8EBF7F991C5313C8C442713095D327CDD743F4A72C6C7F47CA5B8090215966A3A9D168B751DA759C6F345212A4AC6A6173E3D8E10DB58841B4F5D66868AF5693359327980DB0A22C81518
311
FB7F8881BFF89654B8E1047FFFFB5F5F040279EFCDE517CB3044FA28FC67787C1C0157E02C53729D28C8FCF2CCF88B3ECAA4B354443CBB501F25158622F2857CF7C3CD95E7E51A4A861DCCF51B86AD2BB9CBD09CCC04AD2868CB7E772E99A18E85135D182DF861B76499130E170D48F01EA881B291D5A2812A16AC87BD1A93
311
0D65BF5C0127A3984FACEFBF4C940B958AD2C5FC8868F224FD19A99C0F04F104AAE617B1920C389CA4650C86825124B0186FDE4BA776714BCCB3430BEA754C40CC8BAE2FEEBBCD64C2ADB30F1FFFCBB77C1A57001B4049E7D767A187BC79F6C58BCEEFDFEB3CDF878C2CF75F1C0119E1F177390021A438539F2107C2354E5E
311
9BB9C8D38B2BD0B6F1E48676E7C3FBC876456D0CED3731FB56A1EDAF9AADE40154331E7B92A7B447039A9184121D1985E42807D0F830A472D5EB37DBA989448AECAF65BDAE40B998CF10E1F351B93FB48EB6867F7D777D1F9C01191AA096016A297B3263C7E70778FAA8177551F833A0BE86AE4F67552F7910FA710C16EA20
311
2BA463BC0543F3987CBD8E0E5FC40B20E4DEC501CCCE3E0415FFF6B7A21AFCF90ABCF7FBDF6301282BB6BF8021DF7E7E86640750485C018EE1227828EC5904F5447EC4C1703EE72FA239D60044F001E2005E3E0F072AF460DCA20A76237502C5CBF0E69286C61829597E6D463EC80000200049444154269DF5C3D90609AA15
311
A45D5C9A92ADEA35412F862D9EC134FCE45252002278265C2C6EEA72C4940064F5ABBB5433B4D6CD4EA547F06DC0D8818EE09579BD9A4EC92C1BEBEB2E23E2E75F0CD027C300F2C82731C88F5FE959A43D26442C6099343BA320625BBB8BE868A1A4F6F82FE2FDFF7C00E4012022A4016FE004C515586E1F1F1FEFEBBBF8FD
311
49AA6166850E9DEFEB9BF9FB77A982FAF086F8C7CEF1F3FCE3F8797CA5680F3F4C7FFEE1FDE7C42ADE98412FD0B05B177376B7C96D45D694AB0C5418C52791BA8085E9BB24CC5B0930FC6C3590AD1976C3A99422994C29E00D82FC49BA5A094F6FE6F38588755D92D50CAD4192FA26126CF01EC046F01E28C360A23A75834A
311
4BD5B0260C0D9D903083B1B291D8A4EC58D7F3589ECB830C15076137352B727387432BE7B6A0EB75090BB8BDFD2792805F910835AAC16F21CC0B8614DA9A80C267FA78FD1C00775C7801DE38B448D118A736E4005090001DEE23188EBF7B68BCAD6D071D99CFBFC60730CD06A6415F57B3554880CC8441C0003F333351FCBF
311
DD1328D682E97472D70827182BA6C68B46AB35E6897C952C6C5EF400C3D0A5F9935A38B85994901349D864C29F9D7CC64392EB8383CF2C165140351981E9B0BE190614F08B7C576228D25F0DC21BB4FB3917B8B440F451B9329B036E80AEE76C519A07F94F2477992D9D5F241B5C7ACC152011FA5B1EC001FC1E9AD81BFF70
311
72B9BD13B179D23D1001AEC045A2C08BE58B2727DB271B4A7A6806CC304832D33E4EF30439298C421C40CBE77718665B0973936507FF25CC2017C785DBF524A09C78839ABA4E7C9382A312188FD5BA9844F6CE9FCD64F9C50CE419EE811CC6FF19FE088F4CB4D703687F91CD464008300A108F92855958C5498ACD58865CBB
311
5FCCD76096E4F30123490E1DA0D356ADFA556B321CA50E20A9522348C741B0882343628A20AD8F4ED7FAD2FEA2BBA7E736627A8FFF880F1499A0F001C889FD170780095C040E58A62D523F3F3ED32EDA229DCB0211F8A5F0FBCCCB9FEDEB6BC737009AF23B9D5087E917B47DF7A4D575F7C33BCF21F1A7C142C440B7DDE35E
311
B4323AC5ED079BC224B488BAB229656B24C10423D58EBC889426E8C112CF386D627C5CD1D4BC4E418B5940929118458EF1E7223E239C2FAF9455ADCA884997078D1EB4594000CB35EA613F8960DE4F7AE5F76703FEC07410143957CEEB09AF9ECF33251D9AB5235E6215C4FD832313966A34B1B54BC36669B6B5E7C6367980
311
38819FAF00AB67FF118D7D31382D9CDE5984F3B802DCF5199E126CE478DFF0D939E6653A2906DB3B290A1BBF3AD30773803CE0C90D173E0006AF37825E5DBF033800381BAC47B5F22EB040BB379AD5F346252DC1F054B345552AFA25CD2521FE44D49753764C4026F9216D65C499BB4C5808C60AF644865E633E9C4F24A3D9
311
92C68CA589C24AA8F378C81DC3D11A74C1CD60A042DAC351A29554A0032192069444F33A86E7DE623C9FE174B3D9F5E960B7255DD573D62E93D0D4454C5058009F0624466784CD05174FBE870F6817E9EF59EEBFF8412EDC3EDEC739C0109921F33DDB3ED7BE3C73718EFB016E86B8DAC9F338C1275F583EFF7073F3E54AB4
311
54A0B2A1AFE70931436EB2560CBF17852493EACD6A8984355CC806462523384D30C4FB5B7C003BE52469BF02FAD544C05C4F7AFCFE42763A1821CD6DC958AD92DC52C8073713C95A50CA3249D5848371A3B96568B55AC09F0503B84FED905BCF549938C86683792BE1AF481E2C8A4AD049D1326770C599721E4483395D052A
311
52BA666717DD371E3EFE53E3F9FFE603B080DF83819307F0F49D8868D0F824E0E30096EB33CBB4C3A047CC3022828BE87B2CBA065840FBF25944F7C7171015FDA6494481972B127C4E1A83346573BBEB76396E8F4286F59B688E4BC6FAFEBABF2055D385451D0B0848AAE67269144954CDF3B0E2ACE477098ECA1F205604C9
311
F1E9FDE2DDC9DE107F59D1CB81A820C37A509EAC18092FA55311BD0AAF7773335AF07305020172E8E034CABA7AB9ECA53008EBA564251502468538D4DDE51B1C198C04A2FBBB2ABC3CF0901B0F5F8844E87FAB416101172F5E04125A161820C20028C9D109E434DAC9824FBE33777E7C0E1780E7EF7B317311C8689C94100B
311
387B5EA8AA7EC1013C5F41DB45F64714BA7A1A787C8EFF92AC6A65D546770AEE48723FC157399ACEE696123AE335AA1C8B007927DC6A9359C88553EE31D0A16101C140B556D6B39A09753C08855210BF0EBF0E3D25D005734565BD8254AAE549FB32D16251433FC7EA510BD266F0164ACABC7AC2A0375CAE9472CA3CC622DC
311
8BC3827693A35F92A8AC42424BB1A7F5DE8B3F0A17D0A806851B001606027EEF8D431781C0CE9C99A9D30421E3C1F6290005204071005F9EF837F30207D057A754E8EB9CC336DAB8020FE58605D0A7CA82DA5386365943242C307E51F382274A79EE4FEEEB852AD395DAEEEDADFCDD5BC192ABC948F2F5263DD09E54666E13
311
8C435215D3F0015ECDEB52C4BE9FB0A1391329D0EFC565304F4DC305FE1077C5307874A354AC92EF49147E369F2548F38CDC601D2CCC9AC09FE6ED565B288E5741B29139ED6646AAD352625F359B667B6EF7F43CE4001A71F06727F81507C0158027427013CDA1767AC1BCF0E519BA846043944673C3C3C2FD4FB6AFCECCCC
311
7105FAE0D18CBF333E33B580A05EE3003054A2156C375B5CF4E478F1F054742F63A180B6D2FAE20A8F3D5DF527728B3AF811F35119B59C4C0A528966F7AAB5BC9728E0D72486A7B2E29D5B6CEB2F710F9027A2460627CF6A0D0A011483449B49F1868BD9A84414CD50701223995DAF525C7B85B8845AA6692C194422771C51
311
4610676648069C5A952B800F71DF5E0A2DDD16070024F4DB035F7DF58BAFB000E104D934F3265160F9CC1BC8C3D00B161780D78D80D0781F3700C580196E3F58417B5F7D8E9AA8B38FB941E103BEE8BF8B0F480008195913B44071A56D8A47E6D913492EB8E6CF4AC68A8ED0CA2D004123B972173FD7A499D47294AAD5C2E4
311
9CF8333A07A04681CEFD12EF1CA650325FE9B644BAA1164A0F22BE0E47BF6C8604664B82F91AFEFC740D44F00E4812719188825FA53E24FE9713E04F6062B446688CF5981B4441056DAD6C3A9ADB0DD94C0C0B841897E00AF0FC1C0017E0ABAFFEF2FBFF425996C139311CF7DE7B672749861B0E91F74F508014B8C0123E54
311
33FA264904FADAC501703A0B2767A690CDFF830521A1E7643A481DB939755AD2394862F87FA34C87D890EE064AD1B2912159ABF2B585C300480172837039185433E8C502FBF9C3C0BABA140D14D181A52B58527C5698329616EA8760209D36B4FEEB0E6E331D0F83069C5FDFAC4AD9C06631230939536E4E980B866DE8EB49
311
1882093D030E147227531D36FB7C8FE268FEA8973342DF03A9DA597C40E30AFC7C005F898FE88C7C4F3578E80CC510E37204B9E3E36F82102FF3C297CF4EB26160F81D5AE333331CC0A199F6BA2808D050193F5F6FDBFBEE0B3B16B0F95CF75B4A1031AD8C292D5A11936211847785DCC60817BD6A107716C85683E2CE8683
311
778355703DDA00E19CA98546089460EA385595F20152848897CC100D202FF92FD4B94030F660144E80A5C9902B708AFC19C483F3CC986951C0F8CC3AB28532049D408D02D1EB5D210A524180CD59E38BA6AE26E08059A48D9B9552B100E16A60BE154555A280F0000D0B681CC09FDEE00ABC476740401E67DFBB58EF030404
311
0B3B23722134B4E6E68611127B8720D0D737878FACCF9C24619899233EA025F58D7AF773AE804E78F2DA67A9C00414EA8ECBBC485D67D40D691DE4FF6392911DBD15CC43A8E40A14997B33FC5166E2A143DAD4B0A8E3FC201DA2CAA302306C1A3D450BDB610A9CC0A8CBA8C4B90919E83324CE12360E1DA564441105C17D96
311
0DC6AEF255F8379975A8A5A499B4CD9C51AB7B7111D281D50E256240819E15404E4609856E3339B92D7C80E88DE103C47740C137CFBEF906B4A017D83C7900B3B330C545401CA7234E5A3837FCCEF830B1608ED8D85E5FEDA332A6303CF90E89D0CE17F003EE3C67F303EF111135180A5C3C46A5BC2EA80D4C4FE55041CB4B
311
A2BB33FAF9DD95A4549DBECB889960BED7BC360BAC22E22013F6012923C2BB57F0C50C9725B38F0A018D7060D416B0364BEF842CC75A4A822255C6D1191A7F6C45CF57ACEB8482405E0F56C37EAFC0D551F3D1C3599F6C0D6D59BBF0CBA92E07C38CE088C459BB2FBEB5343B4F63E88FBF108D2171007C3EFBE31BBF475A57
311
CC4E0B3AC019EA1C4880FF404BE862DFDC4CFB45A2A090D617E9A04882E656814DFB3A29074F8EB72DECED7C11BBFBE1879BA4BD716FC09EDB050271E7CC30555458FB5E50BAFDFD7238E0CF70498377035EFAA3D3B7AAD56840CA92BF69DDBD3ECC3A41EE97C78C83410DD271462BCA25FB3E0092E2924AB1822513AF68EC
311
D2EA4620C5559185B3A31BA8018094015DF67530A440B85A80A101142612C1F2A66438ADA16445A13FD90394008BBC76376C586D955068698BC6102C4171037E7BE0331EFFABAFFEF8DEAF4F76E20110CB69BFD877065F0717FCE2C5717A83A43CA403730BAC5779B76F4E3C382EF231794027E8D8715455F7766E64EF22AC
311
CBD9F37070C2AD49B200131A8F7A452FD2BF9676F713D3B5A82B3DCACBE413D0688F52EF49161072FF20D4387B2211A5CFC72740DAC3FBD7F38192CDAD6AA47111F033185EA0E58E6E46823FF5C936BFDFAA4625A3E42F27A2E10CB27528B8E44114A57C542D134A9827C84B8C6A2C261408161A6CC4E6915ECD9F967256F8
311
1BB9AD50CF6D64A41A64F15F1CE0F1F9C101CCF4C1893944BD273892F549810630302DC09F6574E5FB16AEBDFB4BF2012280B80663A277D63E3977F27CDB337C408BA806D17AB5027C86F6DDCCF2DBCD66158B04EF2E866B89E72B652A9F74BA9A4E23B513488F12EC2450DB6ACDEE375B9A6090940D6F460FC85A111F0138
311
2C25308764A34D88E8082A53B6128361BE09072A5B540E7E8F971E006AA9EBE16278FFE58A6AC01CE564A378877093CE7F5622CFB0E67659A7603475A3B5D4312107AAE19CD5D69D8CB36D8DBEC86F6109F2C1023EC302BE7AEFD7873A2FBE07004CE64F876072ACFD2CFD708A6144124456707EF21AEB35FE8EFC8FA60951
311
4094855C86063FE0C937964639BC5272E7A04553B11B34C7ADB570344BF7221A2C169FAFC0E60A80868CF2EAEDD9F4ADBB4194AEE907046C51749F207E820B403089468BD1B088F2A0DC00DB898CA5E092AA0F0A13BEC8413C406FAFAD1B9E1D13B62457243CE2E08A68A9AE902AC39B83A867476722AB7B691B543CDD0C6C
311
21D90B55AAB94B99F5F517F82B0D87D94E1E348F131430809819E2F1C537B2609010580FF8FCE533673075B4945836D12912FEB338026684AEBD4B0CC0F68905ABF54ECAC23EE6E9498577EE810ADF0116F75B93643EA030B9750633440218CEA3F9034EBF42CF232F8D1E0CC2751216F0B9A03518D7B305A7E468F1C16F01
311
0857755220DCBBC0468AF7E980349A4446B6563026060B2E59EA1D544CDD42AE5CCECA7E480154100061E15D10707F80188B05104B047322FC3CCFCC0A9C75C4E8852893B3AB673E4B85857E6DDC1AE2F370FB2F5FFD8A14E82B7105C4E72BB4C5E9831C7F932C8F007F465064E895110D887F02019A393F87A27EFB1C2510
311
87B25A9FE414DADBAF1D9A9BDCFBEEBB7B0ADAD2CF9FAF08983287625208228687E7977891881A87132F69E633E2302A05D268BCDF4ADFBA552D15FC4038B14A89B7EB250C02FF10CDA2B5B05F2E79BD45824606BA37D4702D5B156BB21C86DC2B0611BA5123074793D47802608087D5693AFB4BD512B566901C0A1282EE2D
311
6F86491961A031AF272B2C6E1A987546B2BABE95417BD47D3BB4240EA0F1FC5F352CE0B3CF7EC5AC8460068AB6D7F8F2C937818300FDF907D92EE9CF71510B9009921963049D33AB2402B44927CFFF72666A6A875A006965CA618A212FF47F785A8C0A28D128E5BEBF181CCDAFEF27285E824C7A8D52B1A5C501C0F3D446D3
311
D55B1AF3212DD10A5D51970911E852A018C868F6E2FD3C10B29B0E69AF6C440B82E428065FB1FF8179931B828C0C314E30A3CADE30C3E4BA91C18512E7C3010D4489CB8186B6D96577C312B5264DDC80E6664B4CAA2572369FDD445B84153B1C8030017105DE7F1F27F01E137217DF63448CE62F8DF2F3ED423DF90C463ECC
311
FE4D7C1FB5107B2757B17F8080F6FAE37A3B65E2DC0CD3E36D3B3BDF18D39FDF59E1A247E1B4582B30D4B7A0F8F032A264B7F96080575405C6BD154CDFC209C010A9DEA26EA1F2AD46457643F6C0DBD74050A9FA2809F9D0F8096680D35C0E392BD602F42232865202126BE654325C8E2A7481B833D13C4E8059EA15447DFD
311
8442AE4DE3F9811C1057B56ED198636EE453678A3D3EB151AA612436AC4B0F5B7FB60011FFC401F079FFB3EFDF3CD4877E161640AD73F18D993A6F1EF4B36F72120D4191FF0876FCBB75E104680FD6C7B085E5557E892261E8BB6F9C592CE039F197463D8ADA1C3B185F711AE11E7F3E50CD26CAE01581E9BB308338007EC4
311
82B7B295482490AEF2651B4ACDF0EA64CCC0DC68FED5E44C867F912C675D456F4DD36212F3E0060BC35221E62FE6653B09834CCD4FD825155E51F75F9655AA904C245B14EF3E0AB4AAAF0892EAEC16F9187C493180DFAB6423D9C416FA9CA1252822F445F0FCD4815F1D78BFF1F94CF8000881EFC2023ADB7E86351B6040AC
311
9DABF74DB24A63668E54982B704D587E7BFD6CFB2A0C025C00B5C0CC023BE3EE399191790E2ACA7802A45FC81EE4034611D8126E4B2D5BF2E683E97091553411F6D1F021694DA31F910E30309D0986333491B59287E40E3CB898677C3A1A36D49237C4E030CCD04856EE8D695AAFB3D5D931800E983DCAF88CD71B8512502B
311
D756565E8282D32FA2EF90AD457502A19A2CAFC0D9352145E8767B0549B27BA0CB636429C9E31E35747BE96F16D00880C202B8039FFDE50DF00E66411088A3183803550E1EC89B3884C939E452FA8627E758BCF18E80CBA14FD457A7A0517105CE0F8B28209C20C3C32F5FB2D18611870CBC06AEA7BC5996F279294A002C13
311
0B75E916F6CF773E912A93B26808882A5E95886590DE0362899C4DDB9CCE46234D1C9EEC3372DE68E4BA54235E5A06C96C956EF4749A079AC0BF0C0F291799021E9F0300786D8AAA12075AACE5C3514808B044A0C66D6D312767B7192370B2E77DFE7026B168658A608B4D730FB77F148FCFDD1716F0D985F73F63E920C427
311
566D8AEAA7F34CDFEA24951EA7312904D41A55E0C2D37787057F6EF585B0803A67D137357C7E61AAEDC9CE37A651D11B7B29F0F864B262B7014B69D1CD3231C09F67B82F8FF036A2A3B7EE62047C03A08FA55B0C83115A74538C8447EC44A3C44D5014E7F36CC2908D3CC5C1BADBABBA1C1214978CA3BFA0385018EFEEE886
311
6C2F15CB5628843891E932F52FFF55CD8C7B8F54AB01C35B160C196FC28496F4E2AC09798294B9B9D799EA92D9CBB1BFB56FB50286CCDF7E38F6A3787C7E34AEC0850BEFB36B0BC48B03C0C70305F1E46C94C1F9CF4C420BA64F84052C2025CCF3E304FBDA1F37EE407DEE9DB936018ABA6ED11979B9B252F6AF8B34C0F086
311
A37699948E0D27E16C342A6EAB3E3D7A4B7C461F54D9FBF70039214CBD54A8CAD000547F0E098D8CAE4A009BB58866892608663C1B7CA10AF491C847BD9AE270B676350FA43ACC4DB56051CA500EF2771659B1C4808C42FD98A1EF9CF503890A493B356973C677B7105611B4D3A6910EB395E602BD51C33ABB75BBB5F5E19A
311
3800F13970E1FD633CFF677FF9F59B7D0CCA9D3F7E96F28F0000EC3D7E1E2468B27DF8DAF8797CE1242322C36480ED8F5F2CD7F94C92074C910A0FED7DF7E49B017CC0E6CB44B4EC67F31F68854A5A6365C4BB588E6E666BB5F066195ED4F4DD5BE20C46D325C0E3078C8340198E056B990A27A67A031279838DEA311A55E4
311
685EC533E053FBFBE991589A00834C68A9288F5A536E5394780FEFCAEED7C22B2419F49E5413F8017CB15149D2E1A4AA761C8162466517453B3BCBF54CCDE8CD95E5C4EE560E86114D01962CFDEF01F0F87C8EFDE5D0A1BE8B8C88D21022C5E9840A3409317E7C7CAA3EBEF00EC63E35D7F6ECE9F054FB58BDFE62B96F6A75
311
9513EA9B8445001EF2DD37DDB7A8065F7AE9DBD3DC30F7D0DE01E92FE78342612C28B83CD5A04425C801F08D5B90CDD224D682413CA5A87C2523A74F933656348EA928413181FC8A9E8CEE75F48BAE99DA33E873C86CCCEE1AE9A2D1180ED6B83B326EB05C8C06CA49A8667E1A43808201422FA0209D52BFEC8E8716DDC84C
311
797A189F9C55DC7A063152B7A712822A7EFB5EFD2FEF8BF7FFFEFB078E1D3B768143F8914E3725F0BBC7E1C709C49F2B3E79E8FCF8E4649D0CE89DBEA97ADBD4C2B5051E7B72757579B24D78C2F6D53AF2CAF8C09D6F06B902F757989861C8659D3911789A462DF172B3C650758CFA4C6758081FD0B802C441E103D04B80FC
311
C99058C51501DA9702F0274AB21DD854B358FC222788E7542F5A4AF4348DC50E0BDB5B4606465A9B5299BC562DD23FD04087C39BDE245E476734D38F4AD728B03041003CC91B465805B91864ADD97D84C0CAE2E24B74F8764D151F51A0E7F6BD552C00EFC7015CE004F8FC8503800BF1EEF9F6176442A44393539802324178
311
43C0D0C9B1B63A9BF526EBF5B9D5179D3353F5558E6075B58DD660DB777BDFF406C1C551759054184BBA66A7E5A597E17615218FB9D41512FCAAE85D346E0063A305A91F5949293B9A4DC3EDF64DC0050EC31CF4133BF3F76B680F49747DF5040B1A10C0013A9380C3613820207CA3550161853C6D840DE435F245BA202BE4
311
F81A4A7D00E8529500083996888AA008B2715096CDF38CDB415ADB4F049371B34BEE6A2C9BAC93FBBC7F81088005BCCAF7577F3CFECB71D413AFF1AC3C7727C8BFA88839868D497241AEC014E8E7020730091AC4798CD5575757C786CF5F5B78B6B7F3CD40000909D67A6548CCE95D32CB0576BD52A4CB9FAF61CEC5FBD385
311
807E8B6278B480A468C41FF1053880D1C06875DA883A7CE4B03439B17592A169AFC604A56E0011AF7B451E40DFDCD7814A8A4BC8D3B47628763882BA463FD4A3115FA5F2CB97A000118BCD952D907978BDEB397859682A9BAD682780CC9A7AE695D9AD457F62A5B8BECEFAAEA5250666B6577F7C5F3CFF850BE2005E7DF5C2
311
85BF9C791312C8F177DEE95B9D3BBB7CA8B38E0F9824D31D1B9BC20BCE4C4E8D7100D7E80A0816E5E4DCD8EA541D2BA0486C5B802E2E8F8A0328D3D9D673399D0115206EBFB70877B05803AADFDC0C4A85709EF9E7581A090D09743FF2C062B096633A00BBD4E60FAA45D417FCE000F93C51D0A2E9D630409AE4853C62B8B2
311
4607B2C28EE6E6EE915667B327230186008269599C809A78F97CC50808418A18A888572FB37383710B21C5B8150217EEA11162EBD9DA55F5447E1FD522F796A8051A07C0FB7FFFC281DF7100177E77ECC737DF1C5E9E8109315707F04739707C6E182C646C6C7592BB8F3DD4A7DA98139B138FDD3737892F5C5D7D4C4D4822
311
441470E004EFAFA8603DA48264A11EBAB31A834EC01BBACC4B5921C9D5D98AA0B8620FAE8F66AF83D1A7157B0D25F1AC11B7C20EA4291CB5976B518D5E171262CCB88699B5F4F0A05EC9C2C039D25207E96E7590085066C2C9D56B80A7302A74BB60443145E567201B5A81201FC0CBB2F75853F1D938C2CCA19EF92D5B8A9C
311
48D5C3FB8B157B488441E000F1F61B57E0C26BAF1E7E9503388344ECC943D7CE4F4EE1003B27C981010279F158C002179D1358689B23FDE527A441C207F0AD6D7CA13EB5F7E49E535840A25800CDB0E6207358CB40FCE5727E5310790CDA82DC66004CD88191070CBEA55B989922A12949F4810CFE1CAC18F0615261231808
311
4035E57ED7C42D52297BD913E1426FAC771035FDE64104020C5EBCB71CAE094884EE2BEC34DD0EFFA844F3DDCFF0941B0856B1F700C92C994D036EF756EB52C5BCB5B8AEABC504E339B4066FB7DE5E7BF1D9850BAF8A0CE00017E0D5D3A78FFD789622488CC2CCD501FDC6199427CCE109DAA6EA736DA8060E6102539C8020
311
12F3FC63631B6B1C06503133433BF7942A44C19530C3A35442765BC82A401AF63BC120A74C29C39466700505B40082C8DC81EBD7D9A12B7B218B19F94D8CC5EF8DD3CE11D42E7B14452172BF28D21114837A46B0A825C9152F380E7ED4DCDCD5EDEB36543F25D78A5A2300784920122F1376355265AE70141917414A4E32B1
311
E55E34BB974C4C6CB9115933C79766ADA0047C154A179970EB6D2C80E887091C3BF0EAE9D73882DFFD888A222810257FDF182D419E746C660A3730440AD43635B9505FA5F09DC3E611937E4135B8F67875B28E7F1C9E12FBE694A2C80356A603256695F13B4428C65A01153CEAC38A9BD0386A916860A58CACBCE10DE68985
311
640155F93AB2BFD0D7A0451020126AD80A9F30994B028A31036098193191E976683800419F810C9953FB279A0747C88415134C0A983020E964C12BDE2884088610506088906C946193D02630DBD01CA02B30CBE024AD4048518054DE32E384D681A5A51148728D0338F6FEABEF1F788DCFEF5E3DFDE3B200838E5F9B03ED01
311
F7EE9B3C49153083F79F24099E9AE4EE4FF253823F26200EA0E104EA0B73931CC077DF28C1AF3FDCCC87B582D1948B5B9DA055B8637593951EC54001D6237D8FB89D40885C12F5F07489E0D6D444B224838167A2A6700236E82EAD5C55C60D184E3A407EBB1607204274DE22A406EC39C7F5C111269F9081E170936EE020D2
311
FE955A94DD32B0104B20668142915981A4D8426D67D38469776917B5ED9EADDBA9C5AD90890C75653FEE8BCF2ECEB62EDD7EF2E27D3C3FE1FFD503BFE300AE1C3EFCE3F2A1BE175C8161221DB5FEF824EF7FEE3CCF3DD6C67B6E38BFA9394A012AC1FA8BC7F58D0DBCE36ADFD40CBD416A814A100BC0C94152B2EEA21F047D
311
9D66DFF4FDE94DE6841876E634E272F01632618542FA41B5211BD71B6102CE1C35F412C13397C8D99927802D4EE2431B87841E6E981D7168966748D260BF9D0D8DC481471D2EC192F2C08216465236C401E0753552C34230C88603882954A4066AC68B4BBCFE1E2851E6C5AD2ECC0BA26C1C17709B52802BD0C87EB0FD8605
311
BC76FAB51FCF8E9FADD3035BE0AED74906E6C801DB66388D7A1B06305E9F5A1B9B9A1CE67044398001ECACE10B26B1803A1670AF4214B893CF974465CF8802341EF89EDE4D1A40489DE0FF57F210068085C51E2C3EE81C2BBDC843E02E0D6B5290CA4502CF264D189090C847BA50D2B40BA9CD067B265ACBB2372ADBCFBADA
311
66C70093C0D043EDC91C8DB81A1CC2E7E44B5C1229C3505511241908C46ACAF1A4A62D2871F0C4DCA9D6D9A5909B06CD0ABF1CA72DC27A897B2FDEBF6CF6CE9D00002000494441542012A0DF9D3EF0F6E1C3A74FBFF6DAB1E5E171FAA0730B938439321D2EFBDC240501B63E89F39BAAAF6100E2D98901B8097CE0CF917172
311
A1EDBBEF1E820A7F88B04B01F7C47BF4E4BCCC7C6BEAE6E67D66CA696481162EEE26BDE0FD20C20F3800B609567C950C85A0A1B22A0C97E1F59AB06CA642FAD9ABD4CAE83523D7A0649C10FF122B7633000883BDBD4A935BFC592439F0EA4C4918D6300E16DD00BFE4821E2068E6EE9CD5E39EF54050D9729BBBA0292CA5E8
311
86F6C09A58A16C4CB9515048710058FF050CE0D503873980C36F1F3EB67C1E287C18A1E4FA18A4C0BEA97650202CA15E1F6AC311B4B56D089368AF5315D4DB098E38C1767C2381724F0022220C165702B4DFA046A09801EBC503B479975922295A5BC927DD54A2E164321A1B8D451EB4A0EB09EF11512CB3D53A9B5AB433FC
311
1B65ECC3CD7C24E3941D2976119B5374FE79B7520D4C7022E67235D1DF43AA91138103823E6C548B96609624F7D775C6AF34D775A4065D2E9092A429856AA62935BBE49E152DAA149AEBEC99F44E7BD7A904BA42A1D6AEA5B5C78D04F0D5C3AF090B38FCCADBAF5D591E1F5F6D1F1F7E3AB5BAD178F6559C1E39FF587D680A
311
B3989A5BDDE06878EB93ABD8049AF264C26B536D4488B6BDA1ED117CC07DC159D4CBBBA815B03908E136AF388022093E3D6C1A782A8C3146FB1EA4D359D6EE99CC5D62CFA81975C350884BED258012F722CAA0A87A9CF36CED8B6A15CD31810BCC22BF85BFA02E422B04B009049D5CD92835A6D5D5F5A44D2DD13E6D89A511
311
95902BA219C2AAD62EEB6C57A867CBCC5FD7E1449E1D6E697E5FF486B7423718987971E1B5D75E7DF5F0E9D7B000BCE0EBAF1F7B41F2C34024F5CE063E606E9CF73D751EB75F1F9A64CD389910364F25D8CE6FBFA8AF8DADADD6A7C6A8060520B2D70883F7753A7FA0B1566F13D36E40E32AA5D074A30756D6B245B06B025D
311
A65A4DB7A4791217D2F96C5948C5D5C590D5ED051462608AD47FB03FD23DD2AD7475F9101EA737D88F7C5EB680883CDA08AC62A2E9AFEA1AEE31CA18B24677CC94030F814A24A3BD8284018D371211D90A18D413727304B227D5DADDDC85A415744312A13872725D24423F5D38C6BD27056A58C0DBBF79FDCA0BAC7DF2FC3B
311
4481B17ADF79423ED5C0D4CCC61889D0B3050683C6D68439343EED936B8481767127C617688E0EDD4BAD1005C21080C2F840157AB8424ACA9B87C08DBC963F4FFD22060776BDC0562DFDB12CFB0F687D32E1DE93DB8DC761951A01D54E3D9C9D1874B898EFEAE800C9C49B31F25591E468E4A0C3C8360EC0AC7968208953CE
311
A2270164C4A6B264C21329948C410BA838B0A23DCE357123B14A31989AF7541034EBEE501CB00CF47526B57B16D156FF62FBA7D3575E3D7CE5CAE163070EFFE6EDDFBCFDF62B577E1268D7D9934401DCFD5CDBE4D01877A07D6C031FD0F88C111D3823AE3F68707D6C63A34E72B080B2A6F001F3DEFB1C00548EB01F5A16E3
311
B27661F5628A8861D90A709FA1EF6E25C3F83C0D38EC3A666DB3F59892715622E4CC2017AA5F926C19386696418B21770C74B4A660B913E718AC2F4991DAA044D6A8453CA8E9501D08371865C582866C829DBF57444FB5A468A8B2B2A81510842991A59E457A804D298FA1CC3BBB3BCC9648B0A62751B580263A7FE3DEDA8F
311
C74EBF7AFAD5578F5D39C0F3F379FBF04F8F89F033C3CF2877697C4E0DD7378630F1A9B18DA1FAF042DB021048BDFEF8719D1B4058D8E00AE024EA6DF406456BAC3B2B966D050B10BEA16DE2C1142D08F7577C5097A2DD09E36977BF8CD809B0054D62C420191017D216A86DCD86E234BCF9C0B112AF799037862C38A3441E
311
68F25AA960482EB6EF98FB9935574883482AA812408C999750992BCC09111534BD31920E0D2A708ADD3D6627DE7F9160488630D2CBCE7747AC1065FAC6D34362849CE6DA4FC78E9DBE72E5D5D3570EBCF59BDF1CE1FBDB3FFE34F6B8DE776DB84DD43F98FFE4D8140E9FF03FD4F66CF8DDB939EE7C1B8E8F1C80DE40C30960
311
27CF86E786442ADC0D45E4F90ACD9FA83537CB980E52D8AC9CC9E79F97197C90B334FA4AF6ADC5E422F435DA228CC5681DCA3CB682D45D7C119138BFC94B0A4C572B1271D000181868EE1831D35F80641861865AC8A9A8AC59B7CB66B8E6D01CA000F0A7457700F83369448D18EB2823F4CFA193F73861D5B34AC6CDDAA914
311
03263DF31DBD83136CE60EACECD3B36654E0C68D6F767EBA70E5D8B12B575E7BED8078FAB7DE7AEBD22B7F7DFCF8311D400AFF312EF71CD11077BF36541F1A6A1BC6061E6F4C8104D6273756A7FADA8736C80326114F581098201A1A116862144341204A3754449399092E75B388F445C62707E0C23135B6BBBB9E9363D574
311
4C0CBB0D2213CD5632A2C0D66DB71A5130719E8FEDE5BD7CF5CD291A006CAD94D52E258213AC950A6488D70D9D65B46204415533DEB24617A45C9692D450B25640A93A96158A0C8C5BB3558BC964CF1257C18D2A4787F3D1209BDB90E3650C197EC80D560D8EFDF8C3B1D37CB802478EFCE6AD23972E5DBE74F3AFDC824961
311
01547E436D3CFECE14DE0E20E4D9F0B5A7220C6211A20810D631B6B6566F9F042158181261B055BB7BE739B36D92AEE6DC6C3272A6C24C6FE88CBE042272C9AF07F3E5DD2D6647174D256646D2352F290BCD5BC4F64C425BD98ABF07D11033E068B13BD15116F2A8CCBCB89C748662D0C6243F830F3A2C4C8D3A5B22144241
311
346AF9281D801CF684309336618998E73BC81F9A600F7477FBD0B2B172055A0E3A3A909AEE604D9D38802E0EA0F5C6C38D1F79FDC778FED307DEBA74E4C85B972E5FBEF4F127FB8FC17AF6442E4CF58B250C4D8944506061CFE65829D5F80DEAC0D5FAF8105E00A73087A14C818B6FCF8B2BF0326144556391616FF4CB54C9
311
1EC703F8E964CBDE72306C65582529C6FA550051174A28F17926C6A13F13AEE8DFD9F56C5681F3C2DA05D60EB03682C962E865883269964821DFD282241280197F5702C76A407662C08C0E62340902C548450C128926A7843E5F08FA84932535EE599AE366BBD6DBEDEC46AE444E6CAEB0056E760B0572E1042F1CBBF2EA95
311
D3AF5D3970E9F291A36F1DBD7CF4D2079FFCCF5F296FA6F0EFE28327C0D1D787C686A69E3D7DD636D9C87D4982C401901D3CE13749911BAD316455A3C20274A03D633724748488BA56AB9E5F81FA86D4CF4AD1C318E1E2E2224D9D52A9053738AAA118C2582F497F9C7E37B26F25F68792CFF87C92D2D1ECEC986F12D96033
311
959111A916299E215793E678F82BE13F008A124FB000B818C9B2E62F8D46062CEC661F6013B5D9D344FEE4EC35B15E280526E8760CB0B9CF14894E27424A577CA9818AAFFD285C006E100B3871EAD4A9A3972E9DFAF8134E002FBFC1FEB4C6010C8967DCD9986C7BF60C1F20122181048EAD6D089C68635B24C8C30005E401
311
DBB3C20250485849AA8B8B4A88CD2974EDE88C846B458C9AAF18C6DAFE620FB4D14C81ADDBA3858803C56B74475B6D6C2284CE0B65885B21A5D33E5F69B0777000651D07DD0E360A383996BC84C08016A35454F309B68867E11901264116869395140CD4486970A2C0B25119189CD2C042D580B6351D72A7E146E5D589C277
311
6D3AC12A48820098E8376B1483574E7300C70E5C3A75E9D2B9531F9C3AF5C1E58FBFFC9F9FA875A87479D08DD521CC9C783F34D5F6F4D9C2944884360416B63685018C0DAD0190530D2E2CEC3D5B58EB91A7EFDC4FBC0C6C52D62FDABB422647366A5799A5A5FEA154DB54D5ACBA0B2AE565DDD5E8C1D14014E5280A1E3104
311
E609913637D1016478D29546425E53066182344FF03F2C23969B2C08A6D4D2B2556E118A0BE51584A418FCD0B25968721115561E995124CD669988328F8013D5604AD606D121458E8D4D942E0FABDC91D089D482EB56F43D052074E31E3E400481636482474F1C3D77E2E8E59BA74E5DFE409CC0D8EAC6DAD4241E7F6CECC9
311
505F7D6D0D4FF074786161638D5B8F77D858E518C676F085F5395A06F44BDADAC6BAB4E287F800083BEA16ABD7CD219276D5BAC2C66730CE2626158859390404661995A31A2C4491B9E70A589DCDE08760F75C75E0218974BEBF5FC6092ACAC4840B478E3C6893A3E42F06627252706E4B255D2DB48016EAC0A9019222A3B1
311
D6D190D8B6C28E220FAC3A300027AE9FBB10E7DF062970B2878AE4A285DD24E488004262D1DA2A8FCF019C3E8C0F3875F9C4CDA33C7EE3043EF99F9FD61E3F5E9D421E696A686D87B1D0B59DA185A7F47F4462B4F1980A08BBA86FEC9022D66997910B703D366E63019B34650319EB7ADC60F1F280CBCF806359CC81A17610
311
66CB186222BBBB4B3212F4686884212F36AE004A79AC1F16F22F24C89A82CE624CEBA6F263B138B6C106D7E60167AC540BC618A6139BD814A688594B69456480245B35125696F9314DDE4FEE6091C47E0D3E286B22C821D6B3D88C9291522A3E569630509308C5210B2D7D81AAF4C68F64C117C4253870EA28DF4E9D3875E9
311
D4CD53373FF89813D85E23CF6724786A6768726C6D7B636AEFA978CB1BBC7C90E0310203B70413102FFF3C1BC728951FAAF7EFDC5981076118BB6E65BEA7677E0026028B20F4325F354A38D6AC958A786B2B1335D2312A39A52795629C0B80CF64EA32D99999E86F714852B070F08124D6420959F60AA2DB044297AB542BA2
311
9FCBD6492115C7BF6C94F6137E29AA29150A4CF72206148974B79A43E6D4528F287DCD90252C4DF8008595330A42A4FD945E19A808716B0AFD9091913FDC7BCCEB6FB841AE008F7FE9284F7FE22A46204EE0AF94FA7D937B75F86F1BF8BC9D216EF942DBEAC6D4D8E3D58D496E02D9E0939DBD3ACFBF3037BC40A9F4E4F6FA
311
1D2627A97C2404136C50595AE3A036BA5E431BCEA701F5681639C7F3EFF2AED38C78694EB17C41F841B7157169159A7DA46514A6E3030AFF01EC77C032E12340283243882495E5123B3BC8FB28F5BC3AFBD3932A3AE611D4E1A26285972983CC96B54B36837FF5F0F739F9FF3E5F4F97138A5953532BE9045C3186F112D68A
311
B923BEF4081F506F7800C2E0E903C4809B27B08013E770035C838FBF7CF9D3E317ED63CFF628003784B31BDBC300B80BF5312E473BE1918A79678704716AEE1A14DAB6677B6BB3B9FB5FD31C2D042575979D77291019D5AEA87AAD46B7070BF02235BFB8B895BCBD48A3EB7AA420B72AAC53632A08C5ADAED9B8BF6298FA27
311
5A88040C44882D3B03CE5E9F2FE24635C722E4248B45E4473100BF4BCC83BD4C1A39554258DA0135CA9EB3C31C555C3673734A2C68E56AF57419D55ECB00F707694BF05521D8C4291619D01A50066667BF40549930481E74FA0A3EE0D4A59B278E9EB879E204378093B8FCF1279CC08B55C2E150DB36E910C5C0D0330E006F
311
C815C024707F33F58DBD1D8E0527887B7CD63636BBBEF9F51D5A0141C9BE684D75B5F6F48803D0018525BFCD6C07B7D5B5506E9785638AC07746A9DA782F5089F898CC56438E5A3F3AD84FAFD8D55D614EDE6C1EE8ED3EC8364D74B3145F14A2112D15B351C8168CB2184706FAF4FB4BAE416649D450DC43D26C90038C300D
311
D3D381D478177FB5E68BFB8828E2E951D2689259D2564EE0022892C5D2E9C74401D2002EC281A337F101C2043800BE9D222324163C46236E87729028B0C1012C2C0CF11370301CC1D818AD414EA74DF44C70001C40FD768E7298D16194A0B672A41B3DA90ADB626AD162D84FCE6B4D401442D065EBF6969BD0452A28597CDD
311
74C09A9262B6C82446066416C5222CCB023203421C4B249B0707CDBE4156D209FE30508B9C84312888F25EDA4C647F2C11EDED4682044EA670A1AD1D1D8EC1D4D22C5422F3BC51C2AB707F701AB820B1B34CBECEA8E53A2073CF566A84BDEB8F05248E051CC3076000A78E920D9DB8891FB879F9F2A94F3E2129AED7B779F2
311
3ACFFD64E7BBBDBDB62162407D9528B031B60144BA230CA04D54497C86D71E268B7084C281B0084B767317A648916EA777C70D50700692660A258123774D0CCFB20D51EC22C1F379109F83576EB248F2471FF513CDD9954B72D0E1F375778FF84C1DACEB6852FCF9EC682093B16A563D53826C50568D5CC6AF2131ACF88015
311
667B3493D3D145EB945DA22C8F10F09761C46C391FBBBB2587D5441382B54E91C074D96606155F6A060F114EF03441E0B47082274802B0FECBDC82CB372F9FBACC2D102740BDB3238A9EB5B1EF7EB680EDBA889002249D9BDAD99BE2DD4FC19A19DEC33FDC76E73FBCF392D97735B7182285ED0985045588A630B2A8003B7A
311
985922587ABBBB262A9B088C6944543078C49658FB12B739FC8C1CB379FD20CB2970DC0D4E6877B7D2DACDA2311F5A2985513FFED3AB17A530A3C43A0790A9669163E775D30266A3634BC748F3482B31DEDCD13ACF8A654B44D9551C0662E66C1862CBB10F8DEEE91594E867976E88C5F38FDF270A0837800F38755418C109
311
AE8238869B573984C609AC61F0A4BCF8BB1D5E362502578066C018C5E2DCD058DB5E1B5970DB3B0BD44A436B0F7B36C904C3994C46DDB2B26D148CC3630FC9B484686E794CD0B73DE013FB6E840EA32E4710252D160A302982D835BF0DEC01DCD16B91A47E74B92D8213DA911A99F81434AF23650312E9CFDECAAA0C8848BA
311
04C04A0F7E1D3F2FC5608DF8C0389DE8F5D03C1F69EE6A65E1A2198FC082F37E8599514A328466E5A641EE911D8522BB0F1F402DF487278F1B691036F0DA81A3577FCE0378FFE7443C102E8160F8E55FB1F6B5BEFAC6362780B12322BF863D90048E0D0104F0D478819DB6E3C3435364890FB78A1FDE81B66CD872BB6463A1
311
10B1DD6383D08BF809514A8D16BD8077FBB380FA49133D3C554341BC0580CB66A0036E324732F65EF491D11C1E24EE096A2F2B639A97C0559895F56B6C6A0548AD400B2CE7C348AB1B49EC2813E9C55998DCF38A0B3D3E1FF4910E7864D491325285208B3931C65F70F43BA98F593414C9E613957897E2EE6EBDD1FAE4C505
311
E1018F9D7EFD3591089D13EF9ECFB953E77004E78E8AA49813A83FA601CC630F61E40B4363DB4FC47DC0078084D7F7164815DBA6F6E686018517C66EDB37E1074805B5B2BB68F5B1EAB6BBC3C4BC8BAE520DB381545060816FB7B6EC7636B2238066CDFA7B634D48892AC84210070CAFD9E1608B96AB6590A5CB4DC0A25D23
311
AD1D705AD91B62301A9FBE9EF1D0FC601062739A8EA055975C2D2DD08749737A9A9CC884A194255084D6D60EA7E202443AD8620DC14242DC4F63D7955DEE76F86B79DD66EA08C55BD933B6FDD395461A881F382052E0A3E21688482852012202196123215A6B5F2513DC19DA602C648CFB20C2C0D893B66101058184B40D2D
311
B48930D036D4AA4CC310F1978C8CBA18B7B125B1ABA9279732411F2FB0F9C4AE06FD6259606ED18C2B8C67460B6C186DE9A77C27BDC73D320F6B843E3D58C928B0A25B7CCE6EC1EC7476B56EF5B4F28E2346B1C62AEDA409750DC6E5A105ADA8C80AA1C6C7C37200A48D5D29076B29D940DE3ADF05E2EE82656FB1AAEC5F88
311
461DEC7C919B7A9502D0845A7176C717A98500857182C768891E3E2C9C2061B09109885CA0610B273E6814467F7DCC3AC5EDB59DBDBDA1B61DAAE43A85F2630C62819EF802470016422E406B6CE7A13B28586224E72CF470CBB69453616A57D1C381820D4530602C46FB2AEE25B7C993344931D1CCEC25D91552D85A971B60
311
48754F4C4CB03FCE4126A48C74A452AD5DCED69ED947CD966697046BE47A962651582D17A719945B57936872BA60CF936499592FE25406CD5D23C200469A5348EDF80097E74DD721A3523276CB08303B6341D4650CA519BE048BD77F3E801F5E7FFD872B07041CC04B2714F2FEB103E1094548BC29CA8217ABAB1CC0D01030
311
C02AFFE43E6C0082F2D4C4BEE16B74C63104E606771EEEE7C10401A7552BF3D90A3B109D2155B1417DCADB6CE89C7B911566B75C3223530783FC790CF3F57EABC9559029796611FFD4DD7440B291A8E353C455B8FE238F1E0D729F99F76B56BC3455639AC712850308E100DABFAEB367CCE1802E22B3E25971B62A0E56F2B1
311
4B77A475242534074116AD4A7A10595BD4EDC4C6B7A62C8C3A36602BD645B172F8C94F44C11F4EFF70010B3871021BE016DCBC7995A71707C0B71384C60F4888FECA15201F5820E721280E711FC6EA7BC20708A4F8DAC210C19088B8B3F3857DFAC3CDE761C9E35193B85A9B791EFCDA5729976BFE0AAF0935C524EAEF0C93
311
30C8148F44AC612D76BD5F66D79EC1666E968BA33EDB3F11C9BA22CAA7BDDCD901821AB068C7402BDE4029678B3582A3D612A5DC26B794CA61B5E6EA9FE86592B68920C85AC51431902D925D37504E6D6EB25884D2ACE140D2CB83B55111B3A3A55864604661CF1037000BF881A6C895D7DF3EFC03E5B0B80304C35397F102
311
E7C4DBC708480770049CC0E3EDED353C1E293129211640558C4F14EF1E90809FE20086BE7BF2500AC213F44B7A9CCDF36CC60C01F318361B0C21CCAF09614BDAB8B0759274C3738AC3BC9469A13F2463BAB2925A8A93A932240CF89BC9F437F732E2C50DE81561AD839D29965E2FFDB5180B18B45AB9580D86ABBA51648E36
311
3631481B89D7CF821DF496BB78FFAD48447575375B5AFA1DCEA69CBD9B8B86080BD9B035E592E16B652A86794BF485BE58FB912C5000623FBC76403C3D1E00C3C7146E9E3A472068DC024241E304B61FD203A5452052427C00515078BFBD67CF7002F5217C208D11D4D4C4C0801EF0239AA70EA0F54FCF0FB50E98CBA807B0
311
13399F81D768DA425287653072EA769312BB1E89B07F426E62B4892D827EB323560DB4B41CFCB41FA99C8EAE66560CCECF373BE104C9B5E234B4A2073E0F9A6CE8475585A09C6E9998F8F4233C1C47A88C7439AF9B1FB576B34E18248D4C62A2BFE2B1DA5AE84864E52C9A6558015DABBCE1F275ED2E2DFD61E41BAEC0697A
311
02A77FF8E1F503472F89772ED2A146142019148721AA829B3F7BC2EDB53AC500DE90875F251FDE11AF1D9C1086244D1392010E40CCCEDE47C78FB1B144069E36DC44AB7550894A5159E859AAE50010A13507730B272D2517A1CB59B2D8BA469E1CF7D8E03E4A0EDA867CA1BDFD51A77380526064BE2B842F681ED4E01A15D9
311
C06456BD35C425C46609BFD5CFD2BEC14F1D83CE0174F2BA069A1DA947F4525864E9703851E8447147294D3890ED62175337E2A416A65603958A2B0428CCE6F96D8AC12BA75FE7F3C381C68DC7027E7E66010C0917701533E0A797841F801BC22E99B5EDA13D0011B821E2A98980D7004986A6F6EA3446B66F94A80556688E
311
5710A930A7D86E4E745780B1BCACCF4E3905AD6D31A9D30201ACD1A4E452CA02FCABA1AF237B6073A2F90431822A39EBE9E9E8959BBB58C939D2DA83107F336D324D74171C1176474B35CAA28CA4250C375AB2CD8F7ABB7DAC2F5794D6D6E66EE50F8F3A6EB436BB5A7ABB63BD91982353915B2061172098E25D7C966C7E9A
311
90E46701257F3757E0CA0F04C1D3220CDE3C421410571F2F002670828F388C9FB382CBC213FEB43635368705ECB4110AC6C6C87C3880BD67704445E37467E73B313656BC7F7F13B0DABEC81A512798106BE62A5025BC7692955052CD23AF2A465828755AEC8BB7CDDC7F542DAC86130491A491CAF07A9A3A514BC105969DB8
311
C0663627D1209B407B363A7D0B7E71A41F3591A2140C47B2F480111DC002887C0A0862D76C17A903B786263015B063826E92C79639481E508A642764B15D03D63AF34912BC1136CF7F73EFC7D3E20060465C3D20DE39CF7EB461FB27C4A3130E444A2452230111010F883EE8F6BD2108012443DF0D71051680CA9F3E1B1A6A
311
8441A8A29E1A16A0FB13F6C5FD2D77336B5CCCD690C9A657904143E613995BF06B967D7401501926C31EC99ABB1D2E4A5FC56C57BA183022AF618BB03FE640997FD039F2A8796464C4A4743BC486BE68B196EED75C40A04825056B31D428F440E4C1479F7EDA019162D0D9813EA245619AA4755EE927B02AFDB10711D51779
311
90CE80B3A7AF37A163AEDD0A7E2EF6B39906CCA9D4FC17DB577E38F603CF7FF5EAEB070410D688020D3F284EA0E111B900E2181A49F1CB6D70F0EDED1D010AC2186924414F9F3D7DFA940489C6D8DECE937B9E30F3F36A0626E23ECD48BE94941BB89F2800FCD7E4F4EEC265DC05AE60B58159B6D8DDD9A8BBE1C12D4E9AE9
311
C0E380FCE48052213DD16301106A1EF9F40FAD7F70A6101DF7395CE1E274EC818BDC816BCCE40D19B3CDCF0EF789FFEB51B799D4B715D65B48533A1E7577CC0F00AD3A0763915844A5A556906E85E5EC758DDAA83ABD29E84A11253E621E69FEC3C31F0983AFBC7DF5C4914B078E88A7178910C820AF9C1FE7300AAE04B9C0
311
890F288E3FA0388611463E40C380CEE9DEB3A7E0804F0903F800E2C30E61703BC59A95E7043B5B68ABA76BC47CA3A3C7DA83D752CB5AC6C315584C24D7938BE69E541748BF0675D3A3345B2CB800EA15B3DBC37CB44F735820FBFA52AEDEDE89E647DD23CD1DA9B88F51694BA4B619CC1E8C684D4A18AD20985888876732F8
311
C0477FE8E84291FC062430C649B83603E601E8F08A255D2864E2D06D0059A7FBB34DF0311E5421ABE4A70B31C630A01F7CB18DFB7FE5F5C36FBF75E408C5D0515031F220818EFE5C0960068D3B20E2A100CB053CB0F1781B88B0BEDA36D4F60C18906E9900098616A6EA430B58C06CE2FE9D973A5B93D5DCBC48C96FCC323B
311
6CD6ED80C2F42B41497209FA6566732B622E65374B0614F36007ECFDDE66AB3D67D6200D47AE47600537A7E4965E16133F6AFEF411EFDFC2061E06B0E928BB22CD0CDD06A33A9022FD2096F77E8AA36C6D9D6FED220162C59ED8CECC640CA2FE1A1AD4CC1F45A93A83A3D960B65AAD3E484FDF87B5594823CDEA72585A7FFA
311
E115F1A12DC801F0AC472F5D155EF0262D02F1DE0904220A70053891CBC206BE24217A482A0428BEB3F7F4DD671C02DD226A6432A2A1EF76BEFB264435984FB0E1667791FD3AF32C4A165B26FD9970430B35995B5C5C813926BA9572601A85988886E85CC8C1A211F01025DB62F1F5C7460BB1C2046B6A3EFDE8D3DEE6E6DE
311
E6018842F2A0A354AB15638EACA5F76010C6583813B1A8D60C4E83E7250010FABA5A6701441474329C6C51709AE56C4C2A05CB5A9AE993E96AED7A568C2ADDBDF3E1F4F4E803384450D1E37FFDE1DC91A3478F1CB97CE92D00115107883440BC7E52A2C6939F3B7AB3F10B57854B10F8C0EE4F0FB7052034C71B7F86F9EF3D
311
FDBF9994D8999A1A023D872CBCF9E19D1591EFED6ED981255AE90ECAC0DDC881284D1D90831691B9C41B52EB6BD9A48FCD92117663BB28F25910346B6E72211A761DFE14905025ED9880168D810F849A1D13138AE4DD0CC6FAB3D916968B500F26D488DD1E61833BE4611F5BB95B79F76E9B8DB913569EF7F69318359164C1
311
BEAF65117B86A5156342B1E4A400001925494441545AEFD6879FC3E4646AAB28248C9EBFE4955F821321BE1FE01C8E1C79E5EAD14B275E397AEEE8917394C647080357CFDD3C4750C43A840D000FECDFDE1EDB7E0C7762680FF7F77461E1DA53B2E0496AA121AE8092270A40894ED2ED6758BBAB35C4B6072512CC682EAEC0
311
FA22E36AC89C23E8E29937C50F024FB884ECA0DCD2AF553CCC76B10329D6C20148077D8BCEEB071F1105079DDDF3DD3EA243249C47452712737AC504663E21A75D464BBAFFFA838F1E7590FC3C1A1968ED01F9A7361C7429D70FB6288AE0E0503654D3D3D3773FBFCBDBBFF5F9875F7FFDE1CF9F7FFEE7AFBFFCF883B73EB8
311
F41667C0A3530E73198E5E3DF1CAEB274EBCF2CAB913E75EE747E3FBD5738D63387102F6C0C79F7CBCBFBDFD786D0DA7C7001D75C0D3779F0E8B80208AC19D2F06F277EE6F66685CECB2C362DE9C1A1968CA28C8E56B1E9FDC618A27CD723CA9D2BC3729289828D71DC2009426570C24C0BD65C62C45CB1CA870C261533EFA
311
F4A38F067B070626CCCD1360FFD95A91A52C91EB8443BDA66F1AA0615676B7C65843DCDCCA1C19641B0EC0A09FECF2F51FA4BB9A4E23CF20AE7FF5EE879F8BCFD777BFFE673E7FFEE73FFFF9FFFCEBBFFEDB7FFFC7271F5CE6F6FFFC39C0D3BF75F4DC91731CC3D513BCFA73578F9EE3C3911CBD7AF5DC2B57CF512B7D70E9
311
830FBEFC729703201DA60C7AFAF4EF7002D79E8189710044816FCCA4C22F51CBB159B7527826676B08B85360720032CD624F04D21D1E67F380DC415538F100550C8739D57B3D166971E672A5125B750BD9D16A1542B02BD2FF69F341C7A341004CB42FD8C15C9CCE66D37047182E9398AC89319A557AD07BB0A5B91551243E
311
28D9FBB38A99A5C391092C464A8F4E57839B58FFE72CC3FDFAC3AFFFF9EB9F9FFC5FFFE99FFEED3FFFF3BFFFE3CB8F3F6E5C80C601FC068ACC91ABAF08877098673E7CEE6AE3EDE31778F2C33C3C5191A070E983CB9F7CF9EF7068A0880EEDCD5D7B7A9E6A882BB033C5ECF4DECED0BD10D5E0733D6375C577E7CD3DBC9714
311
633B0A5AAF1117108797584F2DDC4BAB77D01C7235C50AACCBF0587AAF6BA4EDEA2270BDC1A6E0C8A83732D1EB8B5D172EB0970CC8E6D30A91688D61AB07B1EB801B902E0379434B249372ECC1C15E3AE84E76060DB0AE0C857940D6986C4923BD16E49ADF9DBE23AE3D6F9EB7FE7F78F47FFAB77FFBCFFFF88F7FFFF213DE
311
FE07F83E78317CDEFACD5B078EE00FF188478F9EBB7AEAEAD1A3BCFF5730037E113FF003F6C0FFE1F7F0831F7FF9C95F7FA21AD8103EE0FCDCD3672CD7C007900CA1A1910A800831AB5F896F51CB8E8C74D0AA1F50500643E29DD6376C1D3B383D1EAA37654A59B2E886649AD8C25D6DE975901FB8ED2C9E883D4807B3D73F
311
7528FDBD838313DDDDD4C507E922D6020C5CC71E50D76759E9896ABCB7A47A63A3E9185BDDE4103B89019171F862AA82D5356CE212379E87FFFAEBAFFFFCE73FFFAB78765EFC7FFFC7BFFFFB279F7CFCF1C71F7C0C1B88EBDF787E0862BF3970E2C85BAF1C79E5C89113C2FF89172F5EF9396109FCBC7129047F00FA04C1F0
311
13FAA6C002734FDF7967EE2904B91D7C00819144685EFFFC8ED04D63C7F67CF3087559575393C369CD065D2DDD0E998A98AD593DDD83AE8179CA0488F24E5947152956FDE820CBC69C6C57A4C08F05ABA32DFDFD91FEEB13FD70E2584FD21BA317C6C065DA818C00930648EFA043108C7A0B78450DE4889E38FDAF52F41653
311
09916A81BF2270F7AE78EFBCF9FFEFBDF3EC5FF2E23FFEE0834B1F73952F379E1E5EDCDF3E5C81C3AFBC75F4EA5B6F1DC1E55DE5C3CBC71B8873E04EF08FAB5806B7E0A8080580E56B6B6DD7388167CFE6F60801533B63F8C027F77AF2F7EFBF5CC9A8B26D2BD5DC4AB6C90138CD39A3E68AB944BB5BA1373E4F9947F61E4A
311
01522816C3E76B69B134FFBF559D4D681B671AC7EDC6D838767094603930838884E558916D42C010410DF5D8A6190543DCA0E4626C2CD0656C17ED254A59111121A5B4A41079B39B6DEC92D6A949C8461802C614EF210B1B966437BDE5DA43A197B4B8EC96BDEFEFFF8C9C76C7F66834FAF0FC9FEFF7799FF799071DD331BA
311
079462D3CA7D27E7AFA035578F901D8F755D1AEACB70972E969BEEEEF6CA469658855626ACA1E1E6EA6669A28395E57D1D0C7CA64FB22E81F5122C4F87F3070A8FCC0BFB93271870D063F7802EE6C37D7C40231E67D7884300D89FCABBF83E076B80F0931ADB8710C25F1FDF9739B448A14A199552442F3EFAF4F7AC1A7FF5
311
EA2F0A049796FE483E60FBD214DDD507B89BC8E1870B33776ED2EA8099B9DE73CCC7C4306BD1D908BDFD7A67E7A217CF71BBC3FEE1D35D0B37232C1F4B23C8C3543C7791E4A4887AA49439D213EB38F2E0019D9023DD43FDD4C99E8700ABABAC34D95C4D4ABB6938C998E8D1238A8EA7639491B35A1467B707E34DE531F3A6
311
EF2DBE1BE301BF411154B59A0A2808A21E4C7571953824900A400099C0BA74403E800471BD8E05A8D7F1002844BC5EDF976EE4EF223F46813F7D4A421057200380FE6B2CB07D937B4EBE262BDCF9DE17630C06C9E874F462F4864B27330CC78FD137B773AC77B0BF975CEFA1E87C3A49875496CEAD5EA5622A73F65834CA2D
311
18A751F4D2DA55868557E8AE35A7D661833887F38F1ED1752233B199E1A05C3E454BC293B87686C8A4085825624E3E9479F938ECBCD93AD45D6CC7DE5548EF11D1C2790B7C42E5670FF71BF946B14D1620188FFB10C2C9FB822E3768B19002813A5651B450C22CF55814F8EFBDF73FFDF877D7080731801FCB04AA54F4F40E
311
1323C7E861788BBB3F5FBCC312CF8BB1B9E88564261D1929749D8BD1DC98BB66CE0E5EED1D3BB7964E968982E6D7D6D20F76D3C3A7DE3B041F15084C97D68E0C47177BAE46086A16BBDE198E25A7CB7BB03BA3D6139B0435EB12824942BABD4799CDE4A6221C09BD0CBD441E1F277D17DFD9B0779AEAA408D482BE94084055
311
2CCCB7FA605735D2A84031151F0F5241DE210C1C470E507C99428441F1002E526E80201117B1412D1D14B8F6FE8D6B1487D15158A9012A48BEDFFEEC248D75DB2F5F3E7AEBE125B259E766060799DCEE662513D91872BFEF50C7C0DD7E46D273370F5D618D2B43046EA29DE65EF4ABDC56B26B7EFA82749CF2A9F41A030472
311
9D243B2922618D197DEAF6CAA7819F24A42D738F6FC4606B0F431FBAB996AD937F6FD9BA27B0FD71E5B17C1DE58F4800D6CE76983982FF463D70107E040033201B4000C473C2C1780AF607F971E401B481D94340C3FFBC76720DE344444FDE7C4745ED0D68F0EAE3A5AF584760F980EB85F5ADDBE70B9D43CCFFB2C4796586
311
5AD5C84C173DFF623DF39D4C0D0F9CEDE286D4E991739D9128FD1259C8D2DBDF95D99CCEA469B5D037D2DE9D59C524944AF35882C5F9D8C8EE62FFE1819EE9D5E40E0E9DC6038A68D1F42D0635A1B213D749DF43BE63EB1E3FD978B2016CB64A8A44672A8ECA67D1FAD0E565C12C3950717C11E43C53997CBED11610081009
311
100607B03B2026003191611D961FC4C4C406680674212222207AFAE2230A845EFDF32308B0B4F47269893B0DB5EFEC4C4E5DEE6459DED010C3D4BF7367236A000F9FA0A30CBD8B0E770E1D3E4C138C918ED96874843B2C4FB07C29CA883D331D3B7E869B65B66BF5FFE6666C7537534AF7A429A2181919384F43804DC25951
311
00F0787636A9BB61073C6C37BEA3EF44EB55EC1CD879E00771CE12DE80B90228890035D1928162E00A7F91035B28D05677E28D0A9E205F6120509725701CBC5FA8FB8036CE9B4AA0149514C9726A68281360B284E13045C58A85EF738781AD754D8D8D3D8D28107A3ECBCD36067B592ED21EA5BB2793BCD4020E765CDDED3F
311
C4BA38D295544750DF1E5D4B4FC7B86FECC88913C31AB32657D3133451D96571F1C4850F4EB1CC1402809A789E4DC1BCC2F9566873807DA3426C27C657B39580BF4A900DB2F16CDC0F28FEC2C529E8017B50E411782DD9374940186404E3120270B353A10040D1863CA3037033772C39402C9008EA08F290FAD9B3A72F5847
311
4627C50FA914F88AEDFE6703657981CEEEB15B0B919B0483B37D4C93CFC6DA47C879C44E4F0CB040A6778576702CFE5A9C5BCBC416AF44FB26FABAD63A4658FF34BC963CB1BACBA8B50CE4641AAAA43BE8907A0AAD9763670027B6FFF4D34F16D6FD80AD43DF917A84BEBA9142E165E261FDC6387053483B0280DD0AE2D9AA
311
D041021E10808643653C0C6F044524000D60AD4C5B83D7F20DA1874E4E9E9111FA40B26C1CD35FCF07328422489E1FD2C6754480A0180A7C788D8420B584F73477FA7226B6BE45DFA081EEB1A743B333D7574856304137471D4BFAC115EEAD5EB83476B497731D0BDC6E7B100DE85D64C67E973641853367A64AA532012F43
311
573C5E86A67B256E513E913C5FC6D629AE31B65B506B3E4E312DBF8A6A2B709F1DEC573E2B258E0B00E62F0B19E4DEC5FC4611FD16EB65F78A00778ADAB34CC6758B6D10C4984F2810100462FF8805317A32018A10E4FF2001CF41CF7C015F8D16902423374E05B108C03D26AE0F400002A1C8D8D32FB8A5E7CACA22751B83
311
832C76A01A88C4C031D61433BC211D4EC9C6838EF4C41A33DED40D33534E33B8E9125D56A5E77BB87C423D6EC8A7A04ECC374BA7D8C6C2F9D0C755E13DD0014E781347EEC1AEC49E52380C6C89E90306F8A6CC0EF20F742900B0E38E8FD0B34A0AF82E4BA53880001281785017B50804E50FB4CFE2135101097F4AA345D383
311
BBA449EEE6EFCA0C3CF9E50F37DEA79E9C44E1D2F710E003E605CE1418F5DEBA3433B840A102B7BE5B99EBBE4C15BCEE26ABF57E87A8E3255114ED39B2B64B2F9991D83A415E86AE1F44B87B642DF0EA583BE4809FB721EDAFFA2EF71E06B5F83936221CB3F601568A8B8704A436802BE0E370356EC8800D018A0E96DF87E7
311
FC81DD75FC62B1F5ABE1B0E39A215038C887491020EDB2821A0E0466077DC8214A181DF2FC77D203BFBCB8A1D54554D0BCC406B4AF130A736F117A39F7E2059F53AA1559A0FF0B99688AB6582A1BA1AF073D21FAD23D0F7637692240709784E199D2EDEFD6214019F9DF53D646D6CE06B1FF67EB7070FAA93E26475B093608
311
68717429077787BF2378239F81850F1599BD5394F23B75FCBC83C1C70038AE96C7F9C8BC0FFB117EC9BF9E592468F68FB7FA0151001F47F8F97AA43F74FFB83F0A88EE9A35C42B903C57A698B973AD21B877EF7B483073627D1D2FD04D5FFDEB43179FDF410422DCDFACC09AB7FE0BEF9EED8CC518C4478F1FED5A239DB7AB
311
E87E73B59CDCDB2B95C8D0ED9C17CB05DD3CDC6FC2798D6534880D233B62718BE5E388BD0CB784167E71E159E31BB2AF27DA603A6B019D465DC10E721FE7390F061C1DF08A102024419BDE089DA08BE307BEAF4FE72105E9617C025F2DD6E31EC7C75DB4647C9F21231B01A6CD9D3357A8BA81A5ED19C602EBB4FE19BBF570
311
6861658564FD1019EA85AEC2899E2BFD14E9469927D43D240AE955DC1C835902BF245CE7660A3B3BC677E37A88BD15D691B941D9E13876D71C1D013DD14DB522FF8E5B073FD1ABD0B6386F1260C20EDB1D3B88BB82E623F3AC8EF53D0FB4EC797051044900ABC68A58064771918887DE6001EABE4648A9C04F314A201D8051
311
246D0A7448810828854EA2D8CAAA45006647BF1ED0DC6077F7102B632ECEADDC79CE98989EF7ACEAE8E918F9E4EC296EB2C2AD668E1FA78B66A17398AEC2C334995EDFDB23ACFDF2CB16DFA5EEADD806B613CA13CE578870886218C10501510ECE2E55116ADC1C972BEEFB5C6F8B0A3E2C8F83933D4031715A150D48493DA7
311
FD5C4E27B1829C82061EF059368759F0B10704467C99DFF01D0C81A88A17D56222FC618A21529E99220CEB3E5A219BC34C22E90151E01E89D2975F6D7F7DA64CAD70F7BB637FBE758B543D91D0DCFCE54884E07EB82F7DFAD4445F66EA3DFA3B4C9F5C4D160A0AEC09E95BEA8E7F3717D7B2F32D9127E0C2C8A3EC8096990F
311
02943CAB6BC246A1FCB08A419CB10C1D17255C2387EFC68517956783040EEC15A79906B253452D95460458320D7C7EDB8A104C0A11073B6F970840C9B8EBD7A1050363A5CAF1A9FC57CCA28D092081A64CAAC4031415DF7B71EF25334353933BEB93E8C0439AF62202B43AA080B970A22FC32D1518C0710BB8D774D5A1EAB9
311
3CA9A83ED4F830ACFBC1F8FEE66DEE42712D363E858B47E8AB01C61EC855633C17070988E4A5F43E520E0910717E11799D819B4ED040CC85DF8302E2BF0FB7AD4B8058DEDA9AAE7A67880045CF6CA3C34C19B4CC359835721B60D7175A48247B23478B0830522455A6590372E52A26B41A9A97F7B7670A748B9A9AEA3E7B74
311
EC1233B087067BE7FB0BC3344CD47407FDA2C865B09278AABCF5AF2FC3A8F6205569FA6EE3388D655495A2581E3D8F57E482188DC16E1937611623C4ED10BE00BBE8B87C9A193D3936C21D48E07846149F3220CFE3B40B5A8E581EE0BB5E02D832046C4DAFD926DA2022A80B96C2714549D94F8B9DF46C1C39CB6303090B40
311
AFF490460750030A283DF00B45442F31825B5B54069F84006A61B930C832F84F0A64A918B3971E21F04926E718D628A4B5D8A6E5DF15D2A24B061D8D2792D7246D9538C4A96419A086C19C745B960A59E5C270EAC829F2AD4B05ADC9B8837E17436110EB3D5778298202BAEB2201E146AB0CE1E724679A7A0601BC1C6FE397
311
67458F9A09AF28B18218C81241A10FCDC997101A281A42065A43643C815C3314F8DBFDED6F6F0E94E92132D5DE4D1BADA18ED98E2B3DEDDC4CA19D268A0438F8388634A8FC017664FE47C671026EA18D020BC6324473C499C4B3781F8C1CD4E78121492053CE0F5B5D4AAD03CF83FDF0D9C5B723C30655AA6E465E2A8E2050
311
0102209EC077813511D0038CF79ACD44822393003FE7A95AA426AA411E1910BEB1C1BF957DD1FF0BEA6E6A9C5C010E50092388B09FAD9369C2196209B7B7BFBD739C454393EFB29E9175CD5D11DA81D133B044A4C3DC8C9087591B8B6D349479432869A10D5284BCCBB66371832C8319B8EE64C568C3E91B2B249E80ABE3D4
311
5C87861FBEF12C9463D80C1D74E186D12D02434FC1C0097E2504421C92406F1405ECD785066D5A37E35233E69A9240557D4A764164746B2224BA1132C0471BF7B1025203654A6DDAF4D97FBEDEFEEBF5DBB4949CA4DBE9EDA98128F3797D854C89B05643D850E615CE1FD879F977CB508BEB32F316CA337C57484B0C82CC15
311
9DF1869F820DA203E0A5C61CE8E28B7A70C46BCEC35B5D2817C8F573BD98BA045004C288520C89A0E7393721F94F005AE60F01D0660468E66A4692DAA8170A43482C5FC4A39490BD180211F6A509644931056606F0538081027722935B5B3BE7A72EB49F3953384E4956A9A421FC6FA765C85D88ED4007B68631883A6337DB
311
4859C89933F800AF2C1CA8A5E1842F487AD1F5F739123A17D1F7BCFD5C3147911B98E01502A17372EDEC1306C0A7395813B0204D48D8A10A2F1A5E3BC9E9B75BDBA89AC92C7B35BA4985DF38AAEF96C0D4E8AF23E7C101D65572B0AF2B2183A2F122C1713E4F8882097BF6FA8B29164CAC738FBC763551D4B02E94F9566CF3
311
E647A5E715D8E0E1B232F341A0242BF55916CFF8D4EA887F28BD80831F293716CB34859C954C720C8B5C14409788C51211DC04E54E7AEED5788600887DC66391C0FEC46EDECA2E84EE25469BCD51C9C06853FD047905D1A0A7049D8590829CA7F612359E524B69F594C51A51142C707091D496EC137CE54915504C832F7842
311
7AE0F514A9BBAD9D2D5A476D29A46FA56D42998742E8BB7C7B5519B72025F72A9D82EB1270820E991DDB38F0F771DE7E8D7F075A10C00330BBB085A637B6A9F7071AEEE6EC5AC579AE55664EAE3DD7AC35D179B684FD2512350F7C07D88D02A3B05CE7121CA8A5A680ABAD122B09ADBB4E8E064B3C87287A8B042DE1697D8D
311
378A51900EB2ED23A96222FC04E01B4B55FE3A800FA761CDBD57059E0C4D95F05D190625E518609B2BAF2B48E7372715867D2606D47063B47D96B489C1A8B936CC398025F8F253ECE077B386E6F21AEEAC59CB35136E934BF69077AE1B4CF08F3F597BFED8E9092FC8FAB381AF69C8DB12D6520CE4D0440DE66CAF46ABF6BE
311
E55AA22912F1CBD7210EB6D88ECBAA99078697599B2F79F323D3EF614C1B4E41CBCA3390219037C326A976730A33A44CE1060F6B946A8AC53E0456473376424B112712E881D7870CB6B609F91658F4943309489140CB61875D6578AD3A1466A4DBB88F0C00D90B5F84386C42F7F641F897910035D51BFD7C39B1ACFE6AB459
311
840AD66796C7CF793BAF430EA8C5CB9CD79A630FF9A00F11A5C6E8A972AA188237FFFE5921EDCFE12CACD2934A47A3CECC3BBC85EC00D5A77107AC65B58AD44B96D9A09AD281D594CEABD5C02262B0BEDB152AC0B3C2A199B0176ACD51633372293E7A068A072E0BBC4D21D547045044B08D63B1960B976CF36B2CE788CED2
311
063B417331BA8CEA477220AA7CCE91FA4E6AD30BF6BE904207A7ED3FB909A559987D50304398CE584CAACCE80B4E633C40C0224550D7802D20B4EE0090A705FC5C12E747131C2678602D1FA2363ACA758B0430987335AE99D7D86A820831EC89FD6F7A611A7C9D0516DDD14639B52C86E9036FB7F06DF65EBDC0DB448B653E
311
41676961165CFEF484BD7A6DEACF9EDBE3372201BF34E35DFE46677EB371CADA937FC339D3277D2FBC113F8589ABB7557ABA3E846919664B9000AF77B38933B6797C928FB047C4A18036BD337C40494520A1809009D16514D5376E9AA41B66DB21AB7C69481A649BCF48BD9BC67E0E80AEBDAE6DB92D04263C0008196F7874
311
9E732066FB077B3BFC8643EE4BD0DA746C9BB529B766E57A1BAFF31991917F238A722DC80F4F845402C5A3D07054135C5DA2E0681FFE0A96AE8F25EE02C027F4944D0F5C3A4E4CDF2104E11BF5667D485F20D6EA38FC04FF84670657FF5A5FC7F77146AC4E24FE0734FC16B66ABAC8FD0000000049454E44AE426082504B03
311
041400060808004868B65CC9788313BA020000E10900003E00000046344333454444432D394243332D343345332D414130342D3442344436393132313032462F536368656D61732F42756D704D6170536368656D612E786D6CC5565D6FDA30147DDFAFB0FCBE422B4DDA03A1A245D390BA6E0242DB2764920B58759C28B659
311
BB5FBF6B3B810442DDEE653CF0717DCFF139D7F73A0CAE5F324176502A9ECB885E5EF4290199E429979B881ABDFEFC955E0F3F0D464A819E255BC8D870104FC664C744446F4C56FC60858FD3DE7070C314F8A539BC685302AE5EA58775FD5A54EBDAAF5BD0446AD84049781A519FBAF07A2829CC4AF024A26B26145052024B
311
73295E23AA4B83BF9D882F96C370074765B0E6926B74F33E340A54BDCA47FD194F2EB02A96B672114F278E7E857E33562C6FB8C60F4A9810F9EFCC08CD0B0128C6806A49A344B01560A166B92913B08C335D62693BD896A644C9CED11E164FEF2D66CC95663281166A0C85DE5262D06C442732C1EF0E7CB9478FB2DC486D09
311
BE899CE916FA3E2F33266609137519BB70B7DB9C1F6D3BC713AC76AAABB105BED9EAA5AB48E5D71694B8D4E1C0932C6C755A129A30A71C5BAF827F778C04CFC6AA3F47209D07BFEF91756FAF26E8798656F1458EDE25CBD04CA0C95C66EB58BDBB430337CED425DB2EFF07DAAAD94E4EBC1A95E5149878C84B81F384C7F6F8
311
E6D9CFF81F208F1427127B2055A400EC3FA9D906F6C3C4655242864185B938FA9464383999C922DABFE85FF68F5E578704AE102B8CE23BC4B949C453EAD55D7AD4AFDDEA9FC2EA9FFE93FA5F658ED5D2AF23C199C211C7F788D6BDBEA846C6DE55B5B32A863578131A7740AB5808EA907779F24CDD04D51B1FC221828791DC
311
D8496FCAAE622168FC73BDC6BBBF8DAD8321F0A20B5C0743608F3DB5DD8887284E46A65980E3C58F9161079F277BB243FC6637EC37F76E709A3BD9EAD50FD29D13E7E9C2EAF0E6BDDD322941B47535E2214587D4E564BC1CA53BFB044BCFD1B5723E401D2F1EFCB335BC43476A68A33B2E9FE7FE9E9F974CAA353E7154DB42
311
774A88389E4201EC78A8AA6008BCE802D74104F79A7FD6FE02504B03041400060808004868B65C28BB58AF800100009E0500003D00000046344333454444432D394243332D343345332D414130342D3442344436393132313032462F536368656D61732F436F6D6D6F6E536368656D612E786D6CBD544D4FC23018BEFB2B96
311
DE15493C78601010A34B880709DEDFB52FD0D8B54BD70DF6EFED3AC0B12E6442E2716BFB3CEFF3D18E26FB440405EA8C2B1992E1C323095052C5B8DC842437EBFB673219DF8DA659866649B798C078B48AE6410122242F2A4994AC7F93815DF85C049C8564CA0A901499DD886B2EB9B1E02448F358701A9235880C49A01198
311
92A20C89D1B9FD768815CAD268CB5E0355B40B1E47F3E37A2020464BED06AA57CE8FCC20C3C3446D46761A2632A8C1283D07031EFF2AE7CCB1BFEEE916E406DFAC8E36FFD99A9D60A6944090EEDC3B670C7DC13DE86B6B2C5C240D6E503BB85ACD579D513F1B9F9A69DC9CC22AFA80C426D40AF0B21EA168559156B6276F0F
311
726A6BFF04DCD513A87A62CAD41FB24FCB2858B3952E3D852084DA25B9303C15687973CC8E8AAE11DF2836C38C6A9E765E8C1BA1BFB1DC29CDFE518C8B5A7655A4ED7E77291ABEB80DBD82EC866ADE1B8D05AF9E35CF09D7A061F38A986D9EC412B8F0F65E5D81534D9B231D1E5A8FE577A241F3A5FD01504B030414000608
311
08004868B65C1004A04F380500005C1700003E00000046344333454444432D394243332D343345332D414130342D3442344436393132313032462F536368656D61732F47656E65726963536368656D612E786D6CED585B6FDB36147EDFAF20F41EC7F69A2005E214768278069665709ABE0A3445D9DCA80B44CA89F7EB7B0E
311
2FBAC4B2A32643D10E33505411A9C373BEF39D1B2F3F3D27926C79A144964E82D16018109EB22C12E97A12943A3EB9083E5DFD7239558AEB07B6E109BDBA7C5CDC902D959360CE535E0866DF07A7579733AAB85D5AF234E2C51DD5B081CA7A87DEE56E47E2D6689E735AD0947194500A22A249308DB6F82682A3782C52A141
311
BD80E4E54A0A3609622A150F48C16994A57237097451C2DF462738529D3AC5FCFFB5B401988BC78824973CE1A9A628D91CB968BDBAC335B9A4BB379C6ABF5D2474CD7B9F773F7F78C349F055EF13FE2CF856F0A7379CE2BEBCCE6456F8E316A9E66B5E18E4AC77BF5812F5937FDEF0F5BFE3E3C785576D96659253EB54863A
311
87AB5D98ADFEE24C3B8E38FE48BAE2C062631799EDC8BDDD833C6E88585B9287340B23AEA990CA49B1A473421E81F856D06D9125E45E6F001C4F7F85D6DECA8C6A835753A250DA50DF92F743409CBC3BFA4C6EFCE2618D302A0CEDDB264D93950002937BC66489A18D0A345DD650415124BE376A745EA9F0E016108E328D14
311
C979C1302CD6BC0A4191B2C2C49112FFC0DB51401288D6A44C26C1B87A160AB6A11E5BD862514BE8B3DB750607BABFF6F781D6A74EED6EA7AC28FB3BA68C87AC94B2138A99DB41AE7147A71F56659287340123812054CAEC8965690A74E111C5BCA7260158B0963EC50C07E38FEDDFC5C5C70AB6A915F446D44E46C321E460
311
87E23E221E2BC0DA6EB440EE6F44E80CE5AE2E2D2F31AD7AB71B8B139AF730773909401FE0D8DC3FCCFCC3D438DC1176062076C3CB4A9D953ACC72CA84867CDA0361E0910F4EF3B109A07D332211C72556825745A215835F47678059E337068E3ACB0E2EA2B507175B0818FD1082EB4D26186F85BAD33464988F1420E1B9E4
311
3D522F8452A450106B04F01362BFF1B2BF5059B60F687C9F663A54396722163C7231012E7480FE916910E6572B6D8F4A54CBF92C5CD324A163C8508058D3F16A399B13B348C6830FB5FD47257A1B8D2CF08253EE776B3A72D782D895363D96020B6C18D3C86359B3C6D45E728B4B9D716893D091E4D533045F495D2EFEF633
311
FF5A660A520A5790765FE52E12F0AC82685E7FFA0398D65528850A132894DDE9F837B1DE48F8A74D487795A482C7122A6DAE377BDC5DC212A465ECD8B03E7E2E208EC88DD9DA89456CFBC477FB798C74389668AB1A75C820AB7568FCBE0B5F94DC9AFF0D038D9F77E49D45B8278FC7177D0DDCE732FA0BCDDB42720FA90E87
311
115FF76375C5696F368AF83103F6A5911FFF03561EE06AD10ABE933AA9DEC398588888137017449E09C377051FCAEED1E8BC3BFA9CB27DA2CFDBF533459F374FC0C4FDECCBF3E06CDC6874E0710421EEAA6CEDBFEE60EB913607436C3F5BBF713F6F42253B9A4A0FD64C08416FA986EB02254B1846D82E7CE2584EBE31E340
311
E9A8247483F07D5B84AE3A5AE0D4C5B202EE585468BA84105B1F5EC00C16FADB133FB7399F390FCF245CBF9027A137FD26D1D651058D44D9B331A93985CAC2046CB4ED9E0314977128A42C13DB06879A273052525D16BE833B8706BD1269FA69F2B9B109BB55D30D37679986D85848B86F026CF21E74809100180B0D280C36
311
F6015A7DFBD06AEB6F8D503BDCD7DD6DABBBEF54E1FF5EDF0E3AD53C03509B5B816FE9F51BC8026F44DAB82BA989F200C4220B24166C3037854094FD46C5648D9C42F8B07E53687D824917FED3CE56F3FBA68BE3C6853FCD64F4A00BB85831B1243346654A134805AF5CF39A9DFE22C9906A6EAFE8303A5F4AC4FBE637489C
311
B62EA59B9D529255F326CCC28ECB77F812A7D6E63DF957504B03041400060808004868B65C8A56E75334020000A30600004200000046344333454444432D394243332D343345332D414130342D3442344436393132313032462F536368656D61732F507269736D436F6D6D6F6E536368656D612E786D6CB5555D6FDA30147D
311
DFAFB0FC3E5A5035ED8150015D11DA8AA6F4437B8B2ECE4DB0E6D8C8765AF8F773EC7C4009AC7B184FC6F63DE7DC734F92F1EDAE10E415B5E14A467438B8A6042553299779444B9B7DFE4A6F279FC65363D03EB20D1630193F2FEFC82B8888FED4DC147355144A86337A3519CFC060387E7FB2941673D484A7110DF75F0231
311
25DB722D388B6806C220251A215552EC236A75E9FE7BB62F15FA210677789A2B9D142A4551DF720D0858A353F700D53108F2B4DF62553B5742057653EA0C182620D6982A4A4008F5C69494C82CA650356B226A9C0922B0C7CE1B4FB06816B36631F58B9AD35378AE8DE20C7DABC76409AB5498ADA3AF15771B895436315B64
311
3CE398B68D04DDA1C475E1915F409401FE7CB977ADF363A52CE9C02B3FCE239978314B72280A18DDD4325DFF7593269E2D883F24A3C14DD76DAF26C12582AE31462DC68FB0ED545C051993F1A3D5CEF03ECB4A2D6B80B6FE395E55C4F742813D2E91DC28ABD576FF81B146B4B367DA153AE03E31ED85E4BCA01833D4EE093A
311
1E3D2BAD2A2D25D625D1651A77B6D46EFC7F8D5D44DB869705E43EC53DCA02FC0555C1E2239F649A25959CDAD826A4D5769EEF5ADAD5DD3D3D4DCAE1ED35B2DF05C866429DA1B36FF3EF0FD3959FD3FBA81D02783A9FD52E628BC5AF6ABC6D36FA6D954A17E01EFCFF646B80BF60EB69FAB4B260DDABF443B3EDAC8A9BB2FE
311
E435A8FF28A5CC37128DF99896C1E8FAF8371C76E3885583754E607D7E41E1616EDFC0B2CDC95BDF67C08FFDF073F307504B03041400060808004868B65C8FD2BEADA1020000E30900004200000046344333454444432D394243332D343345332D414130342D3442344436393132313032462F536368656D61732F50726973
311
6D4F7061717565536368656D612E786D6CED564D6FDA4010BDF757ACF65EA028955A09270A498B90923482243D5A833D8695F6C3F1AED3E6DF77BC6B1B1B4841957A0BA7C5CBBC7933EFCD98C9C56F25D90B1656181DF14F831167A813930ABD8E78E9B28F5FF8C5F987C9A5B5E896C906159C4F1EE7D7EC0564C4EF0B61D5
311
8F1C9E4B0C777C783E9982C5CEF59551CAE8EDB57BCDEB6B050E0B0112F21CA1009D60152E542E51A176E088121369C4E7BD4733D414967096972B29928867202D725620A446CBD788BBA2A4EF9EE12D383BECD01CD6D1032ABBCA36D70ED758F83481E353E8C569F05F2B8C52F870EA0A66428B8AF669D17BE43A441FE70D
311
C5A52B480C9F429A04A40645D51D29DEFFB2D7892053C57717B052E41F002F7BB25D1969421B8DF7430C7285A9E10CA434BF12A335260E53A87C64236EA92419445A90EDBC5AB3E6306D0E97FE20618564369FA1E27FB5312241DF905EAE38A938D81CC84841FDED83581B17DB1C1391094C39EB62B210D2003F812C03FADB
311
E1DE5B342A35CC9D7104D280B7140F22D9C56C1AAF4129189FD534A9FC1AC82EA633E62FD97870B62DF62092149AE6A6C618B71837E131B118864EF514EF77AC2CC8AABE9836FC717157E59D1A2311C2FCD531A884ADD6441D9185B1AB997F6B2E29F6BB34E0BAFA64D4AAA33E88F868301A8F763E67DBC296D4E152424193
311
9E497253B3313A7EAE9966A3F8EDCAF6D8C95209EDC15849E34B4E039DA2047B8FC5F2B984026F9136555DF656F550F20BB29B16A0927E77105AF858D15A25FB11D2D1669C3A146D6AB6A4D5E017E8FE78EC33781F15BF524E1A9503DD7BDB5CD7C27A5F76DDAFB29CD7CEBA15528A9E9B069FDBC97BA077A0956542EFDF57
311
768DB9DBF805B0EB2782FB1F4EEA65FF8962BD71DBFDB3534E9BFFDD47A7FBA8ABDB5FD6D381C5EB3AC638B87CBBDA55A20DBB7FD7FE00504B03041400060808004868B65CF702076DC3010000E60400004500000046344333454444432D394243332D343345332D414130342D3442344436393132313032462F536368656D
311
61732F52656E6465724D6174657269616C536368656D612E786D6CA554CB4EC33010BCF31596EFF405481C9AA2A64851255E4A816BB438DBD4926347B15BE0EFF1236982021512B925E39D9D9D59677EF3510A72C05A7325233A1D4D2841C954CE6511D1BDD99E5FD39BC5D97CA9359A0DDB61098BF9CBFA961C4044344599
311
637D0F066B0E22C074BC98C7A0319C58A9B254B2435ED23BC2F388AECB4A6089D280B18D139496815152EDDF046711DD82D048498D902B293E236AEABD7DF74D5D839F69EE1D9F48E1F3BF448FC9E6BF144F351E38BEFF9D662D0D16587B77825FAF2195BF515C395B563BC5197A0AE68DCF363BA831CF7C7C8D7F0DA23D42
311
898037B451BA833673DA92BC82D87F636ACFFB0CEC96F4EA30EF9A0FEAB85D91CAED89348D80E9B178DDC3ACFC71D06F2528A182138DD8672E4DC6DC57CF91467432BA985E4DBE3DB399079353607C0A5CDA0B70D4E65A122FA41BAEEF6C272908D315B076451BD55EB0FF9E092E11ACF8C6B5306028F9D5F15EB95426D315
311
32BEE5D6EC700FBA0C1E94211D7ADC8341143D429D2671564059C2EC72108B4EE3847890CC4697DDF8A708DB01FD7AD8209A41EFC2DCFD7063A504821C7869545188D6C16DF801342CCE6B276363DC8EFA4AFD0E86ED0677C3B77747C7FD3FD617504B03041400060808004868B65C267B6EF90E020000C306000043000000
311
46344333454444432D394243332D343345332D414130342D3442344436393132313032462F536368656D61732F546578747572654D61703264536368656D612E786D6CC5554D8FDA3010BDF75758BE7717D8AAEA81B0628B568AB4AB4AB0097042DE6402D63A36B21D44FBEB3B890DE12309AB5E9A4B14CFCC9B37CFF360F8
311
B8CF05D981365CC980F6EF7A94804C54CAE53AA085CDBEFEA08FA32FC3B1316067C90672361A46E184EC9808E81BEC6DA1E1956D07A90BD2FBD1F0891970F129C814F42BB3A039137546282DAC41139E06D49DC68E0125DBE25DF024A019130628D1C05225C5EF805A5DE077D5F65BD54529014C5618D6F158BD70F9E139BD
311
69264DA6746E7C910714EC1D907999494E7290F629A903204EF673C3A404E151FA9478040C9143EC66F52A9CACC6E98EC904D22E24124ECAD9BAA9ACA2783E53854EE012132FCFB3C314E272DAB4FA956578A52F2AF96814C88549154746136E6CC9FE4CEE293031575AA42E79414921B90D6828938D07AD1979C045C9E733
311
68CBCFA02D6FA3CD1226A0895A7F70546BC6FF0059505C5D55C8D4902DA0B8D2B2351C1791CB44438E870673D12894E45CF2BCC803DABBEBF57B17CFA04EE0066B4561F80EEBAA2D4605EE0F12DC12A3A2DFA4C525FDE57FA2FFD4E0C38AF4C96A39EFFAD5AC82C7C57A168AD9B3AD8ADCA65C2D50447C00E56B6A1A4D610B
311
CCFABAB39611F1312C6D685831F275B5C123E2CE9B6BE296A2B8AB2A6E192DBE315ADC3E5ADC395A0BCB4E92F3B15C8BC34F6DED5F77FAAF1639DAE5DA0D24677B67A487EFD8CE7F5DE795AEA92E0FDFA77F477F01504B03041400060808004868B65C806C3A5EE0020000DF0B00004400000046344333454444432D394243
311
332D343345332D414130342D3442344436393132313032462F536368656D61732F556E69666965644269746D6170536368656D612E786D6CAD56514FDB30107EDFAF88F23E5A9026EDA101B543A04830A69694F15499E4522C6C27B29D8EEED7EF123B6DDCA6C5ABE0A12277BEEFBEF37D677B74F5CE59B002A96821A2F0FC
311
6C180620D222A362198595CEBF7E0FAF2EBF8CC64A819EA5AFC0C9E52889AF8315615198089A53C8265473521A6F38B81C4D8802B3E011DE7525E19E9417D9D6AFD7A5F56BE3AF832A1AD02C0AC7D98A881432CC0139155423AF3028AB1746D328CC0953100612485608B68E422D2BFC6EC86012357018B95F5BE433ACB94E
311
4979C98083D0A4CED2A48F1DD37DED6353B23E9981418839598277D687DBD9C9F930B6CD130B0D4B904D5966EFE7A6CD7EE0DF3A4DF9FC6624714B73A6256AAD61C98A9430413876F48386372B9DEE1B0D06567035F75DE05A7527007710EDBFC9346EE85646FD2F8DFA1786401810C68A3FBC629AA2B85098152887681830
311
F202383CB3A29229EC30EDC35C541247A0D1F8263899FEAC236F5841741F1956491B323C1B9E0F77FE2ECE3740937A258E6C51894C05252025D4FC1236B346452A9B2151F42F5A3192E358F28A47E12168BB802A8C6595A22B8C3383CAC9BB09454A0864BEF6D7616583A6B4E3152E1EF21C8FA5B650A7A6C0FA4E2D6D53E6
311
3EBB96B7D90C8F1ABA93E836F886320DB5FEF76AD87A70332645C1809813CA0588059EDDED0ED8D3D1EACBB882E6EC39A695E9ED64CCB1FD2D4A471B922E5FB500A5FA15627A7A4C209FB98BBF6481F2D4EB31A344E198E12FDE50CE0CCE677880E090D71789BD5A16D686BBE80190F400589B1F40137F57A46F2E89ADD90F
311
E6692C96BB85589B1F40D28E46772B5AA31FC4BC0FA235FA411884FDEDE8D8FD80A640D85321193E22B0C1BFDDCDDD759E02F97C0CF2B91E1F0FF56C8898FA0ED16CBD27811E226A407D99E25BE9C72B1102985B77C7EEC76E1BB088AF17ED13EB10A8B3E6BF1324F32773677E9CA767A95FBA3B2ADEEC35FF2889507921B9
311
72CBE95FE2079F4CA1048227AD3396D6E80731EF83688D0831E83ED5FF01504B03041400060808004868B65C64A4F3D1360100004F0200004700000046344333454444432D394243332D343345332D414130342D3442344436393132313032462F4173736574446174612F41737365745461626C654F66436F6E74656E7473
311
2E62696E8D91CB4A033114868B8A222AE2E511BA3D90CBC96D99CBC4955810D7126AC401A78ED329F8F89EDACD2CA41AF8423849BE9C9FCC67B319F798741411A40D1230DB0841680D5A7294DEE7C41C9ED0B9B17E8D9BA1D2EA67DCD0FCB46A5FDBFA12DAB12BFDE3F2AD76654E65291353A815A01708A88382602C07D6A0
311
4199788A616A3CA02B87C41EA346A5BC6C34A0C91CB0490C9CB21914338239ADACB37AD2E311D98EFF3026AE30250ED22B325A2EC1862821A42C1A236DCA914F8CDBE5297141844DD7DF4FF37AA7D1A5E8210AA4D0CA6470D965305135D621726DA679B79E73624FDEA06D123659F08D08D49D36E0A377609560680DC7ACFC
311
3529BA32D6A12DEFA5EF6B19CA6A59CFA87A496C1BBDAB2BDA5DEE3E06A8F01FEDF3E2633D0AC6D5EFFEADF796B8221643BBEE1EFAF2B9A9BB37BE01504B03041400060808004868B65CC55C663656000000680000004100000046344333454444432D394243332D343345332D414130342D3442344436393132313032462F
311
4173736574446174612F53747265616D56657273696F6E5461626C655D8CBD0A80300C06F73E4B29FE6CDD8A2E82A083B8B7F209014925C9FBA3AEAEC7DD2555D896CB85E51C2A1BD834F6A1F56EC4494C4695278364ABB24ABD2146F88CCEBB89D5321FF8F3F43D672A3B44DF3CB6A1710F504B03041400060808004868B6
311
5C38C4F167340100009E0400003600000046344333454444432D394243332D343345332D414130342D3442344436393132313032462F4173736574446174612F636E782E786D6CCD94314FC3301085FF4A648931711244852AC71582A51348540C6C17E7D25A75ECC8BE20F8F7D86D0650115386AEA7EFEE9E9FFC4E6C3E07
311
937DA00FDAD9865545C932B4CA75DAEE1B36519FDFB36C2385778E7E602CB33060C3529949B1F76E1AE752873D4C26558DB6C7B9F81002D20E5A83CFFDA3B3849602CB9481101A16D40107286022D76138161D101455E131B8C92B8C93480F384F521E81B063B22EEB555EDEE575BDAB6ED765BDAE56EF8227528AD63933F3
311
3A2EF36EBCA94B75DECB64297802A498BC9EA9F41A26FF5259B4DA0A1E492902F9E8CADC415F63EC8071345A0145F3B853849447086110FC0C4BC1930BBFBC78C25E5B9D5AB6511A90F32F51207AD278859EFCA776796FB636105885D7ECC8A5C6E57D783DFDA2B7732C4FB9B9BEB45C6A5C2027FC744A626CD26591DF504B
311
03041400060808004868B65C2CAC9704ED0000006C0100006700000046344333454444432D394243332D343345332D414130342D3442344436393132313032462F5265736F75726365732F31413444364332432D333842332D344638432D423236362D3633313433414146443039342F7468756D626E61696C2F302F636E78
311
2E786D6C65D0DF4A05211006F05759842E77758D0E71703D709EA16EBA09D3D94D8EFFD031EAEDD3F222E86AE4E3C7307EE2F2E9DDF401B9D81836B22E8C4C107434361C1BA9B8CF8F64BA489163C43F8C4C4179D8488F8914478E358DC8C0AEAAEBA9B3E136C2E760770BE66AD1ABF49AC24126ED54291B29FA1DBC5A54C5
311
68A0DC16A3502DEB92A1C49A35B435683D8C353A8342304472C64F337B98397F5AEFCF8C9FD7D38BA05D4AF116A31BDE06841CD31D673AB667685731413B90A2663B54FF0A91FF4E14B411290AE6D6C5A0F8951A552939AB15B6CA68D408383704CA0BFA8BA5A0FDEF6DFC14D366EF497E03504B03041400060808004868B6
311
5CA233C2345D000000800000006500000046344333454444432D394243332D343345332D414130342D3442344436393132313032462F5265736F75726365732F31413444364332432D333842332D344638432D423236362D3633313433414146443039342F7468756D626E61696C2F636E782E786D6C4D8B490E80201004BF
311
42E6EE76F3C0F216234B883063108CCF170C074F95AE5473F5C4C06E932E4F28601967600677D21E9D8092EDB002539227A2FCCB80E1168D80A6417297A89C5D6963B7129A0D1E8F2EE73AA7B62BBEB8B27DE50B504B03041400060808004868B65CBE89762363000000880000005B00000046344333454444432D39424333
311
2D343345332D414130342D3442344436393132313032462F5265736F75726365732F31413444364332432D333842332D344638432D423236362D3633313433414146443039342F636E782E786D6C4DCC3B0E80201004D0AB90EDFD75167CCE820A4A845D83603CBE602CAC26799919AEEEE0D965E2E908050C6D0FCCE04C8B
311
C355404EB6198129C92351FAD580A10E464065907C8D948F8F166375F655BDC3FDC3B4E530A176BE7057BDC43B2A593FE403504B03041400060808004868B65C1FE97DA7E9000000600100006700000046344333454444432D394243332D343345332D414130342D3442344436393132313032462F5265736F75726365732F
311
36443135344444312D334135312D343831332D384243332D4244463245373338444643312F7468756D626E61696C2F302F636E782E786D6C4D90CD4A043110845F6508789C4926E2224B260B7BF7E6C98BB499DE356C920EF9117D7B13CD614FD5547F345DA54EDFDE4D5F98B2A5B0B175116CC26068B7E1BAB15A2EF3339B
311
4E5A25A27287B12980C78D759B69754D54E3B076BC4075DD7536DC8679AE3EBE407C8FE1CA26E320E78D65F3891E16A88576CCB7658702CBBA24CC5493C176A0588FE38049080577A6A59087593CCD52BEAE8F47218FEBE14DF14E6AF541E4066F43C144F1410A436D0CED1FA17807B4AAC90EAA8760FAEE39C5DB52AB5C52
311
CB3FA0F2131B04313A6BA0B49A389982656E108257FC1FD68AF7BC4DFECA68DABBD1BF504B03041400060808004868B65CA233C2345D000000800000006500000046344333454444432D394243332D343345332D414130342D3442344436393132313032462F5265736F75726365732F36443135344444312D334135312D34
311
3831332D384243332D4244463245373338444643312F7468756D626E61696C2F636E782E786D6C4D8B490E80201004BF42E6EE76F3C0F216234B883063108CCF170C074F95AE5473F5C4C06E932E4F28601967600677D21E9D8092EDB002539227A2FCCB80E1168D80A6417297A89C5D6963B7129A0D1E8F2EE73AA7B62BBE
311
B8B27DE50B504B03041400060808004868B65CBE89762363000000880000005B00000046344333454444432D394243332D343345332D414130342D3442344436393132313032462F5265736F75726365732F36443135344444312D334135312D343831332D384243332D4244463245373338444643312F636E782E786D6C4D
311
CC3B0E80201004D0AB90EDFD75167CCE820A4A845D83603CBE602CAC26799919AEEEE0D965E2E908050C6D0FCCE04C8BC355404EB6198129C92351FAD580A10E464065907C8D948F8F166375F655BDC3FDC3B4E530A176BE7057BDC43B2A593FE403504B03041400060808004868B65C79F7B584E600000060010000670000
311
0046344333454444432D394243332D343345332D414130342D3442344436393132313032462F5265736F75726365732F42363844323844382D414532422D343836372D414341392D3835323034383731344635412F7468756D626E61696C2F302F636E782E786D6C4D90C16EC4200C447F2542EA3181507555AD08FB137BEA
311
A5A2C49BA2058CC054EDDF175A0E7B1A6BFC6479465DBE839FBE2017877163EB22D804D1E2EEE2B1B14AB7F9954D17AD32223D606C8A26C0C6BACDB43A32D634AC1D6EA6FAEE7A17EFC33C204276F63DC5834DD69B523656EC2704B3984AB843B92FBB21B3AC4B8682355B6807C80518076C0643B0332D853CCDE26596F2BA
311
3E9F853CAFA737C53BA9D507A21FBC8B0419D3931416DB18DB3F42F10E6855B31B540FC1F4C3738AB7A5568572CB3F20FA490D322979670DB59A385A029A1B042628FE0F6BC57BDE267F6534EDDDE85F504B03041400060808004868B65CA233C2345D000000800000006500000046344333454444432D394243332D343345
311
332D414130342D3442344436393132313032462F5265736F75726365732F42363844323844382D414532422D343836372D414341392D3835323034383731344635412F7468756D626E61696C2F636E782E786D6C4D8B490E80201004BF42E6EE76F3C0F216234B883063108CCF170C074F95AE5473F5C4C06E932E4F286019
311
67600677D21E9D8092EDB002539227A2FCCB80E1168D80A6417297A89C5D6963B7129A0D1E8F2EE73AA7B62BBEB8B27DE50B504B03041400060808004868B65CBE89762363000000880000005B00000046344333454444432D394243332D343345332D414130342D3442344436393132313032462F5265736F75726365732F
311
42363844323844382D414532422D343836372D414341392D3835323034383731344635412F636E782E786D6C4DCC3B0E80201004D0AB90EDFD75167CCE820A4A845D83603CBE602CAC26799919AEEEE0D965E2E908050C6D0FCCE04C8BC355404EB6198129C92351FAD580A10E464065907C8D948F8F166375F655BDC3FDC3
311
B4E530A176BE7057BDC43B2A593FE403504B03041400060808004868B65CD4F24B37EC000000680100007000000046344333454444432D394243332D343345332D414130342D3442344436393132313032462F5265736F75726365732F42363844323844382D414532422D343836372D414341392D38353230343837313446
311
35415F506F7374323031352F7468756D626E61696C2F302F636E782E786D6C5DD04D4E04211005E0AB74485C76F3A34ECC8466AEE0C2959B09D235239986225018BDBDA02C8CAB222F5F2AC5D3A7CFB04F1F908BC7B832B908364174B8F9785D59A5CBFCC4A693D11991FE3036451B60653D66465F33D634A20D2EB6EE3DDD
311
7DBC8D90CECFD99730CB07794EF1CA26B7DB525656DC3B04BBD84AB841B92D9B25BBC82543C19A1DB425E4038C252E8325D89851421D66F1382BF522EF8F421DE5E155F32E8D7E43DC87F7912063BA53C2617BC67693D0BC03A36BF643F58F30F3EF40CD1B30BA506E3D0C485FA9419BD2EE9DA5561747474073436083E6BF
311
D868DEFFDDC64F296DF68ECC37504B03041400060808004868B65CA233C2345D000000800000006E00000046344333454444432D394243332D343345332D414130342D3442344436393132313032462F5265736F75726365732F42363844323844382D414532422D343836372D414341392D3835323034383731344635415F
311
506F7374323031352F7468756D626E61696C2F636E782E786D6C4D8B490E80201004BF42E6EE76F3C0F216234B883063108CCF170C074F95AE5473F5C4C06E932E4F28601967600677D21E9D8092EDB002539227A2FCCB80E1168D80A6417297A89C5D6963B7129A0D1E8F2EE73AA7B62BBEB8B27DE50B504B030414000608
311
08004868B65CBE89762363000000880000006400000046344333454444432D394243332D343345332D414130342D3442344436393132313032462F5265736F75726365732F42363844323844382D414532422D343836372D414341392D3835323034383731344635415F506F7374323031352F636E782E786D6C4DCC3B0E80
311
201004D0AB90EDFD75167CCE820A4A845D83603CBE602CAC26799919AEEEE0D965E2E908050C6D0FCCE04C8BC355404EB6198129C92351FAD580A10E464065907C8D948F8F166375F655BDC3FDC3B4E530A176BE7057BDC43B2A593FE403504B03041400060808004868B65C775FCD4FC50000005701000036000000463443
311
33454444432D394243332D343345332D414130342D3442344436393132313032462F5265736F75726365732F636E782E786D6C9DD0CD6AC3300CC0F15709BE6B8DFC15159214DBAACF7B8351D6B484A6F64893D2C75F320ADB60A75DFFE82790EADDE33A14F76EBCF53935025F4A5174E93D1FFB746EC43C9D8044B16BEB31
311
E7E9C79828D2E1DA3562CDA2ADCF639E3F9EE9D89D0EF3B0D6A14F976744A7D90619409157A02305F0D25AB00AB5722E72B9D58BD8ACE417B48C46332328671034A102F24181E728F795228E01FF84DE124B6202B7977E81B60217DC16C8C85253853A1AF76FF8F69A6F932CD17C6FD87CFD6039617D49FB09504B03041400
311
060808004868B65C759FCE3A55010000440800003400000046344333454444432D394243332D343345332D414130342D3442344436393132313032462F536368656D61732F636E782E786D6CCD95BB4EC33014865F25B2C4D8DC1015AA1C572A03530582B2B019FBB4588D2FF882CADB63870CA9DA8D0CDE92A34FD6FFFD89
311
7CF0FA24FBE21BAC135A75A8296B5480629A0B75E850F0FBC53D2AD6045BADFD044385A2123A94C688E083D5C18C230E7B1AFA34ED853A8EC34D90664BCD2BFB044951C17AEA5C87DCF05AD2E03507772C39F5B46C4A0B4E07CB201EE18584F10866817AE088B475BB5CD4778BB6DD35B7ABBA5D35CB775C2592E00FADFB91
311
17CA83D5E6A6AD998E8F2A26AA71950082831523953410398B57C646701511829DB7B18711F53F26A2D4985E30EA635DD500FE31045749F74CFA414BA955AECED374B3293F82022B58AECE67F166937EB6C2C9699DF9FDE01711E7957F32F42B40AE5F7D909F469C4DFE051407BB8DF79215B4CFD5FF5ACAD92AD8C1C9070B
311
F1726F79AE055C669C4DFF4D89BD00BE115EE6BBDEAE84FC5F01D5B0F0E3CE4BFB9FFC02504B03041400060808004868B65CE3603EBE7A000000C20000002C00000046344333454444432D394243332D343345332D414130342D3442344436393132313032462F636E782E786D6C6DCD410EC2201085E1AB90D9DBEACE05D0
311
9878023D01A1D34A8419C380F1F82DA68B9AB8FDFEC93C3D7C52546FCC12980C9CBA232824CF63A0D9402DD3E10C6AB03A3397DD192872090D3406ABE7CCF5B5D18893ABB1690CF4DCF02282E5EA8A5BB96FFE536F285CB347F95BEFFE81C9ED5AFF9D5B1FB575BB00504B03041400060808004868B65CE538CBA07E000000
311
A300000007000000636E782E786D6C4D8CD10A832018465F45FE7B374B190BD428ADF7886521330D97638F3F1D5DECEA83C3770E6F3F9B436F135F367801D5850032FE1166EB5701E958F01D502B790CE1F8BB01F2D36604140C92AF31A4FD44B359A6E40A75D63F4F38324507AD156E7A4531A303C55D4718663DD3B7A6AA
311
2B528FD9B81625CFAF97B7E4E517504B03041400060808004868B65C1E7A0675A400000032010000130000005B436F6E74656E745F54797065735D2E786D6C95904B0EC2300C44AF1279DFBAB0400835ED02B8011708C16D239A8F121795DB93D22D20B1B467DE8CE5BA9DED281E1493F14EC2A6AC4090D3FE665C2F61E2AE
311
D883689BFAF20C9444F6BA2461600E07C4A407B22A953E90CB4AE7A3559CC7D86350FAAE7AC26D55ED507BC7E4B8E025039AFA449D9A4616E739AFD7DE8C8338AEBEA54A820A61345A713E0B17153F7257E37E705E3371913892B25F02FEA0F1FD83E605504B03041400060808004868B65C3DEE336E64000000790000001B
311
0000006175746F6465736B2D64657369676E2D7061636B6167652E786D6C35CBC10E83200C00D05F21DCA56CA76D41FC96062B120735B69A7DBE268BB7777961F8D5AF396893C2ADB70FE7ADA196782C2DF776D7A97B5933C430F15651E5469C55D70F80A4992A3ADC954792C525AE70A1E4D6AD9816CC044FEFDF01FE3FDE
311
907802504B03041400060808004868B65C7D47B744F8000000960100003700000046344333454444432D394243332D343345332D414130342D3442344436393132313032462F4173736574446174612F636F72652E786D6C8550CB6E833010FC15B477836D0281C8384245FD829E7AB38C43AD041BF951F5F36B072AB5A79E
311
76353B33BB3BECFAB53E8A4FE5BCB66600526228949176D6661920861BEAA0B872E6AC0DBF685018B1AA01320C9C2DCEC6ED80A43541998C1A3BAB0314DEAB00857CA466002F3FD42A4A114362F87BB90979178B2A49B9F3388B51CF8754CFC94DDFB472C02925AF753FB5E8DCD1133AD5FD0B1ACF2D46FDD4743DAEC938E1
311
865559CC59D0EBCF76E994086A4E7A4C5B841B44E91BA92F985E48FBCEAACCE4CC07977E3E96E6EF808FF9EA4904C1AA7DFAC7356EF3FFAE519B50D3C3755778E0241DF91C7056E594527946986A4E947F03504B03041400060808004868B65C91868CD6F30000008E0100006800000046344333454444432D394243332D34
311
3345332D414130342D3442344436393132313032462F5265736F75726365732F31413444364332432D333842332D344638432D423236362D3633313433414146443039342F7468756D626E61696C2F302F636F72652E786D6C8550CB6EC32010FC156BEFD88063278E305154AB5FD0536F08888B1283C5A3EAE71762576A4F
311
3DED6A76667677D8E56B79549FDA07E3EC08A4C650692B9D32761E21C51B3A4175E1CC3B177FD1A0B262D1231418389BBD4BEB0E4967A3B605B54EE91D1421E808957CE46684203FF4226A916266847BBD0A7917B3AE49BDF1384BC9A85D6A54763337A33D704AC96B3B4C3D3A9EE8011DDAE1055D8F3D46C3D49D06DC92EB
311
843BD6143167D12C3FDBA5D7226A95F598F6087788D237D29E313D93FE9D3585C959883EFFBC2F2DDF01C7ACD9D03F6E6955FFBB2563634B77B74D1180937CDC73C05953D2C9E5195DAE2549FE0D504B03041400060808004868B65C1D898646F9000000960100006600000046344333454444432D394243332D343345332D
311
414130342D3442344436393132313032462F5265736F75726365732F31413444364332432D333842332D344638432D423236362D3633313433414146443039342F7468756D626E61696C2F636F72652E786D6C8550CB6E833010FC15B477836D020991711415F50B7AEACD350EB10236F2A3EAE7D70E546A4F3DED6A766676
311
77D8E56B998B4FE5BCB6A607526228949176D466EA21861B3A4171E1CC591B7ED1A03062513D6418389B9C8DEB0E496B8232193576543B28BC57010A39A7A6072FEF6A11A5882131FCA35C857C884995A4DC789CC5A8C75DAAC7E4A66F5A39E09492D7BA1B5A743CD1033AD4DD0BBA1E5B8CBAA13975B826D70137ACCA62CE
311
825E7EB64BA7445063D263DA22DC204ADF487DC6F44CDA77566526673EB8F4F3BE347F073CDCE3F261849E59B54DFFB8C675FCDF356A136ABABB6E0A0F9CA4239F03CEAA9C522ACF0853CD89F26F504B03041400060808004868B65C80B4BA970C010000B10100005C00000046344333454444432D394243332D343345332D
311
414130342D3442344436393132313032462F5265736F75726365732F31413444364332432D333842332D344638432D423236362D3633313433414146443039342F636F72652E786D6C8590CD6E842014855FC5B047F9514627C8C4D1F8045D754794B1644630024D1FBF30639376D5D5258773F8B8875FBED647F6A976A7AD
311
6901CE11C89499ECACCDD282E06FB006D945F0DD5AFFCB06322357D5822403C197DD86ED90266BBC324935765687289D531E64D3231E5AE0A60FB5CA5C061F1DEE9E6F72BACB45E5387FF9040F41CF4754CFF1357DD36A0782103CD26660F054931296B4E9617762083643553788E26E40152F525870AFD71FFAB42BE9D51C
311
F38830882A48C81BA66744CE98BDF3223905777E8F3B1FD0B41D10B82B07D6931ED2FA4A6139D63DBC12C620A3B8A45D370EA82979F10AFE01866DFE1F18B4F1941CC057C24566FCFFF342F0221518C7B3DD3853D9E21B504B03041400060808004868B65C91868CD6F30000008E0100006800000046344333454444432D39
311
4243332D343345332D414130342D3442344436393132313032462F5265736F75726365732F36443135344444312D334135312D343831332D384243332D4244463245373338444643312F7468756D626E61696C2F302F636F72652E786D6C8550CB6EC32010FC156BEFD88063278E305154AB5FD0536F08888B1283C5A3EAE7
311
1762576A4F3DED6A76667677D8E56B79549FDA07E3EC08A4C650692B9D32761E21C51B3A4175E1CC3B177FD1A0B262D1231418389BBD4BEB0E4967A3B605B54EE91D1421E808957CE46684203FF4226A916266847BBD0A7917B3AE49BDF1384BC9A85D6A54763337A33D704AC96B3B4C3D3A9EE8011DDAE1055D8F3D46C3D4
311
9D06DC92EB843BD6143167D12C3FDBA5D7226A95F598F6087788D237D29E313D93FE9D3585C959883EFFBC2F2DDF01C7ACD9D03F6E6955FFBB2563634B77B74D1180937CDC73C05953D2C9E5195DAE2549FE0D504B03041400060808004868B65C1D898646F9000000960100006600000046344333454444432D394243332D
311
343345332D414130342D3442344436393132313032462F5265736F75726365732F36443135344444312D334135312D343831332D384243332D4244463245373338444643312F7468756D626E61696C2F636F72652E786D6C8550CB6E833010FC15B477836D020991711415F50B7AEACD350EB10236F2A3EAE7D70E546A4F3D
311
ED6A76667677D8E56B998B4FE5BCB6A607526228949176D466EA21861B3A4171E1CC591B7ED1A03062513D6418389B9C8DEB0E496B8232193576543B28BC57010A39A7A6072FEF6A11A5882131FCA35C857C884995A4DC789CC5A8C75DAAC7E4A66F5A39E09492D7BA1B5A743CD1033AD4DD0BBA1E5B8CBAA13975B826D701
311
37ACCA62CE825E7EB64BA7445063D263DA22DC204ADF487DC6F44CDA77566526673EB8F4F3BE347F073CDCE3F261849E59B54DFFB8C675FCDF356A136ABABB6E0A0F9CA4239F03CEAA9C522ACF0853CD89F26F504B03041400060808004868B65CAA3155B90C010000B10100005C00000046344333454444432D394243332D
311
343345332D414130342D3442344436393132313032462F5265736F75726365732F36443135344444312D334135312D343831332D384243332D4244463245373338444643312F636F72652E786D6C8590CB6EC32014447FC5628FCDC3CF081339A6FE82AEBA4336495162880C54FDFC42ED4AEDAAAB8B86397774879D3FD747
311
F6A136A7ADE901CE11C89499EDA2CDAD07C15F610BB233679BB5FE970D6446AEAA0749069CDD361B9E87345BE39549AAB18B3A44E99CF2209B1FF1D10337BFAB55E632F8E870F7FC29E7BBBCA91CE7BB8FB310F472A07A89DBF455AB0D7042F0443B51C3A625252C6937C2A1A911EC44D57688E241A08A1509E6CCEBF5277D
311
DE94F46A893C2235441524E415D31322275CBFB1223939737E8B371FA1E93AC06B81AB52080CE9506158B698C2F632527811137969682BA611B36207FF0486E7F27F60D0C6537204EE84033C2EDC3F382B5281717CB71B672A9B7F01504B03041400060808004868B65C91868CD6F30000008E010000680000004634433345
311
4444432D394243332D343345332D414130342D3442344436393132313032462F5265736F75726365732F42363844323844382D414532422D343836372D414341392D3835323034383731344635412F7468756D626E61696C2F302F636F72652E786D6C8550CB6EC32010FC156BEFD88063278E305154AB5FD0536F08888B12
311
83C5A3EAE71762576A4F3DED6A76667677D8E56B79549FDA07E3EC08A4C650692B9D32761E21C51B3A4175E1CC3B177FD1A0B262D1231418389BBD4BEB0E4967A3B605B54EE91D1421E808957CE46684203FF4226A916266847BBD0A7917B3AE49BDF1384BC9A85D6A54763337A33D704AC96B3B4C3D3A9EE8011DDAE1055D
311
8F3D46C3D49D06DC92EB843BD6143167D12C3FDBA5D7226A95F598F6087788D237D29E313D93FE9D3585C959883EFFBC2F2DDF01C7ACD9D03F6E6955FFBB2563634B77B74D1180937CDC73C05953D2C9E5195DAE2549FE0D504B03041400060808004868B65C1D898646F9000000960100006600000046344333454444432D
311
394243332D343345332D414130342D3442344436393132313032462F5265736F75726365732F42363844323844382D414532422D343836372D414341392D3835323034383731344635412F7468756D626E61696C2F636F72652E786D6C8550CB6E833010FC15B477836D020991711415F50B7AEACD350EB10236F2A3EAE7D7
311
0E546A4F3DED6A76667677D8E56B998B4FE5BCB6A607526228949176D466EA21861B3A4171E1CC591B7ED1A03062513D6418389B9C8DEB0E496B8232193576543B28BC57010A39A7A6072FEF6A11A5882131FCA35C857C884995A4DC789CC5A8C75DAAC7E4A66F5A39E09492D7BA1B5A743CD1033AD4DD0BBA1E5B8CBAA139
311
75B826D70137ACCA62CE825E7EB64BA7445063D263DA22DC204ADF487DC6F44CDA77566526673EB8F4F3BE347F073CDCE3F261849E59B54DFFB8C675FCDF356A136ABABB6E0A0F9CA4239F03CEAA9C522ACF0853CD89F26F504B03041400060808004868B65CBCCB77C20D010000B10100005C00000046344333454444432D
311
394243332D343345332D414130342D3442344436393132313032462F5265736F75726365732F42363844323844382D414532422D343836372D414341392D3835323034383731344635412F636F72652E786D6C8590CB6EC32014447FC5628F0DF885234CE4C4CD1774D51DB289831283C5A3EAE71712576A575D5D34CC70B8
311
C38E5FEB23FB94D629A37B80730432A927332BBDF420F82BA4203B72668DF1BF6C20D362953D4832E06CB1266CBB3419EDA54EAA36B3DC45E19CF4209B1EF1D00337DDE42A72117C74B87BBE89E92E1699E3FCE5E32C0435EF5135C7D7D455490B3821F8527663035B4A2A5895DD190E6D836037D6B443251E4654B3228539
311
F36AFDA14F560A2FE79847A481A88684BCE3F280C801371FAC484ECE9CB771E71D9AB603FCD4D091D091C2E18D9C60459B160EE7A183B426A8A22DAE2EF5C08A57F00F306CF3FFC0A0B42FC90E7C251CE038FEFF79C159910A8CE3D96E9CA96CFE0D504B03041400060808004868B65C91868CD6F30000008E010000710000
311
0046344333454444432D394243332D343345332D414130342D3442344436393132313032462F5265736F75726365732F42363844323844382D414532422D343836372D414341392D3835323034383731344635415F506F7374323031352F7468756D626E61696C2F302F636F72652E786D6C8550CB6EC32010FC156BEFD880
311
63278E305154AB5FD0536F08888B1283C5A3EAE71762576A4F3DED6A76667677D8E56B79549FDA07E3EC08A4C650692B9D32761E21C51B3A4175E1CC3B177FD1A0B262D1231418389BBD4BEB0E4967A3B605B54EE91D1421E808957CE46684203FF4226A916266847BBD0A7917B3AE49BDF1384BC9A85D6A54763337A33D70
311
4AC96B3B4C3D3A9EE8011DDAE1055D8F3D46C3D49D06DC92EB843BD6143167D12C3FDBA5D7226A95F598F6087788D237D29E313D93FE9D3585C959883EFFBC2F2DDF01C7ACD9D03F6E6955FFBB2563634B77B74D1180937CDC73C05953D2C9E5195DAE2549FE0D504B03041400060808004868B65C1D898646F90000009601
311
00006F00000046344333454444432D394243332D343345332D414130342D3442344436393132313032462F5265736F75726365732F42363844323844382D414532422D343836372D414341392D3835323034383731344635415F506F7374323031352F7468756D626E61696C2F636F72652E786D6C8550CB6E833010FC15B4
311
77836D020991711415F50B7AEACD350EB10236F2A3EAE7D70E546A4F3DED6A76667677D8E56B998B4FE5BCB6A607526228949176D466EA21861B3A4171E1CC591B7ED1A03062513D6418389B9C8DEB0E496B8232193576543B28BC57010A39A7A6072FEF6A11A5882131FCA35C857C884995A4DC789CC5A8C75DAAC7E4A66F
311
5A39E09492D7BA1B5A743CD1033AD4DD0BBA1E5B8CBAA13975B826D70137ACCA62CE825E7EB64BA7445063D263DA22DC204ADF487DC6F44CDA77566526673EB8F4F3BE347F073CDCE3F261849E59B54DFFB8C675FCDF356A136ABABB6E0A0F9CA4239F03CEAA9C522ACF0853CD89F26F504B03041400060808004868B65C18
311
3DA01115010000BA0100006500000046344333454444432D394243332D343345332D414130342D3442344436393132313032462F5265736F75726365732F42363844323844382D414532422D343836372D414341392D3835323034383731344635415F506F7374323031352F636F72652E786D6C8590CD6EC32010845FC5E2
311
8E0DF80F4798C8899B730F3DF552219B3828315806AA3E7E2176A5F6D4D3A261663FCDB2E3D7FC483EE56A95D12DC0290289D48319959E5AE0DD1552901C395B8D71BF6C20D162962D8832E06C5A8D5F766930DA491D556D46B98BC25AE940323CC2A30576B8C959A4C2BBE0B0F77411C35D4C32C5E9E6E3CC7B35EE513586
311
6DEAAAE40A3821F892377D056B4A0A58E4CD1976758560D397B44139EE7A54B22C8639736AFEA10FAB144E8E218F480551090979C3F9019103AEDE59169D9C59B786CE3B34B603FC54D19ED09EC2EE859C6041AB1A76E7AE81B424A8A0352E2E65F7F16AAC230807EEB6E10FD92FE3FF64AFB4CBC94EDE1216701C8A3C3F38
311
CBE225C3789E39CC7875FE0D504B03041400060808004868B65CE91BD019F9000000960100003700000046344333454444432D394243332D343345332D414130342D3442344436393132313032462F5265736F75726365732F636F72652E786D6C8550CB6E833010FC15E4BBC1368140641C4545FD80AAA7DE2CB32156828D
311
FCA8FAF9B50395DA534FBB9A9D99DD1D7EFE5A1EC52738AFAD19102D092AC0283B69330F28862BEE507116DC591B7ED15061E40203CA30127C7636AE3BA4AC0960326AEC043B28BD87800AF548CD80BCBAC1224B194362F87BB94A75973394B4DC7882C7A8A75DAAA7E4A6AF1A1C128CD1D7BA1F5B7CECD8011FEAFE055F8E
311
2DC1FDD8743DA9E965240DAFB258F0A0979FEDCA810C30253D612D260D66EC9DD627C24EB4FDE055660AEE834B3FEF4BF37748BC81B7D129F0BCDAA67F5CE33AFDEF1AB50935DB5D37854782A6239F03C1AB9C522ACF0853CD898A6F504B03041400060808004868B65C4ACC92BAF700000094010000350000004634433345
311
4444432D394243332D343345332D414130342D3442344436393132313032462F536368656D61732F636F72652E786D6C8550CB6E833010FC15B477836D020991711415F507DA536F9671889560233FAA7E7E6DA0527BEA6957B333B3BBC32E5FF3B3F854CE6B6B7A202586421969476DA61E62B8A1131417CE9CB5E1170D0A
311
2366D5438681B3C9D9B8EC90B4262893516347B583C27B15A090CFD4F4E0E55DCDA2143124867F948B900F31A992941B8FB318F5B84BF598DCF44D2B079C52F25A77438B8E277A4087BA7B41D7638B513734A70ED7E43AE0865559CC59D0F3CF76E994086A4C7A4C5B841B44E93BA9CF989E49FBC1AACCE4CC07977EDE97E6
311
EF80BFAD777A566DB33F9E7119FFF78CDA849AEE9E9BC20327E9C475C05995334A650D30D59C27FF06504B03041400060808004868B65CFEBE4C3403010000D80100002D00000046344333454444432D394243332D343345332D414130342D3442344436393132313032462F636F72652E786D6C9591416EC3201045AF62CD
311
1EDB80133511264AECE4045D7547CDC44189C1025CF5F8C5B5ABB6BB7605FABC3FC39F1187F7E191BDA10FC6D91A685E4286B673DAD8BE86295EC913640729BC73F10706995503D630CB2045EFDD34AE52E76C443BABD6695C45150246C8BA47BAD410BA1B0E2A57534C44B8E7A3EAEEAAC79CE60B274534C397B5F3A8226A
311
90AC645B526E0863CF94EF4BB6A7DB1751CCA41493B191B3B5190EAFA83337C61409E4868B62794ED864F40A199D3E69AE063DC84BD5F073DB3664776A38A9F89993E3B1AC4875AADAED8E325AB24B2A92CC5284E8D368D622F310FE6A5F8CBFA24DA3FE67B4C51140D2EF50C53C67298ACF25A473DE89FC00504B03041400
311
060808004868B65C3BEC5C3E06010000B201000008000000636F72652E786D6C8D504B6EC32014BC0A628F0D3876EC081345B57A82AEBAA386382836587CA2F6F685D895DA5D570FCDE7CDF0D8F97399C14339AFADE921293004CA8C566A33F530862B6A213873E6AC0DBF641018B1A81E66187236391BD71D1AAD09CA64D4
311
58A9765078AF0204E39C1E3DF4E34D2DA210312485BF17AB18EF62520529361D67412F3FD6D1291194849C62DA205C234ADF4875C2F4449A7756662567316AB9476999D2F5552B972C94BC56DDD0A0634B0FE850752FE8726C30EA86BAED70452E03AE5999CD9CF9E0D29FF725A967005E3C722E2B378AB30F6BE75D904A49
311
60CDFC0539666526FE948EABFC47696D4245F7859BC3434E52A1279182F305D3789E37CD7C6DFE0D504B010214001400060808004868B65CECD90DCC54030000900800004F000000000000000000000000000000000046344333454444432D394243332D343345332D414130342D3442344436393132313032462F41737365
311
74446174612F446566696E6974696F6E4974657261746F7250726F706572746965732E62696E504B010214001400060808004868B65C5BD5661FDB040000580D00004500000000000000000000000000C103000046344333454444432D394243332D343345332D414130342D3442344436393132313032462F417373657444
311
6174612F496E7374616E636550726F706572746965732E62696E504B010214001400060808004868B65C615CC3277D0C0000780C00007100000000000000000000000000FF08000046344333454444432D394243332D343345332D414130342D3442344436393132313032462F5265736F75726365732F3141344436433243
311
2D333842332D344638432D423236362D3633313433414146443039342F7468756D626E61696C2F302F556E69666965644269746D61705F706E67504B010214001400060808004868B65C615CC3277D0C0000780C00006B000000000000000000000000000B16000046344333454444432D394243332D343345332D41413034
311
2D3442344436393132313032462F5265736F75726365732F36443135344444312D334135312D343831332D384243332D4244463245373338444643312F7468756D626E61696C2F302F42756D704D61705F706E67504B010214001400060808004868B65CB5A795FFE3790000DE7900006B0000000000000000000000000011
311
23000046344333454444432D394243332D343345332D414130342D3442344436393132313032462F5265736F75726365732F42363844323844382D414532422D343836372D414341392D3835323034383731344635412F7468756D626E61696C2F302F67656E657269635F706E67504B010214001400060808004868B65CFD
311
2AC7A5AFBC0000A5BC000078000000000000000000000000007D9D000046344333454444432D394243332D343345332D414130342D3442344436393132313032462F5265736F75726365732F42363844323844382D414532422D343836372D414341392D3835323034383731344635415F506F7374323031352F7468756D62
311
6E61696C2F302F745F507269736D2D3134315F706E67504B010214001400060808004868B65CC9788313BA020000E10900003E00000000000000000000000000C25A010046344333454444432D394243332D343345332D414130342D3442344436393132313032462F536368656D61732F42756D704D6170536368656D612E
311
786D6C504B010214001400060808004868B65C28BB58AF800100009E0500003D00000000000000000000000000D85D010046344333454444432D394243332D343345332D414130342D3442344436393132313032462F536368656D61732F436F6D6D6F6E536368656D612E786D6C504B010214001400060808004868B65C10
311
04A04F380500005C1700003E00000000000000000000000000B35F010046344333454444432D394243332D343345332D414130342D3442344436393132313032462F536368656D61732F47656E65726963536368656D612E786D6C504B010214001400060808004868B65C8A56E75334020000A30600004200000000000000
311
0000000000004765010046344333454444432D394243332D343345332D414130342D3442344436393132313032462F536368656D61732F507269736D436F6D6D6F6E536368656D612E786D6C504B010214001400060808004868B65C8FD2BEADA1020000E30900004200000000000000000000000000DB6701004634433345
311
4444432D394243332D343345332D414130342D3442344436393132313032462F536368656D61732F507269736D4F7061717565536368656D612E786D6C504B010214001400060808004868B65CF702076DC3010000E60400004500000000000000000000000000DC6A010046344333454444432D394243332D343345332D41
311
4130342D3442344436393132313032462F536368656D61732F52656E6465724D6174657269616C536368656D612E786D6C504B010214001400060808004868B65C267B6EF90E020000C30600004300000000000000000000000000026D010046344333454444432D394243332D343345332D414130342D3442344436393132
311
313032462F536368656D61732F546578747572654D61703264536368656D612E786D6C504B010214001400060808004868B65C806C3A5EE0020000DF0B00004400000000000000000000000000716F010046344333454444432D394243332D343345332D414130342D3442344436393132313032462F536368656D61732F55
311
6E69666965644269746D6170536368656D612E786D6C504B010214001400060808004868B65C64A4F3D1360100004F0200004700000000000000000000000000B372010046344333454444432D394243332D343345332D414130342D3442344436393132313032462F4173736574446174612F41737365745461626C654F66
311
436F6E74656E74732E62696E504B010214001400060808004868B65CC55C6636560000006800000041000000000000000000000000004E74010046344333454444432D394243332D343345332D414130342D3442344436393132313032462F4173736574446174612F53747265616D56657273696F6E5461626C65504B0102
311
14001400060808004868B65C38C4F167340100009E04000036000000000000000000000000000375010046344333454444432D394243332D343345332D414130342D3442344436393132313032462F4173736574446174612F636E782E786D6C504B010214001400060808004868B65C2CAC9704ED0000006C010000670000
311
00000000000000000000008B76010046344333454444432D394243332D343345332D414130342D3442344436393132313032462F5265736F75726365732F31413444364332432D333842332D344638432D423236362D3633313433414146443039342F7468756D626E61696C2F302F636E782E786D6C504B01021400140006
311
0808004868B65CA233C2345D000000800000006500000000000000000000000000FD77010046344333454444432D394243332D343345332D414130342D3442344436393132313032462F5265736F75726365732F31413444364332432D333842332D344638432D423236362D3633313433414146443039342F7468756D626E
311
61696C2F636E782E786D6C504B010214001400060808004868B65CBE89762363000000880000005B00000000000000000000000000DD78010046344333454444432D394243332D343345332D414130342D3442344436393132313032462F5265736F75726365732F31413444364332432D333842332D344638432D42323636
311
2D3633313433414146443039342F636E782E786D6C504B010214001400060808004868B65C1FE97DA7E9000000600100006700000000000000000000000000B979010046344333454444432D394243332D343345332D414130342D3442344436393132313032462F5265736F75726365732F36443135344444312D33413531
311
2D343831332D384243332D4244463245373338444643312F7468756D626E61696C2F302F636E782E786D6C504B010214001400060808004868B65CA233C2345D000000800000006500000000000000000000000000277B010046344333454444432D394243332D343345332D414130342D3442344436393132313032462F52
311
65736F75726365732F36443135344444312D334135312D343831332D384243332D4244463245373338444643312F7468756D626E61696C2F636E782E786D6C504B010214001400060808004868B65CBE89762363000000880000005B00000000000000000000000000077C010046344333454444432D394243332D34334533
311
2D414130342D3442344436393132313032462F5265736F75726365732F36443135344444312D334135312D343831332D384243332D4244463245373338444643312F636E782E786D6C504B010214001400060808004868B65C79F7B584E6000000600100006700000000000000000000000000E37C01004634433345444443
311
2D394243332D343345332D414130342D3442344436393132313032462F5265736F75726365732F42363844323844382D414532422D343836372D414341392D3835323034383731344635412F7468756D626E61696C2F302F636E782E786D6C504B010214001400060808004868B65CA233C2345D0000008000000065000000
311
000000000000000000004E7E010046344333454444432D394243332D343345332D414130342D3442344436393132313032462F5265736F75726365732F42363844323844382D414532422D343836372D414341392D3835323034383731344635412F7468756D626E61696C2F636E782E786D6C504B01021400140006080800
311
4868B65CBE89762363000000880000005B000000000000000000000000002E7F010046344333454444432D394243332D343345332D414130342D3442344436393132313032462F5265736F75726365732F42363844323844382D414532422D343836372D414341392D3835323034383731344635412F636E782E786D6C504B
311
010214001400060808004868B65CD4F24B37EC0000006801000070000000000000000000000000000A80010046344333454444432D394243332D343345332D414130342D3442344436393132313032462F5265736F75726365732F42363844323844382D414532422D343836372D414341392D383532303438373134463541
311
5F506F7374323031352F7468756D626E61696C2F302F636E782E786D6C504B010214001400060808004868B65CA233C2345D000000800000006E000000000000000000000000008481010046344333454444432D394243332D343345332D414130342D3442344436393132313032462F5265736F75726365732F4236384432
311
3844382D414532422D343836372D414341392D3835323034383731344635415F506F7374323031352F7468756D626E61696C2F636E782E786D6C504B010214001400060808004868B65CBE897623630000008800000064000000000000000000000000006D82010046344333454444432D394243332D343345332D41413034
311
2D3442344436393132313032462F5265736F75726365732F42363844323844382D414532422D343836372D414341392D3835323034383731344635415F506F7374323031352F636E782E786D6C504B010214001400060808004868B65C775FCD4FC50000005701000036000000000000000000000000005283010046344333
311
454444432D394243332D343345332D414130342D3442344436393132313032462F5265736F75726365732F636E782E786D6C504B010214001400060808004868B65C759FCE3A550100004408000034000000000000000000000000006B84010046344333454444432D394243332D343345332D414130342D34423444363931
311
32313032462F536368656D61732F636E782E786D6C504B010214001400060808004868B65CE3603EBE7A000000C20000002C000000000000000000000000001286010046344333454444432D394243332D343345332D414130342D3442344436393132313032462F636E782E786D6C504B010214001400060808004868B65C
311
E538CBA07E000000A30000000700000000000000000000000000D6860100636E782E786D6C504B010214001400060808004868B65C1E7A0675A4000000320100001300000000000000000000000000798701005B436F6E74656E745F54797065735D2E786D6C504B010214001400060808004868B65C3DEE336E6400000079
311
0000001B000000000000000000000000004E8801006175746F6465736B2D64657369676E2D7061636B6167652E786D6C504B010214001400060808004868B65C7D47B744F8000000960100003700000000000000000000000000EB88010046344333454444432D394243332D343345332D414130342D344234443639313231
311
3032462F4173736574446174612F636F72652E786D6C504B010214001400060808004868B65C91868CD6F30000008E0100006800000000000000000000000000388A010046344333454444432D394243332D343345332D414130342D3442344436393132313032462F5265736F75726365732F31413444364332432D333842
311
332D344638432D423236362D3633313433414146443039342F7468756D626E61696C2F302F636F72652E786D6C504B010214001400060808004868B65C1D898646F9000000960100006600000000000000000000000000B18B010046344333454444432D394243332D343345332D414130342D344234443639313231303246
311
2F5265736F75726365732F31413444364332432D333842332D344638432D423236362D3633313433414146443039342F7468756D626E61696C2F636F72652E786D6C504B010214001400060808004868B65C80B4BA970C010000B10100005C000000000000000000000000002E8D010046344333454444432D394243332D34
311
3345332D414130342D3442344436393132313032462F5265736F75726365732F31413444364332432D333842332D344638432D423236362D3633313433414146443039342F636F72652E786D6C504B010214001400060808004868B65C91868CD6F30000008E0100006800000000000000000000000000B48E010046344333
311
454444432D394243332D343345332D414130342D3442344436393132313032462F5265736F75726365732F36443135344444312D334135312D343831332D384243332D4244463245373338444643312F7468756D626E61696C2F302F636F72652E786D6C504B010214001400060808004868B65C1D898646F9000000960100
311
0066000000000000000000000000002D90010046344333454444432D394243332D343345332D414130342D3442344436393132313032462F5265736F75726365732F36443135344444312D334135312D343831332D384243332D4244463245373338444643312F7468756D626E61696C2F636F72652E786D6C504B01021400
311
1400060808004868B65CAA3155B90C010000B10100005C00000000000000000000000000AA91010046344333454444432D394243332D343345332D414130342D3442344436393132313032462F5265736F75726365732F36443135344444312D334135312D343831332D384243332D4244463245373338444643312F636F72
311
652E786D6C504B010214001400060808004868B65C91868CD6F30000008E01000068000000000000000000000000003093010046344333454444432D394243332D343345332D414130342D3442344436393132313032462F5265736F75726365732F42363844323844382D414532422D343836372D414341392D3835323034
311
383731344635412F7468756D626E61696C2F302F636F72652E786D6C504B010214001400060808004868B65C1D898646F9000000960100006600000000000000000000000000A994010046344333454444432D394243332D343345332D414130342D3442344436393132313032462F5265736F75726365732F423638443238
311
44382D414532422D343836372D414341392D3835323034383731344635412F7468756D626E61696C2F636F72652E786D6C504B010214001400060808004868B65CBCCB77C20D010000B10100005C000000000000000000000000002696010046344333454444432D394243332D343345332D414130342D3442344436393132
311
313032462F5265736F75726365732F42363844323844382D414532422D343836372D414341392D3835323034383731344635412F636F72652E786D6C504B010214001400060808004868B65C91868CD6F30000008E0100007100000000000000000000000000AD97010046344333454444432D394243332D343345332D4141
311
30342D3442344436393132313032462F5265736F75726365732F42363844323844382D414532422D343836372D414341392D3835323034383731344635415F506F7374323031352F7468756D626E61696C2F302F636F72652E786D6C504B010214001400060808004868B65C1D898646F9000000960100006F000000000000
311
000000000000002F99010046344333454444432D394243332D343345332D414130342D3442344436393132313032462F5265736F75726365732F42363844323844382D414532422D343836372D414341392D3835323034383731344635415F506F7374323031352F7468756D626E61696C2F636F72652E786D6C504B010214
311
001400060808004868B65C183DA01115010000BA0100006500000000000000000000000000B59A010046344333454444432D394243332D343345332D414130342D3442344436393132313032462F5265736F75726365732F42363844323844382D414532422D343836372D414341392D3835323034383731344635415F506F
311
7374323031352F636F72652E786D6C504B010214001400060808004868B65CE91BD019F90000009601000037000000000000000000000000004D9C010046344333454444432D394243332D343345332D414130342D3442344436393132313032462F5265736F75726365732F636F72652E786D6C504B010214001400060808
311
004868B65C4ACC92BAF70000009401000035000000000000000000000000009B9D010046344333454444432D394243332D343345332D414130342D3442344436393132313032462F536368656D61732F636F72652E786D6C504B010214001400060808004868B65CFEBE4C3403010000D80100002D00000000000000000000
311
000000E59E010046344333454444432D394243332D343345332D414130342D3442344436393132313032462F636F72652E786D6C504B010214001400060808004868B65C3BEC5C3E06010000B2010000080000000000000000000000000033A00100636F72652E786D6C504B050600000000340034008F1900005FA1010000
311
00
310
504B03041400060808004868B65C000000000000000000000000370000006662782F37433637444337372D414244312D343143382D383645372D4434333239313339313141432F617474726962757465732E62696E504B03041400060808004868B65C000000000000000000000000350000006662782F3743363744433737
310
2D414244312D343143382D383645372D4434333239313339313141432F76657274696365732E62696E504B03041400060808004868B65CF270F1330600000004000000360000006662782F37433637444337372D414244312D343143382D383645372D4434333239313339313141432F747269616E676C65732E62696E6366
310
60600000504B03041400060808004868B65C615CC3277D0C0000780C0000480000006662782F37433637444337372D414244312D343143382D383645372D4434333239313339313141432F7265736F75726365732F322F305F556E69666965644269746D61702E706E6701780C87F389504E470D0A1A0A0000000D49484452
310
00000040000000400802000000250BE689000000097048597300000B1300000B1301009A9C1800000A4F6943435050686F746F73686F70204943432070726F66696C65000078DA9D53675453E9163DF7DEF4424B8880944B6F5215082052428B801491262A2109104A8821A1D91551C1114545041BC8A088038E8E808C1551
310
2C0C8A0AD807E421A28E83A3888ACAFBE17BA36BD6BCF7E6CDFEB5D73EE7ACF39DB3CF07C0080C9648335135800CA9421E11E083C7C4C6E1E42E40810A2470001008B3642173FD230100F87E3C3C2B22C007BE000178D30B0800C04D9BC0301C87FF0FEA42995C01808401C07491384B08801400407A8E42A600404601809D
310
98265300A0040060CB6362E300502D0060277FE6D300809DF8997B01005B94211501A09100201365884400683B00ACCF568A450058300014664BC43900D82D00304957664800B0B700C0CE100BB200080C00305188852900047B0060C8232378008499001446F2573CF12BAE10E72A00007899B23CB9243945815B082D7107
310
57572E1E28CE49172B14366102619A402EC27999193281340FE0F3CC0000A0911511E083F3FD78CE0EAECECE368EB60E5F2DEABF06FF226262E3FEE5CFAB70400000E1747ED1FE2C2FB31A803B06806DFEA225EE04685E0BA075F78B66B20F40B500A0E9DA57F370F87E3C3C45A190B9D9D9E5E4E4D84AC4425B61CA577DFE
310
67C25FC057FD6CF97E3CFCF7F5E0BEE22481325D814704F8E0C2CCF44CA51CCF92098462DCE68F47FCB70BFFFC1DD322C44962B9582A14E35112718E449A8CF332A52289429229C525D2FF64E2DF2CFB033EDF3500B06A3E017B912DA85D6303F64B27105874C0E2F70000F2BB6FC1D4280803806883E1CF77FFEF3FFD47A0
310
2500806649927100005E44242E54CAB33FC708000044A0812AB0411BF4C1182CC0061CC105DCC10BFC6036844224C4C24210420A64801C726029AC82422886CDB01D2A602FD4401D34C051688693700E2EC255B80E3D700FFA61089EC128BC81090441C808136121DA8801628A58238E08179985F821C14804128B2420C988
310
1451224B91354831528A542055481DF23D720239875C46BA913BC8003282FC86BC47319481B2513DD40CB543B9A8371A8446A20BD06474319A8F16A09BD072B41A3D8C36A1E7D0AB680FDA8F3E43C730C0E8180733C46C302EC6C342B1382C099363CBB122AC0CABC61AB056AC03BB89F563CFB17704128145C00936047742
310
20611E4148584C584ED848A8201C243411DA093709038451C2272293A84BB426BA11F9C4186232318758482C23D6128F132F107B8843C437241289433227B9900249B1A454D212D246D26E5223E92CA99B34481A2393C9DA646BB20739942C202BC885E49DE4C3E433E41BE421F25B0A9D624071A4F853E22852CA6A4A19E5
310
10E534E5066598324155A39A52DDA8A15411358F5A42ADA1B652AF5187A81334759A39CD8316494BA5ADA295D31A681768F769AFE874BA11DD951E4E97D057D2CBE947E897E803F4770C0D861583C7886728199B18071867197718AF984CA619D38B19C754303731EB98E7990F996F55582AB62A7C1591CA0A954A9526951B
310
2A2F54A9AAA6AADEAA0B55F355CB548FA95E537DAE46553353E3A909D496AB55AA9D50EB531B5367A93BA887AA67A86F543FA47E59FD890659C34CC34F43A451A0B15FE3BCC6200B6319B3782C216B0DAB86758135C426B1CDD97C762ABB98FD1DBB8B3DAAA9A13943334A3357B352F394663F07E39871F89C744E09E728A7
310
97F37E8ADE14EF29E2291BA6344CB931655C6BAA96979658AB48AB51AB47EBBD36AEEDA79DA6BD45BB59FB810E41C74A275C2747678FCE059DE753D953DDA70AA7164D3D3AF5AE2EAA6BA51BA1BB4477BF6EA7EE989EBE5E809E4C6FA7DE79BDE7FA1C7D2FFD54FD6DFAA7F5470C5806B30C2406DB0CCE183CC535716F3C1D
310
2FC7DBF151435DC34043A561956197E18491B9D13CA3D5468D460F8C69C65CE324E36DC66DC6A326062621264B4DEA4DEE9A524DB9A629A63B4C3B4CC7CDCCCDA2CDD699359B3D31D732E79BE79BD79BDFB7605A785A2CB6A8B6B86549B2E45AA659EEB6BC6E855A3959A558555A5DB346AD9DAD25D6BBADBBA711A7B94E93
310
4EAB9ED667C3B0F1B6C9B6A9B719B0E5D806DBAEB66DB67D6167621767B7C5AEC3EE93BD937DBA7D8DFD3D070D87D90EAB1D5A1D7E73B472143A563ADE9ACE9CEE3F7DC5F496E92F6758CF10CFD833E3B613CB29C4699D539BD347671767B97383F3888B894B82CB2E973E2E9B1BC6DDC8BDE44A74F5715DE17AD2F59D9BB3
310
9BC2EDA8DBAFEE36EE69EE87DC9FCC349F299E593373D0C3C843E051E5D13F0B9F95306BDFAC7E4F434F8167B5E7232F632F9157ADD7B0B7A577AAF761EF173EF63E729FE33EE33C37DE32DE595FCC37C0B7C8B7CB4FC36F9E5F85DF437F23FF64FF7AFFD100A78025016703898141815B02FBF87A7C21BF8E3F3ADB65F6B2
310
D9ED418CA0B94115418F82AD82E5C1AD2168C8EC90AD21F7E798CE91CE690E85507EE8D6D00761E6618BC37E0C2785878557863F8E7088581AD131973577D1DC4373DF44FA449644DE9B67314F39AF2D4A352A3EAA2E6A3CDA37BA34BA3FC62E6659CCD5589D58496C4B1C392E2AAE366E6CBEDFFCEDF387E29DE20BE37B17
310
982FC85D7079A1CEC2F485A716A92E122C3A96404C884E3894F041102AA8168C25F21377258E0A79C21DC267222FD136D188D8435C2A1E4EF2482A4D7A92EC91BC357924C533A52CE5B98427A990BC4C0D4CDD9B3A9E169A76206D323D3ABD31839291907142AA214D93B667EA67E66676CBAC6585B2FEC56E8BB72F1E9507
310
C96BB390AC05592D0AB642A6E8545A28D72A07B267655766BFCD89CA3996AB9E2BCDEDCCB3CADB90379CEF9FFFED12C212E192B6A5864B572D1D58E6BDAC6A39B23C7179DB0AE315052B865606AC3CB88AB62A6DD54FABED5797AE7EBD267A4D6B815EC1CA82C1B5016BEB0B550AE5857DEBDCD7ED5D4F582F59DFB561FA86
310
9D1B3E15898AAE14DB1797157FD828DC78E51B876FCABF99DC94B4A9ABC4B964CF66D266E9E6DE2D9E5B0E96AA97E6970E6E0DD9DAB40DDF56B4EDF5F645DB2F97CD28DBBB83B643B9A3BF3CB8BC65A7C9CECD3B3F54A454F454FA5436EED2DDB561D7F86ED1EE1B7BBCF634ECD5DB5BBCF7FD3EC9BEDB5501554DD566D565
310
FB49FBB3F73FAE89AAE9F896FB6D5DAD4E6D71EDC703D203FD07230EB6D7B9D4D51DD23D54528FD62BEB470EC71FBEFE9DEF772D0D360D558D9CC6E223704479E4E9F709DFF71E0D3ADA768C7BACE107D31F761D671D2F6A429AF29A469B539AFB5B625BBA4FCC3ED1D6EADE7AFC47DB1F0F9C343C59794AF354C969DAE982
310
D39367F2CF8C9D959D7D7E2EF9DC60DBA2B67BE763CEDF6A0F6FEFBA1074E1D245FF8BE73BBC3BCE5CF2B874F2B2DBE51357B8579AAF3A5F6DEA74EA3CFE93D34FC7BB9CBB9AAEB95C6BB9EE7ABDB57B66F7E91B9E37CEDDF4BD79F116FFD6D59E393DDDBDF37A6FF7C5F7F5DF16DD7E7227FDCECBBBD97727EEADBC4FBC5F
310
F440ED41D943DD87D53F5BFEDCD8EFDC7F6AC077A0F3D1DC47F7068583CFFE91F58F0F43058F998FCB860D86EB9E383E3939E23F72FDE9FCA743CF64CF269E17FEA2FECBAE17162F7EF8D5EBD7CED198D1A197F29793BF6D7CA5FDEAC0EB19AFDBC6C2C61EBEC97833315EF456FBEDC177DC771DEFA3DF0F4FE47C207F28FF
310
68F9B1F553D0A7FB93199393FF040398F3FC63332DDB0000000467414D410000B18E7CFB5193000000206348524D00007A25000080830000F9FF000080E9000075300000EA6000003A980000176F925FC546000001934944415478DAEC955D9583301085C33A4825C4C258A012A804905024800422A19540253416B01009DD
310
877B764E0A6996435FEFF704C39CCCDCF909C6104208218410420821841042C821EABA7EE5B85EAF7068DB1696799E8D31D334BD3E0087D462ADC521CFE7538D755D67A34FD3942636CF73212BF05310360C43DBB6DF57C71863AD1591AC43D334E9B30A2E64956A7813B02C4B5555555579EF61C946EDBA0E6E7DDFC3E2BD
310
87E57C3EAB5B8C514F800C5852ACB510804FFA9A8DA8E1D206FE94E586100ED7FEF1786830C88065557E947C1CC76D433E9116E24D80730E7386C9E9FB5E5B718010428C5144ACB590B12D87A6EBBDBFDFEF10EC9C5BB961EB8661484BB36B07F6D4A300726A9A46449665590970CEA9B018A37E2D048D31765D979635BF03
310
3ACAAB6BE1D814617E20265B7E11490BBCBD3974EB4EA7D36A28F21DD0ABE0DF3B618F002454989F15DA993DE477E076BB6DA7ED00E960AC8E121174268450FDA1F7CCFED12DEDC0388E97CBE5CBFF00F2C69467CB9F0AD3E73D3F0442082184104208218410420839CCEF0093FA2B2C77C209510000000049454E44AE4260
310
82504B03041400060808004868B65CB5A795FFE3790000DE790000420000006662782F37433637444337372D414244312D343143382D383645372D4434333239313339313141432F7265736F75726365732F362F305F67656E657269632E706E6701DE79218689504E470D0A1A0A0000000D49484452000001000000010008
310
030000006BAC58540000000467414D410000B18F0BFC6105000000017352474200AECE1CE900000192504C5445818181B3B3B35A5A5A4848486060605C5C5C6464648383835E5E5E6262624E4E4EAFAFAF4A4A4AB5B5B54C4C4CB1B1B1858585B7B7B7585858ADADAD7C7C7C464646787878ABABAB747474A7A7A768686870
310
7070B9B9B96E6E6E6A6A6A8B8B8B666666545454565656A5A5A5505050A1A1A1BBBBBB8F8F8F9F9F9F4242425252527676764040403E3E3E9B9B9B7A7A7A8989897E7E7E9393939797974444448787873C3C3C727272BDBDBD3A3A3A6C6C6CA9A9A9A3A3A32020209D9D9DBFBFBF8D8D8D9595959191912626269999992222
310
222424241E1E1EC1C1C1282828C3C3C32C2C2C2A2A2A2E2E2E303030C5C5C53232321C1C1C363636383838343434C7C7C71A1A1A0E0E0E121212484A484C4E4C1616160A0A0A4A4C4A787A781414147C7E7C9193915E605E464846838583878987B1B3B18587856668665A5C5A626462818381A7A7A5A3A3A1B1B1AFADAFAD
310
7072705C5E5C9D9D9BABADAB7E817EB7B9B7585A58BBBDBB4C4C4A8D8F8D747674B5B5B3B7B7B59FA19F606260ABABA9A5A5A39B9B99A9A9A78F8F8D6C6C6AC7C7C5451AD12700002000494441547801DCBD89771BD7B5A70B8EE04C702641712605CE034890E220088028C93245451215B713AF388E7DFD9EEDB8DDCE6ABF
310
F4B57D97137BE50FEFEFDBA74049B6AEED74869B7E87404D2814EBB7F76F0F67A8835CEEBFA0E42B854AA5B2BB5B6BCC951A8D52A93657A914FE0BEEE39FFE2FF395B9B9C6CAD2D4C4606F4B7FFF8D1B37EEDCB97587F7CD9B4343BD134BABE7DB48E3FFA7A228ECD6F6574E4786C0FC8B5FFCE2CD5FFCE297BF7CF3CD5FFC
310
92B52FFE58BFF9E69B776E0EF5F79E55CBBBF9FC3F5D3DFFB07F5898ABAF7CDA3B74E74EC0CE20230561BF096E97E05712BFFCC59BC80539DCE83DDD6E54FE61B7747DE17FB8980BBBFB2BBD4337DF487881AAE6C5ACC6AF25207877B2B527BFF1CB3B77FA47561ABBD7F7FA7FE146A5B6BD74E3164C7F51449AE95DB41220
310
0EC539418717E7F2F11B376FF62E95FEAF1442BED0581DBCA1BD2780D23F506AFA16E1A7AD974EF17876F00DD7BCB187A1A97AE51FCED5BF2BC1F2BBE5B3C19BE27B43CF26DE00933658FE129B109C2FFF922CC22C4260FA01BEFB462A77DEBC35F42F600C3F5B0795D2E9E02DAD5E650B4438A92801B65C35CBAB7B1EE504
310
1CE69D3B6F1822DFB873EBD6AD3B6FBC71EBC6C86AE967DFC2DFA4CEBFF1BF54F6276EBC114E2F43FEC60B01A0D440A868B2920E5C4BC10D60931ADCB871F3268B21D3851B08E1D6AD9BFD4BF57F7577909FAB86F29B982571136AF01DF5FE32AC3BD9406CAAF2440A54CF176EDD01FBADA1FEFEFE21FE4C9858DFF4183458
310
A9FD2B6708A5A5A137E0EE1D11A9EC0C7C58B2C73C0AD6B479BD76B7790CF899E287FA5B06FB7B07C9195B7851FA8794031EF1FC5F9406BBFB23375420286399B631E93B08022A785C4DBF9996EC3551874094D71B6F487E80F6837E50F483BDBDBD83232323AC420A18C68DA196EDDADF68A77F938F78FD972BABBDB7B87F
310
B164AC6FC2CB760365821ACB74AED44FFAD7E7431ECD7E08AC421F391D199998989A383D9D98E8E56F84A318C58D9BFD2DAB73FF5222C8EFAEF4DE7AF30D756E5108683DA471E70D0502099A7240F19E4089D3FD203E620F1B47BF43501E85031AE44B4B9F2E4D2D9D4D51D8970983FA861B3706FF950CA170DE82F6B312CC
310
4F42C8966295F7D725ED29882415DC055F36DEA1FE96FEC141493F05FAA9A9A5A595B333DED5B3D5A533F62183323032F46EFF13EA0AAFA5FBF7C8976F8C10F7280A014832593B90004D52341980D907EAEB73411EB2F1EBC9F507F92746C40E7AE0AFAE54292BAB2BAB67CAE0746264A277B06508168C94BF772BE9765F7B
310
F0B548FE1E07F3B5A521340A5CB5297C4B12811B89E82191ECF3E41B3259C529F135E23CF4C7F961FB13537F5A02ECCAEA76B5BA5D3D3FDF3F2FEFEFB3AA22053E5008833428DC6C59FA2F770595F311F235D427F379BB8A121BD901B96076A388DC4C3C61C7933CCCD770FF375A6E0CE9F535FE2534BF5ADD3E3FAFD71BF5
310
7AA951B6D4CFEBFB8864758A26154430080B06ABFF557610ECC93726224F155D1471041E0D42F82F4891C926C1355B0831649FF365F46FF05300A7A790BD8ADEEB0D4AA9569A9BDBADCCD56AA55AE377F5F3F3EA2A34983A1DE91D810543138D7F28E57FF4E2B5335A3928B76EA1CB9B00BF158C8F63A2E788826896D0B5E7
310
C461949ECE089144F8EBEFC7FB4D8C9C4E9DAD60F7FBE572B416C2F2423ECF8B86C439E450DA970634ACFDA977629098D0B2FAF313A36B3869E37AF7853378CDA1171FBEBA95DF1E44FD5144A420588641B0055A79ED91CC0DC41E27064512FB33F1F04D09D0D2DF0203A646A6CECE80DF28356A348CED8C4F1EF137B9319E
310
1BCD29867CA556AA97F7B757567006A447FD375A26CAAFDED9CFDCFB2BB0BEEE8AA5911BC2C7F85DF88A3775389990AA72219D582409210F85A4E66F2987D875C30848023088FDF77E87F96FD7CBA5B9DCCEF4F4C9FC7C676777577B7B7B67E7ECCCE4E8DEE85E81A6D55AA3BC7FBEB242589CE8ED4770E785D7DDE23FF258
310
7EBF57F50B9E820527316488E5C32D50F979BCA58207297E2B6D658702FFCD211840FE43FC9F3A5BAD9E97E6F21B9FCF16BBBB3A3A5A175B5B1787875B5B3B86DFEFFC687A72674F19D46A8DFDF3EACA59E405375ACE76FFA922C817CE86A89BDD92F400F2C55B7462F610459837D3A61ACF50C7471C8F2F2A9D38C3DA2F06
310
8007F80EFCDBFBE5DCC674B1D83EBCBEB8BCBCBC3ED0D3D333D0B3DE33BCBEB0D8DA35FBF9F8CECE68AE020BCE61C112A4C1138CD47F9AD13F7DC6AB9CF9CFCFAF9D0E01FFE6CD503F5B91C5218E2899CA15098714848B04FCE5654884ABF0E554F11F6C21D73D5D5AADD64B7B9327DDAD8B0B7D7D6D6D07070763BC0F3E38
310
E8EB4310EBEB8BC3DDB347E3E37B5842B97C4E44A0C630427E5CFDFB71E03F471E12CA9FF70E055AE141042DD81234B879EB4606361D9328149037D7D76A571A7E974FA20AD0323832713AB5BA7ABE3B3E3D3FBC30307070B0B9B645D93C3CDC3CDCA41CFC6AAC2D64D0D579B4B1B397A7C1BDBEBD7D36657A3CD4B2F44F49
310
09F2B9CA597F4245C59DEC354316F0587020D0C661742BC02869435FD12CF195C422DB3C5A3E2305C000CE6B7B27ED8B7D63079B5B5B878787C787C7C7C757C76C51B60ED60EDAFA06D67B965B3B672677080BB5329E60E9B477847AE2E9EB53E35779FD37EFCD2D0DDD68AA355B6B0D81860502B8B68C801F5C697E9AD62F
310
4B406244CB975560BAC756AAA577675B07C6D03778C17E7C95CAF1B3ABABE3E3ADADE3CDB1B1B6B681014470343EBA979F8B90383545727C63E43549D14FD0F927E5F1FDEFD7263058FE02EBCD1BDCBCA053496BD58E69BC44F9F854D4D979AE9ADB908824382AC1D4014E9756EAF9CE85B6B54DB01F02F8EA5908E0D9D5F1
310
B3E72188C3C3AB67879B07C8A0A767B8B831FE5E7EB754DEAE5261460243FFF07858D8EF0D658BDC563A2C5EF5833C13C90B69248C4DD97842B61DFA7F210A2F6108A0F96B62E2D3B3F3DD939EA47E30ABF5AB2B903F4BE5F9B36757CF65021E616DAC6F60A1FB647274B4B05B2E5341B082D43278F67D8DFDA48AFF9A13F2
310
2B34C7586C9992BA6E66CABC190E313E7C811AA57304B421A75B289B9D174CC868C24548823E230B9A5A2DCD2CAFE1F98E61C015CA7E96B083FC59F3ED06EE60F360B3AD6F79787ED278D0A86FAFE00BA9220EAEFE1D5DE1F7855939C3FCC1332426B377F692406E022C010DB437EF009803F0DCFD3B7C94440571D8F2C328
310
F115F47FD324802070BAB43FBA80EFDB92FCA1F7E7CF9FA875CBB327CF9EB08C4DE4815BC4210E2CB7CF1CEDECEDCED5B757490968286899FAF95583BF46F9393CEE6A86D6F618CAAD9BFF0BE22B042412C5CFB50556815CC5BBE33E9F61ECEC26A9BCB8145FD10590078F9C9E953B513FAE1FE387FAC246E14F9E3CE7F5F8
310
194BD6594140876B6B84C5D6799C61A16434201E5237582AFD75C07EEED9863F463284E2E13425A036BD41061259289B6BDC1ED656FC8B8592C9D00701E27CEA749F0D8EF44EAD8C1F80FFF8F8F9D513191F6803384C800097F24069C407CFAE88136B7DCB3D5D4A60B711F19070D83235F77331FD35E715966889038E2E0B
310
346EAB7936C4162043E1A1F144093695443A570144898BC4079CEF1912809A3035A1D3F361235F90FFF1E3E0FB93C7E2750719F88E7D8E68123883ADB5B18185AE99F1D11C1238A792DC4BEDE8EC6FF503DF377E0445F68FAF4E08D43082D02170F30131A154206CC559A8D9CFDD762B31273E4947A581E0D9BB71E33FFA07
310
CD02CE2A6BE1EC80167497F2A81CFA3F7EFE58D0CF5D5D170DE4F89070B0BC4040CC17BEAC6B0586C3D3FF0309BC06F44B04A1E13729929B4DF73C44070692C810B08AC3012E8EE9EAE22067796288C193B2139B970B86F47FAD0F98382B1E035D9C32FD318A4FAFCB274F2E1FA772F94411B0CD42493C23393A685B5FEF3E
310
1ACF554AF5F3552A478383374E6B2FDDFC4F6DFE38F4F4ED7A7FE838F488EA852482F412D3CB07E293D02C9F074F12E84C5AAC423271450572A385449844706475FD38DC3C22486A0639E5F1E38B0CFE93CB4B25910EF309A2224BD8DAD40C682C28341AD69047E8539A6AFC14EC573F7FAD10AE0FE6EB13E87B28E093B513
310
B5803514DE408809BC12A14876DE0A25F643009E9176D9F0C330164285A7444DC8CAF0E9FE41429EE0A2F6A6DE91C0856C501272404A8468822E24C807030B1D33D40D4AFBDBABB411D093D88C86D7205E05FC57EDD1F805FA4CED5920F0CED39157E007CE21757C5DE440ECBCB46CD283E378029B43FB077B4F47E60E9F61
310
E8D01BE017D7E843EB49F50A2028F1E442FCC90C9EE308E4C0C2C94EAE30B75FAD3A0EAFA57FE9EF960F14BE15638840EAF3BA490BB6850EDB38EECAFD21A0C746D0C4234DBD035EFC7EDD121FA585FAB73DB89FE6A03CF833AB0730E5E2F1A36CE3F202A128934B44E396961121E1F2C9F32BFCC0C140CFE22C1CA8E109B1
310
82919696BFB98120234F61B59F7BF46EC30CF067B21A33B0FB3E402448EE266CCD93135A8E823DB31F85E677434E608F53F8100BC0098EA2FD6BC01770E0F2F2D1E5452A711C4BB8486248FAD756D852026B6DC90A2AA5C6B69E9068B8F27AFABFFEE8AB36F1D23985D5960014FD711940800B560250D2272CC54FF1D3A660
310
B275AC3881E349689C1616E1E9044129D032313509DE4700BC867C71F128C400159407C761022BA8A040F40A244788808C60B3AD67A17576279F6F946923191921B0545FC2F12AC0EFEFBD7262B6935679FC7F80629160ABFAEC88E8430E76D82A8DE62ACE50BD4A42FBF03B387B37FD321B37E31C3F063D99703F5160E6C9
310
E5A300CF32A91E0A085A29C0FC507F6C21012303C6104B82C1F1E156DB3229D1A855A32A8352C9077AF733A0AFE0FB3EF81FDF2F0F82C21B0EB06998866878B103305E31EC17F4FD43831E570A2118D1667632D4FFFFB125782F96168A833DBE78C3F11F8383A79D49F58F1E3DBC780417AE6581381E8610604888E2913E12
310
492881274822C221AD04CB0B1D273B8542837460898C686864FF6F801E8269F40AD0481DFAF5E6E9C1F3BE391C325004DF0746A4E4448F7B52C0D5EAD39EC46896B888C4210D68E99DFA2820DF7FF850EC407EB55C3EBC5028611409BFCB8889C90F1C52355AEF98B18100094C9D0EF6F64FD47E5CBF3FF5293DDFB4B50DDD
310
54F351446FA1F14580DC3902C085F593CB24ACC917B213BBC11B3F0A61042FD8B24F4FB9C4556D0CB9E1A880DE89934CE9607F18F81FDD950DD0E1D143F41D56110E227C250621FF098838042BC85B5B6BCBCBC31DD37B34966E9FFD9936A2FEFEA9EBA4182E5CD3E17AE35501FCE0707E5525A7DBC64DFD077825BE37CE0B
310
BE1BBEC061410C660B6E49912665E2B3749C7C9F93834022F74CDE6CA5EB501D9CBC04B768292C5CCB84478F3CA83074092C6082169015E5800D5839DC6C1B58EFE83ECA513BDE3EFB8EF1242D2D4B3FD55AFE03D42F8492AF8A3F21444FA2FA9ABBF525EAF84C09F0168527B0138A85D1EC0443C467B28BF844EAF76323BE
310
13D7C11F72FED783837B970FEFDE7D7817E077C17EF7E2A1C2C0FE851FE4C008388C15E818958746129E1009D054B67530D6B3D8DA3D59D82D9D57CF70039FF50FFE0DE94089DB269C3655A4F25B38C49D0BD48E59F1526887C18FC5272197F85CA72862A593A4843CD25F920487DDF7AA0441A2C0600D062001F103FCEEA3
310
D8560CEC3EBACB01CAE5A51E420349F602191E5F901893142381351CE17047E764BE50DEAF9E4D8C38B6ECFFACEB141E54A6865A88A60133EE9CBB4C256930B0B168C1C3AB59FE1743FB422C7166082E934AFA5EFA3E4BCE0B69362FA7041818B7FDECE1DDFB4D022007CA23E521F0700AAEB5888BBBF08023E128B4045381
310
542FA256B0D04E28A0C3804E233A1BFB476A2F48FD135BAF9843BEDA3264EB42BA499601F16B566E72C7EA35908ABCB9176BBED43204C696AFD3D7B24B08D3AFA44BE243D88A6D9D0B6562B52F741E1610C0EFBBAF2B0829289A640EC4C8A4FF66A24430786CEBE1E1E61AF9507BFB496EAEB64F8F49B4129EBDEC065EC1F8
310
A3F228A3CD0950883B41BEC6D1944AE06147289600A7726313AC69A3F91197F1438BCB743E76F01F6EF1D1C854071670FFFE43FF1EDED702EE5A14C85D0C42DF90B86068800659AC88981855E3E774A71C0CAC2F76754EE7CC87C808D1E1E0F6CF47FD4224731337BE1E39C5010823EE997B1491BBD99FC8D8EF77482BEB5E
310
B2CF66499A8E0F7511B19B3EFBDACB6507BC78731B1B383D02FFDD7BE8DD9256F7D0BA7B46015941097B80018F700FFA024CC08078F51806100ADBFA163ABA8A3B95B9D2F92AC30BC908ED31FABE0CBEBFFF0279B675868F9AA24E9530B08C174055B7F48E4F58002F3E82F0BDFA003E8B431EB6C4A91E4D9B5FFB791265BA
310
8827BBE5F1BCFA7F789F72F75EC800F8AE43FFAEC42F13009FB905A9A0132015D0068ED7682AC608BA6771038DEDB3B33082891FAB1ABF5614F93238079726B833958796B845B731FCB86316713C1DC581B1E19B424EE32674093F80776F7E27C6FBFAC85C536CD955B96EDA2A3FBF770FF4BE11845470EB3E42D022000E0F
310
E07D161811020742162444668308801E133A4C163BE68F6826A5523071CA78B2FED51F28F8C70FE4190073A3E5D3259D7A288CD19BDE623F10021BAB0C6E327FD507B2741627727EA00D31856492F9F009D7F152D930704E642795C1C1B336E0DEBB7F0FDCB79318543B25341F36802D64A981A690B94259607DE0B19D466B
310
F8C1C5E1CEF9A3FC5C639FD6117B4BAEAB453F8EFBDA500A67E8BAF76C8A06566E36EE1184E8329419161F83D843D5DE7D8221163E145F56921C3EE383978072129E290A9B7166E63D26BAB1FCDBF710009E4051842390031845F20077CD079407C575F20364C4910ED2A574BC357630B0BCD8DE39335EB175646A698458F6
310
A346F003A93002E846FFE0C459B8006E506D79BF902908A0AA05CB5E73530E33BA1D3C2EF99C712B7C8B41DF4D2A7830BE8707485FCFAEEB85A09AB6D39BBF7B4F23E00509C20DB04E240822A4B810E04D8D53D10D504C059ED86BB8697F514777717A8F8144D48A4C89077F7EDB00E2D89DC02A7B975640A282C49A4AA84B
310
70B12BFED8EA6584860DFB7EE23FCB00C6BAF7332FF259FA3C9346508813E372F1DDE425065BB61FDF8300F7EEDDBE8D0C6EDF46F7D8823478590AE23759D60DA6B7A9F125EDE8F4A5D2B37470D0B63C30DCDE3D3D59A8D1501EB1B0A5377517BDD6E301F995E3F955F0F58FAC2E81CE172A8344AC03DC6781939D2484B8FF
310
C15E8F3ACCD3954CE19576B942D0A029188EC7013FE59AE90B71292DE774F1F63D60230180B30A2EDC65291B6211B4081128856001A680015CE000708254891851D4B3BED0FA4D7166B466BFF1D2A924885AD12B387FC0FCE6819AC3AE06A7AA4B715F0927B74D119D4A668FB54B8A8C268D8B038A207D10A7B1E95E42195B
310
695BE0240F7408B311257C23F581E987C180140C584A02B1670CB817CEC0A080F259F1360E58452013200E3EC107AC1DF4FD7B0F6D23F33347F9527D9F51E6138E31AF35F1BDAAEEEBA3D71BB402E2FB47CECEE96B4DB85536772B07C82A34F3E66D0BCEC207FEB9E70643761276F7B50D5EE963CFF80C7AF4A2130F5BF8C4
310
EBFB5F07B709840480DBD8007FB7EF3F90104908BA457D43AA2A6A02C91422285E5AAC143F3313A0CB74D9D164933B86C25587134E8D342B453FC982860D09FD13ABE72055ED020E85D3E312F74C25CB0293D978A1C4001927C80B86FD06349126EC219F0C735C8053D8F5F310817EA01F1B7851F406144C211C6362C27DD5
310
1F1E310C0102280ADB891E9B085CC528A2B1369A46BA195B9A2B351862CE43174BA73FB7CBB430A5798F4C54B7333B96C3224A9863AD02B9FBD8E63092191924E77C199D92887DA594B6DCF0112857162FD0949FE6A441F5E62E42FB2105BC405A2301A3424601DC807912CB2C39C604A27908021CDA30C4C8C2019A883B3A
310
8BD393BB3546136EAF561980FB63E9E035FF73B96D09A905ACB2C11D79571C5159026227DDBDB81396EB03F14100BEB66DE1FA9EF82C3ECCBE318119C4269FD014E66361FC8BB0B4EA9A98EF3D8848A01360430284335004C183CC25BCA82D2302EB03B8419241C64DF4F5ADAF77B533BE786334BFCBB8DA72BDBEFFC36103
310
AFB30608A0B39B58D93F0BF42180841DD26BDC22CF0A770E90240006BAC65197D90920131C7B2EB3CFD3C71C6378A305EE8488FC1FF8D391E2BDDB0F6E3F45E7C8207C419800DB410073A3173942CA8D5242642A74496FF115832A6314D9FA4257577BF7FCF8F8E8CEE8DEDE5EBE76DD3CF892BA7FB8B90F629431B5525E92
310
A15A3A4A6FEA3FDD73136172060959206591F4C927196CF645AA285CF3014630121754261C0D31E1A7E3DA2DBDB54B04703BDE3A4209F02045C4BB0F529A14BED07098A2A1CD47513DA64B512F409BC01663090796D787173B5AA141B1B39BB470EEBCF1E30F9D263ACC4D05110797CEF7B923B027F089F74D1D06F0A4D8C0
310
CDA6604023FCA45B76C5CDE0BF3845ECBE13E0C0ED73700A8A753C1AC8AEFFF1B407FC8A20F42F0D94019121DE304077A027D4112283BB8FF0072444D68AAD111D6F591BC0061854BBC048EBBE9E81F6A33A95C21BFD13AF3C7E7DCDFFEB0DE8903F77B41DF178E99C289895B0EA8CD640549D68935BA7C5294E0A1D66DA0C
310
C419BD398E6265789CA1241441AC94532A3C19C95340BEFC68703077EFC1D307B71F3C500859C11494838E902203A2BE90EACC5135B80B078804340C920C2300BCC06F7A1C71B875DC572C9BD1D84BD5FB9363CA6BA7D03E5C40FDFC54FC23C9B4B9DDD028787D89219038523BF64E638BB37CC25335937A00DFD32869C5B3
310
90C8C32FF25C8C47A7181B4A599A224A9DADB0E0406FEFF9F183B7448F081E3C55024FB33828784AB61704482CD0160C04174F9E33BA9291D58C2F1F1B1B3B5863B0D9F3E51C35C253D54A23E560E2C0CB3A6F7A81382601C2079CAE96B7B1560D20A341E85A928A4E01083256420576C2ED477E2E565FD9223BCC691CF394
310
D3D8E281501E0EE5C1C8159E92585D255CF30CC854C75318006EA4A01028EC853F9407C6053910BE105348324002260254886C156260F9189EE0F8C9A3CBAE9D5A992184568A69D5183A7DB97DB089FDC57AEE54F858FE54F577DBA85309640290F2D220952620750C5811FB772A7876D1E4040FBFC6474D51246D8B3FB378
310
283FB514F8AB3C20B8BF7DBE5DE541C9A5D3D38DDB30E00151E02523081BC89C2214103E0BC1B3D0199A08E002681A2613A2616CEDF0F0F9C5DDC75DA395C25C0309C03DEC8091A4AFD3FEB504AAC6633930556DAC86EE3561941E862C4A75DD6B6BB3A0C59BE153DFA73EDFCBC3CE2188D3D378FC976D0EF9A95B7C8532F5
310
27CE3CF539581E0FE501291E9139FFB65EFF5DBD8E0C18DE3077170A64E033FD278F18068028802F156C3809FDEB11B1019C208D020C9BA2870457F0F8E1FDC7EDD393E3B9FC9C4308E9315704233F960E554802C14716B0B45DAB5EAB5E25AB7830EBB8D25E6CA94E4AA01794FB1EE164FE9F040FE82C940A4BCEF913075D
310
087E85A7237D3CF29C47E4E676777779528C4781761F0BFBC1D3A77880E40C9A2E5109180D5255317890394229F0F082010354082D574F1E3FBAB7D6553C2113DACB97BEB5526C7C6F69F9310A94C46CD89FF8F379AD1AA035FD00FF3F320180F01417A6F255A3A8D86319FE0C0B0E06A0DCD33F79841339C01E5BBE1911AF
310
CFF7C1E0A540BFBDBFCF2372352686D863F83F59CB6865F43104007EE06F52406F680341102048A01BB048823082CBCB0B6AC48C313F3E7CFEF8F2D1FDC3D6F6F9F9D9E98D9D7CAE5EADE2A6512FAD7AB526E17F600C85550DDE9ACFE9D97E694513103BC69F8A2813176032C890C1E9C49FC09C61670FF8705B1D7386260E
310
7C8E7122C7F8208A55139E8C8D4763F7EBF5728DF9C34677364E3A3F9AEFDEC9CD95470788834F9FBEC512379890B38C94205B2557987C4186DF5C0837608DF0F9F3CB87B7EF6E920475752A01460E556919B2B64296FB9FB70DD5F47232A0F77465BF140CD001F00ADCA175090E2665A14E6329B62660E02A1CB50C6025E3
310
DA252A670B3F0FFAA5EAD94A509FE7036B159E0D1D9F2E76B7AE1FD5A606198D3A747AF450023CBDFD162278B9446688111009B4029B0F2180AE20A542D40610C073B47FEFE1416B2B12200F3C991C2F54EC2491027A816B0A34A9D05C6F437AC23462385DADD75642EDDA738AF1600DBE07EE8437804D2D011A94DF71C208
310
5EDD40266A407FFA1D1C00B0C03927E60338E3B9D8C47D1F8CAED578E06F7CFAA4BB63B175FA7C301B747CB377F45192003CB8FD34B12009224543D8604494011A80C1903CE0518C986208E1C5FDDB8FDA161686873BBABABAE74FA637BEA894A44078C19696F326E057D7F95D061A6B0394A9D5F2DCAAFE4C2388D8A6E9AB
310
7695CB0BDD0A332430F1A9333DA41D1FFB97FA09AE84E738C75C407C260408F8DBD5EDED7DE1570A7BE333C54F16963B46AB0C2B71208EA3D16EF4EEDCD7005241166C005A73C03164792151205C007288AE337B4D7103741BDE7B7AC913350B348B2D767515674EC6F72A0402BBCB41C81305AFCF05F2758D3ECAC8D26AB9
310
7606DB9581A4B7A8FFB068CD5C0604E6849046B70C2B60FF0CDDF93C13822B4E82FA0479A68220E66D9FD775FB3C1A9CDBDB9829B6AF2F77EC9E0678FB20ED8D1B1A1A39D10F9812E20D6281F5673121AACAA9C53424000DAC173F7E18C3052EEE3E78E7F1160F5AAEAFB70E0F7775CFCE4EF384DDEEBEB9C0889D5243BDF5
310
57559FEDE5F17AB21E118C4C31A3DF6A96B56AC62180293910ECD6B721047664BCFCC6B2DD3C65CA0F0C823DFEF84083C7ECCDF05898EEF158F4FEF97EB9C123F1B9D1D1A3D9F9AEC5F5CEDA84A3C96C14A55584D62893D6A54D8D2028D05C8B1F124884543F3223B29D208B04910D3FC43F5C52196AEB5B5F5E58E8E82610
310
F08C21BD443801233C0CE8BD1E40F84A1CA86001990048031ABBAB11EF83F9283EA89F181F2A0D9A9F62D94B7F625FD727E6A93F63F200F614F7CF100D4511C07DB45FC5F0CB4CA359ABE4774631FDAE85E599EA0878A3C33D5AD6430CF4C055EE5FDB80629000D7855DED3F436F3B61B3DC7FFACEFD2B1BC6FB0696312CFA
310
477CE87A87070C7998E04FBA78AE3F915A065E819FCF35B410321D9ABB308146A11AD5196CDDD7C477A171C8AFC74B45CBC6F641AB53C8D4ADA5870C02379BC0470CF83DB55F073E29CF5CE5F7A3F8FD62EB7AEB1774C2C6780B9523F9287193FD23DDB79FBEA513B45200E2E0C1B51350163AC19043C600F2C1DBF7DEBA7B
310
B9B5457BC0D840CF325EB0BBABBB786D301437000020004944415472B491ABCCEDAFC0591201CAC8EBFACBF367FE7B6E40E69F551BBBE7123E3C00AC560CE20C62436E8C3C54CC225EE08C0D74CE26148877689EDD004FB2BFBFFFBB984035373A7954EC5EE8591FE531348654514DB1D1C56411DFA2A7C212BE5ED91278F2
310
851A432244C6822C29C85A8B320ADCBDFDD63BF71FD32648E7D098CD018BC35D7FE89E250EF2AC75F96C15271602687965C844B8807C6E7729D93F22E81D39ABD62A0820C1FE9F11CFA7208125D33E96FD69E83AF6052DD32D49FF0802CD9F9DFD39260389A950887A647CCC99BAB17132DFB5DED35138FB3A060F6295AA5E
310
195BF0BB56495A5A4A8FA440026E46A047D40ED2520A441C302D240F201FB8F7E0EDDB0E12A04D8816215A0579E8FE1B1281E9F19C9900DE79842E2A7CCD48E9876EB01C75DBA0E0C8D44AB5512947A00BE7CF5DE9E1A6A6BE43CF1A78783DFD5A404E4477336C1ED8B18908B2A847B2AFE9839E891137A6673BBB96FBBA2A
310
4B8E9373B001F08369BA11BE8ABC4302FD2345FD6014A127068427D007BE28B41D9B0D40FFB7EE531FA673C8870A69135B1CEEE8D009C08042A5B4EDA314920B635BF941E7487E45256439DFE9D276295F87E698389CD49FB394FE19720412DEDDC40E9CE9C6DD605E0B719FADC416CB15AB3A61F9B5B9B9426E54F81D8B03
310
DD950946D432B40CEDAB7BB5AF11213CBA73C9BCCCDAFBCF06127C7980FE6D1DC9B4DF14832D6568FEAEEBA76FBF438300B541064ED33F3AC0B0D10505306FD370AED02859234402F6C3FED006766DDED2034D90D119057225EEE3DAF787EBF30EC51ACB4F551678BD6728E1944730C095F13E4D81A4DFFBF67C5BEE37E62A
310
85FCCEC6CC6C7BC77A5B477E22223ECA4FCC0F87E2A5E3EB782BDB25B8CFC6736A044DE5A7CDA604526361D650484FE283B77EFBD65D52C1C73C4F48E7D0D81ACF572F2E2280F98FB230508FA906B42DE240ED651B301CEC83DE1790C9FD96B6CBF986BECF3BD332C18EF627A0B6EECD5B152E02088D03D828AFFAD26B05BF
310
671B4F9A09A8CE0CD2707F67F2A4B3BB75B9ADA331C1305BBAC182FB4A79820B7EEAF73199B8404C0B81231CDCBB871B80FC41FF5860E8E108222A1A076C29E6E03B6F3FBD4F1F295DC457573C7ADED636D6B7B8C88413DDF3B327E1046AA51040B40CB50C7E3F1D2E44DAD34CFA604029BFFBE714DF0C069908027EB275F1
310
F366C132E1A7450B04011CF82B2B647CE754F650FF6E25BF37AAF65B7BDA16CAA791F1D09F6CAB989EC5AB7809BE145FA459E8D3E4B0FB47DAEF093B946FED585B80FE1A0305FD5330FEDB4FDF79FBF6BDE81D8300CF6815E5F9896552412A03F31FCDCC7CB5E32365550CD9365FDCCEC8752E943161D78047336F8AF65398
310
40A1F2E764FDA2970999F205CD2BD1F5CF496571F76EAEFA0E1CF8FD2A55FD06391F9EEF8B9DC9994E72BEBEE1FC928E2F223EBA0FBFBFB4F2DF137BC894B8087643D64ADE6EDED67F7680FAC9060239E845FC94AE93D880F994FBF71FBCF5F66F9F32C292EA900F9C1E6F1105E81C5B5F58A067A448143842008D7275EA3B
310
BA3D2516FDF02FF79260020D6B3C714711F3CFB61BFF56A826E627E82256F7400FB387FEF23C1C1E77FD6A21EBB1B2B35F2F95E7760BE1FA3ABB3A981423477517EEE36FF96F122B942F6FB64D9502BD1B9089162532A2FEFED255028FE653C9F46FA321E0B588B7DE79FBED07C44106CC85133CA65190543004D01D02D818
310
1DDDA5A9C91A7110805B7875B689FC3902200FB192E7DFD936B37B57D9C338BD49E99E181F4E5FCAB2ABC1CA7AAB382CBC7D515457CFABE6FBC63D525E5CDF74B16378B9AD6774A58531912D232DF01BAA913DFB7D3AAFF912984302B84D0500077800D26C60A4742101DE420C610C2E92FA93056022EFBCFD5BB6B3865147
310
0CD33BD87630C05831BA864C85997B8754B05167F0706499DC442FCD22592AEC2ABF3FF13F950039BF159FA9B36ABDB2778EFF83F70972B83BFD3F4899E64DD8346AA495CB155A7499F2CE39B0AAE755125EB84FD8CF8D8E4F4E9FB4B72E8F1DBCCB98B31BC4607C2CFF21C8145FB48EA0F2159F86A3098415609554DEFA7B
310
27EF1301033DD06D274BAF6821D220DEF96FA4CBB60B3CA241C021D38E1AA76B4406B4767576166766A6C7F77273F5F395291BBA19F64F2E3095C14F3E60371827741CB27E89543857D6D96BF9A47C6A9A26057840332EB843717AAD171880217B71FCCC0355AED3D4819911F79D0EA8AD6DA31A83E36C5DC2D470295C0113
310
02387069158F6C9966022367ECF1D00BA9BB95C389AE7B6105A1FB640689033A7FCCFFEDB762189103A61C3A4FEFE0D6A6B5A19EC5755A443AE78BC5E9235B047890A65919A0D2F96AA3C01CEE913BB3ED239C3E0CD8DDAB99E4348BF3F8B977B6C43DEBEFBD7721A839A63B94C06A10DB87FCBFA3C2932F8C26F88B6D6BB3
310
0C3C4E09AFE40FAB52EFAA1EC0316920E031A46D65A0FFE45A673432E907FBCF86717AC04F2CD0EF512D665FF53F05BFCDC43489F150890C60A8E0314E70A06F619D30D841189CA15D3417F3CD50191AE4396543F0C42BCFD696C58DF163F5B46D708BD5FDDA5E5E5FDF9401BC4F7E00E8A17520833D1CBFF495B5D1CE037C
310
664123EEE74737268B5D1D3DBFDA6AAD8C08DF2C0BC7A737E10AAB2A7B958990CEBF556CDBEE823CB09FB344143463C630CFFF585D330CF0320E921744A7918280FEEF981161008E9FBC78C830217A07B7D6985E83F9A79884ABB5AB383B4D7D788F9FB3D867A2112A43F19042B33A108690CF6F472F8661CFAC971478757F
310
6E6F2F7AEB82FEA85E5715941778B278281F28C268AB24BDB470EF3303E09C359E9DF1CF990D8A096106E6A66C8620DDE7D281DF0B2831F20439A30D68386CE13E002F7EDA8D7806162B205D6A19AA1FABFD6B1B400EC2BFFDD66FDF7E8755B4883C043F43046C1326136680404F1F934EBDDFDD39CB58A98DF1BD7880E053
310
2E671FA1435E9D6EA5E9071000BE8F262E7C4044FD95D5FD526EB40A05A634775F32205C3D779FDC168CD5E56BF982508BF572BDA4F6F57D3304BE9EB18149461B12F760D7485891CA47CFC44909136FBF4931716A2E100123FC6CCAA6A644F25EDF4AC980B14039009BECE8B798BF69A05DC5B6885CD23F8E13A46FF0C0A9
310
86D617F001C52241801E87C2974C31411DA3A5D7B6175472763D637D3E57C33B908F867F4A59CFCA7923375E5F027A983E18BD7BD4E6FDDBB2250C1529F4202EFAAF979DFFB1F2612E87EBEFEC58581EDB9AA95AD1D7C1905F7305BF8182D5BBB524D47C4E3B81CD843220DE1E6536497C0962C225F75A2D6A998303B23FC5
310
01F0B3F736EE1FF01200FC8C99F5515207C9C40081DF304C0A17D06E26CCBC5B3C47459308178301FA8057C2C0AE9D99B05F038828B08400F2E3251254DD7EB8BC4853B101F99AB48E387457C96951E5DB670648BAB70A7B04FE93EEC5F5B183F9739C98952C6845C380D401B8FC86E70A20744EC720E09D35955D96A90417
310
20196D183AC2CFE6AEA816652D0234883D788BEC8F5DF2615261DB031C2381092401B48D8D2D870FECEA9C3D99DDB036C8A051058030E32190976718C89F031DFBFF2EEA3D88606A8A19BD0AE305BDFD12BA4FF46F1A0002B07137989C748936E9DB2C91F43B07E4E4D16C3779CF5A4FFE8CC981F07C29E34B7C012AF0054F
310
AEA4A6A3D49D3A16D2B3CF220A029003366663053C89B3FB1827080DEC2780076FBFFD8E39810CB0593CC68B5D9009F2D400418028B0BC6CC74067E7C9CC0C2690FBB084AA5254A12AF63543B35EB40D17B693F7E3464D5094C00AA9E04E0E0524F5C35C5EC6BA94B21AAF2440725E2A9FF94FE7A8F0E769EB83FDEB039B63
310
1B18BF396F5C13CF89ACC02C387DA56DC3B1CD84B96CFAAA37B55FE723B611062258257D331F186AC93D8AD600B4FEF4AD777E4BF68F2168FF08C081A37AC13446C859964803961928476D78F68419390D830C1935B5C2A0A22A3AB17D3D6428BF12DC373B8D464E04C0A496BB3B3B75639DCC2500E0F0B15FB6F47B5A7ED0
310
183A87CAE8D535F2EDBD4B3B7FC762DFE65A07C30B2851DB890082ADC07131EEEFA3DB7DD5CD32C0860CA83CD4B7993A175F422A8149B1C1D94C1145059D9C78A8A572A90B7C8B1E3392FF77A80C50220880FF3669004E90F101740D2B808181455A044904674E7482CC3EC85C4BCE339404C0B0BF6A5611E4F9B8157BAB6D
310
E327EC9BFBA1B4557ECB609C1F45326499EFB90EE78F18227F09E563C9E63D847EDB3B68EB9C39E95AC4F7ADCF7D87F6752BB6912040281E4A0D8A8314E80D60470999B8A51FB1488A66A9F3F81FFA61C83F4FA6969E472288FADFD61B005E0EA4284822E018911828E868614DA0C36E11F3A051070BF2F0840E35F200E2C0
310
C80A776CC9E7E6841C0503D0EDF15ED9AFE527E798D23BEE5F0604E58DFB7099D739BF0BA5D332EF29F1535995BDBD0DE681C4F71DFE6A7AC5A13554AE6910963E9ABC9A0DB5B202225545F5CFACC942B5B93C207352B6E5310BF349AF200175D7DFDF78F6D683B7C87E087FA9B35812C4F8F13452CED610A2207541E6D659
310
A739441F3833CD0C9C3C3DC2B0712F62333C4FA9327C9CA1124904B4FDE0FE21C119776CB0C212AAFBA5CAF80EB43772ADFE77CD9FA8A4144C54C2FB2304C65F62FC3678E4F6C68F30FEE1BE8383CE7DB86F58B1AE0C51F0F055E188D02F00911DDB0991832228B3172B3E623E513FF1734FF414A611A603163F401BEA790F
310
C9FF7FC3FD3DB02DC00184145B850D01D120424DC03C00FCEB7880EEEE939399F1F18DBD4AA54C939899304D913CC2D5CFBC55E50C7FBE4C0E14AEEF53D6843DFF56BE2D554637EA047D3C210E2C61077875FB5B40E19F43AB7470CAFE1C0D3ED3B3B4778D1DF6D4F837C08747180FE8394F2CA1E0A46B6DA62CE2B2DABEDE
310
0B1924098580FC16B369730E9E90541D3730D47FDE16EE1FFAD3419CDA05ED1F2715C607F2E81893AFC5936303F40EB776F1D808BDE393A3FA401E1C706E154C892860AD74A2949C409E28A8FB3349C764D13E4D1D3468952B7B1B35001BF41142CAD58D6011C8B78961EACAB66E9AFBC627673B61FFDA4167950A274145BF
310
11EA17BA9AA60815C2C43AE1F648E3772E53C94E6364AF826019E723069A8AA353A3BF7FB5359281700061FF64C28C10B9AF0B70B0B0D30A31CD1CFD22F68C76DA1E44558869257892363C091D313EFA46B57C3BEB252E9C6BF5B4799EC58F1910F469E25AA17B343799DB3E33CF410061F96C6D63FA91B1000CEBB7D2971B
310
DD39A2A76361E000F5DBC1688D47CB812DD60F8001AF25B328D173A9E4BAC18CE9F1F628704330741B2649B92E9714447C68559C6CD2F681919367E4811100750058809D0230C087A89FF3C80C23C4C60882E481F48D531764BABD5CCECA308DE2F63D3BB50373D630796126803C2D1FBAC148F7592881B395ED7D26B7DD38
310
D7096AF98841CB37592561D9C6565317AFBE9FC4AF7371E060736C7635E0CBA1809FC80F544DBAA1F2F9393D970D44C0615A0C6930E758B9E63AE690F73045F0C8C0731DE9CD80F718E94652383458799E02C06D328010011C7090D8C5E5336A83D4059953877EA1E1D66FBE994F04608C4C991917230FB61F9AEE183A40AB
310
9108D032449FD1A7283DD25ED15360EF7EA9303EDDC0043403531EDEAB10DFF87F5E2FD56DF0F1B701A9F614DB17FA0E0EDF6FD0B1622A81FA3D1DE5A33F551930335C353A87F9AB05C60455193448246944A232C5D07636D864CDD7A50D0B4440CDCC465D1C418321F50E1648D500294065D869559EF3C40C8FCC6C323E98
310
9AD0F0C73142480B200842802C061008B480A9954AF282052B3AF67350FD0DD30D1F4075AC303A5D490250F5400ACF479656861E4C77AFF327F3EBECA4B57B6B6C8FF62602BF150744656A87DABD7BC6BED50527B2120C001A0B3718C74F0C65CD34F275164D7968148DDF259AB8AD6CA81CDA4E8819509B996A7F642D987A
310
401A2B04018C01E6C169A8700F9DE3B489DB2BC49C9B7B858A4F50D22AE15428FCA4A1EDB20C83492690CFE361CC7F8C8066FFD0D77AEE797977F468A36E0B0DFC87F90EE6348BC748F7CB73B5B9DD5C6EE7AB19ADBF6DF359F1DC2A0F9E44F213F8041F64274C0859A2AB7C37440FEDDD2F95BE44065F22067E3EA0CC3BD8
310
C0D8194EAB291CCEE20B9CD8E02950AD806080047A279F19024C837C848816719AC4A34DF8F0706CED904E8185753A458A27E4C1E37B5F30A104932BE140E0BF4E400160F320B054A8705042FFC47B4940810173F9C9E97240C7FCC3F3813EA239B745DE9F1B1F3FC2F9330374DBD1A7B475923F9A2ED81716D18D1B577DAA
310
B9D1A0458655AD3CA7E211867AE7C702DCACCD291E0F798013DC01BC326087775C0833E04EA3778FBCB8DA4687A0255CA0AD210C15661E4E92001A4449031D1DD27D327334BE830B64DAD90CBF537A45FBD4E94A7A88888E715B7E74FCD040E818BDC1BF5AC609CCCC015DED23877080FCDC47BD8EF3A7B783A17D33F3ADEB
310
6D6BC7AD75EA7C7852C5B6FDADA6AFEFC2D181C03F8C40DD8A4AB5024F0B72E34B57BC1182472DC80946789AFB711DB7F1193C03C893B0345F420246114D3EA71D04FBA731C0DAB0D3CD311B218F0D5A15ECC105D02F3AC32F13600084731A83220040019B03180634B5923D438300B05BAC80881F061095FED5D572A3323A
310
BD83F1D37A2301A8C930AB3F66ADF7CBEFED30BAAD7D78A06DEB6A87F15491F5AB7E25842B6B34BEFC12C8A159F187C64B3CBD2356DE5FBAB98BBE9583F0E3280C0076DA15BF34C15238145742B07080B1EFB83382F9FEF2239D003541041083C5AF9EF3C8944DC2030BC3ADEDDD9D27475800693049E05413BFB3FEB43087
310
31512F13400D06F813368A0101D8D863EB3E75FCCADED124F532AD3F123F131AB46A93DF1ECE7F96CE9EB6C365C6D6A07EEC461FC919FE288AF7AE1A7D012D291EB073735FF26BBB1C99FB706E972192819B7A34BF22424BEA1CC7958AC2E04BFC8E02DB90A4A1DD04811ACDBC181037864672C78F6C0EC3073A40CC49D5E8
310
13593B7002763BC6A909D31AC86F3F6E335C9E1C309BC58F16418642E2AF6B290A34FEDC0CFEE08FCA0F56700699CB73B9C99302AA17BD516D7F1FD755A2B32B3FBE7134D3BEC813195BD355020A7DBB541539CD2C06E45F46FC0EE08293E6C0E1972176D9B678340AA1A4823404EF79B1E2347E47C35D0A2260730E0B5130
310
25DC0BD1C07E3366E9B9D17F767405FB531070700035618606F0B40C73C974CFD321B0C174A80C0F3AA54945FFEF348F5488895713E89B5C98DA501E06D8D24FF04FF0CD7ECD7BAA755A854EC6A180AD13BE094E8D5D63BFD6DFA5F5D3E4DB1BA18FD8473DC6E17FFC9832B71A2A94D96E808BB53F9192955D62C82E282B05
310
168AA0927D54AB20A20A74800B7CC9655C8B15F62377CA4C91641F9F4D0478F4FEFDCE273A002CC0A725EC165CE3A149F0333E8E9600B2C05A7D15FD831F0938DBE5D0FF13E3C0F0765965A0961C3FA86DEEB0E28304747BFBA5FCDEE44C23544F7BB7BF7A132DDE34F99E44EC3FEEAE92F667A10F7E90B0E8C6442DF5A531
310
8B0F816311DB2E6DC6F172C363FC800EE09186BB9EC82A24C0117700CD884AA42023B81EA6E0CF8B3056411110D78606EBC5AD5417B45BCC8E61EA01C4006AC233933E35D860BC1B6CB9C9CCCE7840D2E0C1C1FFC11CCE54D59300F2B47D66A10F09D8E24B71B9BDDF98FB62A3B897C53EC88D16D1FFE8C649B17BB8E760EB
310
20B784F52F992544753F2CBF642CD3C9C70D8722C197142C567E74FB431EE248A8F3FC00377F5142144A82FFC28AC2970A780C85A7EE9146FA4B2981F3C93BCB0F3FBCB6DD3DE69C72B6073B99140DE28B8E919D9D9E7C2F5FA99FC1FFD07E9AC0965CDAEA0A945FADE52C791EA989E8E7A21A355FB37E44405D171B98A6E9
310
46DB26AE71DBD01FEF07FD378F5B4B518724481820890E7486E3FCE61A60E096D577701890EE07CA5D7F2B086040749FCEF3F81972E510A86359C9BB579883035887542090614E5C4461705D7CA1CF84DB564838606CF1597E8119790D021080C935A908324EDE9F60A04B7830A33F0670CB08605B8D01BF9A3D435693FAB4
310
FD84EF6754930640C1F9D74B052A7ABBA9F502B39DA3BF6BC7514EA4BEC71D752BFDC198EDA8DFE8F32B3EF811E4576B0A2074B99B070A069F60173E7427BDF285024E35A4418B7A412914F2800F1965C4F1120A2D5D2C64400563D5942044807BE7C738EBF3034C4A6F4D70C04ED1F97673C039FABC4CFF18866E08200BB6
310
6BDC9CCDCC3FFD1E43BEFC52C317F0F5E64900FBFCDA4DEE68768FFF46350E0EDADB7B34DBBEDE3776BC55599AF84E312229F931E700D04478D66A0D88D09B2276141AF0F8811C5F8067DC04C0F90929F7F1AC9CCD368488AFB965C97B855A3E2E93AE5B4866502E55991B82D4388614F2C36B8484A5FA06E3EFFA984A6AF1
310
7D5C2073299D9F12FD63826F67FC460E54030981684E9FBFC22009A3006962285FDF4FC84B699FB5BEF3736C6072F6844C15EDF25883037DE6BB7AFAD6AE164B367812FA8CFCA6FA25725D99AEC5C6EDEEC64ADDA2BE0056002032E1D7A20A54CF444E360D520A5B69816C0A953CE0434A8A898BF18E2B704588C01BDB2133
310
342F5404FEE698957C200EF54E31BE6DF4E888C9C67F5F3F1B41F922777E7FA6332677C20098C59F762F5DFE4A23F9801A3BB6F8A4F66E0D40EC867E92DEFCE84C714FC7CE8DD3DD3BDBF9C781B1C3B549FAD2C89D711808CAB100E09700BB85240374A7209212F320CA577222A7020E7824500179FC7096C714884BDFD949
310
9E027ABEB3CB0226CD293CAE6E0C41A6788F396606A073E28CBE5CC67D584D36CA39D37974FE1023253E3FFB007A26F657FFC901D851130DDC2BF54884F20D5D40A0B7E5C7BCC7CC87B84F2ED820192CCE1AABA1FF24ADBE1D03635B5B3B53D4A5F84120125FADC36A0E792D3AD7E255792CD5241A4C84171F1104090017DA
310
493D0A7790A7BDE6DF326180398E4B0DEADA5C2763825E43E05C388E184678C88CE6422606C017F030366981353DF03A753DBF6370879F79889DD0BF75408724DB53C5B0063AB6568D02DC47AE4627B58D7E367A6000267E7840C23A0940B992DB98ED1C4731B4FB4DCFB6D3EAFB6CAC7646F0335C5031888CD74E21033802
310
60AD47176D703960230370FBBF28813524C17FFFBD6288BB28E4F905ADB4A788B40B4A6201C1878BED224DE9906C4C79EF32EE679B9F5D3B5DFA137327320643909A823F62106CB8F9BFE4BFEAFF0FC7A6393EC7F64A698EFF8ACE31BA05ECE6DAB6DF124118D1D13F892F3D3530602E3F3ED3D59DFB821ECFA3D9AE85B1AD
310
AB9E328DE738BF55D5DFD039445AE76D0194180F57B15BEE5F09C07F952F9A10372BC894CF7DA12CF6507E2A8916E0DF430C519485C55D61EFE209912D8C32866214E121611E22A0B1238DB18E86636A3BFAFD5B4EE02FF1E505F902BDF424D0516907BFC95EF3A76B6B3872769D67E25B548F0DA46E2B93DFDFD5F2B9E9EE
310
E1EE1DCC7FBE6380DFBF38A165CAC73DF912AD76A4690D2B766A3EB4AFA2D05BE543EA20B095FB17AE3F1928D84482049B659E671A4763CFA567C08824913D37F2F92F841FC244085C1681225C04AD6DE1684831682CE0D6096B56101C0D4FB3A1BD3F11FC1105AECF5660BD3FEEDF162B0D9DEC6DB55AF27FC98050BDDEDF
310
F63ED14B01336053A19DE9AEF5F5D9E9D9F9E19ECDADCD497BCC57681922F327EB41FF681E17C1921B04FBAE371AC69E53F98183E91B84897A5DB164158BD1D12FF6F6BEF0E02847727BF2628F9FD48B6FB11DF6928C868B29590A0606F92140D0C08850DAA7DD8A5FE8A50389F61288AEB743E9C801BB67DBE0A7F64F63BC
310
87770FDF57AA73FE1F5A84F8DD3AADDFC32087FBC0A7D645C327B97D65E7A8BBA76DFD9BCEE1B1CDE3F5F7CE4E6DF4013ECD7CB60BD1239E8A4E9A5722AD9C4FAC8F7FF17B214AF8801950430639A08E3ABD05A0D94E253BD5951C885B0CE750309070555FF21F2EF83FF53F4E15038B8D8A244740A5C9CBC120043DA0B323
310
FB1DA0A4EDA268C05A304619505000BE10415DE898809DB6B66896E60AE347ED3D6DC707CB7D5B5BC374A158EDC343D0EA61C217D4878CBBDC1D85686782C3CF4272E7DCFB5E9EF628F5A95AC1AC0C6848F5771329EF8DF2BB79EFEDEC8DBEC72EB7F245287FD4B31008AB38EA4D52F2BF57167159E3004CD8950E217DDD6F
310
699FC763E9D1A0AECC701F7BD4430A3E030374066938F883C01DE40E7DAFD609345E33570F4CE6BE467FBD7F793B5AF2A9D331D86DBA7BF98067918F9FCDD609A0384B523F4413B574B818C6889FAEFC5E7B8F90CEFD62BC2C85B2478D54DD076635BE434FCADE68B3ECF1C8708E27863DBEC352D87BCC7A92A8E135700CDE
310
65BC114026DE5DB68275E656D2C0D4087293D43BB4C9C14EA83C0D806783B40DD7CD4F19EE9F33801F55A3F1FD600017A6CD5DE607783D5F74E34680E7DAB98D99F6E5B5ABC7F7DF19D8278322F6A97FDB2FADE1539BD945DDF868EE2B8B70D9EDAA45D1BB0A5801198CF1DA891540474745BF0317F8A3703E02510AE94B08
310
4221F887FE950272D62D4232781054A87C58D015CD45EBF9B70E60820A2056E9D4D619E8494BBFA68B61EBDD8CF52CCBA124BACD4A4077E8420A7F36FCDAF661E577B792A7E1B7E337C7CF1FDEBB3B49F501F3C7366C1730E793F51FA20A9C3D2E9F18E63DC277449054CEADA36DA0807467D45F8A744E1BDED725A0338687
310
03F1392BBE221158220588F30574A0B0893D0515B0B7C404AD0E7F40C11D504C49BD7DA39A85A19CD7357DFC966E5D92272FF06D59CA5A6A1C8AE30E52F1247C1F1D78F81887F9F3E387075B170F9F5EEE4A7F5BFC69DF02FD8795FCFFAB472E7C88D563DA514861B85BD41594A75F5E866BE69471110A9F75C8609C7E6BF6
310
C7C727431EE3E9E3773D2378C25226E82C08104A57ED273FE0921D6990E02B006BD038263BA360355E8DC446A380F0BA35FA9945A80CF60DFD54054202F91897C241C147D59F8E0FC67CD0F2BF377A3463F8BBBABCFBD6833C57E214AC3F5AE9C2FDE88852968F20337972C7E04EE5658223008AE82D93BC37D8DDD900BD6B
310
16EF221F0D4149045D740A8A215D4FC186C658E01994B8CCD317465828704BB630DA2243B3B4ADD3EA554A97408454148C04A1A0CAAC2E04033C04073851F54380E0BF2DFFA43FAD3D6B574F2E1E5EF6E5F4FEFBD1CA87C161FCBCF5C7AAE2F726F814027BAE10F79BC3D765D61D1803952210A9AA07F8C6BB2105B61145B3
310
24F96014EF223D4A9261080239F03FF6F4DD4975C183B887E081F7A467A25EAA0C94028FEB808637768B07400A8235D4EF33143253198900E079E3FACB0C59B00F827A5785A6FFE2FCF0C0E6F1714F11CDE5140D931D707950631F3DE877F300002000494441540ADFB08704E252AADE1BD4E8DF55796A32B9B6F17737C677
310
02E5C638682737286CB0E0A89B624D5BF28222432848C9AB8C07170C97B814FF492A61072407D638006F7C8400860444C01B1930A522788045633DFA9507267A3A42BA05925BAD705CDD3792FA23C1075C6EE768A673919EB6C3FCFE7629B7310AA794CC9C0D14A1FB88F95C845BF22543F57996E0B26C9E4C2ADF187F979F
310
8A55F11B47BC26594C52588518D25E6C2B1CCED231EA1B748F093E5726A21A54C91EF95789041030C20FD5AD68613432E19A4D0DA2505B6BD843516E10BB00AF9AC315EE9FDB39CC1F9EA59CD88F9CD071D470C86C4647FDEDDBB1CDAB81DA94034747A779F4CED497CFF817348F69F52E55490840E48840BA72DB71F3E84F
310
6DA2F4717AA928F153DA6E4C7E8E00363CEC9A2E1C8E65F298FC4A52F087FCDEE5CBA38A80CBE11FF7BC2AFF249203FFAB77A128A001B1987BD334AD9B901890A8C2005B6B248196AD09C0025ED841325B31845032E327C531C839E66DBAB39566B631C2FF0A1DA5A3CC47E665AD8751B47CFE33899DF047C9F3C365E3B112
310
78D49DF939298E09002F6430F9958803309827A7C791048CA070061B7E9A64C557D235F83EE24822E5EAB805F9862F20FC58F483DC0EF02181F572930205107E00E523861895A2811309808F2B6C14B2AA579E893753C155D2F54302007E9FF36AC5FEDBCAD47E182D91A73920CFA5C18E01F8FFF4C3F1FF553BCAD0E58DEF
310
85DD63B91BE38ECE1A9FFC4AD4A1FBA30D462C328C5A0340DFD393D3D3D3C0659195C96990F391EFF4175213BC74C020922D4830FE215E76940962BC0713A3B82784C0CB6623DC40D6E1485BAD454F6892200B225096127FBD82D2B12006BAE2E329C771E25FEBC0DAB3B5395289D56D7A8A89081B34EE06F80F819EFE75C6
310
7DEEE95D227E283FE98A7B9F1C97D2D05B4D07A469153C3DA3048EA68FA667A6D90E291C7D7E2D063E4D044964D055F2DBF3E31BB851AE9F78A0A7314F0AD24901F581D74A6929142039C65AF5830D1C809536CDC05E4BA51038F79D713DA930CF18BA3010E385351CF47F74D439BCBC793556A1F99814926AF12835E251C5
310
9BEA3C083EC2B2760FEBDF4304C9EB87B35769E1EB24B648542CFA4EBA9EF93CD42F03C08F249A2C98897D8E2225E90077823F4A52171A61219998CED6FA050992B6B0A74A2220ED12123004FB977084208F8E2AFC80F456CB110BCA647A3A0F854085D84FE0052BE31FFE7F925610BAFEC06FC33F9931BF063F39DB3D1BB2
310
0EE357F594045F4226131578582CB055A59A073AE0413989D215019B6EB8A21CF154D71164E0D8F4E730C2CD382D098DA5261456A425643686BC8301710F2C50665881399156AA2B4C3191BC555728384800CE10040F746A3D8A80A5F0E500A93456FEC52833BBB45203DACCA37FE1D3EE4B9BF0EC27ED47D89B8266F11EA2
310
DB8B5A8BB93EAEDF0C06B7AD0402B9EAC6E787365535AF19F15158308A9D9785C1BC1C01377F8C6B4D07B50DAD25649764A91DC9812C7B34CA98184084F7C01055466B48058CD44085AF26648520C85C41C67805462D8425680425559F4440F3ABBE1F3F81B1EC72708767DDC8FFB6465796C8FE310FEABE0C9B242A74137E
310
C3E0427091967023299BE5D6D4D0C6D15747DC2AEA4ECC57C72856E827D33CBD319D70FF854369EB841282F84B7CA4881447ACFCB257E252E00FBB3272120A75B99119840858486615636E0E0334031AAA8C08A62E080053A0AAA4158431EC727A084021D41CF5D630C94184F6FE7432E8F5F9A4FCDF3EA7CF136FC2988093
310
F98ED622E38E4976E1BF0CF49D2889E6DF3566719FE1F9B47A2D3BF89C69155DCF24F88C609EE551160F0415900B4C48FB013D8900A9192A700748002924771A3686A0A580FE4009E00ACC090253E280B90AC15048E047020483A038A60ED232831F2CC90498648690D960C48E439F18F4DDBEB0B6F5AC7B7B89F6230243B4
310
FA160A7B9327F3AD5D937C8BFFE5FF8B3A5E64283BEF8EAB9F71159514CFED62DBC880614AA1F7994CCFAE7D8C87057F451733699B8DF87056E1F0654B5021E38097E4E23221B810DE20559AD183A61C2C88A648DB096081E9801CA00BC1DA0124E08DAAC15FD2936905CA8DA1C40E42B13F1764E0C4015EAD7F8BFEC99A31
310
0B1B7C0BCC7746D3C0702759C89EAD57122092122D1F857067684A578F1DAB7EAC400841F493A468113282FFE42316CC74C756B1C880FE78795C692813CF4644480EE9B02991BCA257A71861F00666D9410288487618D120D0E80D7773E2B7DD180E100EC98B221C94BFC4FF531A09B986230F1CD08378A8E4D0FDD7D9B1BC
310
75F5C12EAD7FF83F3ED19EB018620303C217A6A35D826E72ABF2D8E2BB1B783F6E48D2E3F360806E1D192085D022103473A10375B63853EC54F500B5B064DBC20945B88160DCF7E4F83A0200BF6FAEAC88E9F54D22D898E43F378D20B51B5D6B1457000922202800DD401A9266483029C0D6D57ED80D42A0E6E08835F0F3AC
310
73D7FAE6D56185F04FC44472B854EB7D9CBF7134DF3DDC35A9F6B38417DD6F508B37C1A718B0D054124176F7222F62DFB327F34D451799D56216880193254FF782D7DDE26C271BF38C6E422E271CE4AB8823C9510F021126A7A944E00DB4031D013C88EA0746C96D4574069BD5439C4110403B40020C30B07A604F1E41D19C
310
21A93FD9002DFC35F23B1E7B98E95E38387E3603FE7393680410D702FF9ED5A3C5E5CE68B5827D721FA78F3A9A0C08A79722D9C9B418F46C0057BB1640C70AA4A03D29CECF33987596D53CFB27B32C3BE304C540E14BF8464E080918268D254838C91A01F0FFB99154FD8A9C0495EAA6534A6C464440B4A71E16100E740508
310
8122A35F7A511DC003D002E6C8E7E15F6D1D2FD09014139EC11FDC89394621F77B9F88EB5A583C41E2FEDBC8F82334494C0BFA97FF3C3A34ADE60385B60E5A30CF036E5E75370BE3B83AE73B3B7DC0BB337DA0045299ED0C66681E4AE223D01B1BC3BD4C921E2005FEB5114739040758189BA8A320067B62A3995E47200550
310
65AC2B4A8006BF8CFCC907C0063EACE41813C5F017065AD46CFDC6FF1BFEE052932CA3478C8E5A6F25DC8503D40F61FC1B047E4DFFE8E84407C81F1AC7B5C79DA358551CD0D13785A9AEB38D6EB68A0A8087FC6543E7471082873CDCE5CBEA1EFC5CC0579469E225428E9A43D6A6000B4219DE52E8DF00A55F4BF503596066
310
1C2DB88AC1F67C2890A93FC420193C8326409E7B595FBBBA9AE1D1511B3F6D65B09AC10A71C2317201A603E88C56CC68C91279E83F5C147787EFE6C675F00941D23EF092920330982DF38C65EDFCA89DA98E8ADDECCD77CB86D85118F3DD9884820B1128010D02F1060F582871CC8FF42024C02239273A1CC3BF71E770DFB7
310
E96081682803188118B50310BD620234F230B12711B063E0F0490FCDA9248B580D3D3DE944A30CFCF2A1E0F6E59E8FBEA289CCCC943785BB8880ADA9C2FD70F6A13F5418444E3A669273C006C4B4EEEC067827539FFBEA9CFF04D84E7F170480037005AAC8829084329899F90B5E013927F8E646514B4824B01D11F72C012C
310
EACD163B6358A4454A4221D06E68A71062520649BF9E9127D0772D6E5EADED52FF216BC2FC513C7D3C5CC4C8AF009811826AE20203B076A2AA66D8D32E317DEE0EFC000FCE16D9E0BEB17C74AB009256C5D8AD1CBABBDA61402612C675FBD72D07E633B1A42F2421208CE01397560811204306617A5141706105C9F4984C45
310
9F2D0F6C392FA05BED808512B0B9A8A9FC6CED89640EA347D31F0DF76D3D9E61E800FE9F7601BE4C9614A1C58E6C839F13A12D0EB426DE6386B82369A9E6A7F1F9146EB578A2EF4289AA109B4F6CEFEC0463E0072A05CC9DEDEDFE08407B173B8AA65399C80B2911252E6290C82CC1B8909140C11B7AE161B42B93905045D0
310
17E00CED6D27AAA15F2C2179F1E83D411A7020B9408D202381E7E5DEE5A9E7E5CDE3B186433F488AC81554BEC09BC579018ADD1DCB3D9D70F02B14BF9159A4DA376225FE43DA224FED327941705DA582B2FD1BB5DC0540667B650BECDD1D5DDFB0C7F36DEE2B94F6EE2EE4E426F20A1174C31DF153321A24114C4FFF25E505
310
475F6906D4149B21F1BD9D9DF7B059F8E0FD83323CB97991FE80EE131A9003B81C491B218B1D42C0C0D593D9D548003839DC29A740298B0C23F0CE14BB167BD61989AEF0B985C8FAC8F923A73F31953989F0F6C96CA6C4D0A9A88184BEDBBBDA3BBADE77CD8E2FFEDEEF46184A86671D7DDC51417477BE9F04804F305AC82C
310
2D018A21EA903866A0F959FBD4139916D036635EE03DDB7408BCF0627A03027AD314C09B0A27F0A79490D53839D0DAF1416995CAB24101FA63F75029D57A4CBBA9FB4D120ADB17FB5A999FC9420DFE04FA670430B90FE7F589F7FE8D50A4B5F004CE5F07EB4EA007F8AEAE8E8EF7DB3BE2F81F42166C7246FA9E62D02C8209
310
BA1024414C483498B50229FD923F2414040B2081390AAC353B5283EADA12A30B1080866D746B9ABF5BC107F33C2A015B275480759334B83AB02175EFD0DEC785DFC505E0064F4EBA5A97073A74C5C9FEC97BD25D819E28AEE661FD2732B8BBFB1BF13441B3C1F45E8AC1752BBF80C113DE960E0AC7D9D02C58C80505A19BA0
310
E84B14402601A590A4AE00A825E98C3212342302EE10FC5100681F86834A2804BC409D70270A2091DCE874B16BE0706C974EB3D26EFEDFFCA6C4579AA4DB781708469F055532A7046C6BEB0CF39F3ED2EC4FBCA3D00EA91CA68FD2B87B5C191E0EB2C300F00A1C9881F263571C6CFD83D079D09F176FAD839340CF030F7045
310
8F81F09AEE1329505150CA0A00576B56C06D58070B23086F685E44232D9D53DE3FC3731044F286D19F459351863F749F1104198D6E14BBC68E17CAE70D7AFD958E350BEBBC70C9C4DFBA075240DA27D40AD7DB063A097DD3F041EDB3E4B682A7A12A548F3393DB01945547175879989302521EEB1431B08759B632B174E0F7
310
00E774FCA1BB83F95029ED1A084288C8893520E49415E00DA080AE8027C34206D35491D050A4C6B080F6A20889A2FF82379AB6234F6710C05F9080ADF002B9C9F9C583AB220F45D618D7E7F7547FB27CED8A8B7A7D24EDA4988B0C1C2A1AFB53FDC61BF3DE50D63C560F0120B0372F0839DDDAF13E583B868717C1CB8CC71D
310
1D7F440CC82184803144196EFD58BBE00B7EE77DE8C015942357FB06FC906A5E2B8882CCF9FFE184B0035A5CF186A962A63F84B3AAEE3D5A2C830008807568B6A9F424086D2095A3E262DBF124350082C4B5DF4704A9D2C93553DE47BD6766B69349610716999FA25854F759CA9792599D3837ACF6247CE8597B0F960FA3EC
310
45B61715050260C5844FCCFEC9666BC71F875B17E3BCB4CB151405D7D08F846B4CB952248B4603CC402B609E90F0044A007FA800EC46D07A51232B00E5683C55D5096E1374DA4FCBBDE2C25A5B8D26008227CA7758033D7D70DF12CAF7F247939F93F1CC63047D63ADA0B7CC8771B234D8095FCDB577B586D1834062035670
310
E204B245EC093FCBE15626C10D210CB38A13F50E10A0D5C0814B0C4B30AA9858516001669002229618F100767AA3D6D2528595FE7A398C2D2300ED0013A0AE60B91644A057327BD3C36BEBF48C91279B45F8BD145494674AFB211A91977CB838DF35DCB3D6D6AA2FB2784B591ED785DFD7DB77747DAC9D2F7674810EFC2895
310
F9ED8007EC7885101679C06F21E4B1C8A6120956F80518D1DAF1717BEBFB5803E20C6F2A11B2E48AFF4AD2810A70054623E341B3D1ACD92DA91150DE631EEB2C28882D092049C0DD38E262A7BD6F98549930C9D44B7C37028AEA9F8C5628A2BEF5704C0DCB2B428181B1BE766F43014498D2E57791E4C8DA6BD2ABF5003F0C
310
40202E2E32EDFB02852D16C30B7F646B98FDF86C7891690043128B0A0DE6B4EA27F08C30CA34C9D0AA0852A5997F8D11A6EE84E040B20472020256F4AFEBBB74E6705A12083B249089218E6452C8E5A69717E904A3F5EF3D5D08EC1F4D4E85086B238CFFC11AB9AE972CB775616C6D1DE04DDF073B4DE3747C41FBAE607290
310
1CAD0237100670C5A00C2C3CE063610ED824826C1F6650700E88C00B62468903A0D71D3A390255AD7040048348C56C4647413C2C2561216E0C469203EF06A5B101AD40D0E207F78B124747DB5B4BBB4E88B1C373C114E0470B345156EDDBCE1B4DBDF81DBC400746B0B54E05F693707B89A5E430982C2AC7D10DFF11D5B102
310
B9505034B35D07E8E5F585757F088B390F2D4C85CF7218E8418BB4F25B885053D07D5A908326809F31D6CC6B77CC948413B28664484439D118DBAC27DB5AC40C1AD166F25E6A2F0AE82100C0BF220405323E1FF80DFC518CACA8DE1003F3C9FAE9C7B2D60703A0004F8EAEAD2DE0F5485452D15B77B4B67F4C2403B8D8F9C5
310
33558ADE058A9E177A1698F75DC0EB4C800F74C0270178C8579C1FACD025F0560844502D2BBC01E620030CB93636C1041636A693949CD80139FD15BE107F905590A292840F8860706D07E2970A2F15E5B13B87C3143CB2930374CC46A6F9B9D7A5CCCC14E11B9E879A49FBE27ADBD6DA82410FBB94FAA8487D61B51F4BE0A0
310
3FD08743C31020D6628ED20305A22C2C2FAFA7ED1E7881C438AA5B9035F20759E243C51F34D0D5F02F11403B9E204CC1686C0B6C9000470561519CBE1B0E4FBEAB37A39EE4B84C05F023858779341991F36D9D9F351E7BB3B5ADF00148D9D05784F9AD8B037D48C01BFA83D4247F03BB768BEEF973A14E610090D4B96B1EEC
310
5C5E66928F28EBEB6CF578B067DD83086081579848E60DFC7684044D8174993C39F886043481F6A2B743B18749E52447CD4D230513032D20D20206E536E15BCF7B7D211634F98FF9986287F33F9A94615A5A0A7CACF8DF5DCC1AC6EF9AF1945EB78E0A2FED1DA2ACC00EF983F9A012260BD722EF61C9DBCDD8719703ECF839
310
029010CA0B9F100B1D2842153E01A1A3837AB579516A31982FD2908A09100DAE591016CBCD4B011A2F4DE299E1338CE065DC4841BF9895D8C81714800CD08F5AD39601BC929B55D291F6CDCEF2AB40DD5D98F4E6F107C47AEE4A09A079C05316F479DAF4C2BAB83221BCC0CE23FE3D3D4C7BC9AB673D89A3677D6020F6E182
310
332028012FA0FBE0B2668FB85485902A8E7FA0BA2105C213E20BC2169211A4BABA7D693C3F1DA961F203694853137073AD5CD25F1C017DE0477626D7BA55B88F83B5EE513C41D814639FD1BF759171F4577D3CAB0C3DFF68B2D3B1F8478C18F67BEBB2598FA76A4545E9E961BACF657E0791D2373030E0EC9FAEDD17BEA770
310
3A738185D08236C407448A4CB504CBF01FF43859D3115488EA01B55078000DF085911805790DE1B41B6F8CB2889C3834FE02AFE07D85143C6C008438A944EA63E047023A7EF37E13B0903AFEA7BBAB9579330FAFDAACD540022980B65A75FBA17D388F1E6576405CCE7032D95BDA420E7DC0EFA320879E5F8B3B04C1D2D9C1
310
114210C19FCC49DC6A855E12010184DB8968109ED016E4683CD552A36B3AFA13BFC2114068935A7E774CD2C7225642B73325938052D8634ABC18DC9442BF9E0402E85B42F9F3273672DA8E8F1070405D1DC3248487574CD98092B8B956E6AFE1566530B78FAE05B4A0DE51FBAF85DD075C7E11939F80E015A58D1F87E400CF
310
FD2306C4D1D3C634380A201545A92BE01F445800BE12302AB477BD6F62600D211232EB061448A0D2B877BB940D63D059C37E0569A83DE93E214F4BD86209FF6F479C640AFF8AF6D1BFD987D029A94DB7C329B4184D4BB013BF912FB88FEEF913071A8D82B651BC10DB067A7EC52FE1B421883144C00F64FA23A11CF708BF16
310
CA59F18D4C04B8085964B2D8DA4A855187000BE440BC816FFB13374640B0EB1D0998AF38A1AEF503F14302E2811081FC12EA6CD38A63B33035125F40F170C0B0AA45E9FCA38FC6D688D48563B5C4B4B7C359D3C7AE0EFB16ACD5E2FAA47EF8307044B4EBE1C71E84E742D81431FB06B90B600B9C239E277A57C94C427EE10E
310
7826980C0136600D916A06058CBE8604DB4D314FBC014EDAACD0820F14BF75449B70339490FE5A0491221BF95F949DF1235380E969AABDBE2D32EB4403D3FDF17F42F9A0A7C28ED75BE86BDB7C7EC80C76F86B8800F77B305EB88F00A4352E0F8089EF811EA02A3DF08F7DA008F803BE4B4EF5F41E56087099E920708C3D72
310
0916444440FDFA013D4E1201414123A09290F5BD7AB729298209C4306D007BB0829FD4EC3A6D7E4F00B67DF38CA0764F832F0448E58439B952CB4F70DF964AFA74CCFDBABBDF273E2FF4F56D3DBFF2A78D42FFF2755DF307066497F44062AADFC0CC546F6DCCFECECFA232E14F408F05477D311B683A35BC245FCF8A5CD2AF
310
20022C21022266905A5BCC8B20235D6FF04019CC04058AC80023662E25F342063165956320BE50370F2A657BACC817DDA3DDD3EFE04028645780A768FE38DBA88BF2EF3ADADFC7FEACA952E5A77568ECF0C971DF32BF1D24F8486B22A649EC81B1B60315CBEFC026091CA45F858D7D04C1B437079431E63E38F880758842E7
310
80A9E03791C0FAAFE10012588C3C592FE35461A6047802BA18686887023A422A49599399893103942CF6DA53A8E387825FA0678B261F139F801E2B17C901D0F5217E07AC2401A87D0480F753FBED44FE949C93A1D042B879FCE499B3D861AEB23F9C1F372F0C24D0B7D6E70FE1AAF60F84BAE642D82F0A9F53E22783915518
310
494FDBC0AFAE7DA282E5050B703570E06319A015E00D693A6BEFFAE493941C3B08C13B96BD20D0115A9565701DC58568A3009DA13E965765C03091F0FF339F7309D44F6E61F837F1B1FF920450EB8FC48F9B40158BE89C81A597CFB0DAF5F5755D3886DC13D4479599B583758CBF35663AA234F133F91D3BCCFCE0A794367F
310
385C59B19431780F1C099131384056616E15A1563B50021D369C593FB292685A68A8B2A50A0A2085CF05434617E05FC24A6B077B990014421A68401AC4D65788EE25F737EB780D08A6E38F060F2ABD889E1B889C44852C2FF368C1E3E710D73B6589EA83F7417B341ADA1F639A23D15298F087AD0326410E116C3A1B325218
310
433C71AE62C07C1480F1C045629724A076A4BB8D622D24690486727F56108D07046DAB065000678E04C4F8C342DE27F4AC102D854F2D08D59B4ED0E4F697B0FF62F113646BC5B7F3131D4EA8BF8B265EA3F2026E7061B96F6DF3D993276B2180B8E57067587428579460551049049B074CF8B1066C7E14C705F0B39298C099
310
7C17F701097023BAC31081390196801FB0C2A12380042927503D5A01CA127F9841B460310639C674BC8CDF1A320501448E0068905B07F6E5602F8C1F07786253438CEC51AE61FDB25FF71B09893AC026A9EAE3F30F369F5D5EAEA5801FBAD3C98B38C13EE017B054F81A56F05259DBDA64FE270B1FC4C77200FE276FE814B9
310
16E222575ED717A62A92956504605268408CFE13FD61F84252228376060206802B9550F00B9D47E6AF1022538A752CF4FFF1F5931384A9FF8700EDD4FFA2B93FCBFABB3EA6C607FF714B0B8B04EBBE83B52B246092AB018C0D0002FC490849F1E214AE6FC42009D6D86616C835B65DB9862EFC4480C14137603C3089D0A558
310
8FA27E693DD184131BA4E88C35045ACEF1CDE1A82323C20B842F2419604821196EE8185BC834AD44F8E9B7549A32900196E9ECBBE20FFB4706861AACADBBFD9B56A23FFD3AB8BFACC18B1B5AC0ECD7B6AE2E2E9CCD2BE8AF1B1BC3A813B94107E82DE67A42E7CC7D4A6116700B5B2EE3C338A09B840F07C40A64800D7C605A
310
C42B72227C4C7020AB1F20056E26F542717F56534261DE3766AC10A6ED2D006DD03BA9DBA507AE0510A8B385C92363B9154167F1230C40D76AF6F3BE0CA08F8BA2FFBBCEFB09D0986550E0F0EAE2F2780CDF850CB0F88CFC2815FE87BD83909F474F45DD47F1C821DB2107A8817FD45384F57891B65F2543D0C1E20A89B4A8
310
DF806862AC27C60F6A054627FD344250718AC0FA21CDC4E28DBF2650D1B39D8B8A420C348A4F846E2BE824BF8C45E1DB8EEB52F576F47A75FF95F90FCE0FD3A7A08D48D5B9AFBE3EA658E1676FE3372FB57F0AD8D70ED4AEBA3D4C2BE0AAF1C3AD63A6004D12900CFC481A47430C9EACB390038642C8C41B13303166614210
310
592736B8603AD4FAB17189DBB32F3915F0C380795A089A15228460BDE8E52203527D41B5470901B088D84FF8B3FE2BA7F4FD30ACAB3DE0B7E2FF95807AB0010FFDE3A048F7360F9F3FB9380EE537F16F8673131325D3351A3F664022020811A0FE8C019CA17370725CBFF64132025DA1BE2555102212E80A907FB43ED80A99
310
1A8AAC183932C19AE17524B06590B6AD286EB99BAD18FF4BD64BAB519202F992A963648ED30E7521F909F090C0213E367A77D8836BEB6F34D92EDA624183070248351F1A079E5D3E7A9EE81F2CE6678F92E299EE312B6C0572C0A7B5EEE07853612403813152C7125E2022A20C18F855DBAFA399817FC97FB6E1CDCA31D348
310
434ACD0012F0D32A5456B4007E6E92D72B1A4E9971223A42C1042819E4049C0C5801300C0013FA48F8944FBAE71DAFC27F1826FA2304ECDF3F6C10FF47D5C7E49748DDD687DE8E91C09394EE0682A4F84CFD6067EEDF43E67EA46CB2F4070160439245F00343D03BF25D7E2F26FC400A896DBF19FB8D4D0A66DA669C3D608F
310
9CD048A0533621B25690EE19D5D15248E390F042B12C682511B02BFE3E5700E4C9A9B2107A8F45248FA48234FD23005ED1F4EFE80D1320836F04003BF42856D478D1DCA3ABEEE3C68F9F30C3A16E5C238EA5DE3FF37DACC2F8B7980033F47FAC34421EF0418A045394802CE032D61C70023D788136788613887C0011A4EA31
310
6E005718AE191F8D0D841B9C679CD2FC478442D005429166F5A24403B1E6ACF3298F388B6D0BA933D92339D48969A5C11F09B4FF017A9900A4F887010C474717E10F36468032FF33F4AD610517777104CD920C3CD15FC5F3B3A0C75BBCA3B00F2724863C10BCD4A0E00736C7981F2F72E4B001438B99714FCFAF713A2603BC
310
710376A1715FC602022202E06FDEBBC680A3DF1C4C095A12C50B554FE7623B50374FB2129DDEA4C392C9188077658C87F55FF92FFA507FF03FC8DFD3F31BDAB46DD51AEB03F7E1B38B8B87CFF47EA1479C3EBAD5C6B382C221C0F1B358B39D76D9D3142C4A20935F541E492E0EF081BA41B3620A8E172B584EA1485632E22A
310
8221CEDAC6110AFA4B6D43E2B76A18AB240BB24337721C9321D2C033B2D3E2641A55A400A28403C12D1DADE39AD23FC5FC08C47A64DC3FF6DFF76B5235124022D7E6D6D5F3CB870F9F31C96FE477FAFE54100068A3A87FA5908A2C08011CF31309C10025B089FEF9C510522B8DC07C30AA469841723A10C08E27F00F7FBC18
310
1C083F2809EC3B2B328E294AEAD5A071B3A95C81D2DE3F930372D022C9C793535B92FDAD5426E90490C3C81D000017C6494441544698C416520C1C40C71FC204B22448FD9303782FBA67089A1A7D4CE38E89050FEF5F1E078A4DCCFADA058032C34C1CBC2E1202B1F8962B1A8024F0EB7A11F209E96FB369D4B64202FE7BA2
310
30AD24C46413536EAE955B341B726C593B5D4630C0BE822480908522B0D85430230352618DCD4F7BA6D568BF4343801480006658EA3EDCBFFA9702B4FDE9022163C43F9B72B58001A23FCE6F0B3FF0E4E1DDFB9801A6FC42FD0132CC1F2224F89933107AD30B6C9131A53818AE944BE25A70810821C38F098411980E46D108
310
F483DC63F49B91B852351604091D60546702F58A3872A1716411B642C7629C267E64E77719F46B0548FD6BFFFC86A38DBFADFCDF700228C124C8664FAA02BFB1F92B09800876FCE4F2D1C3FB4FD0A44E0106A8DB8079751CBF0BD9340066C3D52BC64706467C05B5A54401BE4A1B0132A55EAC1CCCB10D378A3DFEB9812022
310
327745EF2102886A9142C812A1A2C9708027BB55B7006357459F9C2080E0BC34489FC629510F3017B62D5073E2A2C64048A0A42580E413BA9E08274091A398EA80B5BF31C87BF5ECF8F1C5DDFB4F22AAC181F070AAFDDAE5650C4000516440D8806786D874215149E69ABEC43FF0EFC820FEA112B0522003C84BE03FB76623
310
513B6D840820358B084119B0CEC8C00AE888826339A54091F5FCA513AFE147975BB1A86FC50618D9D74502F0C7C8815AA306602FEE3A5E79E0D7DED1B221001118B73182CD439A092FF801105D1AA14E1918EC282F6260869D55108065988BD67F68E5581720A708051F7C8070F582389C682BE53F2AFD85853F2A013D2156
310
4028E06E79B7A71E43212180A81541EBC88F451E02385100491AB0C4A3BC5309A95911E66D04C0B448366988ECD204C2FC930F8CEE8FA410EE4C25B58DD1B6EBAD83F6196670F7DE635282C0A56A851AB035831725F0471A10FE52097089C80495804100318405F0DFC2136004B4C40705EC9154315129205EC35793003568
310
8F61AC02188250CFA9A980233925F16A117A48CA54DAB6400221976B75D863330942E20EE3B00B08FBB71AA813B0E502FD2B023DF70114E0D7DF2E2EEEDE7B789504200112075478F2FBD6897835C91F0C20782401E801A2F9142700B74805703426023A81CC0BE88B537D0003E0C5181D29EB8D83050964DD2580910A1E7A
310
8138F76253DC01DC2F3824391AD748276C0B0CDF12366625D038603D0003E0266CB42704C8CE7FA7F11B4D59C0BF454A78F8FCF1E50513715D469607031272358F04E0003C90107223A581218F10008B10247CD20D860FF0BF48801040B361808148714764028EAC137E871501EFDD97C89B52107FF1235B0928C562530082
310
573CE137840EFEF82A0BDC602736C595912FBEC69E6A3A26903B3A300C5A098A9E3F1810CDFFBA019D97B4E7A7A075850F2E92569BD960CA7B8304995FD006FC4213BB1448A6F4BFBB3A9F9FC4962D0A1369129B10073771FEDA38B1737B663A71C088D8848027FC3008DAC4E4397A6F76271DFFFCF77D6BD7F1F67DA51E0E
310
08875A6BAFBD6BD7AE52CC04A0B4A2206F650EC412841A48258258E8662C3838FBE21E25172C2A15A4F78D82DCF68A005DCF07047C183E1CE47731BBCCB5469D9169E0D588945BEB637E87802A03D88FB82486210D28FB3B858D13DC7CE75F5E6F3B03C1744D30CC58C7C7A256146853A05243060B850072A7010CA47CFBF9
310
A1E24F414037B8781E8E9F219A774B36481CB43E48A79819D638C8760D672FAC19FB9D3FC5EA9158DBD0159C27860409682E8FF2595652FE189D2CC2D7C023E944158355806FC320087CC74116030CC376C559C098B93A041C5DDA48AF33827D2327DC761D19C17CC62780D82A170E6CE7415A5E7FE825E053048F88D2AC2A
310
561CA4D4C60098DA28EF1A01382772484698F60C8DD24BF396EA76260542810A625978C03580A9CAB91D10249BE579B0377A3DD15749A45F24C4D81FF3D7D7996F6A1690288008C0FF6CC186DA9D5FC95BB09B1301004B016E707FDFED306A1BE8FA208828F00BF342186839839F1F6FA338DC5A0200FF383DE92614C03A45
310
08DA18F4D85F9354F7E867AA77A42FF49BBE6757A1A7454448D0BFC3C220714FE43A3D8F1547BE10F0BC5A05985AC3C28829A06FE24CD062700601F4AF12AF99099B08E7071DC4626A97C920C3FF96E190C9D1FD7CB6163E800D79E5F3F10A9306C02B799E80F1AB380E0571A584C0370A220C3125000B500900D96FEA4040
310
9F980E2083E4EDF4D8D2480AE5667222E020BCDAD4EF19682120818FE18EC7FD6AAD67C03F7DF1955E697456F517AC4F24700C30171C67E9168B109A4F60AFA60F98BE30941BF776DBC7C70792A2FBE98AAA97224F8BEA39B47BFD14A8CD03320DA2B676E3AA397E652E30A42CE2987B7DA1EF7F75242413800A04C0270C62
310
A13372400B435ACD84B8B5009208F5AC73EB149FFF3508E21C2201E0338BE07E50EB47E7FF6D97724A601028C5519073E7978EC88834410450E074DD58AD13A4900103A6444A9CB99103229F0EF8C0C78161EBC68137240734CDCFC349807851E0EB46CE864D2E405ED341B71A390CF2DE20CF5193189E1901E866D0230409
310
684B193D17E2928534D04240937D3C84477494FC5E0FE0B448E35AFC19007926C1C6A6E622FDB8A12E30993C6710E070397C4B26304C0AE38218D19F01FFB15BAE1C0E7E74DF75F2406E373C414E848FF8E500EFAF3C1029C9C0ADAB2313A7426CA9B2C1B9E30032C84EF31A09A88A386F136E8C2F1D582EA0459207015F10
310
F1F001F0B1B7DF7222011EA2001F00BFD36BAEE0850928B08C077030FE3806C880EAA74BCE0863A952812E6008B3A89199C1EE918AF96AF583F1A073B0A355B9D861AF1460DCFB3BFC6B7EFDC834B09700CBED3510E48DC7129041C991F06BA5006CA6B5B34EE21501374E8DFC910042036111EC9C7CFA1C05D48A7270F7F8
310
35BF04A4194DA4CF76CEC66718C84CD020D04C412AC848F03E3C61A1C8D50D0EA6838A00376054D3DF61A0E393E1F8B058A6C994093476D601A4A06F0CFD3C0A6BFA910E75CC10400A80FDA93AC9B5EA4303F6C0D188B559086091CC5910137772E14F2376D03181B5CFE74C0EA38440D0AC256D6C4D104CE05302FCC00B60
310
B9CD4D71E08BD40C144A025E60D4C1F45FE846A2105D717EEA84808A5DD90A168E133640311CF05DD870768683F5D2F1800F485AEBE5CABD8FFA3C0BEB33702493AEB551B1EB035EF5C8E5757FA7832141F88E8578A363802B560007AF93D7D470B478C4D00B412D634C9140C4F9275C00DCE8DFE3C7F8C0AFBC5B2CE82E3C
310
3BDF393D4375D50C43CD1C17E3777CD2C170725B7B42B41DF15BFC344DAD089C1E9118522B4A2C60B794E4E8F33081BB7C8CFCEEA0B2015E49D586429C6C78646180B7710E06018A3082243C275F077FBE412C17DE80D3E6B9462C5204C5D980D1DF84A864401C483CD01B143F4A4868087A0F780F37230200A4FBF6AED325
310
114C367C22512750A5C7C3E32D545CE20A0904183BA10015DCAD89864B3E1EE97EBAE8B204266A48E010511838E2FE413FB116E60880C2D8440AC3880DDA6DF6618C138CF1CB2A09637E18D00F80CB0DC05322E31EADB8081C29410903F06BFCDF5AB46024E4A75828056440503C707856EF0C037623DD4922A400E8A6BD75
310
E4D2800905F18450A00CEE88860C8964C7B3F90F56528BA18F71CFBBBCD2D05797E168FC37DB26DBE0DD2EAEF39686C18440820013C1444055402A541400DD362A0A402F1FE51246404E098249FEE30708C10CA0B54601053159480C00BAA9B1223A773234FE72FD5C3BD81804D8D196FE3D5315A0C981D88D04FA01DFC185
310
CA93F9120E1F480B08063364A0A318F08DF95056E4C91F1150D31B011200383502E079EE43CC18603AE2F88FD139C802A739F208E88D06DC78267C448C27C4113C19B0F51B0E9C1C021CF8F9167C6B1F2E10E461002910105D1042792D1CA303F469714C018C23D72179E165049C40E801CB96CF334562E5807291D1E0C70F
310
E6CAD91656715F0E5C5E70F8D7F83290549B1BAA6F781D25180EBCA93EC84E72A74081CE3020789B3790E1A9E478E658C099BECFF01E530E80EC5FE31204ACFF70AF8177A03059240CD074978A002A878BF883FEEC81DD684E406CA630ACFDE87292822A11953710F000885D6F68A67ED40CD772B0828359B753F7CE23D947
310
9AB9845771B389D6A77130F8C134EFC83947392029B10E4425440A84AF0E54825228FC1634D369874739C837A9DDC83C20D320C36042610ECDFA750303710224D01202488012CA847424F8D53F78AB6BECE9B3B35A7F32396AC6B7444566327DBB4DF06FD9616744F4D3A397EB3B0A3FBA8D763702883ED742FE5CD24146D8
310
E353ACCF811C806AE09914D8446E93840FF4D6C963FF32BFB6AB015D1D3B0C9A0968776F021F21404B6260CF84A14F35180CE20B5E85BDA2EC91FD5A7DBA7E5705F4F0F97AF26CE18E3BA078138202400A62930FA6CC7882F911A92F33E547E64990B0F27323D73B6222863F86425153FA8009361C675554C25382CE148420
310
C8DCC47A20122806CA178A0918C14CBD33440289078A00EC6070184CA9907FD0A1270478E0B325B67C2193694EDB7DD0F3C238447C8A11485562FB4902134E6AC952FD5320A4F7C780882DA9684285CD81D278C0E8FF8DEC9F45D22DC3C2CA99C2728110888799575B6834BF22B0F01EDE72D7F21B672C40F0A972999E2200
310
B7C91403F9BB3D09C01990819238CBAE5E7510D7D57450507E3DB04AAA0A3C280064E0775380C8C16EEA4834346A04BF0CE847B4B3AF760D06D24BBB267C32E2C9257DE5EB748AD101AF1FD33265E2B674EED8C01A0AC901392211011AC810560F77778E85B13BAFE3E25C95B70919A4862C15928BD8989664AD8638101D00
310
9A80F00BDC41AF27602A4BDA0C077E550048E7F1011410F01405045E1C140B4D0E70E0F6E034171C3D6FD12004FCC1FA304312518910356628A4A326EC9ADF5DFFD1B2C0399503F14B4F8E3E0E4E39A06ABCB56A8014687E86E462BDDE5124615ECDB412B7314F62E6E0C76ADEC0F717B360E741960104CF1706CFA18E0605
310
004B01AE007869B095ED92144A807841EFF2811C047889A04901C809062057192688C92346F97F279449F89B113500BAD282D1DA80A55C27EFFE02C8D4F395003F285B617BBF0831F49B055342DDDD414378E8888E92C16789F269A27C9A221FAA4A0DFDDB9F935B2ECC04DC51481558A69301E0460B02665AC4DD30C03D48
310
0866C3409400051811876014C0F294C542821AB045011A3E3F09001FF304E3A0BED05CC11A811B865001769507FC01ADC611F400CF68C7B093606E30F3C7E0F00C1D10C31951C1E2D7252181DA00345842A19130715C736EC9ECE686A712FDB31E4D3E50AB336E5666D7B212C0113C4A4406029709B43D0228F3FBAF49921B
310
19CA0C82A2D5BC4A2079809240F37D3E10F9637607C3983F0458508A98B8B4EFC92AC13530180CF55359500080061DF59B98BB3FEACEE881DC8127F182A885A86FB12B43C590A4380504E32305E3148BBEEB2D2782029765428092545BA5C2C681FC5F8E869C0EE1034A822FF09A12C94084505AA868080303473F8161F7AA
310
0A6610745E280BE4427FB770106F8800EADABA19F453210435BDB2348471B13B65F2FCB554827632C4C44467333E4127095D22092ED492009930413251B5408345065065E415266E20279A40B3F520370BE2050C8360E6BB4601C1673B9BFE007EF5200B6483CD195400A783E6DEA0653515B0FCE8E86D1618FC1EFC15C2E7
310
27F24F2A2DAB57326D8D0877D4E298894E7A0C3C7D9CE8A0E2D17AA2020FA1097D6372F2A9F955060FDD467AD0426368C24A8340FD0D6687A76316DEF5179ED9042005A2BF02A5DD810A4DEFA4A8F700EFC50FF4FB8C06410F0303C106ADF8852ACC6A2CA9046E9ED070739339857222CC009E206479886EA26227BF7A341A
310
15C351A8404A6C10080A2140FA4B4E8D9B9A11645899332363FD69887F436A660566964250FD752E787B64BCF8E6C8190DF8EA0C854C062D8A5A1346F810414313E606ECA0AC3A01D6928544029D5F42E202C0CB386F880F7842A31287061F32F3CBE09F2950783394F2F2B23D85386C6F51943E99DD10C8A0000BA9569A14
310
805693274BD0E4F4DC3F28E331EEA91C4F33ABE057889BFB92819187840A08E57A276A8BFCB75B0342668C70C565C8059996D209C2800941A21FB82B2F520BC2E6FE6F1A8827043DE17000DACC8193E78BBB8DF1467978C06F6AFE986123E3A95272CAC122046F4C65C4B88FED2F1CD1D918F7CDBF8903BF1A90057D42F4DC
310
133AF804ACBB58446A0DB78806FC053FA1E45D0AF1112613CC0DD976C5E70AD3282F42725C0D02AC8588DE451B1C01ABF063E7748A3882F0DD484BB78D037F9812240EB88B6034C0AD53E5116D4C6D920C6A89F084E6D0598AD7EB6930CC7B293E27A666E5CDFE9A3FA52FEB3C97976FDAAE9A60008FCA6B33099CF9880D35
310
D419FC687D424378E3099441E110C5B3C6DC311E6653514A67A530D863326C4D8430E0C28024803B5B069B0E60C10EDB6DF087034171DF01F1F3404B27B1056D8C0E56E7CA6056E7798147BE4C2F01CED5987E413AC6A724876DE3F599E0601CE7B9CEF3BEB3671E12DCE8AF9631B8031D3F360B6955DC2342B2A0E4632A00
310
264C0DA002220CFEC3E10D9BADC8904D88DC51928593AA16C91DF6FFF82B3234404C7214D0F8608E0052283EFB2B0563F1D072936C4017706010BCF1B16CDE0C1FA9C777E44E1F5259B0C9BBC8794A82A6C182A3AF56B16921405351FDDC91B5BAAA617860E8D76C97C377FE701A4EB4378FA97C2C8E3CC8950886C6FD93AF
310
70A1F5F676B7ED16CBC56AF5D09110EEB8607CC08A795882358280DDB98AFFE7087C6EB593D62F041CDB4018935238E73F1098100D0C8769818F777057F64C703C6530E142FDF5C837AE1CF66C94C4887D3A3726AB990DEA248F73B5D32C8E04F6714B1E67C53FC52040252E605B322407CBF8C7F05453462A295ABF4D9559
310
2DDD76AC23512E9A2DF964715C80DD752CA8E263AC36F02C3C28A133EB22AC8D099BDEFDE28C3E8FFEE3815D5D00C17C00511058354D62443C1A546280E43572A9C661A34FA5891F8E7570608C8DF21DF51DF9D2A84D4501F41B8CD4F4C9DEB2F901E810C0E4CEB6EC08DFB06341C864CF8D0EEE779A606545E1E64AAF30A4
310
324C20FDD3BD558BD966BA994FA915CD162B1978642AD01694E533EC190368A68234657085B5F88E27A0805E04B8BB6A00A51646EE3C10A50FF007FF410F1963CA69BE2002F0F902E701AEC995FD41F83A3F0C3809A3288A083003A6CC2A20E6D703EE48E3777AC07ADD51EB6101603A9FCF17B3D5928F6D742EE7E4CF38AE
310
2B03C5FB39C81D7B2978FAFE85AF3D2710B0582C970F0FEB0E4D1103B8BE2B4D560CA10002FC8F334C891C07B44FE06B2E3ACE5E1E2D1FC32203110ABF9CA0E8381F68EC3C06701328E5A38278A5FCD944CEA5283DA933DF2A2448BD23F1C5D8BE04CC2DC3B43B3EEC29F8B5FF926D11D3E97EBF7FA1BD1E5E5F5FE6D3D972
310
F548547783146ECD84873F377C5820F7F9FCE5E07378D6CBCB7E036DF7F7104079A05B77C6942D1BA95D47424BFC3DB6411009A42E207871B7EE9B06614BBD20F22F7523FB985F3F7068E37600273A3ED0C1CCC380F6EC4AF01CC1CF95E4848B7BF950AD14C44F10460221E02D21D01DAE800F323704C00035DFE97CB37F79
310
7D3D1C0E4FBF35EE1E5E9E0E879FBF3DF6F474780A01FB3DAF01FE0C0798218007C2090A3008BA7682A338F4A8804A06CBFE6A80CEC766F49853F15B2F45FCEA3F8250012841315016E75E797EFEEC4ACA6C79F515CF1738F7C36E2406071051043817C9E8C5888D49D0332E800062FF54FA562BF7446CC0BFDFBF8603D1FE
310
FCC9F7FFB5A7F000430755C2D3F72F2D02A022820897ABDD44594475BDCCA4A10AF34C06B08B4AB58BBFAE30999DC66C7CE903A83CF8EB006EEEAA063430F84B05F0ECF644825F5E95073870E72A0771AB89B080022A0C5A9FAF34C89286257FB7BEA000EC65B59750C68E0815B0D9834B15606328F80709DE09018AC2A781
310
7F83F96DB3D562C10A0A31300230CD4200B87F85808BAF64D04600254047F9C14DE93464009E7F5AABB4FDD6D55142A2C0BF1541FCE19C20C899BF4F76AB54B84CB97F88F48ECC029FD253F0C70DF4816B9AC94BCBD653B1A283C4001A0337955E4AFED3FB790B6B1F5EA0B5514074103A38D84280EE0F5F9BE974EAB2D16A
310
B1EA969684B6E4166CA28264B300474C7308D20013B204A65F82970718D05678B3315D442E1C0A327E2F56556040C005D2FAB1326A68A07507C9E46A3648555A7080F5F50219A00E6222E3E0862CE95B5680930530742F1D041805E69B788161F015944D041182B861A2C17F3AF01CF5BFDF6C343F9171F5B004BF59C01671
310
9164B888EA206A02AD05E8464D06B48E4381A0E9345FD171625AC22198F57C003BEA5510F81FF78D31C9B033D0030000000049454E44AE426082504B03041400060808004868B65C6BF0C445B100000031020000360000006662782F37433637444337372D414244312D343143382D383645372D4434333239313339313141
310
432F6469726563746F72792E786D6C9D91C10AC2300C865FA5E43E67658887AE032FDE4404CFA3AED928ACEDEC5AF1F1DD74C89C07D94E818F3FF942C2B287AEC91D5DABAC4981AED640D014562A53A5107C19ED80649C396BFD2806C4088D29F41838AB9C0DCD80249622D4537AEE82472B7112A6C0C957770758EB5D671F
310
C6795101A72C7E43CEE297EBB78E57B818552A947BE5B56896199379C6031A74AA58E6DACE739D9C6A7544139ADB46DC02E6A2BEA2B4CBDC9BFFEECFC5FB67F327504B03041400060808004868B65C380155985D0B000055410000340000006662782F37433637444337372D414244312D343143382D383645372D44343332
310
39313339313141432F6F626A656374732E786D6CED1C5973E238FAAFB8D867832FB099227471245DD4744F772593CCEE934B18413C3136EBA393CCAFDF4FB264241F6008D9E9DD4A4F55431B59DF7D4B33FAF4B20D941F384EFC28BCEAE85DADA3E0D08B567EB8B9EA64E95A753ACAA7B1328AA32815D67594106DF155873C
310
EE8C479B38CA76ECD10AAF5116949FDE4CFFA9241E0E7147F1029424579DC47BC45BD445591AAD70F2D45DA1147537EB97AEDECD17CADB6E62B47B2C81DAA1188729A00ACF43D88561A0CBFF04927AE3518F2C909699ED96F5DB2DB3DB2DB3DA2D1BB45B661C58D6A3429199E887498A42AFC2B1122B8C068E955861352C2B
310
B162D0B0ACC40A53B7E6D7467FA8F62DCB54AD81A1ABD39BE95CD56D539B0D66B3E1E47AD851C6A365140585AAED70B8027D7DED8CF5518FFC5208BA2AEF124FDF1D5E4938EF03AF4ECA5E1486D8ABDA45497C444C491A833230767EFBDE196FC04463DF7397D976E76ED16ED4CB971CE06B49790E6EBBF2D7EB2CC14DBBD6
310
51B3C24CC83E4ECAEA2ED9B34EF54CF003B91A0B0FCCF28A5C838515FDF28A5C79851576833697A5DDB0AC9516486455A8A820DDD2C072DA8EDA45138125ABAEF052DA9E0B927F8A01225AFE09DA99B409047182492091B4340F39DA5E850487E027CA16A5A0C02850027F19A3183C032CCD3D83B40D0948642B85C896BA0F
310
AEE822AE103B8E87AB3A2CD759109010D919D360E642C8C3694231F3FFC2F11E7B111AE004D4667E983ACC24D3D71D6C311CF5E8C3FC37D3603FE68C54D601DA8065009964916994F83523E17631EF8C7FBD59BEDC91105C0F7C17473B1CA7C4CA68BC64E1834B50300130B4164CC9F92ACB6ECF955B60FD6FC0F902176504
310
928BFD17EBC5E2B4C7284CD651BC05E9289AA26AF097A690AF956FA35EF1F25851A474A489A7102F2EC453890C09B6C0D2F1E807287D149B8CB83B0F05E079BFFA21F169A0284A10C12348A9D6CB97CE7801F90A3C84B75000D4C37FA31EF9AAC047BE0F38E49284AA960D367A5C50297E49B318B4AC4954DF633FD9AABAA5
310
BBD10EFD3BC32E0A967815159293486E62B77D11764FE677BFFE9EE33BC76B3FF453485BEB1191782F59FEFDE2376A9847E992DEF2C0AF6C22E24F6AC475C7C405E2E15E447A19125C2FF67704DBCEF83EF4D73E5E29533F8500DB6D78E509BF3E47F1EA0838A213B049926B07D596AD9F78EC9F0532B96360AA17E31F3E49
310
F7A9D3E32E435AC1EA81CED86AF029C49DD4B041D25A636A1883E94C53CDB9D9572DDB9CA9C3E9BCAF0E6E26931BD3709CC9605EC693ABB4E81463BC26715FE267FA986D9721F203F881B000AD76BF7CA22EF6AA07F6D3B367037B3EB36D75329DEBAAA5CF1CD5195CDBEADC328DA16E0E757D32EBC53889B2D8C349CFE869
310
2E934A2E1477176E9A70E33856CD0D22E005CC4D4264AF1C224BFE878CAC811A499AFFE7A695805F473133BE2C37FE25B57DF716A3E08F280E56241C6012FCABA1E061016642838122FF0A5B4172B408BD4729583885E252B860396DE1FFEB12F0CD4119FEE55D8BA90F4C7D6668AA7DEDDCA8D6E4DA52278E7DA3CEE6B676
310
6D4F268E398494893886BDFD70B315EDE867712D9235C81A92FBA306C1147A4148D57B5F519AF49EA3680585DB63B441E12B2DE3BA7FEECE706650061C77663CD906FC241AF679DEE7BC9EDCCB41E47F931FEB5F2C59B8CBE235F2307086A6DE6F4F1A2AF44874B7F464445C800A69933135254FBE42E0C64180421C653CA0
310
17115C0223A5130CA3A2F011130AD1F2A5CA1E6DA32C04EF217B149A7A3EF028AED0D0AA7535CDD4F23FC640B36DCD3434676F5ECCC9E459294FDD392C56EE37C099C9FA4BB25C9EE7025B689A6B95DC17DF78134449E28738A12D814AFA5CA28125CFA084752E91EF09DE2000A0FE0F3F7D7551EA6A2BBC69C05C421C3834
310
D00C5B33ACA16399FDA16DE986DE1A648C006414BA3E34B220F13F2E10BD0BDE8DFCB1077ADFD12D43AB0843F2F802791C564A2AAB20835AD07B759FB1BF796CA90A6098CCAB1E62648283B5EB0741B675BD28886237C55B282D112B33EA429CCCD056502811B4030C44F85BB4C1EE1A9152FE380BA1542E9121B6C14EC9BC
310
73B7C2AD956CCAD85D40A03B970AF7DA0C5CB2F0E419A5DE63677C473FD559B6DC57CAB4415034012E92AB4F07CEDC70E68E3AB936A6AAE50C20739E4D86AAD33734CBB175EBA63F2953F43705D401E4EA5CA5CFCAD2A17D763CB01D2D8A1BF2DA36D1ED272C851BA89154B2656C6B11B118B49FAB009668E5E6B74F5B8426
310
A39CA07DF1C327D692F89D37AC5A05A5C209D5342765105FD16EF688A0A74FCADDA3DEF3FE812D76790C226E897F2FC4D348D0B7F51A5A955F22EFA90DB4321562C6215351D43A39808B143B05F4DAC07E10FE458A9DB3E0DF018F2E54EB198553AE8BC70DF453F817215FAFC06FD42A0AB4AD5215CACA4CA359A9EE73653A
310
4953B9AE34E27A7F0B2327D42A253A0153CA813688167B7244F3CFDA06C2C37BD0FFF01EF43FBC0BFD7F4CC24D7066CED7AC55D3208BDB488AD446792E3EB4ED81E5187D07B2F18A51D0A94CADF86EFC806490F9018663554CE16CD894A7517F17212485ADD4B7D8F2A8A1DD7E9E4E5AD78C150D3EDA026A9B4C2EB6BB006F
310
E1D0072245D357F225B845D094871899F4EEF3E65ADE33E9E5BF2E4865D085532EFB582E857A79C76F9FEF6AF782E7ADF7F84ED27BFC5CAB40726D5D786F56244888DD2FF6DD8A5A9C246AEF1707F0FB3BDAE5122D72246ADFD32A3388AB49F149868C9013C1DFCCBE60167E3CBBFF685BC9EDBA96A93DC9234F6C5B093E2A
310
6F052C5FDD7C6C5D6B1EA5BE4DD93D89557ADB1E9880012F1B97C87B225D41D78321FD39788891A3D8941C9839A5ADC69A6ABA3E2431C319F6FB15B759DF54E347731A3097BB6A6C54CE0DE97057CD83B378594AC6BC1EF4C01AF6975A352D513EA50FA8754DBDCF1A8EBCEF6828A73C2D903A4C2D43EAC4DE51B1796D76C6
310
B5E1B4FEA4D6AD34D66AD4D64FDC2D8678D7462E25CB1133108E226977BA70B82A8536D3F1AAB2D890251F4D3B92062A743329FDAF6E8248BC6E550EEF6B090641CA7A45A4CFEAD172033828B5720778D8BA055CDEBE813DBC01FB8EECE1204EE827F7759AC43AE086067DDD1CD8950CB649161CD8B90DE532DB6AE1BCB59D
310
3C006F520654EF5905486B9A999313900DD621BB593ABA683BBC10C0408FDC0FE144EE054A186E22625FBC0177C9855778532B0471D7377B4C318EBF4BB75D34BF2D24876DF800675DF2A100F33F52CD7272C77E0ABDC0155EED8B0E69BBBAA63DCF69C51672DD805A2E58A41208C6BF9FF379EB5B8A1F6197B3CA1E3A86E6
310
78B0626846E640072A9472B123E0C076FA6F16386F9E31C099DDE355C8D119C3D1036AA2AA34CDD27FC269C351BAA4DAB165715234B6A597A52A8115CC1F7387DCCFB19E8FE88CE53AFD63EE0057A06A0F591D8E9932174B738F8B34DECF827F0765EB85E60E3FDD1933A15C92B94F89FE983BB449800E57B6325B3FE60E1F
310
7307B8AB202BC5C7DC811CE87F4BEA5D99619C9580D774733EE60E68E7B69F3BD49EA5A50DEC130ED3F2824E984EC0CDCC240A7CB8EA0CF73F3638827E1EDC2869512BC45B9CD03EDD7ED2B162F7AC5BBCFD23BF4697A265C0E7245E7EA084B4E62061CE3CB80707F3C7AB0E7BAEFC036EBE91CB67F43E52F7094E86B29649
310
47C962FFAA43268C3EDC9DE82EE10613BD2F46772F1D7483DC1211470957CAE85BC5BFF7AF552638C59A367C619449C535D8E08E8E5421A0E53F8C47E793CED151500A5F97595A10B37FB0A7863181DD0D611F70D1EB89B1F7052AFAC374E95DBA461A6AB5BA347A500FF25DD514C51B7AA352D0C9C9FC7B0F8A4765F14DD9
310
05D98688F350ED2AEDA4923B344196DF6B1A818819993B44BACAB35FE0347AFC84E31EB49983E8951C50876937DCCDFC92DFCDECD12B3BECA2A6BB4409EEA255F2040F4072B14F6EBBE5EA21C9B7689E08F2E50C27AC86D7A4F58BB9C29AA190B672852895CEF9FF9B40013B21D7A68955880B84BB64A0EA8015FD71FF853F
310
18F562B8D638FE0F504B03041400060808004868B65C793B669DE8000000610100003C0000006662782F37433637444337372D414244312D343143382D383645372D4434333239313339313141432F7265736F75726365732F322F636E782E786D6C5590CD6EC32010845FC542EAD1185335AA224CA43C437BE925A2B07651
310
80B5F8A992B72FA41CDAD3AE663FAD66469C6EDE0DDF1093C5B09099323240D0686CD81652F23ABE92E1244544CC7F303204E561214D26526C11CBDE2503AB2AAEA9CE866B17D9E53DD8D58239DBECD57ED9C34606ED544A0B49FA0BBCA2AA643490AED4A8ACE84C23242C51437D94AD87FE484750190C919CF1C3C85E46CE
310
DFE6E723E3C7F9F021A6464AF189E83A6F438688FB13671AEB1AAA2F26A6064851A2ED540B530FFF4DD26A524C159222E558FBE870BEEF15B65E6D303D90DFAB14530B5CC7A38D3A5B39F207504B03041400060808004868B65CA1C1EC15E1000000550100003C0000006662782F37433637444337372D414244312D343143
310
382D383645372D4434333239313339313141432F7265736F75726365732F362F636E782E786D6C4D90CD6AC33010845FC5087AB4242B3494202B2F91532F419536AE88AD35FA29EDDB6795AAD0D32E331FCBECE8F3F7B60E5F9072C038B3894B364074E8435C6656CB6D7C63C3D9E88458FE616C88768399359919BD24AC7B
310
973CDC6C5D9BBA8678EFA2BC2E10210577DDE3C206B7DA9C6796DD276C96DB5AD043BE736F8BE5134F90B1260774A2840DFA0997C016F0CC28A98EA37C1D95BA4C879354A7E9F8AE45238DFE405C3B1F628184FB8B920E698D94486AD100A36B0A9D6A6F90F1178F533C2DC8363A97441D74ACFCEC8485CD2E209EC8AF6BB4
310
684FD2783640B315621E504B03041400060808004868B65CC8FDCB8462000000960000003A0000006662782F37433637444337372D414244312D343143382D383645372D4434333239313339313141432F7265736F75726365732F636E782E786D6C55CC4B0A80201485E1ADC89DF71C4403B5B5445A487A6F5846CB4F43A8
310
86E7E3F0F3E172969DDAEF86504053D6C0344EA40C2E02C231173DB041724F747C6EC070745A4062907CF114B64C4ACF63B049ADC135631B6795F64FBB57AB27114FA9286F504B03041400060808004868B65CFF93750A4201000056050000300000006662782F37433637444337372D414244312D343143382D383645372D
310
4434333239313339313141432F636E782E786D6CCD94C14A033110865F650978DCCDEE8A454A36050F3E8107F196CD4ED7D86CB22413B16F6F52D35691A287427B0B932FF0FF337F86AD3E265DBC83F3CA9A8E34554D0A30D20ECA8C1D09B82EEF49B1E2CC598BDF305218314147529970363A1BE65C1A602D824E55ADCC26
310
1705A2537D40F0A4905A78DF112F5F611295086807F09B6A1028AAA672E06D7012E27B5413E4F7D2814018086FEB7651D67765DB3E35B7CBBA5D368B174613C9596FADCEBC3208CECE376D2D6D3C9A28A76634019C05A732953C107ED456F5CA301AEF39F351AF193387DB3971F3AC9514181B45AD44C03242202646BF60CE
310
6872FCC3F7E3C3F351433C0DCA8144EBB6176B4373AA0D0769554CC4FFBAB003FF326FFBB768F972733F69380B3B9BDD7D727D8CEEEF24C43C0933EA6BFC000769E7CF7F5C2CA8E4359ADE2B3B9367BA5B8171F06923F24F504B03041400060808004868B65CE237AC297E000000A30000000B0000006662782F636E782E78
310
6D6C4D8CD10E822018465F85FDF754BF3AC14D70063D884B742C8446D27AFCA079D1D5B79D7DE7F4C36773E46DE2CB062F004F1720C6DFC36CFD2A20ED0BE54006D9C710F6BF1B103F6D4640C120FB3586F43CD06C9629B9429DF58F0332D532AD18A3E355236D5071CADB1BA3BAA9AB0EEB0E7154D9381725CFAF97B7E4E5
310
17504B03041400060808004868B65CA6D797065F0000008200000007000000636E782E786D6C4DCB3B0E80201045D1AD90E9FD7516806B51190811670C8A61F982B1B0BAC9C97B72CA7B1037C6D3332918DA1E04D2CAC69353902EDB8C20262D23F3F59B81A079470595414B17391D1F19B4730A5583A7ED43BBE4025D9592
310
775E5ADFFA01504B03041400060808004868B65CECFD112DA800000026010000130000005B436F6E74656E745F54797065735D2E786D6C7D4F4B0EC22010BD0A61DF525D18634ABB506FE00510A79458060253536F2FD89D5197F3FED3F68B9BD80362B21E25DFD40D6780DADF2C1AC9671AAA3D677DD75E9E0112CB5A4C92
310
8F44E12044D22338956A1F003333F8E814E5331A1194BE2B0362DB343BA13D122055543278D79E6050F344ECBC6478EDCD76CE8EABAE5449AE4298AC56946789C28AAFBEABC53F3EAF09A84A1441B91F0101CD4780756578C173A578FFDDBD00504B03041400060808004868B65C3DEE336E64000000790000001B00000061
310
75746F6465736B2D64657369676E2D7061636B6167652E786D6C35CBC10E83200C00D05F21DCA56CA76D41FC96062B120735B69A7DBE268BB7777961F8D5AF396893C2ADB70FE7ADA196782C2DF776D7A97B5933C430F15651E5469C55D70F80A4992A3ADC954792C525AE70A1E4D6AD9816CC044FEFDF01FE3FDE90780250
310
4B03041400060808004868B65CD650387DF50000008E0100003D0000006662782F37433637444337372D414244312D343143382D383645372D4434333239313339313141432F7265736F75726365732F322F636F72652E786D6C8550CB6E833010FC15B477F3302984C8382A257C414FBD59B643AC041BF951F5F36B072AB5
310
A79E76353B33BB3BE4FCB53CB24F699D32BA872A2F21939A1BA1F4DC43F0577484EC4C8935C6FFA241A6D9227B483050325B13D61DE2467BA913AA8D903BC89C931E32FE884D0F8EDFE4C272167C64B87BBE327E67B3CCAB7CE351128212BB5489E8A6AE4A5AA0F5D076E38027D48D5D830EC3D8A26E38B6686A87CBDB747C
310
3D5CCA9114494C8957CBCF766E25F35200C5256E50F982307EAFEA53894F55F3418AC4A4C4791B7FDE97A6EF229D141BFAC72DACE27FB7A0B4AFF1EEB6291CD02A1EF71C5052A474627946176B4A927E03504B03041400060808004868B65C210EF4C9F50000008E0100003D0000006662782F37433637444337372D414244
310
312D343143382D383645372D4434333239313339313141432F7265736F75726365732F362F636F72652E786D6C8550CB6E833010FC15B477F3302984C8382A257C414FBD59B643AC041BF951F5F36B072AB5A79E76353B33BB3BE4FCB53CB24F699D32BA872A2F21939A1BA1F4DC43F0577484EC4C8935C6FFA241A6D9227B
310
483050325B13D61DE2467BA913AA8D903BC89C931E32FE884D0F8EDFE4C272167C64B87BBE327E67B3CCAB7CE351128212BB5489E8A6AE4A5AA0F5D076E38027D48D5D830EC3D8A26E38B6686A87CBDB747C3D5CCA9114494C8957CBCF766E25F35200C5256E50F982307EAFEA53894F55F3418AC4A4C4791B7FDE97A6EF80
310
36A4D8D03F6E6115FFBB05A57D8D77B74DE18056F1B8E7809222A513CB33BA585392F41B504B03041400060808004868B65C471BEC5FFA000000960100003B0000006662782F37433637444337372D414244312D343143382D383645372D4434333239313339313141432F7265736F75726365732F636F72652E786D6C8550
310
CB6EC23010FC9568EFCEC350429063D434E40B7AEACDB217B02036F2A3EAE7D726A9D49E7ADAD5ECCCECEEB0E3D77C2F3ED1796D4D0F4D594381465AA5CDA58718CE640FC59133676DF84583C288197BC830707671363E56485A13D064D458852B28BCC70085BCA7A6072FAF388B52C49018FE563E84BC890B964DB9F0388B
310
51AB55AA5572D3678D0EF86668BB71A013E9C66E47B6C3D8926ED8B7646A87D3DBB47FDD9EEA915559CC59D0F3CF76E9500454C0694D77A47E2194BE379B434D0FCDEE835599C9990F2EFDBC2ECDDF0177E86D74123DAB96E91FD7F850FFBB466DC286AEAE8BC2036FD291CF0167554E29956784A9E644F937504B03041400
310
060808004868B65C3469FCF5F2000000B1010000310000006662782F37433637444337372D414244312D343143382D383645372D4434333239313339313141432F636F72652E786D6C8D50CB6EC32010FC156BEFD806A7B61361A2D4EE1FF4D41B02E2A2C460F1A8FAF985D895DA5B4E8B666798D9A1E7EFE55E7C29E7B535
310
03E0B286421961A536F300315C510FC59951676DF84383C2F0450D906160747636AE3B24AC09CA64D458A976907BAF0214E29E1E0378F1A9165EF21812C3DFCA958B1B9F5589CB8DC768D0CBAF5438C58392C0484D5A54BF2042DE7173AAC909B71FB4CA4C4663D472B7D232B9EBAB560E5837B6DD34761DBABC4E181DF0D8
310
A3BE7DEBD07468C81137478C2F23ADB298511F5CBA79FF245FF7AC7C13FECB1C57F944666D424376C34DE181E194E7B160B4CA05A6F16837CD5C36FB01504B03041400060808004868B65C220D3BFF55010000DD0200000C0000006662782F636F72652E786D6C8D52DB8E832014FC15C33B5E68B7D60669D6B5FD827DDA37
310
8AD425553008A69FBFE025AE0F7B89099239E7CC9C9980CFCFB60906AE7BA1640E92300601974C5542D639B0E60E8F203813AC9532DFDA402069CB73E0614070AD95ED66882969B8F4A854159F41DAF7DC808035EE92839E7DF29686D41AD7D13FC28EB207AD799884531FC1D68A6A1E1595631377C13520BB22CDCA025D61
310
566607B82FCA1466C53185D7B4B8BC5D8FAFFB4B5CE2C80F136C44BBA833CDA9E1152028460718BF4084DE93DD2946A7E4F08123DF49706FB4F33C8B7A7780DC6F4F1C4DF886CF76D5DF7C5648B34333DF34D10392B8F5C602C191CFC7FDC6F0B6193A61979FA1B766B1F070D0C099517AEF2A95B26B69A08DE58E3A0EC60F
310
4753D5318F043FF1A05F787EE770415159BBD5A871D79B355E7DBB53C7351CCC33904AB7B459979B565CCF556863691967AA51FA3FD38BD525CCC83F4CF205504B03041400060808004868B65CA30D1FD109010000B201000008000000636F72652E786D6C8D50CB6EC32010FC15B477FCC0A91D4798A8AEE32FE8A9376A88
310
8B628305386AFFBE10BB527BEB69D1CCECCE30F4FC394FE82EAD53463790271920A90723941E1B58FD151F019D19B5C6F85F32409ACFB2810803A3A335EBB24383D15EEA886A23E40E72E7A407344CE1D1801B3EE4CC13BEFAA070B764E1C38D8F32C9934DC7A857F3CFEA6025F7520023192971F6840979CD8B53464E79F9
310
46D3A864745D95D8AD9408EEEAAAA40556B455DDB5A4C7755797F8D07615AEDB6385FBAABDBCF4C7E7C325EB681A971975DE863FEF47424E8F1CBF475F9A6E14A3EFC64CBB208412C8E8E90B5846D348FC09BD2EE21FA195F605D90F6E1B0E581E023D88601C1B0CE3516F98B16DF60D504B010214001400060808004868B6
310
5C0000000000000000000000003700000000000000000000000000000000006662782F37433637444337372D414244312D343143382D383645372D4434333239313339313141432F617474726962757465732E62696E504B010214001400060808004868B65C00000000000000000000000035000000000000000000000000
310
00550000006662782F37433637444337372D414244312D343143382D383645372D4434333239313339313141432F76657274696365732E62696E504B010214001400060808004868B65CF270F13306000000040000003600000000000000000000000000A80000006662782F37433637444337372D414244312D343143382D
310
383645372D4434333239313339313141432F747269616E676C65732E62696E504B010214001400060808004868B65C615CC3277D0C0000780C00004800000000000000000000000000020100006662782F37433637444337372D414244312D343143382D383645372D4434333239313339313141432F7265736F7572636573
310
2F322F305F556E69666965644269746D61702E706E67504B010214001400060808004868B65CB5A795FFE3790000DE7900004200000000000000000000000000E50D00006662782F37433637444337372D414244312D343143382D383645372D4434333239313339313141432F7265736F75726365732F362F305F67656E65
310
7269632E706E67504B010214001400060808004868B65C6BF0C445B1000000310200003600000000000000000000000000288800006662782F37433637444337372D414244312D343143382D383645372D4434333239313339313141432F6469726563746F72792E786D6C504B010214001400060808004868B65C38015598
310
5D0B00005541000034000000000000000000000000002D8900006662782F37433637444337372D414244312D343143382D383645372D4434333239313339313141432F6F626A656374732E786D6C504B010214001400060808004868B65C793B669DE8000000610100003C00000000000000000000000000DC940000666278
310
2F37433637444337372D414244312D343143382D383645372D4434333239313339313141432F7265736F75726365732F322F636E782E786D6C504B010214001400060808004868B65CA1C1EC15E1000000550100003C000000000000000000000000001E9600006662782F37433637444337372D414244312D343143382D38
310
3645372D4434333239313339313141432F7265736F75726365732F362F636E782E786D6C504B010214001400060808004868B65CC8FDCB8462000000960000003A00000000000000000000000000599700006662782F37433637444337372D414244312D343143382D383645372D4434333239313339313141432F7265736F
310
75726365732F636E782E786D6C504B010214001400060808004868B65CFF93750A42010000560500003000000000000000000000000000139800006662782F37433637444337372D414244312D343143382D383645372D4434333239313339313141432F636E782E786D6C504B010214001400060808004868B65CE237AC29
310
7E000000A30000000B00000000000000000000000000A39900006662782F636E782E786D6C504B010214001400060808004868B65CA6D797065F0000008200000007000000000000000000000000004A9A0000636E782E786D6C504B010214001400060808004868B65CECFD112DA800000026010000130000000000000000
310
0000000000CE9A00005B436F6E74656E745F54797065735D2E786D6C504B010214001400060808004868B65C3DEE336E64000000790000001B00000000000000000000000000A79B00006175746F6465736B2D64657369676E2D7061636B6167652E786D6C504B010214001400060808004868B65CD650387DF50000008E01
310
00003D00000000000000000000000000449C00006662782F37433637444337372D414244312D343143382D383645372D4434333239313339313141432F7265736F75726365732F322F636F72652E786D6C504B010214001400060808004868B65C210EF4C9F50000008E0100003D00000000000000000000000000949D0000
310
6662782F37433637444337372D414244312D343143382D383645372D4434333239313339313141432F7265736F75726365732F362F636F72652E786D6C504B010214001400060808004868B65C471BEC5FFA000000960100003B00000000000000000000000000E49E00006662782F37433637444337372D414244312D3431
310
43382D383645372D4434333239313339313141432F7265736F75726365732F636F72652E786D6C504B010214001400060808004868B65C3469FCF5F2000000B1010000310000000000000000000000000037A000006662782F37433637444337372D414244312D343143382D383645372D4434333239313339313141432F63
310
6F72652E786D6C504B010214001400060808004868B65C220D3BFF55010000DD0200000C0000000000000000000000000078A100006662782F636F72652E786D6C504B010214001400060808004868B65CA30D1FD109010000B20100000800000000000000000000000000F7A20000636F72652E786D6C504B050600000000
310
150015007807000026A400000000
  0
XRECORD
  5
7F
102
{ACAD_REACTORS
330
7B
102
}
330
7B
100
AcDbXrecord
280
     1
270
     1
271
     1
  0
XRECORD
  5
81
102
{ACAD_REACTORS
330
7B
102
}
330
7B
100
AcDbXrecord
280
     1
270
     1
271
     1
  0
XRECORD
  5
82
102
{ACAD_REACTORS
330
7B
102
}
330
7B
100
AcDbXrecord
280
     1
270
     1
271
     1
  0
XRECORD
  5
80
102
{ACAD_REACTORS
330
7B
102
}
330
7B
100
AcDbXrecord
280
     1
270
     1
271
     1
  0
XRECORD
  5
A8
102
{ACAD_REACTORS
330
A7
102
}
330
A7
100
AcDbXrecord
280
     1
102
DISPLAYNAME
  1
Imperial24
102
FLAGS
 90
        0
  0
CELLSTYLEMAP
  5
A5
102
{ACAD_REACTORS
330
A4
102
}
330
A4
100
AcDbCellStyleMap
 90
        3
300
CELLSTYLE
  1
TABLEFORMAT_BEGIN
 90
        5
170
     1
 91
        0
 92
    32768
 62
   257
 93
        1
300
CONTENTFORMAT
  1
CONTENTFORMAT_BEGIN
 90
        0
 91
        0
 92
      512
 93
        0
300

 40
0.0
140
1.0
 94
        5
 62
     0
340
55
144
0.25
309
CONTENTFORMAT_END
171
     0
 94
        0
309
TABLEFORMAT_END
  1
CELLSTYLE_BEGIN
 90
        1
 91
        1
300
_TITLE
309
CELLSTYLE_END
300
CELLSTYLE
  1
TABLEFORMAT_BEGIN
 90
        5
170
     1
 91
        0
 92
        0
 62
   257
 93
        1
300
CONTENTFORMAT
  1
CONTENTFORMAT_BEGIN
 90
        0
 91
        0
 92
      512
 93
        0
300

 40
0.0
140
1.0
 94
        5
 62
     0
340
55
144
0.18
309
CONTENTFORMAT_END
171
     0
 94
        0
309
TABLEFORMAT_END
  1
CELLSTYLE_BEGIN
 90
        2
 91
        1
300
_HEADER
309
CELLSTYLE_END
300
CELLSTYLE
  1
TABLEFORMAT_BEGIN
 90
        5
170
     1
 91
        0
 92
        0
 62
   257
 93
        1
300
CONTENTFORMAT
  1
CONTENTFORMAT_BEGIN
 90
        0
 91
        0
 92
      512
 93
        0
300

 40
0.0
140
1.0
 94
        2
 62
     0
340
55
144
0.18
309
CONTENTFORMAT_END
171
     0
 94
        0
309
TABLEFORMAT_END
  1
CELLSTYLE_BEGIN
 90
        3
 91
        2
300
_DATA
309
CELLSTYLE_END
  0
ENDSEC
  0
SECTION
  2
ACDSDATA
 70
     2
 71
     8
  0
ACDSSCHEMA
 90
        0
  1
AcDb3DSolid_ASM_Data
  2
AcDbDs::ID
280
    10
 91
        8
  2
ASM_Data
280
    15
 91
        0
101
ACDSRECORD
 95
        0
 90
        1
  2
AcDbDs::TreatedAsObjectData
280
     1
291
     1
101
ACDSRECORD
 95
        0
 90
        2
  2
AcDbDs::Legacy
280
     1
291
     1
101
ACDSRECORD
  1
AcDbDs::ID
 90
        3
  2
AcDs:Indexable
280
     1
291
     1
101
ACDSRECORD
  1
AcDbDs::ID
 90
        4
  2
AcDbDs::HandleAttribute
280
     7
282
     1
  0
ACDSSCHEMA
 90
        1
  1
AcDbDs::TreatedAsObjectDataSchema
  2
AcDbDs::TreatedAsObjectData
280
     1
 91
        0
  0
ACDSSCHEMA
 90
        2
  1
AcDbDs::LegacySchema
  2
AcDbDs::Legacy
280
     1
 91
        0
  0
ACDSSCHEMA
 90
        3
  1
AcDbDs::IndexedPropertySchema
  2
AcDs:Indexable
280
     1
 91
        0
  0
ACDSSCHEMA
 90
        4
  1
AcDbDs::HandleAttributeSchema
  2
AcDbDs::HandleAttribute
280
     7
 91
        1
284
     1
  0
ACDSRECORD
 90
        0
  2
AcDbDs::ID
280
    10
320
84
  2
ASM_Data
280
    15
 94
    31549
310
414349532042696E61727946696C652855000000000000020000000C00000007104175746F6465736B204175746F434144071441534D203233322E332E302E3635353335204E540718467269204D61792032322031333A30323A31362032303236066666666666663940068DEDB5A0F7C6B03E06BBBDD7D9DF7CDB3D0D0961
310
736D6865616465720CFFFFFFFF04FFFFFFFF070D3233322E332E302E3635353335110D04626F64790C0200000004FFFFFFFF0CFFFFFFFF0C030000000CFFFFFFFF0C04000000110E0D4154545249425F435553544F4D0D066174747269620CFFFFFFFF04FFFFFFFF0C050000000CFFFFFFFF0C01000000071454696D657374
310
616D705F6174747269625F64656604010000000618BB89555C491943110D046C756D700CFFFFFFFF04FFFFFFFF0CFFFFFFFF0CFFFFFFFF0C060000000C01000000110D097472616E73666F726D0CFFFFFFFF04FFFFFFFF14000000000000F03F00000000000000000000000000000000140000000000000000000000000000
310
F03F00000000000000001400000000000000000000000000000000000000000000F03F1400000000000000000000000000000000000000000000000006000000000000F03F0B0B0B110E0D4154545249425F435553544F4D0D066174747269620CFFFFFFFF04FFFFFFFF0CFFFFFFFF0C020000000C01000000071667656E65
310
7269635F7461675F6174747269625F6465660403000000040300000004FFFFFFFF071767656E657269635F7461675F6174747269625F64656620040100000004030000000703333031041600000004000000000400000000110D057368656C6C0CFFFFFFFF04FFFFFFFF0CFFFFFFFF0CFFFFFFFF0CFFFFFFFF0C070000000C
310
FFFFFFFF0C03000000110D04666163650C0800000004FFFFFFFF0CFFFFFFFF0C090000000C0A0000000C060000000CFFFFFFFF0C0B0000000B0B110E0D4154545249425F435553544F4D0D066174747269620CFFFFFFFF04FFFFFFFF0CFFFFFFFF0CFFFFFFFF0C07000000071667656E657269635F7461675F617474726962
310
5F6465660403000000040300000004FFFFFFFF071767656E657269635F7461675F6174747269625F64656620040100000004020000000702323104000000000401000000042D0100000400000000110D04666163650C0C00000004FFFFFFFF0CFFFFFFFF0C0D0000000C0E0000000C060000000CFFFFFFFF0C0F0000000B0B
310
110D046C6F6F700CFFFFFFFF04FFFFFFFF0CFFFFFFFF0C100000000C110000000C07000000110E04636F6E650D07737572666163650CFFFFFFFF04FFFFFFFF0CFFFFFFFF130000000000803140000000000000000000000000000000001400000000000000000000000000000000000000000000F03F14FEFFFFFFFFFFFF3F
310
0000000000000000000000000000000006000000000000F03F0B0B06000000000000000006000000000000F0BF06FEFFFFFFFFFFFF3F0B0B0B0B0B110E0D4154545249425F435553544F4D0D066174747269620CFFFFFFFF04FFFFFFFF0CFFFFFFFF0CFFFFFFFF0C09000000071667656E657269635F7461675F6174747269
310
625F6465660403000000040300000004FFFFFFFF071767656E657269635F7461675F6174747269625F64656620040100000004020000000702323004000000000401000000042D0100000400000000110D04666163650C1200000004FFFFFFFF0CFFFFFFFF0C130000000C140000000C060000000CFFFFFFFF0C150000000B
310
0B110D046C6F6F700CFFFFFFFF04FFFFFFFF0CFFFFFFFF0C160000000C170000000C09000000110E04636F6E650D07737572666163650CFFFFFFFF04FFFFFFFF0CFFFFFFFF1300000000000000000000000E00001CC000000000000000001400000000000000000000000000000000000000000000F03F1400000000000016
310
400000000000000000000000000000000006000000000000F03F0B0B06000000000000000006000000000000F0BF0600000000000016400B0B0B0B0B110D046C6F6F700CFFFFFFFF04FFFFFFFF0CFFFFFFFF0CFFFFFFFF0C180000000C07000000110D06636F656467650CFFFFFFFF04FFFFFFFF0CFFFFFFFF0C110000000C
310
110000000C190000000C1A0000000A0C0A00000004000000000CFFFFFFFF110E0D4154545249425F435553544F4D0D066174747269620CFFFFFFFF04FFFFFFFF0CFFFFFFFF0CFFFFFFFF0C0D000000071667656E657269635F7461675F6174747269625F6465660403000000040300000004FFFFFFFF071767656E65726963
310
5F7461675F6174747269625F64656620040100000004020000000702313904000000000401000000042D0100000400000000110D04666163650C1B00000004FFFFFFFF0CFFFFFFFF0C1C0000000C1D0000000C060000000CFFFFFFFF0C1E0000000B0B110D046C6F6F700CFFFFFFFF04FFFFFFFF0CFFFFFFFF0C1F0000000C
310
200000000C0D000000110E04636F6E650D07737572666163650CFFFFFFFF04FFFFFFFF0CFFFFFFFF1300000000008031C0000000000000000000000000000000001400000000000000000000000000000000000000000000F03F14FEFFFFFFFFFFFF3F0000000000000000000000000000000006000000000000F03F0B0B06
310
000000000000000006000000000000F0BF06FEFFFFFFFFFFFF3F0B0B0B0B0B110D046C6F6F700CFFFFFFFF04FFFFFFFF0CFFFFFFFF0CFFFFFFFF0C210000000C09000000110D06636F656467650CFFFFFFFF04FFFFFFFF0CFFFFFFFF0C170000000C170000000C220000000C230000000A0C0E00000004000000000CFFFFFF
310
FF110D06636F656467650C2400000004FFFFFFFF0CFFFFFFFF0C180000000C180000000C250000000C260000000B0C1000000004000000000CFFFFFFFF110D06636F656467650CFFFFFFFF04FFFFFFFF0CFFFFFFFF0C190000000C190000000C110000000C1A0000000B0C2700000004000000000CFFFFFFFF110D04656467
310
650CFFFFFFFF04FFFFFFFF0CFFFFFFFF0C2800000006182D4454FB2109C00C2800000006182D4454FB2109400C110000000C290000000B0707756E6B6E6F776E110E0D4154545249425F435553544F4D0D066174747269620CFFFFFFFF04FFFFFFFF0CFFFFFFFF0CFFFFFFFF0C13000000071667656E657269635F7461675F
310
6174747269625F6465660403000000040300000004FFFFFFFF071767656E657269635F7461675F6174747269625F64656620040100000004020000000702313804000000000401000000042D0100000400000000110D04666163650C2A00000004FFFFFFFF0CFFFFFFFF0C2B0000000C2C0000000C060000000CFFFFFFFF0C
310
2D0000000B0B110D046C6F6F700CFFFFFFFF04FFFFFFFF0CFFFFFFFF0CFFFFFFFF0C2E0000000C13000000110E05706C616E650D07737572666163650CFFFFFFFF04FFFFFFFF0CFFFFFFFF13000000000000144000008003000032C00000000000000000140000000000000000000000000000F0BF00000000000000001400
310
00000000002440000000000000000000000000000000000B0B0B0B0B110D046C6F6F700CFFFFFFFF04FFFFFFFF0CFFFFFFFF0CFFFFFFFF0C2F0000000C0D000000110D06636F656467650CFFFFFFFF04FFFFFFFF0CFFFFFFFF0C200000000C200000000C300000000C310000000A0C1400000004000000000CFFFFFFFF110D
310
06636F656467650C3200000004FFFFFFFF0CFFFFFFFF0C210000000C210000000C330000000C340000000B0C1600000004000000000CFFFFFFFF110D06636F656467650CFFFFFFFF04FFFFFFFF0CFFFFFFFF0C220000000C220000000C170000000C230000000B0C3500000004000000000CFFFFFFFF110D04656467650CFF
310
FFFFFF04FFFFFFFF0CFFFFFFFF0C3600000006182D4454FB2109C00C3600000006182D4454FB2109400C170000000C370000000B0707756E6B6E6F776E110E0D4154545249425F435553544F4D0D066174747269620CFFFFFFFF04FFFFFFFF0CFFFFFFFF0CFFFFFFFF0C180000000711736B657463685F6174747269625F64
310
6566040100000004010000000403000000071631303520302034323934393637323935203020312031110D06636F656467650C3800000004FFFFFFFF0CFFFFFFFF0C250000000C250000000C180000000C260000000A0C3900000004000000000CFFFFFFFF110D04656467650CFFFFFFFF04FFFFFFFF0CFFFFFFFF0C3A0000
310
0006182D4454FB2109C00C3A00000006182D4454FB2109400C180000000C3B0000000B0707756E6B6E6F776E110D046C6F6F700CFFFFFFFF04FFFFFFFF0CFFFFFFFF0C3C0000000C190000000C3D000000110D067665727465780CFFFFFFFF04FFFFFFFF0CFFFFFFFF0C1A00000004000000000C3E000000110E07656C6C69
310
7073650D0563757276650CFFFFFFFF04FFFFFFFF0CFFFFFFFF130000000000803140000000000000000000000000000010401400000000000000800000000000000080000000000000F0BF14FEFFFFFFFFFFFF3F0000000000000000000000000000000006000000000000F03F0B0B110E0D4154545249425F435553544F4D
310
0D066174747269620CFFFFFFFF04FFFFFFFF0CFFFFFFFF0CFFFFFFFF0C1C000000071667656E657269635F7461675F6174747269625F6465660403000000040300000004FFFFFFFF071767656E657269635F7461675F6174747269625F64656620040100000004020000000702313704000000000401000000042D01000004
310
00000000110D04666163650C3F00000004FFFFFFFF0CFFFFFFFF0C400000000C410000000C060000000CFFFFFFFF0C420000000B0B110D046C6F6F700CFFFFFFFF04FFFFFFFF0CFFFFFFFF0CFFFFFFFF0C430000000C1C000000110E05706C616E650D07737572666163650CFFFFFFFF04FFFFFFFF0CFFFFFFFF1300000000
310
000014400000000700002CC0000000000000000014000000000000F0BF0000000000000000000000000000000014000000000000008000000000000024C000000000000000800B0B0B0B0B110D06636F656467650C4400000004FFFFFFFF0CFFFFFFFF0C450000000C460000000C470000000C480000000A0C1D0000000400
310
0000000CFFFFFFFF110D06636F656467650C4900000004FFFFFFFF0CFFFFFFFF0C2F0000000C2F0000000C4A0000000C4B0000000B0C1F00000004000000000CFFFFFFFF110D06636F656467650CFFFFFFFF04FFFFFFFF0CFFFFFFFF0C300000000C300000000C200000000C310000000B0C4C00000004000000000CFFFFFF
310
FF110D04656467650CFFFFFFFF04FFFFFFFF0CFFFFFFFF0C4D00000006182D4454FB2109C00C4D00000006182D4454FB2109400C200000000C4E0000000B0707756E6B6E6F776E110E0D4154545249425F435553544F4D0D066174747269620CFFFFFFFF04FFFFFFFF0CFFFFFFFF0CFFFFFFFF0C210000000711736B657463
310
685F6174747269625F646566040100000004010000000403000000071631313620302034323934393637323935203020312031110D06636F656467650C4F00000004FFFFFFFF0CFFFFFFFF0C330000000C330000000C210000000C340000000A0C5000000004000000000CFFFFFFFF110D04656467650CFFFFFFFF04FFFFFF
310
FF0CFFFFFFFF0C5100000006182D4454FB2109C00C5100000006182D4454FB2109400C210000000C520000000B0707756E6B6E6F776E110D046C6F6F700CFFFFFFFF04FFFFFFFF0CFFFFFFFF0C270000000C220000000C3D000000110D067665727465780CFFFFFFFF04FFFFFFFF0CFFFFFFFF0C2300000004000000000C53
310
000000110E07656C6C697073650D0563757276650CFFFFFFFF04FFFFFFFF0CFFFFFFFF1300000000000000000000000E00001CC000000000000010401400000000000000800000000000000080000000000000F0BF1400000000000016400000000000000000000000000000000006000000000000F03F0B0B110E0D415454
310
5249425F435553544F4D0D066174747269620CFFFFFFFF04FFFFFFFF0CFFFFFFFF0CFFFFFFFF0C250000000711736B657463685F6174747269625F646566040100000004010000000403000000071631303520302034323934393637323935203020312031110D046C6F6F700CFFFFFFFF04FFFFFFFF0CFFFFFFFF0C540000
310
000C250000000C55000000110D067665727465780CFFFFFFFF04FFFFFFFF0CFFFFFFFF0C2600000004000000000C56000000110E07656C6C697073650D0563757276650CFFFFFFFF04FFFFFFFF0CFFFFFFFF130000000000803140000000000000000000000000000000001400000000000000800000000000000080000000
310
000000F0BF14FEFFFFFFFFFFFF3F0000000000000000000000000000000006000000000000F03F0B0B110D046C6F6F700CFFFFFFFF04FFFFFFFF0CFFFFFFFF0CFFFFFFFF0C570000000C3D000000110D04666163650C5800000004FFFFFFFF0CFFFFFFFF0C550000000C4C0000000C060000000CFFFFFFFF0C590000000B0B
310
110D05706F696E740CFFFFFFFF04FFFFFFFF0CFFFFFFFF130000000000002F40065C143326A6B1BC0000000000001040110E0D4154545249425F435553544F4D0D066174747269620CFFFFFFFF04FFFFFFFF0CFFFFFFFF0CFFFFFFFF0C2B000000071667656E657269635F7461675F6174747269625F646566040300000004
310
0300000004FFFFFFFF071767656E657269635F7461675F6174747269625F64656620040100000004020000000702313604000000000401000000042D0100000400000000110D04666163650C5A00000004FFFFFFFF0CFFFFFFFF0C5B0000000C5C0000000C060000000CFFFFFFFF0C5D0000000B0B110D046C6F6F700CFFFF
310
FFFF04FFFFFFFF0CFFFFFFFF0CFFFFFFFF0C5E0000000C2B000000110E05706C616E650D07737572666163650CFFFFFFFF04FFFFFFFF0CFFFFFFFF1300000000000014C00000000700002CC00000000000000000140000000000000000000000000000F0BF0000000000000000140000000000002440000000000000000000
310
000000000000000B0B0B0B0B110D06636F656467650C5F00000004FFFFFFFF0CFFFFFFFF0C600000000C610000000C620000000C630000000A0C2C00000004000000000CFFFFFFFF110E0D4154545249425F435553544F4D0D066174747269620CFFFFFFFF04FFFFFFFF0CFFFFFFFF0CFFFFFFFF0C2E0000000711736B6574
310
63685F6174747269625F646566040100000004010000000403000000070D31353820302031203020312031110D06636F656467650CFFFFFFFF04FFFFFFFF0CFFFFFFFF0C640000000C2E0000000C650000000C660000000B0C1D00000004000000000CFFFFFFFF110D06636F656467650CFFFFFFFF04FFFFFFFF0CFFFFFFFF
310
0C2E0000000C640000000C600000000C670000000A0C1D00000004000000000CFFFFFFFF110D06636F656467650C6800000004FFFFFFFF0CFFFFFFFF0C620000000C690000000C2E0000000C480000000B0C5400000004000000000CFFFFFFFF110D04656467650CFFFFFFFF04FFFFFFFF0CFFFFFFFF0C6A00000006000000
310
00000000000C6B00000006000000000000F03F0C2E0000000C6C0000000B0707756E6B6E6F776E110E0D4154545249425F435553544F4D0D066174747269620CFFFFFFFF04FFFFFFFF0CFFFFFFFF0CFFFFFFFF0C2F0000000711736B657463685F6174747269625F6465660401000000040100000004030000000716313039
310
20302034323934393637323935203020312031110D06636F656467650C6D00000004FFFFFFFF0CFFFFFFFF0C4A0000000C4A0000000C2F0000000C4B0000000A0C6E00000004000000000CFFFFFFFF110D04656467650CFFFFFFFF04FFFFFFFF0CFFFFFFFF0C6F00000006182D4454FB2109C00C6F00000006182D4454FB21
310
09400C2F0000000C700000000B0707756E6B6E6F776E110D046C6F6F700CFFFFFFFF04FFFFFFFF0CFFFFFFFF0C350000000C300000000C3D000000110D067665727465780CFFFFFFFF04FFFFFFFF0CFFFFFFFF0C3100000004000000000C71000000110E07656C6C697073650D0563757276650CFFFFFFFF04FFFFFFFF0CFF
310
FFFFFF1300000000008031C0000000000000000000000000000010401400000000000000800000000000000080000000000000F0BF14FEFFFFFFFFFFFF3F0000000000000000000000000000000006000000000000F03F0B0B110E0D4154545249425F435553544F4D0D066174747269620CFFFFFFFF04FFFFFFFF0CFFFFFF
310
FF0CFFFFFFFF0C330000000711736B657463685F6174747269625F646566040100000004010000000403000000071631313620302034323934393637323935203020312031110D046C6F6F700CFFFFFFFF04FFFFFFFF0CFFFFFFFF0C390000000C330000000C55000000110D067665727465780CFFFFFFFF04FFFFFFFF0CFF
310
FFFFFF0C3400000004000000000C72000000110E07656C6C697073650D0563757276650CFFFFFFFF04FFFFFFFF0CFFFFFFFF1300000000000000000000000E00001CC000000000000000001400000000000000800000000000000080000000000000F0BF140000000000001640000000000000000000000000000000000600
310
0000000000F03F0B0B110D05706F696E740CFFFFFFFF04FFFFFFFF0CFFFFFFFF1300000000000016C00200000E00001CC00000000000001040110D046C6F6F700CFFFFFFFF04FFFFFFFF0CFFFFFFFF0CFFFFFFFF0C690000000C55000000110D04666163650C7300000004FFFFFFFF0CFFFFFFFF0CFFFFFFFF0C6E0000000C
310
060000000CFFFFFFFF0C740000000A0B110D05706F696E740CFFFFFFFF04FFFFFFFF0CFFFFFFFF130000000000002F40065C143326A6B1BC0000000000000000110D06636F656467650CFFFFFFFF04FFFFFFFF0CFFFFFFFF0C750000000C760000000C770000000C780000000B0C3C00000004000000000CFFFFFFFF110E0D
310
4154545249425F435553544F4D0D066174747269620CFFFFFFFF04FFFFFFFF0CFFFFFFFF0CFFFFFFFF0C3D000000071667656E657269635F7461675F6174747269625F6465660403000000040300000004FFFFFFFF071767656E657269635F7461675F6174747269625F646566200401000000040100000007013204000000
310
000401000000042D0100000400000000110E05706C616E650D07737572666163650CFFFFFFFF04FFFFFFFF0CFFFFFFFF1300000000000000000000000E000018C000000000000010401400000000000000000000000000000000000000000000F03F140000000000002440000000000000000000000000000000000B0B0B0B
310
0B110E0D4154545249425F435553544F4D0D066174747269620CFFFFFFFF04FFFFFFFF0CFFFFFFFF0CFFFFFFFF0C40000000071667656E657269635F7461675F6174747269625F6465660403000000040300000004FFFFFFFF071767656E657269635F7461675F6174747269625F6465662004010000000402000000070231
310
3504000000000401000000042D0100000400000000110D04666163650C7900000004FFFFFFFF0CFFFFFFFF0C7A0000000C7B0000000C060000000CFFFFFFFF0C7C0000000B0B110D046C6F6F700CFFFFFFFF04FFFFFFFF0CFFFFFFFF0CFFFFFFFF0C7D0000000C40000000110E05706C616E650D07737572666163650CFFFF
310
FFFF04FFFFFFFF0CFFFFFFFF1300000000000014C000008003000032C0000000000000000014000000000000F03F00000000000000000000000000000000140000000000000000000000000000244000000000000000000B0B0B0B0B110D06636F656467650C7E00000004FFFFFFFF0CFFFFFFFF0C7F0000000C800000000C
310
810000000C820000000A0C4100000004000000000CFFFFFFFF110E0D4154545249425F435553544F4D0D066174747269620CFFFFFFFF04FFFFFFFF0CFFFFFFFF0CFFFFFFFF0C430000000711736B657463685F6174747269625F646566040100000004010000000403000000070D31353920302031203020312031110D0663
310
6F656467650CFFFFFFFF04FFFFFFFF0CFFFFFFFF0C830000000C430000000C460000000C670000000B0C2C00000004000000000CFFFFFFFF110D06636F656467650CFFFFFFFF04FFFFFFFF0CFFFFFFFF0C430000000C830000000C7F0000000C840000000A0C2C00000004000000000CFFFFFFFF110D06636F656467650C85
310
00000004FFFFFFFF0CFFFFFFFF0C810000000C470000000C430000000C630000000B0C5400000004000000000CFFFFFFFF110D04656467650CFFFFFFFF04FFFFFFFF0CFFFFFFFF0C6B0000000600000000000000000C8600000006989999999999D93F0C430000000C870000000B0707756E6B6E6F776E110D06636F656467
310
650CFFFFFFFF04FFFFFFFF0CFFFFFFFF0C460000000C450000000C760000000C880000000A0C1D00000004000000000CFFFFFFFF110D06636F656467650CFFFFFFFF04FFFFFFFF0CFFFFFFFF0C890000000C770000000C450000000C660000000A0C8A00000004000000000CFFFFFFFF110D04656467650CFFFFFFFF04FFFF
310
FFFF0CFFFFFFFF0C6A0000000600000000000000000C8B000000069A9999999999D93F0C650000000C8C0000000B0707756E6B6E6F776E110D04656467650CFFFFFFFF04FFFFFFFF0CFFFFFFFF0C6B0000000600000000000000000C8D000000069A9999999999D93F0C600000000C8E0000000B0707756E6B6E6F776E110E
310
0D4154545249425F435553544F4D0D066174747269620CFFFFFFFF04FFFFFFFF0CFFFFFFFF0CFFFFFFFF0C470000000711736B657463685F6174747269625F646566040100000004010000000403000000070D31353820302031203020312031110D06636F656467650C8F00000004FFFFFFFF0CFFFFFFFF0C470000000C90
310
0000000C890000000C910000000B0C5400000004000000000CFFFFFFFF110D067665727465780CFFFFFFFF04FFFFFFFF0CFFFFFFFF0C4800000004000000000C92000000110D067665727465780CFFFFFFFF04FFFFFFFF0CFFFFFFFF0C4800000004010000000C93000000110E0873747261696768740D0563757276650CFF
310
FFFFFF04FFFFFFFF0CFFFFFFFF130000000000002E4000008003000032C000000000000000001400000000000024C0000000000000000000000000000000000A0600000000000000000A06000000000000F03F110E0D4154545249425F435553544F4D0D066174747269620CFFFFFFFF04FFFFFFFF0CFFFFFFFF0CFFFFFFFF
310
0C4A0000000711736B657463685F6174747269625F646566040100000004010000000403000000071631303920302034323934393637323935203020312031110D046C6F6F700CFFFFFFFF04FFFFFFFF0CFFFFFFFF0C500000000C4A0000000C55000000110D067665727465780CFFFFFFFF04FFFFFFFF0CFFFFFFFF0C4B00
310
000004000000000C94000000110E07656C6C697073650D0563757276650CFFFFFFFF04FFFFFFFF0CFFFFFFFF1300000000008031C0000000000000000000000000000000001400000000000000800000000000000080000000000000F0BF14FEFFFFFFFFFFFF3F0000000000000000000000000000000006000000000000F0
310
3F0B0B110D05706F696E740CFFFFFFFF04FFFFFFFF0CFFFFFFFF1300000000008033C0065C143326A6B1BC0000000000001040110D05706F696E740CFFFFFFFF04FFFFFFFF0CFFFFFFFF1300000000000016C00200000E00001CC00000000000000000110E0D4154545249425F435553544F4D0D066174747269620CFFFFFF
310
FF04FFFFFFFF0CFFFFFFFF0CFFFFFFFF0C55000000071667656E657269635F7461675F6174747269625F6465660403000000040300000004FFFFFFFF071767656E657269635F7461675F6174747269625F646566200401000000040100000007013104000000000401000000042D0100000400000000110E05706C616E650D
310
07737572666163650CFFFFFFFF04FFFFFFFF0CFFFFFFFF1300000000000000000000000E000018C000000000000000001400000000000000000000000000000000000000000000F03F140000000000002440000000000000000000000000000000000B0B0B0B0B110D06636F656467650CFFFFFFFF04FFFFFFFF0CFFFFFFFF
310
0C950000000C570000000C960000000C970000000B0C3C00000004000000000CFFFFFFFF110D06636F656467650CFFFFFFFF04FFFFFFFF0CFFFFFFFF0C570000000C980000000C640000000C880000000B0C3C00000004000000000CFFFFFFFF110D06636F656467650CFFFFFFFF04FFFFFFFF0CFFFFFFFF0C650000000C99
310
0000000C570000000C780000000A0C8A00000004000000000CFFFFFFFF110D04656467650CFFFFFFFF04FFFFFFFF0CFFFFFFFF0C8B00000006989999999999D9BF0C9A0000000600000000000000800C770000000C9B0000000B0707756E6B6E6F776E110E0D4154545249425F435553544F4D0D066174747269620CFFFFFF
310
FF04FFFFFFFF0CFFFFFFFF0CFFFFFFFF0C5B000000071667656E657269635F7461675F6174747269625F6465660403000000040300000004FFFFFFFF071767656E657269635F7461675F6174747269625F64656620040100000004020000000702313404000000000401000000042D0100000400000000110D04666163650C
310
9C00000004FFFFFFFF0CFFFFFFFF0C9D0000000C9E0000000C060000000CFFFFFFFF0C9F0000000B0B110D046C6F6F700CFFFFFFFF04FFFFFFFF0CFFFFFFFF0CFFFFFFFF0CA00000000C5B000000110E05706C616E650D07737572666163650CFFFFFFFF04FFFFFFFF0CFFFFFFFF130000000000002EC000008003000032C0
310
0000000000000000140000000000000000000000000000F0BF0000000000000000140000000000002440000000000000000000000000000000000B0B0B0B0B110D06636F656467650CA100000004FFFFFFFF0CFFFFFFFF0CA20000000CA30000000CA40000000CA50000000B0C5C00000004000000000CFFFFFFFF110E0D41
310
54545249425F435553544F4D0D066174747269620CFFFFFFFF04FFFFFFFF0CA60000000CFFFFFFFF0C5E0000000711736B657463685F6174747269625F646566040100000004010000000403000000070D31353220302030203020312031110D06636F656467650CFFFFFFFF04FFFFFFFF0CFFFFFFFF0CA70000000C5E0000
310
000C610000000C840000000B0C4100000004000000000CFFFFFFFF110D06636F656467650CFFFFFFFF04FFFFFFFF0CFFFFFFFF0C5E0000000CA70000000CA20000000CA80000000A0C4100000004000000000CFFFFFFFF110D06636F656467650CA900000004FFFFFFFF0CFFFFFFFF0CA40000000C620000000C5E0000000C
310
820000000B0C5400000004000000000CFFFFFFFF110D04656467650CFFFFFFFF04FFFFFFFF0CFFFFFFFF0C8600000006000000000000E0BF0CAA00000006000000000000E03F0C5E0000000CAB0000000B0707756E6B6E6F776E110D06636F656467650CFFFFFFFF04FFFFFFFF0CFFFFFFFF0C610000000C600000000C9800
310
00000CAC0000000A0C2C00000004000000000CFFFFFFFF110D04656467650CFFFFFFFF04FFFFFFFF0CFFFFFFFF0C860000000600000000000000000CAD000000069A9999999999D93F0C7F0000000CAE0000000B0707756E6B6E6F776E110E0D4154545249425F435553544F4D0D066174747269620CFFFFFFFF04FFFFFFFF
310
0CFFFFFFFF0CFFFFFFFF0C620000000711736B657463685F6174747269625F646566040100000004010000000403000000070D31353920302031203020312031110D067665727465780CFFFFFFFF04FFFFFFFF0CFFFFFFFF0C6300000004010000000CAF000000110E0873747261696768740D0563757276650CFFFFFFFF04
310
FFFFFFFF0CFFFFFFFF13000000000000144000008003000032C00000000000000000140000000000000000000000000000244000000000000000000A0600000000000000000A06989999999999D93F110D04656467650CFFFFFFFF04FFFFFFFF0CFFFFFFFF0C8D00000006000000000000F0BF0C8B00000006000000000000
310
00800C640000000CB00000000B0707756E6B6E6F776E110D06636F656467650CB100000004FFFFFFFF0CFFFFFFFF0C990000000C650000000C690000000C910000000A0C8A00000004000000000CFFFFFFFF110D046C6F6F700CFFFFFFFF04FFFFFFFF0CFFFFFFFF0CFFFFFFFF0C890000000CB2000000110D067665727465
310
780CFFFFFFFF04FFFFFFFF0CFFFFFFFF0C6600000004010000000CB3000000110E0873747261696768740D0563757276650CFFFFFFFF04FFFFFFFF0CFFFFFFFF130000000000002E4000008003000032C00000000000000000140000000000000000000000000000000000000000000024400B0B110D067665727465780CFF
310
FFFFFF04FFFFFFFF0CFFFFFFFF0C8800000004000000000CB4000000110E0873747261696768740D0563757276650CFFFFFFFF04FFFFFFFF0CFFFFFFFF13000000000000144000008003000032C00000000000000000140000000000000000000000000000000000000000000024400B0B110E0D4154545249425F43555354
310
4F4D0D066174747269620CFFFFFFFF04FFFFFFFF0CFFFFFFFF0CFFFFFFFF0C690000000711736B657463685F6174747269625F646566040100000004010000000403000000070D31353720302031203020312031110D06636F656467650CB500000004FFFFFFFF0CFFFFFFFF0C690000000CB60000000CB70000000CB80000
310
000A0C5400000004000000000CFFFFFFFF110D04656467650CFFFFFFFF04FFFFFFFF0CFFFFFFFF0CB90000000600000000000000000C6A00000006989999999999D93F0C890000000CBA0000000B0707756E6B6E6F776E110D05706F696E740CFFFFFFFF04FFFFFFFF0CFFFFFFFF130000000000002E4000008003000032C0
310
0000000000000000110D05706F696E740CFFFFFFFF04FFFFFFFF0CFFFFFFFF13000000000000144000008003000032C00000000000000000110D05706F696E740CFFFFFFFF04FFFFFFFF0CFFFFFFFF1300000000008033C0065C143326A6B1BC0000000000000000110D06636F656467650CFFFFFFFF04FFFFFFFF0CFFFFFF
310
FF0CBB0000000C750000000CBC0000000CBD0000000B0C3C00000004000000000CFFFFFFFF110D06636F656467650CFFFFFFFF04FFFFFFFF0CFFFFFFFF0CBE0000000CBF0000000C750000000C970000000A0CC000000004000000000CFFFFFFFF110D04656467650CFFFFFFFF04FFFFFFFF0CFFFFFFFF0C9A000000060000
310
0000000000000CC100000006000000000000F03F0C960000000CC20000000B0707756E6B6E6F776E110D06636F656467650CFFFFFFFF04FFFFFFFF0CFFFFFFFF0C760000000CC30000000C830000000CAC0000000B0C3C00000004000000000CFFFFFFFF110D06636F656467650CFFFFFFFF04FFFFFFFF0CFFFFFFFF0C7700
310
00000C890000000CBE0000000CC40000000B0C8A00000004000000000CFFFFFFFF110D067665727465780CFFFFFFFF04FFFFFFFF0CFFFFFFFF0C9700000004000000000CC5000000110E0873747261696768740D0563757276650CFFFFFFFF04FFFFFFFF0CFFFFFFFF130000000000002E400000000700002CC00000000000
310
001040140000000000000000000000000000244000000000000000000B0B110E0D4154545249425F435553544F4D0D066174747269620CFFFFFFFF04FFFFFFFF0CFFFFFFFF0CFFFFFFFF0C7A000000071667656E657269635F7461675F6174747269625F6465660403000000040300000004FFFFFFFF071767656E65726963
310
5F7461675F6174747269625F64656620040100000004020000000702313304000000000401000000042D0100000400000000110D04666163650CC600000004FFFFFFFF0CFFFFFFFF0CC70000000CC80000000C060000000CFFFFFFFF0CC90000000B0B110D046C6F6F700CFFFFFFFF04FFFFFFFF0CFFFFFFFF0CFFFFFFFF0C
310
CA0000000C7A000000110E05706C616E650D07737572666163650CFFFFFFFF04FFFFFFFF0CFFFFFFFF130000000000002EC00000000700002CC0000000000000000014000000000000F0BF0000000000000000000000000000000014000000000000000000000000000024C000000000000000000B0B0B0B0B110D06636F65
310
6467650CCB00000004FFFFFFFF0CFFFFFFFF0CCC0000000CCD0000000CCE0000000CCF0000000B0C7B00000004000000000CFFFFFFFF110E0D4154545249425F435553544F4D0D066174747269620CFFFFFFFF04FFFFFFFF0CFFFFFFFF0CFFFFFFFF0C7D0000000711736B657463685F6174747269625F6465660401000000
310
04010000000403000000070D31363820302030203020312031110D06636F656467650CFFFFFFFF04FFFFFFFF0CFFFFFFFF0CD00000000C7D0000000C800000000CA80000000B0C5C00000004000000000CFFFFFFFF110D06636F656467650CFFFFFFFF04FFFFFFFF0CFFFFFFFF0C7D0000000CD00000000CCC0000000CD100
310
00000A0C5C00000004000000000CFFFFFFFF110D06636F656467650CD200000004FFFFFFFF0CFFFFFFFF0CCE0000000C810000000C7D0000000CA50000000A0C5400000004000000000CFFFFFFFF110D04656467650CFFFFFFFF04FFFFFFFF0CFFFFFFFF0CD30000000600000000000000000CAA00000006989999999999D9
310
3F0C7D0000000CD40000000B0707756E6B6E6F776E110E0D4154545249425F435553544F4D0D066174747269620CFFFFFFFF04FFFFFFFF0CFFFFFFFF0C7E0000000C5E0000000711736B657463685F6174747269625F646566040100000004010000000403000000070D31363120302031203020312031110D06636F656467
310
650CFFFFFFFF04FFFFFFFF0CFFFFFFFF0C800000000C7F0000000CC30000000CD50000000A0C4100000004000000000CFFFFFFFF110D04656467650CFFFFFFFF04FFFFFFFF0CFFFFFFFF0CAA0000000600000000000000000CD6000000069A9999999999D93F0CA20000000CD70000000B0707756E6B6E6F776E110E0D4154
310
545249425F435553544F4D0D066174747269620CFFFFFFFF04FFFFFFFF0CD80000000CFFFFFFFF0C810000000711736B657463685F6174747269625F646566040100000004010000000403000000070D31363120302031203020312031110D067665727465780CFFFFFFFF04FFFFFFFF0CFFFFFFFF0C820000000401000000
310
0CD9000000110E0873747261696768740D0563757276650CFFFFFFFF04FFFFFFFF0CFFFFFFFF1300000000000000000000000700002CC000000000000000001400000000000024C0000000000000000000000000000000000A06000000000000E0BF0A06000000000000E03F110D04656467650CFFFFFFFF04FFFFFFFF0CFF
310
FFFFFF0CAD00000006989999999999D9BF0C8D0000000600000000000000800C830000000CDA0000000B0707756E6B6E6F776E110D067665727465780CFFFFFFFF04FFFFFFFF0CFFFFFFFF0CAC00000004000000000CDB000000110E0873747261696768740D0563757276650CFFFFFFFF04FFFFFFFF0CFFFFFFFF13000000
310
00000014400000000700002CC00000000000000000140000000000000000000000000000000000000000000024400B0B110D05706F696E740CFFFFFFFF04FFFFFFFF0CFFFFFFFF1300000000000014400000000700002CC00000000000000000110E0873747261696768740D0563757276650CFFFFFFFF04FFFFFFFF0CFFFF
310
FFFF130000000000002E4000008003000032C00000000000001040140000000000002440000000000000000000000000000000000B0B110E0D4154545249425F435553544F4D0D066174747269620CFFFFFFFF04FFFFFFFF0CFFFFFFFF0CFFFFFFFF0C890000000711736B657463685F6174747269625F6465660401000000
310
04010000000403000000070D31353720302031203020312031110D04666163650CDC00000004FFFFFFFF0CFFFFFFFF0C3D0000000C8A0000000C060000000CFFFFFFFF0CDD0000000B0B110D05706F696E740CFFFFFFFF04FFFFFFFF0CFFFFFFFF130100000000002E4000008003000032C00000000000001040110D05706F
310
696E740CFFFFFFFF04FFFFFFFF0CFFFFFFFF13020000000000144000008003000032C00000000000001040110E0D4154545249425F435553544F4D0D066174747269620CFFFFFFFF04FFFFFFFF0CDE0000000CFFFFFFFF0C900000000711736B657463685F6174747269625F64656604010000000401000000040300000007
310
0D31373120302030203020312031110D06636F656467650CDF00000004FFFFFFFF0CFFFFFFFF0C900000000CE00000000CE10000000CE20000000A0C5400000004000000000CFFFFFFFF110D06636F656467650CE300000004FFFFFFFF0CFFFFFFFF0CBF0000000CBE0000000C900000000CB80000000B0CC0000000040000
310
00000CFFFFFFFF110D04656467650CFFFFFFFF04FFFFFFFF0CFFFFFFFF0CB90000000600000000000000000CE400000006000000000000F03F0CB70000000CE50000000B0707756E6B6E6F776E110D067665727465780CFFFFFFFF04FFFFFFFF0CFFFFFFFF0CB800000004000000000CE6000000110E087374726169676874
310
0D0563757276650CFFFFFFFF04FFFFFFFF0CFFFFFFFF130000000000002E400000000700002CC0000000000000000014000000000000000000000000000024C000000000000000000A0600000000000000000A06989999999999D93F110D06636F656467650CFFFFFFFF04FFFFFFFF0CFFFFFFFF0CE70000000C950000000C
310
E80000000CE90000000B0C3C00000004000000000CFFFFFFFF110D06636F656467650CFFFFFFFF04FFFFFFFF0CFFFFFFFF0CEA0000000CEB0000000C950000000CBD0000000A0CEC00000004000000000CFFFFFFFF110D04656467650CFFFFFFFF04FFFFFFFF0CFFFFFFFF0CC10000000600000000000000000CED00000006
310
000000000000F03F0CBC0000000CEE0000000B0707756E6B6E6F776E110D06636F656467650CFFFFFFFF04FFFFFFFF0CFFFFFFFF0CB70000000C960000000C990000000CC40000000A0CC000000004000000000CFFFFFFFF110D06636F656467650CFFFFFFFF04FFFFFFFF0CFFFFFFFF0C960000000CB70000000CEA000000
310
0CEF0000000B0CC000000004000000000CFFFFFFFF110D046C6F6F700CFFFFFFFF04FFFFFFFF0CFFFFFFFF0CFFFFFFFF0CB70000000CF0000000110D067665727465780CFFFFFFFF04FFFFFFFF0CFFFFFFFF0CBD00000004000000000CF1000000110E0873747261696768740D0563757276650CFFFFFFFF04FFFFFFFF0CFF
310
FFFFFF130000000000002E400000000700002CC00000000000001040140000000000002440AAAAAAAAAAAA003D00000000000000000B0B110D06636F656467650CFFFFFFFF04FFFFFFFF0CFFFFFFFF0C980000000CF20000000CA70000000CD50000000B0C3C00000004000000000CFFFFFFFF110D04656467650CFFFFFFFF
310
04FFFFFFFF0CFFFFFFFF0CB90000000600000000000000000C9A000000069A9999999999D93F0C990000000CF30000000B0707756E6B6E6F776E110D05706F696E740CFFFFFFFF04FFFFFFFF0CFFFFFFFF130100000000002E400000000700002CC00000000000001040110E0D4154545249425F435553544F4D0D06617474
310
7269620CFFFFFFFF04FFFFFFFF0CFFFFFFFF0CFFFFFFFF0C9D000000071667656E657269635F7461675F6174747269625F6465660403000000040300000004FFFFFFFF071767656E657269635F7461675F6174747269625F64656620040100000004020000000702313204000000000401000000042D010000040000000011
310
0D04666163650CF400000004FFFFFFFF0CFFFFFFFF0CF50000000CF60000000C060000000CFFFFFFFF0CF70000000B0B110D046C6F6F700CFFFFFFFF04FFFFFFFF0CFFFFFFFF0CFFFFFFFF0CF80000000C9D000000110E05706C616E650D07737572666163650CFFFFFFFF04FFFFFFFF0CFFFFFFFF1300000000000039C000
310
00000700002CC00000000000000000140000000000000000000000000000F0BF0000000000000000140000000000002440000000000000000000000000000000000B0B0B0B0B110D06636F656467650CF900000004FFFFFFFF0CFFFFFFFF0CFA0000000CFB0000000CFC0000000CFD0000000B0C9E00000004000000000CFF
310
FFFFFF110E0D4154545249425F435553544F4D0D066174747269620CFFFFFFFF04FFFFFFFF0CFFFFFFFF0CFFFFFFFF0CA00000000711736B657463685F6174747269625F646566040100000004010000000403000000070D31363720302030203020312031110D06636F656467650CFFFFFFFF04FFFFFFFF0CFFFFFFFF0CFE
310
0000000CA00000000CA30000000CD10000000B0C7B00000004000000000CFFFFFFFF110D06636F656467650CFFFFFFFF04FFFFFFFF0CFFFFFFFF0CA00000000CFE0000000CFA0000000CFF0000000A0C7B00000004000000000CFFFFFFFF110D06636F656467650C0001000004FFFFFFFF0CFFFFFFFF0CFC0000000CA40000
310
000CA00000000CCF0000000A0C5400000004000000000CFFFFFFFF110D04656467650CFFFFFFFF04FFFFFFFF0CFFFFFFFF0C010100000600000000000000000CD300000006000000000000F03F0CA00000000C020100000B0707756E6B6E6F776E110D06636F656467650CFFFFFFFF04FFFFFFFF0CFFFFFFFF0CA30000000C
310
A20000000CF20000000C030100000A0C5C00000004000000000CFFFFFFFF110D04656467650CFFFFFFFF04FFFFFFFF0CFFFFFFFF0CD30000000600000000000000000C04010000069A9999999999D93F0CCC0000000C050100000B0707756E6B6E6F776E110E0D4154545249425F435553544F4D0D066174747269620CFFFF
310
FFFF04FFFFFFFF0CFFFFFFFF0CFFFFFFFF0CA40000000711736B657463685F6174747269625F646566040100000004010000000403000000070D31363820302030203020312031110D067665727465780CFFFFFFFF04FFFFFFFF0CFFFFFFFF0CA500000004000000000C06010000110E0873747261696768740D0563757276
310
650CFFFFFFFF04FFFFFFFF0CFFFFFFFF1300000000000014C000008003000032C00000000000000000140000000000000000000000000000244000000000000000000A0600000000000000000A06989999999999D93F110D04656467650CFFFFFFFF04FFFFFFFF0CFFFFFFFF0CD600000006000000000000E0BF0CAD000000
310
06000000000000E03F0CA70000000C070100000B0707756E6B6E6F776E110D067665727465780CFFFFFFFF04FFFFFFFF0CFFFFFFFF0CD500000004000000000C08010000110E0873747261696768740D0563757276650CFFFFFFFF04FFFFFFFF0CFFFFFFFF1300000000000014C00000000700002CC0000000000000000014
310
0000000000000000000000000000000000000000000024400B0B110E0D4154545249425F435553544F4D0D066174747269620CFFFFFFFF04FFFFFFFF0CFFFFFFFF0CA90000000C810000000711736B657463685F6174747269625F646566040100000004010000000403000000070D31353220302030203020312031110D05
310
706F696E740CFFFFFFFF04FFFFFFFF0CFFFFFFFF1300000000000014C00000000700002CC00000000000000000110E0873747261696768740D0563757276650CFFFFFFFF04FFFFFFFF0CFFFFFFFF13000000000000144000008003000032C0000000000000104014000000000000008000000000000024C000000000000000
310
800B0B110D05706F696E740CFFFFFFFF04FFFFFFFF0CFFFFFFFF1302000000000014400000000700002CC00000000000001040110E0D4154545249425F435553544F4D0D066174747269620CFFFFFFFF04FFFFFFFF0CFFFFFFFF0CFFFFFFFF0CB2000000071667656E657269635F7461675F6174747269625F646566040300
310
0000040300000004FFFFFFFF071767656E657269635F7461675F6174747269625F646566200401000000040100000007013304000000000401000000042D0100000400000000110E05706C616E650D07737572666163650CFFFFFFFF04FFFFFFFF0CFFFFFFFF130000000000002E4000008003000032C00000000000000000
310
14000000000000F03F00000000000000000000000000000000140000000000000000000000000000244000000000000000000B0B0B0B0B110E0D4154545249425F435553544F4D0D066174747269620CFFFFFFFF04FFFFFFFF0CFFFFFFFF0CB50000000C900000000711736B657463685F6174747269625F64656604010000
310
0004010000000403000000070D31343720302030203020312031110E0D4154545249425F435553544F4D0D066174747269620CFFFFFFFF04FFFFFFFF0CFFFFFFFF0CFFFFFFFF0CB60000000711736B657463685F6174747269625F646566040100000004010000000403000000070D31343820302030203020312031110D06
310
636F656467650C0901000004FFFFFFFF0CFFFFFFFF0CB60000000C0A0100000C0B0100000C0C0100000A0C5400000004000000000CFFFFFFFF110D06636F656467650C0D01000004FFFFFFFF0CFFFFFFFF0CEB0000000CEA0000000CB60000000CE20000000B0CEC00000004000000000CFFFFFFFF110D04656467650CFFFF
310
FFFF04FFFFFFFF0CFFFFFFFF0CE40000000600000000000000000C0E01000006000000000000F03F0CE10000000C0F0100000B0707756E6B6E6F776E110E0D4154545249425F435553544F4D0D066174747269620CFFFFFFFF04FFFFFFFF0C100100000CFFFFFFFF0CB70000000711736B657463685F6174747269625F6465
310
66040100000004010000000403000000070D31343720302030203020312031110D067665727465780CFFFFFFFF04FFFFFFFF0CFFFFFFFF0CE200000004000000000C11010000110E0873747261696768740D0563757276650CFFFFFFFF04FFFFFFFF0CFFFFFFFF130000000000002E400000000700002CC000000000000000
310
00140000000000002440AAAAAAAAAAAA003D00000000000000000A0600000000000000000A06000000000000F03F110D05706F696E740CFFFFFFFF04FFFFFFFF0CFFFFFFFF130000000000002E400000000700002CC00000000000000000110D06636F656467650CFFFFFFFF04FFFFFFFF0CFFFFFFFF0C120100000CBB0000
310
000C130100000C140100000B0C3C00000004000000000CFFFFFFFF110D06636F656467650CFFFFFFFF04FFFFFFFF0CFFFFFFFF0C150100000C160100000CBB0000000CE90000000A0C1701000004000000000CFFFFFFFF110D04656467650CFFFFFFFF04FFFFFFFF0CFFFFFFFF0CED0000000600000000000000000C180100
310
0006989999999999D93F0CE80000000C190100000B0707756E6B6E6F776E110D06636F656467650CFFFFFFFF04FFFFFFFF0CFFFFFFFF0CE10000000CBC0000000CBF0000000CEF0000000A0CEC00000004000000000CFFFFFFFF110D06636F656467650CFFFFFFFF04FFFFFFFF0CFFFFFFFF0CBC0000000CE10000000C1501
310
00000C1A0100000B0CEC00000004000000000CFFFFFFFF110D046C6F6F700CFFFFFFFF04FFFFFFFF0CFFFFFFFF0CFFFFFFFF0CE10000000C1B010000110D067665727465780CFFFFFFFF04FFFFFFFF0CFFFFFFFF0CE900000004000000000C1C010000110E0873747261696768740D0563757276650CFFFFFFFF04FFFFFFFF
310
0CFFFFFFFF130000000000003940FEFFFF0600002CC00000000000001040140000000000000000000000000000244000000000000000000B0B110D04656467650CFFFFFFFF04FFFFFFFF0CFFFFFFFF0CE40000000600000000000000000CC1000000069A9999999999D93F0CBF0000000C1D0100000B0707756E6B6E6F776E
310
110D04666163650C1E01000004FFFFFFFF0CFFFFFFFF0CB20000000CC00000000C060000000CFFFFFFFF0C1F0100000B0B110D05706F696E740CFFFFFFFF04FFFFFFFF0CFFFFFFFF130000000000003940FEFFFF0600002CC00000000000001040110D06636F656467650CFFFFFFFF04FFFFFFFF0CFFFFFFFF0CC30000000C
310
200100000CD00000000C030100000B0C3C00000004000000000CFFFFFFFF110E0873747261696768740D0563757276650CFFFFFFFF04FFFFFFFF0CFFFFFFFF130000000000002E400000000700002CC00000000000000000140000000000000000000000000000000000000000000024400B0B110E0D4154545249425F4355
310
53544F4D0D066174747269620CFFFFFFFF04FFFFFFFF0CFFFFFFFF0CFFFFFFFF0CC7000000071667656E657269635F7461675F6174747269625F6465660403000000040300000004FFFFFFFF071767656E657269635F7461675F6174747269625F64656620040100000004020000000702313104000000000401000000042D
310
0100000400000000110D04666163650C2101000004FFFFFFFF0CFFFFFFFF0C220100000C230100000C060000000CFFFFFFFF0C240100000B0B110D046C6F6F700CFFFFFFFF04FFFFFFFF0CFFFFFFFF0CFFFFFFFF0C250100000CC7000000110E05706C616E650D07737572666163650CFFFFFFFF04FFFFFFFF0CFFFFFFFF13
310
00000000000039C00000000E000010C0000000000000000014000000000000F0BF0000000000000000000000000000000014000000000000000000000000000024C000000000000000000B0B0B0B0B110D06636F656467650C2601000004FFFFFFFF0CFFFFFFFF0C270100000C280100000C290100000C2A0100000B0CC800
310
000004000000000CFFFFFFFF110E0D4154545249425F435553544F4D0D066174747269620CFFFFFFFF04FFFFFFFF0CFFFFFFFF0CFFFFFFFF0CCA0000000711736B657463685F6174747269625F646566040100000004010000000403000000070D31363620302030203020312031110D06636F656467650CFFFFFFFF04FFFF
310
FFFF0CFFFFFFFF0C2B0100000CCA0000000CCD0000000CFF0000000B0C9E00000004000000000CFFFFFFFF110D06636F656467650CFFFFFFFF04FFFFFFFF0CFFFFFFFF0CCA0000000C2B0100000C270100000C2C0100000A0C9E00000004000000000CFFFFFFFF110D06636F656467650C2D01000004FFFFFFFF0CFFFFFFFF
310
0C290100000CCE0000000CCA0000000CFD0000000A0C5400000004000000000CFFFFFFFF110D04656467650CFFFFFFFF04FFFFFFFF0CFFFFFFFF0C2E0100000600000000000000000C0101000006989999999999D93F0CCA0000000C2F0100000B0707756E6B6E6F776E110D06636F656467650CFFFFFFFF04FFFFFFFF0CFF
310
FFFFFF0CCD0000000CCC0000000C200100000C300100000A0C7B00000004000000000CFFFFFFFF110D04656467650CFFFFFFFF04FFFFFFFF0CFFFFFFFF0C010100000600000000000000000C31010000069A9999999999D93F0CFA0000000C320100000B0707756E6B6E6F776E110E0D4154545249425F435553544F4D0D06
310
6174747269620CFFFFFFFF04FFFFFFFF0CFFFFFFFF0CFFFFFFFF0CCE0000000711736B657463685F6174747269625F646566040100000004010000000403000000070D31363720302030203020312031110D067665727465780CFFFFFFFF04FFFFFFFF0CFFFFFFFF0CCF00000004000000000C33010000110E087374726169
310
6768740D0563757276650CFFFFFFFF04FFFFFFFF0CFFFFFFFF130000000000002EC000008003000032C00000000000000000140000000000002440000000000000000000000000000000000A0600000000000000000A06000000000000F03F110D04656467650CFFFFFFFF04FFFFFFFF0CFFFFFFFF0C040100000600000000
310
000000000CD600000006989999999999D93F0CD00000000C340100000B0707756E6B6E6F776E110D067665727465780CFFFFFFFF04FFFFFFFF0CFFFFFFFF0C0301000004000000000C35010000110E0873747261696768740D0563757276650CFFFFFFFF04FFFFFFFF0CFFFFFFFF1300000000000014C000008003000032C0
310
0000000000000000140000000000000000000000000000000000000000000024400B0B110D05706F696E740CFFFFFFFF04FFFFFFFF0CFFFFFFFF1300000000000014C000008003000032C00000000000000000110E0873747261696768740D0563757276650CFFFFFFFF04FFFFFFFF0CFFFFFFFF1300000000000000000000
310
000700002CC00000000000001040140000000000002440000000000000000000000000000000000B0B110D05706F696E740CFFFFFFFF04FFFFFFFF0CFFFFFFFF1300000000000014C00000000700002CC00000000000001040110E0D4154545249425F435553544F4D0D066174747269620CFFFFFFFF04FFFFFFFF0CFFFFFF
310
FF0CFFFFFFFF0CE00000000711736B657463685F6174747269625F646566040100000004010000000403000000070D31343920302030203020312031110D06636F656467650C3601000004FFFFFFFF0CFFFFFFFF0CE00000000C370100000C380100000C390100000B0C5400000004000000000CFFFFFFFF110D06636F6564
310
67650C3A01000004FFFFFFFF0CFFFFFFFF0C160100000C150100000CE00000000C0C0100000B0C1701000004000000000CFFFFFFFF110D04656467650CFFFFFFFF04FFFFFFFF0CFFFFFFFF0C0E0100000600000000000000000C3B01000006989999999999D93F0C0B0100000C3C0100000B0707756E6B6E6F776E110E0D41
310
54545249425F435553544F4D0D066174747269620CFFFFFFFF04FFFFFFFF0CFFFFFFFF0CFFFFFFFF0CE10000000711736B657463685F6174747269625F646566040100000004010000000403000000070D31343820302030203020312031110D067665727465780CFFFFFFFF04FFFFFFFF0CFFFFFFFF0C0C01000004000000
310
000C3D010000110E0873747261696768740D0563757276650CFFFFFFFF04FFFFFFFF0CFFFFFFFF130000000000003940FEFFFF0600002CC00000000000000000140000000000000000000000000000244000000000000000000A0600000000000000000A06000000000000F03F110E0D4154545249425F435553544F4D0D06
310
6174747269620CFFFFFFFF04FFFFFFFF0CFFFFFFFF0CE30000000CB70000000711736B657463685F6174747269625F646566040100000004010000000403000000070D31373120302030203020312031110D05706F696E740CFFFFFFFF04FFFFFFFF0CFFFFFFFF130000000000003940FEFFFF0600002CC000000000000000
310
00110D06636F656467650CFFFFFFFF04FFFFFFFF0CFFFFFFFF0C3E0100000CE70000000C3F0100000C400100000B0C3C00000004000000000CFFFFFFFF110D06636F656467650CFFFFFFFF04FFFFFFFF0CFFFFFFFF0C410100000C420100000CE70000000C140100000A0C4301000004000000000CFFFFFFFF110D04656467
310
650CFFFFFFFF04FFFFFFFF0CFFFFFFFF0C1801000006FCFFFFFFFFFFEFBF0C440100000600000000000000800C130100000C450100000B0707756E6B6E6F776E110D06636F656467650CFFFFFFFF04FFFFFFFF0CFFFFFFFF0C0B0100000CE80000000CEB0000000C1A0100000A0C1701000004000000000CFFFFFFFF110D06
310
636F656467650CFFFFFFFF04FFFFFFFF0CFFFFFFFF0CE80000000C0B0100000C410100000C460100000B0C1701000004000000000CFFFFFFFF110D046C6F6F700CFFFFFFFF04FFFFFFFF0CFFFFFFFF0CFFFFFFFF0C0B0100000C47010000110D067665727465780CFFFFFFFF04FFFFFFFF0CFFFFFFFF0C1401000004000000
310
000C48010000110E0873747261696768740D0563757276650CFFFFFFFF04FFFFFFFF0CFFFFFFFF130000000000003940FBFFFF0D000010C000000000000010401400000000000024C0000000000000000000000000000000000B0B110D04656467650CFFFFFFFF04FFFFFFFF0CFFFFFFFF0C0E010000060000000000000000
310
0CED000000069A9999999999D93F0CEB0000000C490100000B0707756E6B6E6F776E110D04666163650C4A01000004FFFFFFFF0CFFFFFFFF0CF00000000CEC0000000C060000000CFFFFFFFF0C4B0100000B0B110D05706F696E740CFFFFFFFF04FFFFFFFF0CFFFFFFFF130000000000003940FBFFFF0D000010C000000000
310
00001040110E0873747261696768740D0563757276650CFFFFFFFF04FFFFFFFF0CFFFFFFFF130000000000003940FEFFFF0600002CC00000000000000000140000000000000000000000000000000000000000000024400B0B110E0D4154545249425F435553544F4D0D066174747269620CFFFFFFFF04FFFFFFFF0CFFFFFF
310
FF0CFFFFFFFF0CF0000000071667656E657269635F7461675F6174747269625F6465660403000000040300000004FFFFFFFF071767656E657269635F7461675F6174747269625F646566200401000000040100000007013404000000000401000000042D0100000400000000110E05706C616E650D07737572666163650CFF
310
FFFFFF04FFFFFFFF0CFFFFFFFF130000000000002E400000000700002CC0000000000000000014AAAAAAAAAAAACA3C000000000000F0BF0000000000000000140000000000002440AAAAAAAAAAAA003D00000000000000000B0B0B0B0B110D06636F656467650CFFFFFFFF04FFFFFFFF0CFFFFFFFF0CF20000000C4C010000
310
0CFE0000000C300100000B0C3C00000004000000000CFFFFFFFF110E0D4154545249425F435553544F4D0D066174747269620CFFFFFFFF04FFFFFFFF0CFFFFFFFF0CFFFFFFFF0CF5000000071667656E657269635F7461675F6174747269625F6465660403000000040300000004FFFFFFFF071767656E657269635F746167
310
5F6174747269625F64656620040100000004020000000702313004000000000401000000042D0100000400000000110D04666163650C4D01000004FFFFFFFF0CFFFFFFFF0C4E0100000C4F0100000C060000000CFFFFFFFF0C500100000B0B110D046C6F6F700CFFFFFFFF04FFFFFFFF0CFFFFFFFF0CFFFFFFFF0C51010000
310
0CF5000000110E05706C616E650D07737572666163650CFFFFFFFF04FFFFFFFF0CFFFFFFFF1300000000000035C00000000E000010C00000000000000000140000000000000000000000000000F03F00000000000000001400000000000024C0000000000000000000000000000000000B0B0B0B0B110D06636F656467650C
310
5201000004FFFFFFFF0CFFFFFFFF0C530100000C540100000C550100000C560100000B0CF600000004000000000CFFFFFFFF110E0D4154545249425F435553544F4D0D066174747269620CFFFFFFFF04FFFFFFFF0C570100000CFFFFFFFF0CF80000000711736B657463685F6174747269625F646566040100000004010000
310
000403000000070D31363920302031203020312031110D06636F656467650CFFFFFFFF04FFFFFFFF0CFFFFFFFF0C580100000CF80000000CFB0000000C2C0100000B0CC800000004000000000CFFFFFFFF110D06636F656467650CFFFFFFFF04FFFFFFFF0CFFFFFFFF0CF80000000C580100000C530100000C590100000A0C
310
C800000004000000000CFFFFFFFF110D06636F656467650C5A01000004FFFFFFFF0CFFFFFFFF0C550100000CFC0000000CF80000000C2A0100000A0C5400000004000000000CFFFFFFFF110D04656467650CFFFFFFFF04FFFFFFFF0CFFFFFFFF0C5B0100000600000000000000000C2E01000006000000000000F03F0CF800
310
00000C5C0100000B0707756E6B6E6F776E110D06636F656467650CFFFFFFFF04FFFFFFFF0CFFFFFFFF0CFB0000000CFA0000000C4C0100000C5D0100000A0C9E00000004000000000CFFFFFFFF110D04656467650CFFFFFFFF04FFFFFFFF0CFFFFFFFF0C2E0100000600000000000000000C5E010000069A9999999999D93F
310
0C270100000C5F0100000B0707756E6B6E6F776E110E0D4154545249425F435553544F4D0D066174747269620CFFFFFFFF04FFFFFFFF0CFFFFFFFF0CFFFFFFFF0CFC0000000711736B657463685F6174747269625F646566040100000004010000000403000000070D31363620302030203020312031110D06766572746578
310
0CFFFFFFFF04FFFFFFFF0CFFFFFFFF0CFD00000004000000000C60010000110E0873747261696768740D0563757276650CFFFFFFFF04FFFFFFFF0CFFFFFFFF130000000000002EC00000000700002CC0000000000000000014000000000000000000000000000024C000000000000000000A0600000000000000000A069899
310
99999999D93F110D04656467650CFFFFFFFF04FFFFFFFF0CFFFFFFFF0C310100000600000000000000000C0401000006000000000000F03F0CFE0000000C610100000B0707756E6B6E6F776E110D067665727465780CFFFFFFFF04FFFFFFFF0CFFFFFFFF0C3001000004000000000C62010000110E0873747261696768740D
310
0563757276650CFFFFFFFF04FFFFFFFF0CFFFFFFFF130000000000002EC000008003000032C00000000000000000140000000000000000000000000000000000000000000024400B0B110D05706F696E740CFFFFFFFF04FFFFFFFF0CFFFFFFFF130000000000002EC000008003000032C00000000000000000110E08737472
310
61696768740D0563757276650CFFFFFFFF04FFFFFFFF0CFFFFFFFF1300000000000014C000008003000032C00000000000001040140000000000000000000000000000244000000000000000000B0B110D05706F696E740CFFFFFFFF04FFFFFFFF0CFFFFFFFF1300000000000014C000008003000032C00000000000001040
310
110E0D4154545249425F435553544F4D0D066174747269620CFFFFFFFF04FFFFFFFF0CFFFFFFFF0CFFFFFFFF0C0A0100000711736B657463685F6174747269625F646566040100000004010000000403000000070D31373020302031203020312031110D06636F656467650C6301000004FFFFFFFF0CFFFFFFFF0C0A010000
310
0C640100000C650100000C660100000B0C5400000004000000000CFFFFFFFF110D06636F656467650C6701000004FFFFFFFF0CFFFFFFFF0C420100000C410100000C0A0100000C390100000A0C4301000004000000000CFFFFFFFF110D04656467650CFFFFFFFF04FFFFFFFF0CFFFFFFFF0C68010000060000000000000000
310
0C3B01000006FCFFFFFFFFFFEF3F0C380100000C690100000B0707756E6B6E6F776E110E0D4154545249425F435553544F4D0D066174747269620CFFFFFFFF04FFFFFFFF0CFFFFFFFF0CFFFFFFFF0C0B0100000711736B657463685F6174747269625F646566040100000004010000000403000000070D3134392030203020
310
3020312031110D067665727465780CFFFFFFFF04FFFFFFFF0CFFFFFFFF0C3901000004010000000C6A010000110E0873747261696768740D0563757276650CFFFFFFFF04FFFFFFFF0CFFFFFFFF130000000000003940FBFFFF0D000010C000000000000000001400000000000024C000000000000000000000000000000000
310
0A0600000000000000000A06989999999999D93F110D05706F696E740CFFFFFFFF04FFFFFFFF0CFFFFFFFF130000000000003940FBFFFF0D000010C00000000000000000110D06636F656467650CFFFFFFFF04FFFFFFFF0CFFFFFFFF0C6B0100000C120100000C6C0100000C6D0100000B0C3C00000004000000000CFFFFFF
310
FF110D06636F656467650CFFFFFFFF04FFFFFFFF0CFFFFFFFF0C6E0100000C6F0100000C120100000C400100000A0C7001000004000000000CFFFFFFFF110D04656467650CFFFFFFFF04FFFFFFFF0CFFFFFFFF0C4401000006CDCCCCCCCCCC00C00C7101000006CDCCCCCCCCCC00400C3F0100000C720100000B0707756E6B
310
6E6F776E110D06636F656467650CFFFFFFFF04FFFFFFFF0CFFFFFFFF0C380100000C130100000C160100000C460100000A0C4301000004000000000CFFFFFFFF110D06636F656467650CFFFFFFFF04FFFFFFFF0CFFFFFFFF0C130100000C380100000C6E0100000C730100000B0C4301000004000000000CFFFFFFFF110D04
310
6C6F6F700CFFFFFFFF04FFFFFFFF0CFFFFFFFF0CFFFFFFFF0C380100000C74010000110D067665727465780CFFFFFFFF04FFFFFFFF0CFFFFFFFF0C4001000004000000000C75010000110E0873747261696768740D0563757276650CFFFFFFFF04FFFFFFFF0CFFFFFFFF130000000000003540000000F2FFFF174000000000
310
00001040140000000000000000000000000000244000000000000000000B0B110D04656467650CFFFFFFFF04FFFFFFFF0CFFFFFFFF0C3B0100000600000000000000000C18010000069A9999999999D93F0C160100000C760100000B0707756E6B6E6F776E110D04666163650C7701000004FFFFFFFF0CFFFFFFFF0C1B0100
310
000C170100000C060000000CFFFFFFFF0C780100000B0B110D05706F696E740CFFFFFFFF04FFFFFFFF0CFFFFFFFF13FFFFFFFFFFFF3440FBFFFF0D000010C00000000000001040110E0873747261696768740D0563757276650CFFFFFFFF04FFFFFFFF0CFFFFFFFF130000000000003940FBFFFF0D000010C0000000000000
310
0000140000000000000000000000000000000000000000000024400B0B110E0D4154545249425F435553544F4D0D066174747269620CFFFFFFFF04FFFFFFFF0CFFFFFFFF0CFFFFFFFF0C1B010000071667656E657269635F7461675F6174747269625F6465660403000000040300000004FFFFFFFF071767656E657269635F
310
7461675F6174747269625F646566200401000000040100000007013504000000000401000000042D0100000400000000110E05706C616E650D07737572666163650CFFFFFFFF04FFFFFFFF0CFFFFFFFF130000000000003940FEFFFF0600002CC0000000000000000014000000000000F03F00000000000000000000000000
310
000000140000000000000000000000000000244000000000000000000B0B0B0B0B110D06636F656467650CFFFFFFFF04FFFFFFFF0CFFFFFFFF0C200100000C790100000C2B0100000C5D0100000B0C3C00000004000000000CFFFFFFFF110E0D4154545249425F435553544F4D0D066174747269620CFFFFFFFF04FFFFFFFF
310
0CFFFFFFFF0CFFFFFFFF0C22010000071667656E657269635F7461675F6174747269625F6465660403000000040300000004FFFFFFFF071767656E657269635F7461675F6174747269625F646566200401000000040100000007013904000000000401000000042D0100000400000000110D04666163650C7A01000004FFFF
310
FFFF0CFFFFFFFF0C740100000C700100000C060000000CFFFFFFFF0C7B0100000B0B110D046C6F6F700CFFFFFFFF04FFFFFFFF0CFFFFFFFF0CFFFFFFFF0C7C0100000C22010000110E05706C616E650D07737572666163650CFFFFFFFF04FFFFFFFF0CFFFFFFFF1300000000000035C0000000F2FFFF174000000000000000
310
0014000000000000F0BF0000000000000000000000000000000014000000000000000000000000000024C000000000000000000B0B0B0B0B110D06636F656467650C7D01000004FFFFFFFF0CFFFFFFFF0C7E0100000C7F0100000C800100000C810100000B0C2301000004000000000CFFFFFFFF110E0D4154545249425F43
310
5553544F4D0D066174747269620CFFFFFFFF04FFFFFFFF0CFFFFFFFF0CFFFFFFFF0C250100000711736B657463685F6174747269625F646566040100000004010000000403000000070D31343120302030203020312031110D06636F656467650CFFFFFFFF04FFFFFFFF0CFFFFFFFF0C820100000C250100000C280100000C
310
590100000B0CF600000004000000000CFFFFFFFF110D06636F656467650CFFFFFFFF04FFFFFFFF0CFFFFFFFF0C250100000C820100000C7E0100000C830100000A0CF600000004000000000CFFFFFFFF110D06636F656467650C8401000004FFFFFFFF0CFFFFFFFF0C800100000C290100000C250100000C560100000A0C54
310
00000004000000000CFFFFFFFF110D04656467650CFFFFFFFF04FFFFFFFF0CFFFFFFFF0C850100000600000000000000000C5B01000006000000000000F03F0C250100000C860100000B0707756E6B6E6F776E110E0D4154545249425F435553544F4D0D066174747269620CFFFFFFFF04FFFFFFFF0CFFFFFFFF0C26010000
310
0CF80000000711736B657463685F6174747269625F646566040100000004010000000403000000070D31343220302030203020312031110D06636F656467650CFFFFFFFF04FFFFFFFF0CFFFFFFFF0C280100000C270100000C790100000C870100000A0CC800000004000000000CFFFFFFFF110D04656467650CFFFFFFFF04
310
FFFFFFFF0CFFFFFFFF0C5B0100000600000000000000000C88010000069A9999999999D93F0C530100000C890100000B0707756E6B6E6F776E110E0D4154545249425F435553544F4D0D066174747269620CFFFFFFFF04FFFFFFFF0C8A0100000CFFFFFFFF0C290100000711736B657463685F6174747269625F6465660401
310
00000004010000000403000000070D31343220302030203020312031110D067665727465780CFFFFFFFF04FFFFFFFF0CFFFFFFFF0C2A01000004000000000C8B010000110E0873747261696768740D0563757276650CFFFFFFFF04FFFFFFFF0CFFFFFFFF1300000000000039C00000000700002CC000000000000000001400
310
00000000002440000000000000000000000000000000000A0600000000000000000A06000000000000F03F110D04656467650CFFFFFFFF04FFFFFFFF0CFFFFFFFF0C5E0100000600000000000000000C3101000006989999999999D93F0C2B0100000C8C0100000B0707756E6B6E6F776E110D067665727465780CFFFFFFFF
310
04FFFFFFFF0CFFFFFFFF0C5D01000004000000000C8D010000110E0873747261696768740D0563757276650CFFFFFFFF04FFFFFFFF0CFFFFFFFF130000000000002EC00000000700002CC00000000000000000140000000000000000000000000000000000000000000024400B0B110D05706F696E740CFFFFFFFF04FFFFFF
310
FF0CFFFFFFFF130000000000002EC00000000700002CC00000000000000000110E0873747261696768740D0563757276650CFFFFFFFF04FFFFFFFF0CFFFFFFFF130000000000002EC000008003000032C00000000000001040140000000000002440000000000000000000000000000000000B0B110D05706F696E740CFFFF
310
FFFF04FFFFFFFF0CFFFFFFFF130000000000002EC000008003000032C00000000000001040110E0D4154545249425F435553544F4D0D066174747269620CFFFFFFFF04FFFFFFFF0C8E0100000CFFFFFFFF0C370100000711736B657463685F6174747269625F646566040100000004010000000403000000070D3132352030
310
2031203020312031110D06636F656467650C8F01000004FFFFFFFF0CFFFFFFFF0C370100000C800100000C7C0100000C900100000A0C5400000004000000000CFFFFFFFF110D06636F656467650C9101000004FFFFFFFF0CFFFFFFFF0C6F0100000C6E0100000C370100000C660100000A0C7001000004000000000CFFFFFF
310
FF110D04656467650CFFFFFFFF04FFFFFFFF0CFFFFFFFF0C9201000006CDCCCCCCCCCC00C00C6801000006CDCCCCCCCCCC00400C650100000C930100000B0707756E6B6E6F776E110E0D4154545249425F435553544F4D0D066174747269620CFFFFFFFF04FFFFFFFF0CFFFFFFFF0CFFFFFFFF0C380100000711736B657463
310
685F6174747269625F646566040100000004010000000403000000070D31373020302031203020312031110D067665727465780CFFFFFFFF04FFFFFFFF0CFFFFFFFF0C6601000004010000000C94010000110E0873747261696768740D0563757276650CFFFFFFFF04FFFFFFFF0CFFFFFFFF130000000000003540000000F2
310
FFFF1740000000000000000014000000000000000000000000000024C000000000000000000A0600000000000000000A06FCFFFFFFFFFFEF3F110D05706F696E740CFFFFFFFF04FFFFFFFF0CFFFFFFFF130000000000003540FBFFFF0D000010C00000000000000000110D06636F656467650CFFFFFFFF04FFFFFFFF0CFFFF
310
FFFF0C950100000C3E0100000C960100000C970100000B0C3C00000004000000000CFFFFFFFF110D06636F656467650CFFFFFFFF04FFFFFFFF0CFFFFFFFF0C980100000C990100000C3E0100000C6D0100000A0C4F01000004000000000CFFFFFFFF110D04656467650CFFFFFFFF04FFFFFFFF0CFFFFFFFF0C710100000600
310
000000000000000C9A01000006000000000000F03F0C6C0100000C9B0100000B0707756E6B6E6F776E110D06636F656467650CFFFFFFFF04FFFFFFFF0CFFFFFFFF0C650100000C3F0100000C420100000C730100000A0C7001000004000000000CFFFFFFFF110D06636F656467650CFFFFFFFF04FFFFFFFF0CFFFFFFFF0C3F
310
0100000C650100000C980100000C9C0100000B0C7001000004000000000CFFFFFFFF110D046C6F6F700CFFFFFFFF04FFFFFFFF0CFFFFFFFF0CFFFFFFFF0C650100000C4E010000110D067665727465780CFFFFFFFF04FFFFFFFF0CFFFFFFFF0C6D01000004000000000C9D010000110E0873747261696768740D0563757276
310
650CFFFFFFFF04FFFFFFFF0CFFFFFFFF130000000000000000000000F2FFFF174000000000000010401400000000000024C0000000000000008000000000000000800B0B110D04656467650CFFFFFFFF04FFFFFFFF0CFFFFFFFF0C680100000600000000000000000C44010000069A9999999999D93F0C420100000C9E0100
310
000B0707756E6B6E6F776E110D04666163650C9F01000004FFFFFFFF0CFFFFFFFF0C470100000C430100000C060000000CFFFFFFFF0CA00100000B0B110D05706F696E740CFFFFFFFF04FFFFFFFF0CFFFFFFFF13FFFFFFFFFFFF3440000000F2FFFF17400000000000001040110E0873747261696768740D0563757276650C
310
FFFFFFFF04FFFFFFFF0CFFFFFFFF130000000000003540FBFFFF0D000010C00000000000000000140000000000000000000000000000000000000000000024400B0B110E0D4154545249425F435553544F4D0D066174747269620CFFFFFFFF04FFFFFFFF0CFFFFFFFF0CFFFFFFFF0C47010000071667656E657269635F7461
310
675F6174747269625F6465660403000000040300000004FFFFFFFF071767656E657269635F7461675F6174747269625F646566200401000000040100000007013604000000000401000000042D0100000400000000110E05706C616E650D07737572666163650CFFFFFFFF04FFFFFFFF0CFFFFFFFF130000000000003940FB
310
FFFF0D000010C00000000000000000140000000000000000000000000000F03F00000000000000001400000000000024C0000000000000000000000000000000000B0B0B0B0B110D06636F656467650CFFFFFFFF04FFFFFFFF0CFFFFFFFF0C4C0100000C950100000C580100000C870100000B0C3C00000004000000000CFF
310
FFFFFF110E0D4154545249425F435553544F4D0D066174747269620CFFFFFFFF04FFFFFFFF0CFFFFFFFF0CFFFFFFFF0C4E010000071667656E657269635F7461675F6174747269625F6465660403000000040300000004FFFFFFFF071767656E657269635F7461675F6174747269625F646566200401000000040100000007
310
013804000000000401000000042D0100000400000000110E05706C616E650D07737572666163650CFFFFFFFF04FFFFFFFF0CFFFFFFFF130000000000003540000000F2FFFF17400000000000000000140000000000000000000000000000F03F00000000000000001400000000000024C00000000000000080000000000000
310
00800B0B0B0B0B110D06636F656467650CA101000004FFFFFFFF0CFFFFFFFF0C990100000C980100000C640100000C900100000B0C4F01000004000000000CFFFFFFFF110E0D4154545249425F435553544F4D0D066174747269620CFFFFFFFF04FFFFFFFF0CFFFFFFFF0CFFFFFFFF0C510100000711736B657463685F6174
310
747269625F646566040100000004010000000403000000070D31343020302030203020312031110D06636F656467650CFFFFFFFF04FFFFFFFF0CFFFFFFFF0C960100000C510100000C540100000C830100000B0C2301000004000000000CFFFFFFFF110D06636F656467650CFFFFFFFF04FFFFFFFF0CFFFFFFFF0C51010000
310
0C960100000C990100000CA20100000A0C2301000004000000000CFFFFFFFF110D06636F656467650CA301000004FFFFFFFF0CFFFFFFFF0C640100000C550100000C510100000C810100000A0C5400000004000000000CFFFFFFFF110D04656467650CFFFFFFFF04FFFFFFFF0CFFFFFFFF0CA4010000060000000000000000
310
0C8501000006989999999999D93F0C510100000CA50100000B0707756E6B6E6F776E110D06636F656467650CFFFFFFFF04FFFFFFFF0CFFFFFFFF0C540100000C530100000C950100000CA60100000A0CF600000004000000000CFFFFFFFF110D04656467650CFFFFFFFF04FFFFFFFF0CFFFFFFFF0C85010000060000000000
310
0000000CA7010000069A9999999999D93F0C7E0100000CA80100000B0707756E6B6E6F776E110E0D4154545249425F435553544F4D0D066174747269620CFFFFFFFF04FFFFFFFF0CFFFFFFFF0CFFFFFFFF0C550100000711736B657463685F6174747269625F646566040100000004010000000403000000070D3134312030
310
2030203020312031110D067665727465780CFFFFFFFF04FFFFFFFF0CFFFFFFFF0C5601000004000000000CA9010000110E0873747261696768740D0563757276650CFFFFFFFF04FFFFFFFF0CFFFFFFFF1300000000000039C00000000E000010C0000000000000000014000000000000000000000000000024C00000000000
310
0000000A0600000000000000000A06000000000000F03F110D04656467650CFFFFFFFF04FFFFFFFF0CFFFFFFFF0C880100000600000000000000000C5E01000006000000000000F03F0C580100000CAA0100000B0707756E6B6E6F776E110D067665727465780CFFFFFFFF04FFFFFFFF0CFFFFFFFF0C870100000400000000
310
0CAB010000110E0873747261696768740D0563757276650CFFFFFFFF04FFFFFFFF0CFFFFFFFF1300000000000039C00000000700002CC00000000000000000140000000000000000000000000000000000000000000024400B0B110E0D4154545249425F435553544F4D0D066174747269620CFFFFFFFF04FFFFFFFF0CFFFF
310
FFFF0C5A0100000C290100000711736B657463685F6174747269625F646566040100000004010000000403000000070D31363920302031203020312031110D05706F696E740CFFFFFFFF04FFFFFFFF0CFFFFFFFF1300000000000039C00000000700002CC00000000000000000110E0873747261696768740D056375727665
310
0CFFFFFFFF04FFFFFFFF0CFFFFFFFF130000000000002EC00000000700002CC0000000000000104014000000000000000000000000000024C000000000000000000B0B110D05706F696E740CFFFFFFFF04FFFFFFFF0CFFFFFFFF130000000000002EC00000000700002CC00000000000001040110E0D4154545249425F4355
310
53544F4D0D066174747269620CFFFFFFFF04FFFFFFFF0CFFFFFFFF0C630100000C370100000711736B657463685F6174747269625F646566040100000004010000000403000000070D31333120302030203020312031110E0D4154545249425F435553544F4D0D066174747269620CFFFFFFFF04FFFFFFFF0CFFFFFFFF0CFF
310
FFFFFF0C640100000711736B657463685F6174747269625F646566040100000004010000000403000000070D31333620302030203020312031110D04656467650CFFFFFFFF04FFFFFFFF0CFFFFFFFF0C920100000600000000000000000CA401000006000000000000F03F0C7C0100000CAC0100000B0707756E6B6E6F776E
310
110E0D4154545249425F435553544F4D0D066174747269620CFFFFFFFF04FFFFFFFF0CAD0100000CFFFFFFFF0C650100000711736B657463685F6174747269625F646566040100000004010000000403000000070D31333120302030203020312031110D067665727465780CFFFFFFFF04FFFFFFFF0CFFFFFFFF0C90010000
310
04000000000CAE010000110E0873747261696768740D0563757276650CFFFFFFFF04FFFFFFFF0CFFFFFFFF130000000000000000000000F2FFFF17400000000000000000140000000000002440000000000000000000000000000000000A06CDCCCCCCCCCC00C00A06CDCCCCCCCCCC0040110D05706F696E740CFFFFFFFF04
310
FFFFFFFF0CFFFFFFFF130000000000003540000000F2FFFF17400000000000000000110D06636F656467650CFFFFFFFF04FFFFFFFF0CFFFFFFFF0C790100000C6B0100000C820100000CA60100000B0C3C00000004000000000CFFFFFFFF110D06636F656467650CFFFFFFFF04FFFFFFFF0CFFFFFFFF0C7F0100000C7E0100
310
000C6B0100000C970100000A0C2301000004000000000CFFFFFFFF110D04656467650CFFFFFFFF04FFFFFFFF0CFFFFFFFF0C9A0100000600000000000000000CA701000006989999999999D93F0C960100000CAF0100000B0707756E6B6E6F776E110D06636F656467650CFFFFFFFF04FFFFFFFF0CFFFFFFFF0C7C0100000C
310
6C0100000C6F0100000C9C0100000A0C4F01000004000000000CFFFFFFFF110D06636F656467650CFFFFFFFF04FFFFFFFF0CFFFFFFFF0C6C0100000C7C0100000C7F0100000CA20100000B0C4F01000004000000000CFFFFFFFF110D067665727465780CFFFFFFFF04FFFFFFFF0CFFFFFFFF0C9701000004000000000CB001
310
0000110E0873747261696768740D0563757276650CFFFFFFFF04FFFFFFFF0CFFFFFFFF1300000000000035C0000000F2FFFF1740000000000000104014000000000000000000000000000024C000000000000000000B0B110D04656467650CFFFFFFFF04FFFFFFFF0CFFFFFFFF0C920100000600000000000000000C710100
310
00069A9999999999D93F0C6F0100000CB10100000B0707756E6B6E6F776E110D05706F696E740CFFFFFFFF04FFFFFFFF0CFFFFFFFF1300000000000035C0000000F2FFFF17400000000000001040110E0873747261696768740D0563757276650CFFFFFFFF04FFFFFFFF0CFFFFFFFF130000000000003540000000F2FFFF17
310
400000000000000000140000000000000000000000000000000000000000000024400B0B110E0D4154545249425F435553544F4D0D066174747269620CFFFFFFFF04FFFFFFFF0CFFFFFFFF0CFFFFFFFF0C74010000071667656E657269635F7461675F6174747269625F6465660403000000040300000004FFFFFFFF071767
310
656E657269635F7461675F6174747269625F646566200401000000040100000007013704000000000401000000042D0100000400000000110E05706C616E650D07737572666163650CFFFFFFFF04FFFFFFFF0CFFFFFFFF130000000000003540FBFFFF0D000010C0000000000000000014000000000000F03F000000000000
310
00000000000000000000140000000000000000000000000000244000000000000000000B0B0B0B0B110E0D4154545249425F435553544F4D0D066174747269620CFFFFFFFF04FFFFFFFF0CFFFFFFFF0CFFFFFFFF0C7C0100000711736B657463685F6174747269625F646566040100000004010000000403000000070D3133
310
3620302030203020312031110D04656467650CFFFFFFFF04FFFFFFFF0CFFFFFFFF0CA40100000600000000000000000C9A010000069A9999999999D93F0C990100000CB20100000B0707756E6B6E6F776E110E0D4154545249425F435553544F4D0D066174747269620CFFFFFFFF04FFFFFFFF0CFFFFFFFF0CFFFFFFFF0C80
310
0100000711736B657463685F6174747269625F646566040100000004010000000403000000070D31343020302030203020312031110D067665727465780CFFFFFFFF04FFFFFFFF0CFFFFFFFF0C8101000004000000000CB3010000110E0873747261696768740D0563757276650CFFFFFFFF04FFFFFFFF0CFFFFFFFF130000
310
0000000035C00000000E000010C000000000000000001400000000000024C0000000000000000000000000000000000A0600000000000000000A06989999999999D93F110D04656467650CFFFFFFFF04FFFFFFFF0CFFFFFFFF0CA70100000600000000000000000C8801000006000000000000F03F0C820100000CB4010000
310
0B0707756E6B6E6F776E110D067665727465780CFFFFFFFF04FFFFFFFF0CFFFFFFFF0CA601000004000000000CB5010000110E0873747261696768740D0563757276650CFFFFFFFF04FFFFFFFF0CFFFFFFFF1300000000000039C00000000E000010C000000000000000001400000000000000000000000000000000000000
310
00000024400B0B110D05706F696E740CFFFFFFFF04FFFFFFFF0CFFFFFFFF1300000000000039C00000000E000010C00000000000000000110E0873747261696768740D0563757276650CFFFFFFFF04FFFFFFFF0CFFFFFFFF1300000000000039C00000000700002CC000000000000010401400000000000024400000000000
310
00000000000000000000000B0B110D05706F696E740CFFFFFFFF04FFFFFFFF0CFFFFFFFF1300000000000039C00000000700002CC00000000000001040110E0873747261696768740D0563757276650CFFFFFFFF04FFFFFFFF0CFFFFFFFF1300000000000035C0000000F2FFFF174000000000000000001400000000000000
310
0000000000000024C000000000000000000A0600000000000000000A06000000000000F03F110E0D4154545249425F435553544F4D0D066174747269620CFFFFFFFF04FFFFFFFF0CFFFFFFFF0C910100000C650100000711736B657463685F6174747269625F646566040100000004010000000403000000070D3132352030
310
2031203020312031110D05706F696E740CFFFFFFFF04FFFFFFFF0CFFFFFFFF1300000000000035C0000000F2FFFF17400000000000000000110E0873747261696768740D0563757276650CFFFFFFFF04FFFFFFFF0CFFFFFFFF1300000000000035C00000000E000010C000000000000010401400000000000024C000000000
310
0000000000000000000000000B0B110D05706F696E740CFFFFFFFF04FFFFFFFF0CFFFFFFFF1300000000000035C00000000E000010C00000000000001040110E0873747261696768740D0563757276650CFFFFFFFF04FFFFFFFF0CFFFFFFFF1300000000000035C0000000F2FFFF1740000000000000000014000000000000
310
0000000000000000000000000000000024400B0B110E0873747261696768740D0563757276650CFFFFFFFF04FFFFFFFF0CFFFFFFFF1300000000000035C00000000E000010C00000000000000000140000000000000000000000000000000000000000000024400B0B110D05706F696E740CFFFFFFFF04FFFFFFFF0CFFFFFF
310
FF1300000000000035C00000000E000010C00000000000000000110E0873747261696768740D0563757276650CFFFFFFFF04FFFFFFFF0CFFFFFFFF1300000000000039C00000000E000010C0000000000000104014000000000000000000000000000024C000000000000000000B0B110D05706F696E740CFFFFFFFF04FFFF
310
FFFF0CFFFFFFFF1300000000000039C00000000E000010C00000000000001040110E03456E640E026F660E0341534D0D0464617461
  0
ENDSEC
  0
EOF
