  0
SECTION
  2
HEADER
  9
$ACADVER
  1
AC1027
  9
$ACADMAINTVER
 70
   125
  9
$DWGCODEPAGE
  3
ANSI_1252
  9
$REQUIREDVERSIONS
160
                 0
  9
$INSBASE
 10
0.0
 20
0.0
 30
0.0
  9
$EXTMIN
 10
1.000000000000000E+20
 20
1.000000000000000E+20
 30
1.000000000000000E+20
  9
$EXTMAX
 10
-1.000000000000000E+20
 20
-1.000000000000000E+20
 30
-1.000000000000000E+20
  9
$LIMMIN
 10
0.0
 20
0.0
  9
$LIMMAX
 10
12.0
 20
9.0
  9
$ORTHOMODE
 70
     0
  9
$REGENMODE
 70
     1
  9
$FILLMODE
 70
     1
  9
$QTEXTMODE
 70
     0
  9
$MIRRTEXT
 70
     0
  9
$LTSCALE
 40
1.0
  9
$ATTMODE
 70
     1
  9
$TEXTSIZE
 40
0.2
  9
$TRACEWID
 40
0.05
  9
$TEXTSTYLE
  7
Standard
  9
$CLAYER
  8
0
  9
$CELTYPE
  6
ByLayer
  9
$CECOLOR
 62
   256
  9
$CELTSCALE
 40
1.0
  9
$DISPSILH
 70
     0
  9
$DIMSCALE
 40
1.0
  9
$DIMASZ
 40
0.18
  9
$DIMEXO
 40
0.0625
  9
$DIMDLI
 40
0.38
  9
$DIMRND
 40
0.0
  9
$DIMDLE
 40
0.0
  9
$DIMEXE
 40
0.18
  9
$DIMTP
 40
0.0
  9
$DIMTM
 40
0.0
  9
$DIMTXT
 40
0.18
  9
$DIMCEN
 40
0.09
  9
$DIMTSZ
 40
0.0
  9
$DIMTOL
 70
     0
  9
$DIMLIM
 70
     0
  9
$DIMTIH
 70
     1
  9
$DIMTOH
 70
     1
  9
$DIMSE1
 70
     0
  9
$DIMSE2
 70
     0
  9
$DIMTAD
 70
     0
  9
$DIMZIN
 70
     0
  9
$DIMBLK
  1

  9
$DIMASO
 70
     1
  9
$DIMSHO
 70
     1
  9
$DIMPOST
  1

  9
$DIMAPOST
  1

  9
$DIMALT
 70
     0
  9
$DIMALTD
 70
     2
  9
$DIMALTF
 40
25.4
  9
$DIMLFAC
 40
1.0
  9
$DIMTOFL
 70
     0
  9
$DIMTVP
 40
0.0
  9
$DIMTIX
 70
     0
  9
$DIMSOXD
 70
     0
  9
$DIMSAH
 70
     0
  9
$DIMBLK1
  1

  9
$DIMBLK2
  1

  9
$DIMSTYLE
  2
Standard
  9
$DIMCLRD
 70
     0
  9
$DIMCLRE
 70
     0
  9
$DIMCLRT
 70
     0
  9
$DIMTFAC
 40
1.0
  9
$DIMGAP
 40
0.09
  9
$DIMJUST
 70
     0
  9
$DIMSD1
 70
     0
  9
$DIMSD2
 70
     0
  9
$DIMTOLJ
 70
     1
  9
$DIMTZIN
 70
     0
  9
$DIMALTZ
 70
     0
  9
$DIMALTTZ
 70
     0
  9
$DIMUPT
 70
     0
  9
$DIMDEC
 70
     4
  9
$DIMTDEC
 70
     4
  9
$DIMALTU
 70
     2
  9
$DIMALTTD
 70
     2
  9
$DIMTXSTY
  7
Standard
  9
$DIMAUNIT
 70
     0
  9
$DIMADEC
 70
     0
  9
$DIMALTRND
 40
0.0
  9
$DIMAZIN
 70
     0
  9
$DIMDSEP
 70
    46
  9
$DIMATFIT
 70
     3
  9
$DIMFRAC
 70
     0
  9
$DIMLDRBLK
  1

  9
$DIMLUNIT
 70
     2
  9
$DIMLWD
 70
    -2
  9
$DIMLWE
 70
    -2
  9
$DIMTMOVE
 70
     0
  9
$DIMFXL
 40
1.0
  9
$DIMFXLON
 70
     0
  9
$DIMJOGANG
 40
0.7853981633974483
  9
$DIMTFILL
 70
     0
  9
$DIMTFILLCLR
 70
     0
  9
$DIMARCSYM
 70
     0
  9
$DIMLTYPE
  6

  9
$DIMLTEX1
  6

  9
$DIMLTEX2
  6

  9
$DIMTXTDIRECTION
 70
     0
  9
$LUNITS
 70
     2
  9
$LUPREC
 70
     4
  9
$SKETCHINC
 40
0.1
  9
$FILLETRAD
 40
0.0
  9
$AUNITS
 70
     0
  9
$AUPREC
 70
     0
  9
$MENU
  1
.
  9
$ELEVATION
 40
0.0
  9
$PELEVATION
 40
0.0
  9
$THICKNESS
 40
0.0
  9
$LIMCHECK
 70
     0
  9
$CHAMFERA
 40
0.0
  9
$CHAMFERB
 40
0.0
  9
$CHAMFERC
 40
0.0
  9
$CHAMFERD
 40
0.0
  9
$SKPOLY
 70
     0
  9
$TDCREATE
 40
2461183.540810185
  9
$TDUCREATE
 40
2461183.540810185
  9
$TDUPDATE
 40
2461183.540810185
  9
$TDUUPDATE
 40
2461183.540810185
  9
$TDINDWG
 40
0.0000000000
  9
$TDUSRTIMER
 40
0.0000000000
  9
$USRTIMER
 70
     1
  9
$ANGBASE
 50
0.0
  9
$ANGDIR
 70
     0
  9
$PDMODE
 70
     0
  9
$PDSIZE
 40
0.0
  9
$PLINEWID
 40
0.0
  9
$SPLFRAME
 70
     0
  9
$SPLINETYPE
 70
     6
  9
$SPLINESEGS
 70
     8
  9
$HANDSEED
  5
C0
  9
$SURFTAB1
 70
     6
  9
$SURFTAB2
 70
     6
  9
$SURFTYPE
 70
     6
  9
$SURFU
 70
     6
  9
$SURFV
 70
     6
  9
$UCSBASE
  2

  9
$UCSNAME
  2

  9
$UCSORG
 10
0.0
 20
0.0
 30
0.0
  9
$UCSXDIR
 10
1.0
 20
0.0
 30
0.0
  9
$UCSYDIR
 10
0.0
 20
1.0
 30
0.0
  9
$UCSORTHOREF
  2

  9
$UCSORTHOVIEW
 70
     0
  9
$UCSORGTOP
 10
0.0
 20
0.0
 30
0.0
  9
$UCSORGBOTTOM
 10
0.0
 20
0.0
 30
0.0
  9
$UCSORGLEFT
 10
0.0
 20
0.0
 30
0.0
  9
$UCSORGRIGHT
 10
0.0
 20
0.0
 30
0.0
  9
$UCSORGFRONT
 10
0.0
 20
0.0
 30
0.0
  9
$UCSORGBACK
 10
0.0
 20
0.0
 30
0.0
  9
$PUCSBASE
  2

  9
$PUCSNAME
  2

  9
$PUCSORG
 10
0.0
 20
0.0
 30
0.0
  9
$PUCSXDIR
 10
1.0
 20
0.0
 30
0.0
  9
$PUCSYDIR
 10
0.0
 20
1.0
 30
0.0
  9
$PUCSORTHOREF
  2

  9
$PUCSORTHOVIEW
 70
     0
  9
$PUCSORGTOP
 10
0.0
 20
0.0
 30
0.0
  9
$PUCSORGBOTTOM
 10
0.0
 20
0.0
 30
0.0
  9
$PUCSORGLEFT
 10
0.0
 20
0.0
 30
0.0
  9
$PUCSORGRIGHT
 10
0.0
 20
0.0
 30
0.0
  9
$PUCSORGFRONT
 10
0.0
 20
0.0
 30
0.0
  9
$PUCSORGBACK
 10
0.0
 20
0.0
 30
0.0
  9
$USERI1
 70
     0
  9
$USERI2
 70
     0
  9
$USERI3
 70
     0
  9
$USERI4
 70
     0
  9
$USERI5
 70
     0
  9
$USERR1
 40
0.0
  9
$USERR2
 40
0.0
  9
$USERR3
 40
0.0
  9
$USERR4
 40
0.0
  9
$USERR5
 40
0.0
  9
$WORLDVIEW
 70
     1
  9
$SHADEDGE
 70
     3
  9
$SHADEDIF
 70
    70
  9
$TILEMODE
 70
     1
  9
$MAXACTVP
 70
    64
  9
$PINSBASE
 10
0.0
 20
0.0
 30
0.0
  9
$PLIMCHECK
 70
     0
  9
$PEXTMIN
 10
1.000000000000000E+20
 20
1.000000000000000E+20
 30
1.000000000000000E+20
  9
$PEXTMAX
 10
-1.000000000000000E+20
 20
-1.000000000000000E+20
 30
-1.000000000000000E+20
  9
$PLIMMIN
 10
0.0
 20
0.0
  9
$PLIMMAX
 10
12.0
 20
9.0
  9
$UNITMODE
 70
     0
  9
$VISRETAIN
 70
     1
  9
$PLINEGEN
 70
     0
  9
$PSLTSCALE
 70
     1
  9
$TREEDEPTH
 70
  3020
  9
$CMLSTYLE
  2
Standard
  9
$CMLJUST
 70
     0
  9
$CMLSCALE
 40
1.0
  9
$PROXYGRAPHICS
 70
     1
  9
$MEASUREMENT
 70
     0
  9
$CELWEIGHT
370
    -1
  9
$ENDCAPS
280
     0
  9
$JOINSTYLE
280
     0
  9
$LWDISPLAY
290
     0
  9
$INSUNITS
 70
     4
  9
$HYPERLINKBASE
  1

  9
$STYLESHEET
  1

  9
$XEDIT
290
     1
  9
$CEPSNTYPE
380
     0
  9
$PSTYLEMODE
290
     1
  9
$FINGERPRINTGUID
  2
{CA460964-B016-BE4D-AB6F-EE72F709B5F1}
  9
$VERSIONGUID
  2
{0F5943E6-2E02-B745-A135-EA82901760CA}
  9
$EXTNAMES
290
     1
  9
$PSVPSCALE
 40
0.0
  9
$OLESTARTUP
290
     0
  9
$SORTENTS
280
   127
  9
$INDEXCTL
280
     0
  9
$HIDETEXT
280
     1
  9
$XCLIPFRAME
280
     2
  9
$HALOGAP
280
     0
  9
$OBSCOLOR
 70
   257
  9
$OBSLTYPE
280
     0
  9
$INTERSECTIONDISPLAY
280
     0
  9
$INTERSECTIONCOLOR
 70
   257
  9
$DIMASSOC
280
     2
  9
$PROJECTNAME
  1

  9
$CAMERADISPLAY
290
     0
  9
$LENSLENGTH
 40
50.0
  9
$CAMERAHEIGHT
 40
0.0
  9
$STEPSPERSEC
 40
2.0
  9
$STEPSIZE
 40
6.0
  9
$3DDWFPREC
 40
2.0
  9
$PSOLWIDTH
 40
0.25
  9
$PSOLHEIGHT
 40
4.0
  9
$LOFTANG1
 40
1.570796326794896
  9
$LOFTANG2
 40
1.570796326794896
  9
$LOFTMAG1
 40
0.0
  9
$LOFTMAG2
 40
0.0
  9
$LOFTPARAM
 70
     7
  9
$LOFTNORMALS
280
     1
  9
$LATITUDE
 40
37.795
  9
$LONGITUDE
 40
-122.394
  9
$NORTHDIRECTION
 40
0.0
  9
$TIMEZONE
 70
 -8000
  9
$LIGHTGLYPHDISPLAY
280
     1
  9
$TILEMODELIGHTSYNCH
280
     1
  9
$CMATERIAL
347
11
  9
$SOLIDHIST
280
     0
  9
$SHOWHIST
280
     1
  9
$DWFFRAME
280
     2
  9
$DGNFRAME
280
     0
  9
$REALWORLDSCALE
290
     1
  9
$INTERFERECOLOR
 62
     1
  9
$INTERFEREOBJVS
345
33
  9
$INTERFEREVPVS
346
30
  9
$CSHADOW
280
     0
  9
$SHADOWPLANELOCATION
 40
0.0
  0
ENDSEC
  0
SECTION
  2
CLASSES
  0
CLASS
  1
ACDBDICTIONARYWDFLT
  2
AcDbDictionaryWithDefault
  3
ObjectDBX Classes
 90
        0
 91
        1
280
     0
281
     0
  0
CLASS
  1
MATERIAL
  2
AcDbMaterial
  3
ObjectDBX Classes
 90
     1153
 91
        4
280
     0
281
     0
  0
CLASS
  1
VISUALSTYLE
  2
AcDbVisualStyle
  3
ObjectDBX Classes
 90
     4095
 91
       24
280
     0
281
     0
  0
CLASS
  1
SCALE
  2
AcDbScale
  3
ObjectDBX Classes
 90
     1153
 91
       17
280
     0
281
     0
  0
CLASS
  1
TABLESTYLE
  2
AcDbTableStyle
  3
ObjectDBX Classes
 90
     4095
 91
        1
280
     0
281
     0
  0
CLASS
  1
MLEADERSTYLE
  2
AcDbMLeaderStyle
  3
ACDB_MLEADERSTYLE_CLASS
 90
     4095
 91
        1
280
     0
281
     0
  0
CLASS
  1
ACDBSECTIONVIEWSTYLE
  2
AcDbSectionViewStyle
  3
ObjectDBX Classes
 90
     1025
 91
        1
280
     0
281
     0
  0
CLASS
  1
ACDBDETAILVIEWSTYLE
  2
AcDbDetailViewStyle
  3
ObjectDBX Classes
 90
     1025
 91
        1
280
     0
281
     0
  0
CLASS
  1
DICTIONARYVAR
  2
AcDbDictionaryVar
  3
ObjectDBX Classes
 90
        0
 91
        5
280
     0
281
     0
  0
CLASS
  1
CELLSTYLEMAP
  2
AcDbCellStyleMap
  3
ObjectDBX Classes
 90
     1152
 91
        1
280
     0
281
     0
  0
ENDSEC
  0
SECTION
  2
TABLES
  0
TABLE
  2
VPORT
  5
8
330
0
100
AcDbSymbolTable
 70
     1
1001
ACAD
1000
DbSaveVer
1071
      471
  0
VPORT
  5
57
330
8
100
AcDbSymbolTableRecord
100
AcDbViewportTableRecord
  2
*Active
 70
     0
 10
0.0
 20
0.0
 11
1.0
 21
1.0
 12
500.0
 22
500.0
 13
0.0
 23
0.0
 14
1.0
 24
1.0
 15
0.0
 25
0.0
 16
0.0
 26
0.0
 36
1.0
 17
0.0
 27
0.0
 37
0.0
 40
12.0
 41
1.0
 42
50.0
 43
0.0
 44
0.0
 50
0.0
 51
0.0
 71
     0
 72
   100
 73
     1
 74
     1
 75
     0
 76
     0
 77
     0
 78
     0
281
     0
 65
     1
110
0.0
120
0.0
130
0.0
111
1.0
121
0.0
131
0.0
112
0.0
122
1.0
132
0.0
 79
     0
146
0.0
 60
     3
 61
     5
292
     1
282
     1
141
0.0
142
0.0
 63
   250
421
  3355443
  0
ENDTAB
  0
TABLE
  2
LTYPE
  5
5
330
0
100
AcDbSymbolTable
 70
     1
  0
LTYPE
  5
5B
330
5
100
AcDbSymbolTableRecord
100
AcDbLinetypeTableRecord
  2
ByBlock
 70
     0
  3

 72
    65
 73
     0
 40
0.0
  0
LTYPE
  5
5C
330
5
100
AcDbSymbolTableRecord
100
AcDbLinetypeTableRecord
  2
ByLayer
 70
     0
  3

 72
    65
 73
     0
 40
0.0
  0
LTYPE
  5
5D
330
5
100
AcDbSymbolTableRecord
100
AcDbLinetypeTableRecord
  2
Continuous
 70
     0
  3
Solid line
 72
    65
 73
     0
 40
0.0
  0
ENDTAB
  0
TABLE
  2
LAYER
  5
2
330
0
100
AcDbSymbolTable
 70
     2
  0
LAYER
  5
54
330
2
100
AcDbSymbolTableRecord
100
AcDbLayerTableRecord
  2
0
 70
     0
 62
     7
  6
Continuous
370
    -3
390
F
347
21
348
0
  0
LAYER
  5
85
330
2
100
AcDbSymbolTableRecord
100
AcDbLayerTableRecord
  2
Head_TopPlateLaserCutting v10_Sketch1
 70
     0
 62
     7
  6
Continuous
370
    -3
390
F
347
21
348
0
1001
NFusion_SketchTransform
1000
1.000000;0.000000;0.000000;0.000000;0.000000;1.000000;0.000000;0.000000;0.000000;0.000000;1.000000;0.000000;0.000000;0.000000;0.000000;1.000000
  0
ENDTAB
  0
TABLE
  2
STYLE
  5
3
330
0
100
AcDbSymbolTable
 70
     2
  0
STYLE
  5
55
330
3
100
AcDbSymbolTableRecord
100
AcDbTextStyleTableRecord
  2
Standard
 70
     0
 40
0.0
 41
1.0
 50
0.0
 71
     0
 42
0.2
  3
txt
  4

  0
STYLE
  5
5A
330
3
100
AcDbSymbolTableRecord
100
AcDbTextStyleTableRecord
  2
Annotative
 70
     0
 40
0.0
 41
1.0
 50
0.0
 71
     0
 42
0.2
  3
txt
  4

1001
AcadAnnotative
1000
AnnotativeData
1002
{
1070
     1
1070
     1
1002
}
  0
ENDTAB
  0
TABLE
  2
VIEW
  5
6
330
0
100
AcDbSymbolTable
 70
     0
  0
ENDTAB
  0
TABLE
  2
UCS
  5
7
330
0
100
AcDbSymbolTable
 70
     0
  0
ENDTAB
  0
TABLE
  2
APPID
  5
9
330
0
100
AcDbSymbolTable
 70
     4
  0
APPID
  5
56
330
9
100
AcDbSymbolTableRecord
100
AcDbRegAppTableRecord
  2
ACAD
 70
     0
  0
APPID
  5
5E
330
9
100
AcDbSymbolTableRecord
100
AcDbRegAppTableRecord
  2
AcadAnnotative
 70
     0
  0
APPID
  5
78
330
9
100
AcDbSymbolTableRecord
100
AcDbRegAppTableRecord
  2
EDIT_IN_FUSION_ACAD_ADDIN
 70
     0
  0
APPID
  5
79
330
9
100
AcDbSymbolTableRecord
100
AcDbRegAppTableRecord
  2
NFusion_SketchTransform
 70
     0
  0
ENDTAB
  0
TABLE
  2
DIMSTYLE
  5
A
330
0
100
AcDbSymbolTable
 70
     2
100
AcDbDimStyleTable
 71
     0
  0
DIMSTYLE
105
58
330
A
100
AcDbSymbolTableRecord
100
AcDbDimStyleTableRecord
  2
Standard
 70
     0
340
55
  0
DIMSTYLE
105
59
330
A
100
AcDbSymbolTableRecord
100
AcDbDimStyleTableRecord
  2
Annotative
 70
     0
340
55
1001
AcadAnnotative
1000
AnnotativeData
1002
{
1070
     1
1070
     1
1002
}
  0
ENDTAB
  0
TABLE
  2
BLOCK_RECORD
  5
1
330
0
100
AcDbSymbolTable
 70
     1
  0
BLOCK_RECORD
  5
70
330
1
100
AcDbSymbolTableRecord
100
AcDbBlockTableRecord
  2
*Model_Space
340
73
 70
     0
280
     1
281
     0
  0
BLOCK_RECORD
  5
6C
330
1
100
AcDbSymbolTableRecord
100
AcDbBlockTableRecord
  2
*Paper_Space
340
6F
 70
     0
280
     1
281
     0
  0
BLOCK_RECORD
  5
74
330
1
100
AcDbSymbolTableRecord
100
AcDbBlockTableRecord
  2
*Paper_Space0
340
77
 70
     0
280
     1
281
     0
  0
ENDTAB
  0
ENDSEC
  0
SECTION
  2
BLOCKS
  0
BLOCK
  5
71
330
70
100
AcDbEntity
  8
0
100
AcDbBlockBegin
  2
*Model_Space
 70
     0
 10
0.0
 20
0.0
 30
0.0
  3
*Model_Space
  1

  0
ENDBLK
  5
72
330
70
100
AcDbEntity
  8
0
100
AcDbBlockEnd
  0
BLOCK
  5
6D
330
6C
100
AcDbEntity
 67
     1
  8
0
100
AcDbBlockBegin
  2
*Paper_Space
 70
     0
 10
0.0
 20
0.0
 30
0.0
  3
*Paper_Space
  1

  0
ENDBLK
  5
6E
330
6C
100
AcDbEntity
 67
     1
  8
0
100
AcDbBlockEnd
  0
BLOCK
  5
75
330
74
100
AcDbEntity
 67
     1
  8
0
100
AcDbBlockBegin
  2
*Paper_Space0
 70
     0
 10
0.0
 20
0.0
 30
0.0
  3
*Paper_Space0
  1

  0
ENDBLK
  5
76
330
74
100
AcDbEntity
 67
     1
  8
0
100
AcDbBlockEnd
  0
ENDSEC
  0
SECTION
  2
ENTITIES
  0
3DSOLID
  5
84
330
70
100
AcDbEntity
  8
0
347
7A
100
AcDbModelerGeometry
290
     1
  2
{72e0ad18-fed9-4d4e-962f-83c8c8ec4552}
100
AcDb3dSolid
350
0
  0
POINT
  5
86
330
70
100
AcDbEntity
  8
Head_TopPlateLaserCutting v10_Sketch1
100
AcDbPoint
 10
0.0
 20
0.0
 30
0.0
  0
LINE
  5
87
330
70
100
AcDbEntity
  8
Head_TopPlateLaserCutting v10_Sketch1
100
AcDbLine
 10
0.0
 20
-18.0
 30
0.0
 11
5.0
 21
-18.0
 31
0.0
  0
CIRCLE
  5
88
330
70
100
AcDbEntity
  8
Head_TopPlateLaserCutting v10_Sketch1
100
AcDbCircle
 10
52.83759585720573
 20
6.539110787305215
 30
0.0
 40
1.500000000000001
  0
CIRCLE
  5
89
330
70
100
AcDbEntity
  8
Head_TopPlateLaserCutting v10_Sketch1
100
AcDbCircle
 10
51.44400231775673
 20
40.95288560273054
 30
0.0
 40
1.499999999999999
  0
LINE
  5
8A
330
70
100
AcDbEntity
  8
Head_TopPlateLaserCutting v10_Sketch1
100
AcDbLine
 10
21.0
 20
-22.0
 30
0.0
 11
25.0
 21
-22.0
 31
0.0
  0
CIRCLE
  5
8B
330
70
100
AcDbEntity
  8
Head_TopPlateLaserCutting v10_Sketch1
100
AcDbCircle
 10
0.0
 20
0.0
 30
0.0
 40
85.0
  0
LINE
  5
8C
330
70
100
AcDbEntity
  8
Head_TopPlateLaserCutting v10_Sketch1
100
AcDbLine
 10
-5.0
 20
-22.0
 30
0.0
 11
-5.0
 21
-18.0
 31
0.0
  0
LINE
  5
8D
330
70
100
AcDbEntity
  8
Head_TopPlateLaserCutting v10_Sketch1
100
AcDbLine
 10
-15.0
 20
-18.0
 30
0.0
 11
-20.5
 21
-18.0
 31
0.0
  0
LINE
  5
8E
330
70
100
AcDbEntity
  8
Head_TopPlateLaserCutting v10_Sketch1
100
AcDbLine
 10
25.0
 20
-32.0
 30
0.0
 11
21.0
 21
-32.0
 31
0.0
  0
LINE
  5
8F
330
70
100
AcDbEntity
  8
Head_TopPlateLaserCutting v10_Sketch1
100
AcDbLine
 10
5.0
 20
-22.0
 30
0.0
 11
5.0
 21
-18.0
 31
0.0
  0
CIRCLE
  5
90
330
70
100
AcDbEntity
  8
Head_TopPlateLaserCutting v10_Sketch1
100
AcDbCircle
 10
-79.30000000000001
 20
-0.0000000000000176
 30
0.0
 40
2.375
  0
CIRCLE
  5
91
330
70
100
AcDbEntity
  8
Head_TopPlateLaserCutting v10_Sketch1
100
AcDbCircle
 10
34.00439032263359
 20
-11.26837843636012
 30
0.0
 40
1.25
  0
CIRCLE
  5
92
330
70
100
AcDbEntity
  8
Head_TopPlateLaserCutting v10_Sketch1
100
AcDbCircle
 10
40.00000000000002
 20
65.00000000000039
 30
0.0
 40
1.250000000000002
  0
CIRCLE
  5
93
330
70
100
AcDbEntity
  8
Head_TopPlateLaserCutting v10_Sketch1
100
AcDbCircle
 10
13.00000000000002
 20
65.00000000000039
 30
0.0
 40
1.250000000000003
  0
LINE
  5
94
330
70
100
AcDbEntity
  8
Head_TopPlateLaserCutting v10_Sketch1
100
AcDbLine
 10
-24.5
 20
-22.0
 30
0.0
 11
-24.5
 21
-32.0
 31
0.0
  0
LINE
  5
95
330
70
100
AcDbEntity
  8
Head_TopPlateLaserCutting v10_Sketch1
100
AcDbLine
 10
-15.0
 20
-18.0
 30
0.0
 11
-15.0
 21
-22.0
 31
0.0
  0
CIRCLE
  5
96
330
70
100
AcDbEntity
  8
Head_TopPlateLaserCutting v10_Sketch1
100
AcDbCircle
 10
57.09887258081373
 20
57.09887258081373
 30
0.0
 40
1.249999999999997
  0
CIRCLE
  5
97
330
70
100
AcDbEntity
  8
Head_TopPlateLaserCutting v10_Sketch1
100
AcDbCircle
 10
-0.0000000000000097
 20
-79.29999999999999
 30
0.0
 40
2.375
  0
LINE
  5
98
330
70
100
AcDbEntity
  8
Head_TopPlateLaserCutting v10_Sketch1
100
AcDbLine
 10
15.0
 20
-22.0
 30
0.0
 11
5.0
 21
-22.0
 31
0.0
  0
LINE
  5
99
330
70
100
AcDbEntity
  8
Head_TopPlateLaserCutting v10_Sketch1
100
AcDbLine
 10
-20.5
 20
-22.0
 30
0.0
 11
-24.50000000000001
 21
-22.0
 31
0.0
  0
LINE
  5
9A
330
70
100
AcDbEntity
  8
Head_TopPlateLaserCutting v10_Sketch1
100
AcDbLine
 10
15.0
 20
-18.0
 30
0.0
 11
21.0
 21
-18.0
 31
0.0
  0
CIRCLE
  5
9B
330
70
100
AcDbEntity
  8
Head_TopPlateLaserCutting v10_Sketch1
100
AcDbCircle
 10
26.87509151039632
 20
-53.99525420064908
 30
0.0
 40
1.499999999999999
  0
CIRCLE
  5
9C
330
70
100
AcDbEntity
  8
Head_TopPlateLaserCutting v10_Sketch1
100
AcDbCircle
 10
0.0
 20
0.0
 30
0.0
 40
4.875
  0
LINE
  5
9D
330
70
100
AcDbEntity
  8
Head_TopPlateLaserCutting v10_Sketch1
100
AcDbLine
 10
0.0
 20
-9.0
 30
0.0
 11
21.0
 21
-9.0
 31
0.0
  0
LINE
  5
9E
330
70
100
AcDbEntity
  8
Head_TopPlateLaserCutting v10_Sketch1
100
AcDbLine
 10
21.0
 20
-32.0
 30
0.0
 11
21.0
 21
-22.0
 31
0.0
  0
CIRCLE
  5
9F
330
70
100
AcDbEntity
  8
Head_TopPlateLaserCutting v10_Sketch1
100
AcDbCircle
 10
26.87509151039632
 20
-66.99525420064908
 30
0.0
 40
1.500000000000001
  0
CIRCLE
  5
A0
330
70
100
AcDbEntity
  8
Head_TopPlateLaserCutting v10_Sketch1
100
AcDbCircle
 10
61.00439032263359
 20
-11.26837843636012
 30
0.0
 40
1.249999999999997
  0
LINE
  5
A1
330
70
100
AcDbEntity
  8
Head_TopPlateLaserCutting v10_Sketch1
100
AcDbLine
 10
-20.5
 20
-9.0
 30
0.0
 11
-20.5
 21
-18.0
 31
0.0
  0
LINE
  5
A2
330
70
100
AcDbEntity
  8
Head_TopPlateLaserCutting v10_Sketch1
100
AcDbLine
 10
25.0
 20
-22.0
 30
0.0
 11
25.0
 21
-32.0
 31
0.0
  0
LINE
  5
A3
330
70
100
AcDbEntity
  8
Head_TopPlateLaserCutting v10_Sketch1
100
AcDbLine
 10
-24.5
 20
-32.0
 30
0.0
 11
-20.5
 21
-32.0
 31
0.0
  0
CIRCLE
  5
A4
330
70
100
AcDbEntity
  8
Head_TopPlateLaserCutting v10_Sketch1
100
AcDbCircle
 10
-57.09887258081374
 20
57.09887258081373
 30
0.0
 40
1.249999999999997
  0
LINE
  5
A5
330
70
100
AcDbEntity
  8
Head_TopPlateLaserCutting v10_Sketch1
100
AcDbLine
 10
21.0
 20
-9.0
 30
0.0
 11
21.0
 21
-18.0
 31
0.0
  0
LINE
  5
A6
330
70
100
AcDbEntity
  8
Head_TopPlateLaserCutting v10_Sketch1
100
AcDbLine
 10
-15.0
 20
-22.0
 30
0.0
 11
-5.0
 21
-22.0
 31
0.0
  0
CIRCLE
  5
A7
330
70
100
AcDbEntity
  8
Head_TopPlateLaserCutting v10_Sketch1
100
AcDbCircle
 10
79.29999999999999
 20
-0.0000000000000176
 30
0.0
 40
2.375
  0
LINE
  5
A8
330
70
100
AcDbEntity
  8
Head_TopPlateLaserCutting v10_Sketch1
100
AcDbLine
 10
0.0
 20
-18.0
 30
0.0
 11
-5.0
 21
-18.0
 31
0.0
  0
CIRCLE
  5
A9
330
70
100
AcDbEntity
  8
Head_TopPlateLaserCutting v10_Sketch1
100
AcDbCircle
 10
57.09887258081372
 20
-57.09887258081373
 30
0.0
 40
1.249999999999997
  0
CIRCLE
  5
AA
330
70
100
AcDbEntity
  8
Head_TopPlateLaserCutting v10_Sketch1
100
AcDbCircle
 10
34.00439032263359
 20
-41.26837843636012
 30
0.0
 40
1.249999999999997
  0
CIRCLE
  5
AB
330
70
100
AcDbEntity
  8
Head_TopPlateLaserCutting v10_Sketch1
100
AcDbCircle
 10
0.0
 20
79.29999999999999
 30
0.0
 40
2.375
  0
CIRCLE
  5
AC
330
70
100
AcDbEntity
  8
Head_TopPlateLaserCutting v10_Sketch1
100
AcDbCircle
 10
-40.5161631196304
 20
28.30625661043196
 30
0.0
 40
1.249999999999997
  0
CIRCLE
  5
AD
330
70
100
AcDbEntity
  8
Head_TopPlateLaserCutting v10_Sketch1
100
AcDbCircle
 10
-40.51616311963038
 20
1.306256610431991
 30
0.0
 40
1.249999999999999
  0
LINE
  5
AE
330
70
100
AcDbEntity
  8
Head_TopPlateLaserCutting v10_Sketch1
100
AcDbLine
 10
-20.5
 20
-32.0
 30
0.0
 11
-20.5
 21
-22.0
 31
0.0
  0
LINE
  5
AF
330
70
100
AcDbEntity
  8
Head_TopPlateLaserCutting v10_Sketch1
100
AcDbLine
 10
0.0
 20
-9.0
 30
0.0
 11
-20.5
 21
-9.0
 31
0.0
  0
CIRCLE
  5
B0
330
70
100
AcDbEntity
  8
Head_TopPlateLaserCutting v10_Sketch1
100
AcDbCircle
 10
59.00439032263337
 20
-41.26837843636012
 30
0.0
 40
1.249999999999997
  0
LINE
  5
B1
330
70
100
AcDbEntity
  8
Head_TopPlateLaserCutting v10_Sketch1
100
AcDbLine
 10
15.0
 20
-18.0
 30
0.0
 11
15.0
 21
-22.0
 31
0.0
  0
CIRCLE
  5
B2
330
70
100
AcDbEntity
  8
Head_TopPlateLaserCutting v10_Sketch1
100
AcDbCircle
 10
-57.09887258081373
 20
-57.09887258081372
 30
0.0
 40
1.249999999999997
  0
ENDSEC
  0
SECTION
  2
OBJECTS
  0
DICTIONARY
  5
C
330
0
100
AcDbDictionary
281
     1
  3
ACAD_COLOR
350
63
  3
ACAD_DETAILVIEWSTYLE
350
6A
  3
ACAD_GROUP
350
D
  3
ACAD_LAYOUT
350
62
  3
ACAD_MATERIAL
350
10
  3
ACAD_MLEADERSTYLE
350
66
  3
ACAD_MLINESTYLE
350
5F
  3
ACAD_PLOTSETTINGS
350
61
  3
ACAD_PLOTSTYLENAME
350
E
  3
ACAD_SCALELIST
350
42
  3
ACAD_SECTIONVIEWSTYLE
350
68
  3
ACAD_TABLESTYLE
350
64
  3
ACAD_VISUALSTYLE
350
29
  3
ACDB_RECOMPOSE_DATA
350
BB
  3
AcDbVariableDictionary
350
B3
  0
DICTIONARY
  5
63
102
{ACAD_REACTORS
330
C
102
}
330
C
100
AcDbDictionary
281
     1
  0
DICTIONARY
  5
6A
102
{ACAD_REACTORS
330
C
102
}
330
C
100
AcDbDictionary
281
     1
  3
Imperial24
350
6B
  0
DICTIONARY
  5
D
102
{ACAD_REACTORS
330
C
102
}
330
C
100
AcDbDictionary
281
     1
  0
DICTIONARY
  5
62
102
{ACAD_REACTORS
330
C
102
}
330
C
100
AcDbDictionary
281
     1
  3
Layout1
350
6F
  3
Layout2
350
77
  3
Model
350
73
  0
DICTIONARY
  5
10
102
{ACAD_REACTORS
330
C
102
}
330
C
100
AcDbDictionary
281
     1
  3
ByBlock
350
19
  3
ByLayer
350
11
  3
Global
350
21
  3
Mahogany
350
7A
  0
DICTIONARY
  5
66
102
{ACAD_REACTORS
330
C
102
}
330
C
100
AcDbDictionary
281
     1
  3
Standard
350
67
  0
DICTIONARY
  5
5F
102
{ACAD_REACTORS
330
C
102
}
330
C
100
AcDbDictionary
281
     1
  3
Standard
350
60
  0
DICTIONARY
  5
61
102
{ACAD_REACTORS
330
C
102
}
330
C
100
AcDbDictionary
281
     1
  0
ACDBDICTIONARYWDFLT
  5
E
102
{ACAD_REACTORS
330
C
102
}
330
C
100
AcDbDictionary
281
     1
  3
Normal
350
F
100
AcDbDictionaryWithDefault
340
F
  0
DICTIONARY
  5
42
102
{ACAD_REACTORS
330
C
102
}
330
C
100
AcDbDictionary
281
     1
  3
A0
350
43
  3
A1
350
44
  3
A2
350
45
  3
A3
350
46
  3
A4
350
47
  3
A5
350
48
  3
A6
350
49
  3
A7
350
4A
  3
A8
350
4B
  3
A9
350
4C
  3
B0
350
4D
  3
B1
350
4E
  3
B2
350
4F
  3
B3
350
50
  3
B4
350
51
  3
B5
350
52
  3
B6
350
53
  0
DICTIONARY
  5
68
102
{ACAD_REACTORS
330
C
102
}
330
C
100
AcDbDictionary
281
     1
  3
Imperial24
350
69
  0
DICTIONARY
  5
64
102
{ACAD_REACTORS
330
C
102
}
330
C
100
AcDbDictionary
281
     1
  3
Standard
350
65
  0
DICTIONARY
  5
29
102
{ACAD_REACTORS
330
C
102
}
330
C
100
AcDbDictionary
281
     1
  3
2dWireframe
350
2F
  3
Basic
350
2E
  3
Brighten
350
35
  3
ColorChange
350
39
  3
Conceptual
350
32
  3
Dim
350
34
  3
EdgeColorOff
350
41
  3
Facepattern
350
38
  3
Flat
350
2A
  3
FlatWithEdges
350
2B
  3
Gouraud
350
2C
  3
GouraudWithEdges
350
2D
  3
Hidden
350
31
  3
JitterOff
350
3F
  3
Linepattern
350
37
  3
OverhangOff
350
40
  3
Realistic
350
33
  3
Shaded
350
3E
  3
Shaded with edges
350
3D
  3
Shades of Gray
350
3A
  3
Sketchy
350
3B
  3
Thicken
350
36
  3
Wireframe
350
30
  3
X-Ray
350
3C
  0
XRECORD
  5
BB
102
{ACAD_REACTORS
330
C
102
}
330
C
100
AcDbXrecord
280
     1
 90
        1
330
65
  0
DICTIONARY
  5
B3
102
{ACAD_REACTORS
330
C
102
}
330
C
100
AcDbDictionary
281
     1
  3
CANNOSCALE
350
B8
  3
CMLEADERSTYLE
350
B5
  3
CTABLESTYLE
350
B4
  3
CVIEWDETAILSTYLE
350
B6
  3
CVIEWSECTIONSTYLE
350
B7
  0
ACDBDETAILVIEWSTYLE
  5
6B
102
{ACAD_XDICTIONARY
360
BE
102
}
102
{ACAD_REACTORS
330
6A
102
}
330
6A
100
AcDbModelDocViewStyle
 70
     0
  3
Imperial24
290
     0
100
AcDbDetailViewStyle
 70
     0
 71
     0
 90
        3
 71
     1
340
55
 62
   256
 40
0.24
340
0
 62
   256
 40
0.24
300

 40
0.36
280
     3
 71
     2
340
5D
 90
       25
 62
   256
 71
     3
340
55
 62
   256
 40
0.24
 90
        1
 40
0.75
 90
        1
300
%<\AcVar ViewType \f "%tc1">% %<\AcVar ViewDetailId>%\PSCALE %<\AcVar ViewScale \f "%sn">%
 71
     4
340
5D
 90
       25
 62
   256
340
5D
 90
       25
 62
   256
280
     0
  0
LAYOUT
  5
6F
102
{ACAD_REACTORS
330
62
102
}
330
62
100
AcDbPlotSettings
  1

  2

  4

  6

 40
0.0
 41
0.0
 42
0.0
 43
0.0
 44
0.0
 45
0.0
 46
0.0
 47
0.0
 48
0.0
 49
0.0
140
0.0
141
0.0
142
1.0
143
1.0
 70
   688
 72
     0
 73
     0
 74
     5
  7

 75
    16
147
1.0
 76
     0
 77
     2
 78
   300
148
0.0
149
0.0
100
AcDbLayout
  1
Layout1
 70
     1
 71
     1
 10
0.0
 20
0.0
 11
12.0
 21
9.0
 12
0.0
 22
0.0
 32
0.0
 14
0.0
 24
0.0
 34
0.0
 15
0.0
 25
0.0
 35
0.0
146
0.0
 13
0.0
 23
0.0
 33
0.0
 16
1.0
 26
0.0
 36
0.0
 17
0.0
 27
1.0
 37
0.0
 76
     0
330
6C
  0
LAYOUT
  5
77
102
{ACAD_REACTORS
330
62
102
}
330
62
100
AcDbPlotSettings
  1

  2

  4

  6

 40
0.0
 41
0.0
 42
0.0
 43
0.0
 44
0.0
 45
0.0
 46
0.0
 47
0.0
 48
0.0
 49
0.0
140
0.0
141
0.0
142
1.0
143
1.0
 70
   688
 72
     0
 73
     0
 74
     5
  7

 75
    16
147
1.0
 76
     0
 77
     2
 78
   300
148
0.0
149
0.0
100
AcDbLayout
  1
Layout2
 70
     1
 71
     2
 10
0.0
 20
0.0
 11
12.0
 21
9.0
 12
0.0
 22
0.0
 32
0.0
 14
0.0
 24
0.0
 34
0.0
 15
0.0
 25
0.0
 35
0.0
146
0.0
 13
0.0
 23
0.0
 33
0.0
 16
1.0
 26
0.0
 36
0.0
 17
0.0
 27
1.0
 37
0.0
 76
     0
330
74
  0
LAYOUT
  5
73
102
{ACAD_REACTORS
330
62
102
}
330
62
100
AcDbPlotSettings
  1

  2

  4

  6

 40
0.0
 41
0.0
 42
0.0
 43
0.0
 44
0.0
 45
0.0
 46
0.0
 47
0.0
 48
0.0
 49
0.0
140
0.0
141
0.0
142
1.0
143
1.0
 70
  1712
 72
     0
 73
     0
 74
     0
  7

 75
     0
147
1.0
 76
     0
 77
     2
 78
   300
148
0.0
149
0.0
100
AcDbLayout
  1
Model
 70
     1
 71
     0
 10
0.0
 20
0.0
 11
12.0
 21
9.0
 12
0.0
 22
0.0
 32
0.0
 14
0.0
 24
0.0
 34
0.0
 15
0.0
 25
0.0
 35
0.0
146
0.0
 13
0.0
 23
0.0
 33
0.0
 16
1.0
 26
0.0
 36
0.0
 17
0.0
 27
1.0
 37
0.0
 76
     0
330
70
  0
MATERIAL
  5
19
102
{ACAD_XDICTIONARY
360
1A
102
}
102
{ACAD_REACTORS
330
10
102
}
330
10
100
AcDbMaterial
  1
ByBlock
 72
     0
 43
0.0208333333333333
 43
0.0
 43
0.0
 43
0.0
 43
0.0
 43
0.0208333333333333
 43
0.0
 43
0.0
 43
0.0
 43
0.0
 43
1.0
 43
0.0
 43
0.0
 43
0.0
 43
0.0
 43
1.0
 77
     0
 47
0.0208333333333333
 47
0.0
 47
0.0
 47
0.0
 47
0.0
 47
0.0208333333333333
 47
0.0
 47
0.0
 47
0.0
 47
0.0
 47
1.0
 47
0.0
 47
0.0
 47
0.0
 47
0.0
 47
1.0
171
     0
 49
0.0208333333333333
 49
0.0
 49
0.0
 49
0.0
 49
0.0
 49
0.0208333333333333
 49
0.0
 49
0.0
 49
0.0
 49
0.0
 49
1.0
 49
0.0
 49
0.0
 49
0.0
 49
0.0
 49
1.0
175
     0
142
0.0208333333333333
142
0.0
142
0.0
142
0.0
142
0.0
142
0.0208333333333333
142
0.0
142
0.0
142
0.0
142
0.0
142
1.0
142
0.0
142
0.0
142
0.0
142
0.0
142
1.0
179
     0
144
0.0208333333333333
144
0.0
144
0.0
144
0.0
144
0.0
144
0.0208333333333333
144
0.0
144
0.0
144
0.0
144
0.0
144
1.0
144
0.0
144
0.0
144
0.0
144
0.0
144
1.0
147
0.0208333333333333
147
0.0
147
0.0
147
0.0
147
0.0
147
0.0208333333333333
147
0.0
147
0.0
147
0.0
147
0.0
147
1.0
147
0.0
147
0.0
147
0.0
147
0.0
147
1.0
  0
MATERIAL
  5
11
102
{ACAD_XDICTIONARY
360
12
102
}
102
{ACAD_REACTORS
330
10
102
}
330
10
100
AcDbMaterial
  1
ByLayer
 72
     0
 43
0.0208333333333333
 43
0.0
 43
0.0
 43
0.0
 43
0.0
 43
0.0208333333333333
 43
0.0
 43
0.0
 43
0.0
 43
0.0
 43
1.0
 43
0.0
 43
0.0
 43
0.0
 43
0.0
 43
1.0
 77
     0
 47
0.0208333333333333
 47
0.0
 47
0.0
 47
0.0
 47
0.0
 47
0.0208333333333333
 47
0.0
 47
0.0
 47
0.0
 47
0.0
 47
1.0
 47
0.0
 47
0.0
 47
0.0
 47
0.0
 47
1.0
171
     0
 49
0.0208333333333333
 49
0.0
 49
0.0
 49
0.0
 49
0.0
 49
0.0208333333333333
 49
0.0
 49
0.0
 49
0.0
 49
0.0
 49
1.0
 49
0.0
 49
0.0
 49
0.0
 49
0.0
 49
1.0
175
     0
142
0.0208333333333333
142
0.0
142
0.0
142
0.0
142
0.0
142
0.0208333333333333
142
0.0
142
0.0
142
0.0
142
0.0
142
1.0
142
0.0
142
0.0
142
0.0
142
0.0
142
1.0
179
     0
144
0.0208333333333333
144
0.0
144
0.0
144
0.0
144
0.0
144
0.0208333333333333
144
0.0
144
0.0
144
0.0
144
0.0
144
1.0
144
0.0
144
0.0
144
0.0
144
0.0
144
1.0
147
0.0208333333333333
147
0.0
147
0.0
147
0.0
147
0.0
147
0.0208333333333333
147
0.0
147
0.0
147
0.0
147
0.0
147
1.0
147
0.0
147
0.0
147
0.0
147
0.0
147
1.0
  0
MATERIAL
  5
21
102
{ACAD_XDICTIONARY
360
22
102
}
102
{ACAD_REACTORS
330
10
102
}
330
10
100
AcDbMaterial
  1
Global
 72
     0
 43
0.0208333333333333
 43
0.0
 43
0.0
 43
0.0
 43
0.0
 43
0.0208333333333333
 43
0.0
 43
0.0
 43
0.0
 43
0.0
 43
1.0
 43
0.0
 43
0.0
 43
0.0
 43
0.0
 43
1.0
 77
     0
 47
0.0208333333333333
 47
0.0
 47
0.0
 47
0.0
 47
0.0
 47
0.0208333333333333
 47
0.0
 47
0.0
 47
0.0
 47
0.0
 47
1.0
 47
0.0
 47
0.0
 47
0.0
 47
0.0
 47
1.0
171
     0
 49
0.0208333333333333
 49
0.0
 49
0.0
 49
0.0
 49
0.0
 49
0.0208333333333333
 49
0.0
 49
0.0
 49
0.0
 49
0.0
 49
1.0
 49
0.0
 49
0.0
 49
0.0
 49
0.0
 49
1.0
175
     0
142
0.0208333333333333
142
0.0
142
0.0
142
0.0
142
0.0
142
0.0208333333333333
142
0.0
142
0.0
142
0.0
142
0.0
142
1.0
142
0.0
142
0.0
142
0.0
142
0.0
142
1.0
179
     0
144
0.0208333333333333
144
0.0
144
0.0
144
0.0
144
0.0
144
0.0208333333333333
144
0.0
144
0.0
144
0.0
144
0.0
144
1.0
144
0.0
144
0.0
144
0.0
144
0.0
144
1.0
147
0.0208333333333333
147
0.0
147
0.0
147
0.0
147
0.0
147
0.0208333333333333
147
0.0
147
0.0
147
0.0
147
0.0
147
1.0
147
0.0
147
0.0
147
0.0
147
0.0
147
1.0
  0
MATERIAL
  5
7A
102
{ACAD_XDICTIONARY
360
7B
102
}
102
{ACAD_REACTORS
330
10
102
}
330
10
100
AcDbMaterial
  1
Mahogany
 70
     1
 90
-1023410177
 71
     1
 91
-1023410177
  3
C:\worker\deploy\Material Library\assetlibrary_base.fbm\1\Mats\wood_mahogany_color.jpg
 43
0.0555555559694767
 43
0.0
 43
0.0
 43
0.0
 43
0.0
 43
0.0277777779847384
 43
0.0
 43
0.0
 43
0.0
 43
0.0
 43
1.0
 43
0.0
 43
0.0
 43
0.0
 43
0.0
 43
1.0
 44
1.0
 76
     1
 92
-1023410177
 77
     0
171
     0
175
     0
143
0.5001500248908997
  8
C:\worker\deploy\Material Library\assetlibrary_base.fbm\1\Mats\wood_mahogany_bump.jpg
144
0.0555555559694767
144
0.0
144
0.0
144
0.0
144
0.0
144
0.0277777779847384
144
0.0
144
0.0
144
0.0
144
0.0
144
1.0
144
0.0
144
0.0
144
0.0
144
0.0
144
1.0
145
1.399999976158142
148
0.5
468
0.0277222506701946
 94
       17
1001
ACAD
1070
    -1
1070
     3
1070
     0
1000

1071
       72
1070
     0
  0
MLEADERSTYLE
  5
67
102
{ACAD_REACTORS
330
66
102
}
330
66
100
AcDbMLeaderStyle
179
     2
170
     2
171
     1
172
     0
 90
        2
 40
0.0
 41
0.0
173
     1
 91
-1056964608
340
5B
 92
       -2
290
     1
 42
0.09
291
     1
 43
0.36
  3
Standard
 44
0.18
300

342
55
174
     1
178
     6
175
     1
176
     0
 93
-1056964608
 45
0.18
292
     0
297
     0
 46
0.18
 94
-1056964608
 47
1.0
 49
1.0
140
1.0
293
     1
141
0.0
294
     1
177
     0
142
1.0
295
     0
296
     0
143
0.125
271
     0
272
     9
273
     9
298
     1
  0
MLINESTYLE
  5
60
102
{ACAD_REACTORS
330
5F
102
}
330
5F
100
AcDbMlineStyle
  2
STANDARD
 70
     0
  3

 62
   256
 51
90.0
 52
90.0
 71
     2
 49
0.5
 62
   256
  6
BYLAYER
 49
-0.5
 62
   256
  6
BYLAYER
  0
ACDBPLACEHOLDER
  5
F
102
{ACAD_REACTORS
330
E
102
}
330
E
  0
SCALE
  5
43
102
{ACAD_REACTORS
330
42
102
}
330
42
100
AcDbScale
 70
     0
300
1:1
140
1.0
141
1.0
290
     1
  0
SCALE
  5
44
102
{ACAD_REACTORS
330
42
102
}
330
42
100
AcDbScale
 70
     0
300
1/128" = 1'-0"
140
0.0078125
141
12.0
290
     0
  0
SCALE
  5
45
102
{ACAD_REACTORS
330
42
102
}
330
42
100
AcDbScale
 70
     0
300
1/64" = 1'-0"
140
0.015625
141
12.0
290
     0
  0
SCALE
  5
46
102
{ACAD_REACTORS
330
42
102
}
330
42
100
AcDbScale
 70
     0
300
1/32" = 1'-0"
140
0.03125
141
12.0
290
     0
  0
SCALE
  5
47
102
{ACAD_REACTORS
330
42
102
}
330
42
100
AcDbScale
 70
     0
300
1/16" = 1'-0"
140
0.0625
141
12.0
290
     0
  0
SCALE
  5
48
102
{ACAD_REACTORS
330
42
102
}
330
42
100
AcDbScale
 70
     0
300
3/32" = 1'-0"
140
0.09375
141
12.0
290
     0
  0
SCALE
  5
49
102
{ACAD_REACTORS
330
42
102
}
330
42
100
AcDbScale
 70
     0
300
1/8" = 1'-0"
140
0.125
141
12.0
290
     0
  0
SCALE
  5
4A
102
{ACAD_REACTORS
330
42
102
}
330
42
100
AcDbScale
 70
     0
300
3/16" = 1'-0"
140
0.1875
141
12.0
290
     0
  0
SCALE
  5
4B
102
{ACAD_REACTORS
330
42
102
}
330
42
100
AcDbScale
 70
     0
300
1/4" = 1'-0"
140
0.25
141
12.0
290
     0
  0
SCALE
  5
4C
102
{ACAD_REACTORS
330
42
102
}
330
42
100
AcDbScale
 70
     0
300
3/8" = 1'-0"
140
0.375
141
12.0
290
     0
  0
SCALE
  5
4D
102
{ACAD_REACTORS
330
42
102
}
330
42
100
AcDbScale
 70
     0
300
1/2" = 1'-0"
140
0.5
141
12.0
290
     0
  0
SCALE
  5
4E
102
{ACAD_REACTORS
330
42
102
}
330
42
100
AcDbScale
 70
     0
300
3/4" = 1'-0"
140
0.75
141
12.0
290
     0
  0
SCALE
  5
4F
102
{ACAD_REACTORS
330
42
102
}
330
42
100
AcDbScale
 70
     0
300
1" = 1'-0"
140
1.0
141
12.0
290
     0
  0
SCALE
  5
50
102
{ACAD_REACTORS
330
42
102
}
330
42
100
AcDbScale
 70
     0
300
1-1/2" = 1'-0"
140
1.5
141
12.0
290
     0
  0
SCALE
  5
51
102
{ACAD_REACTORS
330
42
102
}
330
42
100
AcDbScale
 70
     0
300
3" = 1'-0"
140
3.0
141
12.0
290
     0
  0
SCALE
  5
52
102
{ACAD_REACTORS
330
42
102
}
330
42
100
AcDbScale
 70
     0
300
6" = 1'-0"
140
6.0
141
12.0
290
     0
  0
SCALE
  5
53
102
{ACAD_REACTORS
330
42
102
}
330
42
100
AcDbScale
 70
     0
300
1'-0" = 1'-0"
140
12.0
141
12.0
290
     0
  0
ACDBSECTIONVIEWSTYLE
  5
69
102
{ACAD_XDICTIONARY
360
BC
102
}
102
{ACAD_REACTORS
330
68
102
}
330
68
100
AcDbModelDocViewStyle
 70
     0
  3
Imperial24
290
     0
100
AcDbSectionViewStyle
 70
     0
 71
     0
 90
       78
 71
     1
340
55
 62
   256
 40
0.24
340
0
340
0
 62
   256
 40
0.24
300
I, O, Q, S, X, Z
 40
0.48
 90
        3
 40
0.18
 90
        1
 71
     2
340
5D
 90
       25
 62
   256
340
5D
 90
       50
 62
   256
 40
0.24
 40
0.0
 40
0.24
 71
     3
340
55
 62
   256
 40
0.24
 90
        1
 40
0.75
 90
        1
300
%<\AcVar ViewType \f "%tc1">% %<\AcVar ViewSectionStartId>%-%<\AcVar ViewSectionEndId>%\PSCALE %<\AcVar ViewScale \f "%sn">%
 71
     4
 62
   256
 62
   257
300
ANSI31
 40
1.0
 90
        0
290
     0
290
     0
 90
        6
 40
0.0
 40
1.570796326794896
 40
0.2617993877991494
 40
1.308996938995747
 40
-0.2617993877991494
 40
1.832595714594046
  0
TABLESTYLE
  5
65
102
{ACAD_XDICTIONARY
360
B9
102
}
102
{ACAD_REACTORS
330
64
102
}
330
64
100
AcDbTableStyle
280
     0
  3
Standard
 70
     0
 71
     0
 40
0.06
 41
0.06
280
     0
281
     0
  7
Standard
140
0.18
170
     2
 62
     0
 63
     7
283
     0
 90
      512
 91
        0
  1

274
    -2
284
     1
 64
     0
275
    -2
285
     1
 65
     0
276
    -2
286
     1
 66
     0
277
    -2
287
     1
 67
     0
278
    -2
288
     1
 68
     0
279
    -2
289
     1
 69
     0
  7
Standard
140
0.25
170
     5
 62
     0
 63
     7
283
     0
 90
      512
 91
        0
  1

274
    -2
284
     1
 64
     0
275
    -2
285
     1
 65
     0
276
    -2
286
     1
 66
     0
277
    -2
287
     1
 67
     0
278
    -2
288
     1
 68
     0
279
    -2
289
     1
 69
     0
  7
Standard
140
0.18
170
     5
 62
     0
 63
     7
283
     0
 90
      512
 91
        0
  1

274
    -2
284
     1
 64
     0
275
    -2
285
     1
 65
     0
276
    -2
286
     1
 66
     0
277
    -2
287
     1
 67
     0
278
    -2
288
     1
 68
     0
279
    -2
289
     1
 69
     0
  0
VISUALSTYLE
  5
2F
102
{ACAD_REACTORS
330
29
102
}
330
29
100
AcDbVisualStyle
  2
2dWireframe
 70
     4
177
     3
291
     0
 70
    58
 90
        0
176
     1
 90
        2
176
     1
 90
        0
176
     1
 90
        0
176
     1
 40
0.6
176
     1
 40
30.0
176
     1
 62
     7
420
 16777215
176
     1
 90
        1
176
     1
 90
        4
176
     1
 62
     7
176
     1
 62
   257
176
     1
 90
        1
176
     1
 90
        1
176
     1
 40
1.0
176
     1
 90
        0
176
     1
 62
   257
176
     1
 40
1.0
176
     1
 90
        1
176
     1
 90
        6
176
     1
 90
        2
176
     1
 62
     7
176
     1
 90
        5
176
     1
 90
        0
176
     1
 90
        0
176
     1
290
     0
176
     1
 90
        1
176
     1
 40
0.0
176
     1
 90
        0
176
     1
290
     1
176
     1
290
     1
176
     1
290
     0
176
     1
290
     0
176
     1
290
     0
176
     1
290
     0
176
     1
290
     0
176
     1
290
     0
176
     1
290
     0
176
     1
 90
       50
176
     1
 40
0.0
176
     1
 40
1.0
176
     1
 90
        0
176
     1
 62
    18
420
        0
176
     1
 90
       50
176
     1
 90
        3
176
     1
 62
     5
420
      255
176
     1
290
     0
176
     1
 90
       50
176
     1
 90
       50
176
     1
 90
       50
176
     1
290
     0
176
     1
 90
       50
176
     1
 62
   256
176
     0
 40
1.0
176
     0
 90
        2
176
     1
  1
strokes_ogs.tif
176
     1
290
     0
176
     1
 40
1.0
176
     1
 40
1.0
176
     1
1001
ACAD
1000
AcDbSavedByObjectVersion
1070
     0
  0
VISUALSTYLE
  5
2E
102
{ACAD_REACTORS
330
29
102
}
330
29
100
AcDbVisualStyle
  2
Basic
 70
     7
177
     3
291
     1
 70
    58
 90
        1
176
     1
 90
        0
176
     1
 90
        1
176
     1
 90
        0
176
     1
 40
0.6
176
     1
 40
30.0
176
     1
 62
     7
420
 16777215
176
     1
 90
        0
176
     1
 90
        4
176
     1
 62
     7
176
     1
 62
   257
176
     1
 90
        1
176
     1
 90
        1
176
     1
 40
1.0
176
     1
 90
        8
176
     1
 62
     7
176
     1
 40
1.0
176
     1
 90
        1
176
     1
 90
        6
176
     1
 90
        2
176
     1
 62
     7
176
     1
 90
        5
176
     1
 90
        0
176
     1
 90
        0
176
     1
290
     0
176
     1
 90
        1
176
     1
 40
0.0
176
     1
 90
        0
176
     1
290
     0
176
     1
290
     1
176
     1
290
     1
176
     1
290
     0
176
     1
290
     0
176
     1
290
     0
176
     1
290
     0
176
     1
290
     0
176
     1
290
     0
176
     1
 90
       50
176
     1
 40
0.0
176
     1
 40
1.0
176
     1
 90
        0
176
     1
 62
    18
420
        0
176
     1
 90
       50
176
     1
 90
        3
176
     1
 62
     5
420
      255
176
     1
290
     0
176
     1
 90
       50
176
     1
 90
       50
176
     1
 90
       50
176
     1
290
     0
176
     1
 90
       50
176
     1
 62
   256
176
     0
 40
1.0
176
     0
 90
        2
176
     1
  1
strokes_ogs.tif
176
     1
290
     0
176
     1
 40
1.0
176
     1
 40
1.0
176
     1
1001
ACAD
1000
AcDbSavedByObjectVersion
1070
     0
  0
VISUALSTYLE
  5
35
102
{ACAD_REACTORS
330
29
102
}
330
29
100
AcDbVisualStyle
  2
Brighten
 70
    12
177
     3
291
     1
 70
    58
 90
        2
176
     1
 90
        2
176
     1
 90
        0
176
     1
 90
        0
176
     1
 40
0.6
176
     1
 40
30.0
176
     1
 62
     7
420
 16777215
176
     1
 90
        1
176
     1
 90
        4
176
     1
 62
     7
176
     1
 62
   257
176
     1
 90
        1
176
     1
 90
        1
176
     1
 40
1.0
176
     1
 90
        8
176
     1
 62
     7
176
     1
 40
1.0
176
     1
 90
        1
176
     1
 90
        6
176
     1
 90
        2
176
     1
 62
     7
176
     1
 90
        5
176
     1
 90
        0
176
     1
 90
        0
176
     1
290
     0
176
     1
 90
        1
176
     1
 40
50.0
176
     1
 90
        0
176
     1
290
     0
176
     1
290
     1
176
     1
290
     1
176
     1
290
     0
176
     1
290
     0
176
     1
290
     0
176
     1
290
     0
176
     1
290
     0
176
     1
290
     0
176
     1
 90
       50
176
     1
 40
0.0
176
     1
 40
1.0
176
     1
 90
        0
176
     1
 62
    18
420
        0
176
     1
 90
       50
176
     1
 90
        3
176
     1
 62
     5
420
      255
176
     1
290
     0
176
     1
 90
       50
176
     1
 90
       50
176
     1
 90
       50
176
     1
290
     0
176
     1
 90
       50
176
     1
 62
   256
176
     0
 40
1.0
176
     0
 90
        2
176
     1
  1
strokes_ogs.tif
176
     1
290
     0
176
     1
 40
1.0
176
     1
 40
1.0
176
     1
1001
ACAD
1000
AcDbSavedByObjectVersion
1070
     0
  0
VISUALSTYLE
  5
39
102
{ACAD_REACTORS
330
29
102
}
330
29
100
AcDbVisualStyle
  2
ColorChange
 70
    16
177
     3
291
     1
 70
    58
 90
        2
176
     1
 90
        2
176
     1
 90
        3
176
     1
 90
        0
176
     1
 40
0.6
176
     1
 40
30.0
176
     1
 62
     8
420
  8421504
176
     1
 90
        1
176
     1
 90
        4
176
     1
 62
     7
176
     1
 62
   257
176
     1
 90
        1
176
     1
 90
        1
176
     1
 40
1.0
176
     1
 90
        8
176
     1
 62
     8
420
  8421504
176
     1
 40
1.0
176
     1
 90
        1
176
     1
 90
        6
176
     1
 90
        2
176
     1
 62
     7
176
     1
 90
        5
176
     1
 90
        0
176
     1
 90
        0
176
     1
290
     0
176
     1
 90
        1
176
     1
 40
0.0
176
     1
 90
        0
176
     1
290
     0
176
     1
290
     1
176
     1
290
     1
176
     1
290
     0
176
     1
290
     0
176
     1
290
     0
176
     1
290
     0
176
     1
290
     0
176
     1
290
     0
176
     1
 90
       50
176
     1
 40
0.0
176
     1
 40
1.0
176
     1
 90
        0
176
     1
 62
    18
420
        0
176
     1
 90
       50
176
     1
 90
        3
176
     1
 62
     5
420
      255
176
     1
290
     0
176
     1
 90
       50
176
     1
 90
       50
176
     1
 90
       50
176
     1
290
     0
176
     1
 90
       50
176
     1
 62
   256
176
     0
 40
1.0
176
     0
 90
        2
176
     1
  1
strokes_ogs.tif
176
     1
290
     0
176
     1
 40
1.0
176
     1
 40
1.0
176
     1
1001
ACAD
1000
AcDbSavedByObjectVersion
1070
     0
  0
VISUALSTYLE
  5
32
102
{ACAD_REACTORS
330
29
102
}
330
29
100
AcDbVisualStyle
  2
Conceptual
 70
     9
177
     3
291
     0
 70
    58
 90
        3
176
     1
 90
        2
176
     1
 90
        0
176
     1
 90
        0
176
     1
 40
0.6
176
     1
 40
30.0
176
     1
 62
     7
420
 16777215
176
     1
 90
        2
176
     1
 90
        2
176
     1
 62
     7
176
     1
 62
   257
176
     1
 90
        1
176
     1
 90
        1
176
     1
 40
179.0
176
     1
 90
        8
176
     1
 62
     7
176
     1
 40
1.0
176
     1
 90
        1
176
     1
 90
        6
176
     1
 90
        2
176
     1
 62
     7
176
     1
 90
        3
176
     1
 90
        0
176
     1
 90
        0
176
     1
290
     0
176
     1
 90
        1
176
     1
 40
0.0
176
     1
 90
        0
176
     1
290
     0
176
     1
290
     1
176
     1
290
     1
176
     1
290
     0
176
     1
290
     0
176
     1
290
     0
176
     1
290
     0
176
     1
290
     0
176
     1
290
     0
176
     1
 90
       50
176
     1
 40
0.0
176
     1
 40
1.0
176
     1
 90
        0
176
     1
 62
    18
420
        0
176
     1
 90
       50
176
     1
 90
        3
176
     1
 62
     5
420
      255
176
     1
290
     0
176
     1
 90
       50
176
     1
 90
       50
176
     1
 90
       50
176
     1
290
     0
176
     1
 90
       50
176
     1
 62
   256
176
     0
 40
1.0
176
     0
 90
        2
176
     1
  1
strokes_ogs.tif
176
     1
290
     0
176
     1
 40
1.0
176
     1
 40
1.0
176
     1
1001
ACAD
1000
AcDbSavedByObjectVersion
1070
     0
  0
VISUALSTYLE
  5
34
102
{ACAD_REACTORS
330
29
102
}
330
29
100
AcDbVisualStyle
  2
Dim
 70
    11
177
     3
291
     1
 70
    58
 90
        2
176
     1
 90
        2
176
     1
 90
        0
176
     1
 90
        0
176
     1
 40
0.6
176
     1
 40
30.0
176
     1
 62
     7
420
 16777215
176
     1
 90
        1
176
     1
 90
        4
176
     1
 62
     7
176
     1
 62
   257
176
     1
 90
        1
176
     1
 90
        1
176
     1
 40
1.0
176
     1
 90
        8
176
     1
 62
     7
176
     1
 40
1.0
176
     1
 90
        1
176
     1
 90
        6
176
     1
 90
        2
176
     1
 62
     7
176
     1
 90
        5
176
     1
 90
        0
176
     1
 90
        0
176
     1
290
     0
176
     1
 90
        1
176
     1
 40
-50.0
176
     1
 90
        0
176
     1
290
     0
176
     1
290
     1
176
     1
290
     1
176
     1
290
     0
176
     1
290
     0
176
     1
290
     0
176
     1
290
     0
176
     1
290
     0
176
     1
290
     0
176
     1
 90
       50
176
     1
 40
0.0
176
     1
 40
1.0
176
     1
 90
        0
176
     1
 62
    18
420
        0
176
     1
 90
       50
176
     1
 90
        3
176
     1
 62
     5
420
      255
176
     1
290
     0
176
     1
 90
       50
176
     1
 90
       50
176
     1
 90
       50
176
     1
290
     0
176
     1
 90
       50
176
     1
 62
   256
176
     0
 40
1.0
176
     0
 90
        2
176
     1
  1
strokes_ogs.tif
176
     1
290
     0
176
     1
 40
1.0
176
     1
 40
1.0
176
     1
1001
ACAD
1000
AcDbSavedByObjectVersion
1070
     0
  0
VISUALSTYLE
  5
41
102
{ACAD_REACTORS
330
29
102
}
330
29
100
AcDbVisualStyle
  2
EdgeColorOff
 70
    22
177
     3
291
     1
 70
    58
 90
        2
176
     0
 90
        2
176
     0
 90
        0
176
     0
 90
        0
176
     0
 40
0.6
176
     0
 40
30.0
176
     0
 62
     7
420
 16777215
176
     0
 90
        1
176
     0
 90
        4
176
     0
 62
     7
176
     0
 62
   257
176
     0
 90
        1
176
     0
 90
        1
176
     0
 40
1.0
176
     0
 90
        8
176
     2
 62
     7
176
     0
 40
1.0
176
     0
 90
        1
176
     0
 90
        6
176
     0
 90
        2
176
     0
 62
     7
176
     0
 90
        5
176
     0
 90
        0
176
     0
 90
        0
176
     0
290
     0
176
     0
 90
        1
176
     0
 40
0.0
176
     0
 90
        0
176
     0
290
     0
176
     0
290
     1
176
     0
290
     1
176
     0
290
     0
176
     0
290
     0
176
     0
290
     0
176
     0
290
     0
176
     0
290
     0
176
     0
290
     0
176
     0
 90
       50
176
     0
 40
0.0
176
     0
 40
1.0
176
     0
 90
        0
176
     0
 62
    18
420
        0
176
     0
 90
       50
176
     0
 90
        3
176
     0
 62
     5
420
      255
176
     0
290
     0
176
     0
 90
       50
176
     0
 90
       50
176
     0
 90
       50
176
     0
290
     0
176
     0
 90
       50
176
     0
 62
   256
176
     0
 40
1.0
176
     0
 90
        2
176
     0
  1
strokes_ogs.tif
176
     0
290
     0
176
     0
 40
1.0
176
     0
 40
1.0
176
     0
1001
ACAD
1000
AcDbSavedByObjectVersion
1070
     0
  0
VISUALSTYLE
  5
38
102
{ACAD_REACTORS
330
29
102
}
330
29
100
AcDbVisualStyle
  2
Facepattern
 70
    15
177
     3
291
     1
 70
    58
 90
        2
176
     1
 90
        2
176
     1
 90
        0
176
     1
 90
        0
176
     1
 40
0.6
176
     1
 40
30.0
176
     1
 62
     7
420
 16777215
176
     1
 90
        1
176
     1
 90
        4
176
     1
 62
     7
176
     1
 62
   257
176
     1
 90
        1
176
     1
 90
        1
176
     1
 40
1.0
176
     1
 90
        8
176
     1
 62
     7
176
     1
 40
1.0
176
     1
 90
        1
176
     1
 90
        6
176
     1
 90
        2
176
     1
 62
     7
176
     1
 90
        5
176
     1
 90
        0
176
     1
 90
        0
176
     1
290
     0
176
     1
 90
        1
176
     1
 40
0.0
176
     1
 90
        0
176
     1
290
     0
176
     1
290
     1
176
     1
290
     1
176
     1
290
     0
176
     1
290
     0
176
     1
290
     0
176
     1
290
     0
176
     1
290
     0
176
     1
290
     0
176
     1
 90
       50
176
     1
 40
0.0
176
     1
 40
1.0
176
     1
 90
        0
176
     1
 62
    18
420
        0
176
     1
 90
       50
176
     1
 90
        3
176
     1
 62
     5
420
      255
176
     1
290
     0
176
     1
 90
       50
176
     1
 90
       50
176
     1
 90
       50
176
     1
290
     0
176
     1
 90
       50
176
     1
 62
   256
176
     0
 40
1.0
176
     0
 90
        2
176
     1
  1
strokes_ogs.tif
176
     1
290
     0
176
     1
 40
1.0
176
     1
 40
1.0
176
     1
1001
ACAD
1000
AcDbSavedByObjectVersion
1070
     0
  0
VISUALSTYLE
  5
2A
102
{ACAD_REACTORS
330
29
102
}
330
29
100
AcDbVisualStyle
  2
Flat
 70
     0
177
     3
291
     1
 70
    58
 90
        2
176
     1
 90
        1
176
     1
 90
        1
176
     1
 90
        2
176
     1
 40
0.6
176
     1
 40
30.0
176
     1
 62
     7
420
 16777215
176
     1
 90
        0
176
     1
 90
        0
176
     1
 62
     7
176
     1
 62
   257
176
     1
 90
        1
176
     1
 90
        1
176
     1
 40
1.0
176
     1
 90
        8
176
     1
 62
     7
176
     1
 40
1.0
176
     1
 90
        1
176
     1
 90
        6
176
     1
 90
        2
176
     1
 62
     7
176
     1
 90
        5
176
     1
 90
        0
176
     1
 90
        0
176
     1
290
     0
176
     1
 90
       13
176
     1
 40
0.0
176
     1
 90
        0
176
     1
290
     0
176
     1
290
     1
176
     1
290
     1
176
     1
290
     0
176
     1
290
     0
176
     1
290
     0
176
     1
290
     0
176
     1
290
     0
176
     1
290
     0
176
     1
 90
       50
176
     1
 40
0.0
176
     1
 40
1.0
176
     1
 90
        0
176
     1
 62
    18
420
        0
176
     1
 90
       50
176
     1
 90
        3
176
     1
 62
     5
420
      255
176
     1
290
     0
176
     1
 90
       50
176
     1
 90
       50
176
     1
 90
       50
176
     1
290
     0
176
     1
 90
       50
176
     1
 62
   256
176
     0
 40
1.0
176
     0
 90
        2
176
     1
  1
strokes_ogs.tif
176
     1
290
     0
176
     1
 40
1.0
176
     1
 40
1.0
176
     1
1001
ACAD
1000
AcDbSavedByObjectVersion
1070
     0
  0
VISUALSTYLE
  5
2B
102
{ACAD_REACTORS
330
29
102
}
330
29
100
AcDbVisualStyle
  2
FlatWithEdges
 70
     1
177
     3
291
     1
 70
    58
 90
        2
176
     1
 90
        1
176
     1
 90
        1
176
     1
 90
        2
176
     1
 40
0.6
176
     1
 40
30.0
176
     1
 62
     7
420
 16777215
176
     1
 90
        1
176
     1
 90
        0
176
     1
 62
     7
176
     1
 62
   257
176
     1
 90
        1
176
     1
 90
        1
176
     1
 40
1.0
176
     1
 90
        0
176
     1
 62
   257
176
     1
 40
1.0
176
     1
 90
        1
176
     1
 90
        6
176
     1
 90
        2
176
     1
 62
     7
176
     1
 90
        5
176
     1
 90
        0
176
     1
 90
        0
176
     1
290
     0
176
     1
 90
       13
176
     1
 40
0.0
176
     1
 90
        0
176
     1
290
     0
176
     1
290
     1
176
     1
290
     1
176
     1
290
     0
176
     1
290
     0
176
     1
290
     0
176
     1
290
     0
176
     1
290
     0
176
     1
290
     0
176
     1
 90
       50
176
     1
 40
0.0
176
     1
 40
1.0
176
     1
 90
        0
176
     1
 62
    18
420
        0
176
     1
 90
       50
176
     1
 90
        3
176
     1
 62
     5
420
      255
176
     1
290
     0
176
     1
 90
       50
176
     1
 90
       50
176
     1
 90
       50
176
     1
290
     0
176
     1
 90
       50
176
     1
 62
   256
176
     0
 40
1.0
176
     0
 90
        2
176
     1
  1
strokes_ogs.tif
176
     1
290
     0
176
     1
 40
1.0
176
     1
 40
1.0
176
     1
1001
ACAD
1000
AcDbSavedByObjectVersion
1070
     0
  0
VISUALSTYLE
  5
2C
102
{ACAD_REACTORS
330
29
102
}
330
29
100
AcDbVisualStyle
  2
Gouraud
 70
     2
177
     3
291
     1
 70
    58
 90
        2
176
     1
 90
        2
176
     1
 90
        1
176
     1
 90
        2
176
     1
 40
0.6
176
     1
 40
30.0
176
     1
 62
     7
420
 16777215
176
     1
 90
        0
176
     1
 90
        0
176
     1
 62
     7
176
     1
 62
   257
176
     1
 90
        1
176
     1
 90
        1
176
     1
 40
1.0
176
     1
 90
        0
176
     1
 62
     7
176
     1
 40
1.0
176
     1
 90
        1
176
     1
 90
        6
176
     1
 90
        2
176
     1
 62
     7
176
     1
 90
        5
176
     1
 90
        0
176
     1
 90
        0
176
     1
290
     0
176
     1
 90
       13
176
     1
 40
0.0
176
     1
 90
        0
176
     1
290
     0
176
     1
290
     1
176
     1
290
     1
176
     1
290
     0
176
     1
290
     0
176
     1
290
     0
176
     1
290
     0
176
     1
290
     0
176
     1
290
     0
176
     1
 90
       50
176
     1
 40
0.0
176
     1
 40
1.0
176
     1
 90
        0
176
     1
 62
    18
420
        0
176
     1
 90
       50
176
     1
 90
        3
176
     1
 62
     5
420
      255
176
     1
290
     0
176
     1
 90
       50
176
     1
 90
       50
176
     1
 90
       50
176
     1
290
     0
176
     1
 90
       50
176
     1
 62
   256
176
     0
 40
1.0
176
     0
 90
        2
176
     1
  1
strokes_ogs.tif
176
     1
290
     0
176
     1
 40
1.0
176
     1
 40
1.0
176
     1
1001
ACAD
1000
AcDbSavedByObjectVersion
1070
     0
  0
VISUALSTYLE
  5
2D
102
{ACAD_REACTORS
330
29
102
}
330
29
100
AcDbVisualStyle
  2
GouraudWithEdges
 70
     3
177
     3
291
     1
 70
    58
 90
        2
176
     1
 90
        2
176
     1
 90
        1
176
     1
 90
        2
176
     1
 40
0.6
176
     1
 40
30.0
176
     1
 62
     7
420
 16777215
176
     1
 90
        1
176
     1
 90
        0
176
     1
 62
     7
176
     1
 62
   257
176
     1
 90
        1
176
     1
 90
        1
176
     1
 40
1.0
176
     1
 90
        0
176
     1
 62
   257
176
     1
 40
1.0
176
     1
 90
        1
176
     1
 90
        6
176
     1
 90
        2
176
     1
 62
     7
176
     1
 90
        5
176
     1
 90
        0
176
     1
 90
        0
176
     1
290
     0
176
     1
 90
       13
176
     1
 40
0.0
176
     1
 90
        0
176
     1
290
     0
176
     1
290
     1
176
     1
290
     1
176
     1
290
     0
176
     1
290
     0
176
     1
290
     0
176
     1
290
     0
176
     1
290
     0
176
     1
290
     0
176
     1
 90
       50
176
     1
 40
0.0
176
     1
 40
1.0
176
     1
 90
        0
176
     1
 62
    18
420
        0
176
     1
 90
       50
176
     1
 90
        3
176
     1
 62
     5
420
      255
176
     1
290
     0
176
     1
 90
       50
176
     1
 90
       50
176
     1
 90
       50
176
     1
290
     0
176
     1
 90
       50
176
     1
 62
   256
176
     0
 40
1.0
176
     0
 90
        2
176
     1
  1
strokes_ogs.tif
176
     1
290
     0
176
     1
 40
1.0
176
     1
 40
1.0
176
     1
1001
ACAD
1000
AcDbSavedByObjectVersion
1070
     0
  0
VISUALSTYLE
  5
31
102
{ACAD_REACTORS
330
29
102
}
330
29
100
AcDbVisualStyle
  2
Hidden
 70
     6
177
     3
291
     0
 70
    58
 90
        1
176
     1
 90
        2
176
     1
 90
        2
176
     1
 90
        0
176
     1
 40
0.6
176
     1
 40
30.0
176
     1
 62
     7
420
 16777215
176
     1
 90
        2
176
     1
 90
        2
176
     1
 62
     7
176
     1
 62
   257
176
     1
 90
        2
176
     1
 90
        1
176
     1
 40
40.0
176
     1
 90
        0
176
     1
 62
   257
176
     1
 40
1.0
176
     1
 90
        1
176
     1
 90
        6
176
     1
 90
        2
176
     1
 62
     7
176
     1
 90
        3
176
     1
 90
        0
176
     1
 90
        0
176
     1
290
     0
176
     1
 90
        1
176
     1
 40
0.0
176
     1
 90
        0
176
     1
290
     0
176
     1
290
     1
176
     1
290
     1
176
     1
290
     0
176
     1
290
     0
176
     1
290
     0
176
     1
290
     0
176
     1
290
     0
176
     1
290
     0
176
     1
 90
       50
176
     1
 40
0.0
176
     1
 40
1.0
176
     1
 90
        0
176
     1
 62
    18
420
        0
176
     1
 90
       50
176
     1
 90
        3
176
     1
 62
     5
420
      255
176
     1
290
     0
176
     1
 90
       50
176
     1
 90
       50
176
     1
 90
       50
176
     1
290
     0
176
     1
 90
       50
176
     1
 62
   256
176
     0
 40
1.0
176
     0
 90
        2
176
     1
  1
strokes_ogs.tif
176
     1
290
     0
176
     1
 40
1.0
176
     1
 40
1.0
176
     1
1001
ACAD
1000
AcDbSavedByObjectVersion
1070
     0
  0
VISUALSTYLE
  5
3F
102
{ACAD_REACTORS
330
29
102
}
330
29
100
AcDbVisualStyle
  2
JitterOff
 70
    20
177
     3
291
     1
 70
    58
 90
        2
176
     0
 90
        2
176
     0
 90
        0
176
     0
 90
        0
176
     0
 40
0.6
176
     0
 40
30.0
176
     0
 62
     7
420
 16777215
176
     0
 90
        1
176
     0
 90
        4
176
     0
 62
     7
176
     0
 62
   257
176
     0
 90
        1
176
     0
 90
        1
176
     0
 40
1.0
176
     0
 90
       10
176
     2
 62
     7
176
     0
 40
1.0
176
     0
 90
        1
176
     0
 90
        6
176
     0
 90
        2
176
     0
 62
     7
176
     0
 90
        5
176
     0
 90
        0
176
     0
 90
        0
176
     0
290
     0
176
     0
 90
        1
176
     0
 40
0.0
176
     0
 90
        0
176
     0
290
     0
176
     0
290
     1
176
     0
290
     1
176
     0
290
     0
176
     0
290
     0
176
     0
290
     0
176
     0
290
     0
176
     0
290
     0
176
     0
290
     0
176
     0
 90
       50
176
     0
 40
0.0
176
     0
 40
1.0
176
     0
 90
        0
176
     0
 62
    18
420
        0
176
     0
 90
       50
176
     0
 90
        3
176
     0
 62
     5
420
      255
176
     0
290
     0
176
     0
 90
       50
176
     0
 90
       50
176
     0
 90
       50
176
     0
290
     0
176
     0
 90
       50
176
     0
 62
   256
176
     0
 40
1.0
176
     0
 90
        2
176
     0
  1
strokes_ogs.tif
176
     0
290
     0
176
     0
 40
1.0
176
     0
 40
1.0
176
     0
1001
ACAD
1000
AcDbSavedByObjectVersion
1070
     0
  0
VISUALSTYLE
  5
37
102
{ACAD_REACTORS
330
29
102
}
330
29
100
AcDbVisualStyle
  2
Linepattern
 70
    14
177
     3
291
     1
 70
    58
 90
        2
176
     1
 90
        2
176
     1
 90
        0
176
     1
 90
        0
176
     1
 40
0.6
176
     1
 40
30.0
176
     1
 62
     7
420
 16777215
176
     1
 90
        1
176
     1
 90
        4
176
     1
 62
     7
176
     1
 62
   257
176
     1
 90
        7
176
     1
 90
        7
176
     1
 40
1.0
176
     1
 90
        8
176
     1
 62
     7
176
     1
 40
1.0
176
     1
 90
        1
176
     1
 90
        6
176
     1
 90
        2
176
     1
 62
     7
176
     1
 90
        5
176
     1
 90
        0
176
     1
 90
        0
176
     1
290
     0
176
     1
 90
        1
176
     1
 40
0.0
176
     1
 90
        0
176
     1
290
     0
176
     1
290
     1
176
     1
290
     1
176
     1
290
     0
176
     1
290
     0
176
     1
290
     0
176
     1
290
     0
176
     1
290
     0
176
     1
290
     0
176
     1
 90
       50
176
     1
 40
0.0
176
     1
 40
1.0
176
     1
 90
        0
176
     1
 62
    18
420
        0
176
     1
 90
       50
176
     1
 90
        3
176
     1
 62
     5
420
      255
176
     1
290
     0
176
     1
 90
       50
176
     1
 90
       50
176
     1
 90
       50
176
     1
290
     0
176
     1
 90
       50
176
     1
 62
   256
176
     0
 40
1.0
176
     0
 90
        2
176
     1
  1
strokes_ogs.tif
176
     1
290
     0
176
     1
 40
1.0
176
     1
 40
1.0
176
     1
1001
ACAD
1000
AcDbSavedByObjectVersion
1070
     0
  0
VISUALSTYLE
  5
40
102
{ACAD_REACTORS
330
29
102
}
330
29
100
AcDbVisualStyle
  2
OverhangOff
 70
    21
177
     3
291
     1
 70
    58
 90
        2
176
     0
 90
        2
176
     0
 90
        0
176
     0
 90
        0
176
     0
 40
0.6
176
     0
 40
30.0
176
     0
 62
     7
420
 16777215
176
     0
 90
        1
176
     0
 90
        4
176
     0
 62
     7
176
     0
 62
   257
176
     0
 90
        1
176
     0
 90
        1
176
     0
 40
1.0
176
     0
 90
        9
176
     2
 62
     7
176
     0
 40
1.0
176
     0
 90
        1
176
     0
 90
        6
176
     0
 90
        2
176
     0
 62
     7
176
     0
 90
        5
176
     0
 90
        0
176
     0
 90
        0
176
     0
290
     0
176
     0
 90
        1
176
     0
 40
0.0
176
     0
 90
        0
176
     0
290
     0
176
     0
290
     1
176
     0
290
     1
176
     0
290
     0
176
     0
290
     0
176
     0
290
     0
176
     0
290
     0
176
     0
290
     0
176
     0
290
     0
176
     0
 90
       50
176
     0
 40
0.0
176
     0
 40
1.0
176
     0
 90
        0
176
     0
 62
    18
420
        0
176
     0
 90
       50
176
     0
 90
        3
176
     0
 62
     5
420
      255
176
     0
290
     0
176
     0
 90
       50
176
     0
 90
       50
176
     0
 90
       50
176
     0
290
     0
176
     0
 90
       50
176
     0
 62
   256
176
     0
 40
1.0
176
     0
 90
        2
176
     0
  1
strokes_ogs.tif
176
     0
290
     0
176
     0
 40
1.0
176
     0
 40
1.0
176
     0
1001
ACAD
1000
AcDbSavedByObjectVersion
1070
     0
  0
VISUALSTYLE
  5
33
102
{ACAD_REACTORS
330
29
102
}
330
29
100
AcDbVisualStyle
  2
Realistic
 70
     8
177
     3
291
     0
 70
    58
 90
        2
176
     1
 90
        3
176
     1
 90
        0
176
     1
 90
        2
176
     1
 40
0.6
176
     1
 40
30.0
176
     1
 62
     7
420
 16777215
176
     1
 90
        0
176
     1
 90
        0
176
     1
 62
     7
176
     1
 62
   257
176
     1
 90
        1
176
     1
 90
        1
176
     1
 40
1.0
176
     1
 90
        8
176
     1
 62
   257
176
     1
 40
1.0
176
     1
 90
        1
176
     1
 90
        6
176
     1
 90
        2
176
     1
 62
     7
176
     1
 90
        3
176
     1
 90
        0
176
     1
 90
        0
176
     1
290
     0
176
     1
 90
       13
176
     1
 40
0.0
176
     1
 90
        0
176
     1
290
     0
176
     1
290
     1
176
     1
290
     1
176
     1
290
     0
176
     1
290
     0
176
     1
290
     0
176
     1
290
     0
176
     1
290
     0
176
     1
290
     0
176
     1
 90
       50
176
     1
 40
0.0
176
     1
 40
1.0
176
     1
 90
        0
176
     1
 62
    18
420
        0
176
     1
 90
       50
176
     1
 90
        3
176
     1
 62
     5
420
      255
176
     1
290
     0
176
     1
 90
       50
176
     1
 90
       50
176
     1
 90
       50
176
     1
290
     0
176
     1
 90
       50
176
     1
 62
   256
176
     0
 40
1.0
176
     0
 90
        2
176
     1
  1
strokes_ogs.tif
176
     1
290
     0
176
     1
 40
1.0
176
     1
 40
1.0
176
     1
1001
ACAD
1000
AcDbSavedByObjectVersion
1070
     0
  0
VISUALSTYLE
  5
3E
102
{ACAD_REACTORS
330
29
102
}
330
29
100
AcDbVisualStyle
  2
Shaded
 70
    27
177
     3
291
     0
 70
    58
 90
        2
176
     1
 90
        2
176
     1
 90
        1
176
     1
 90
        2
176
     1
 40
0.6
176
     1
 40
30.0
176
     1
 62
     7
420
 16777215
176
     1
 90
        0
176
     1
 90
        4
176
     1
 62
     7
176
     1
 62
   257
176
     1
 90
        1
176
     1
 90
        1
176
     1
 40
1.0
176
     1
 90
        8
176
     1
 62
   257
176
     1
 40
1.0
176
     1
 90
        1
176
     1
 90
        6
176
     1
 90
        2
176
     1
 62
     8
420
  7895160
176
     1
 90
        3
176
     1
 90
        0
176
     1
 90
        0
176
     1
290
     0
176
     1
 90
        5
176
     1
 40
0.0
176
     1
 90
        0
176
     1
290
     0
176
     1
290
     1
176
     1
290
     1
176
     1
290
     0
176
     1
290
     0
176
     1
290
     0
176
     1
290
     0
176
     1
290
     0
176
     1
290
     0
176
     1
 90
       50
176
     1
 40
0.0
176
     1
 40
1.0
176
     1
 90
        0
176
     1
 62
    18
420
        0
176
     1
 90
       50
176
     1
 90
        3
176
     1
 62
     5
420
      255
176
     1
290
     0
176
     1
 90
       50
176
     1
 90
       50
176
     1
 90
       50
176
     1
290
     0
176
     1
 90
       50
176
     1
 62
   256
176
     0
 40
1.0
176
     0
 90
        2
176
     1
  1
strokes_ogs.tif
176
     1
290
     0
176
     1
 40
1.0
176
     1
 40
1.0
176
     1
1001
ACAD
1000
AcDbSavedByObjectVersion
1070
     0
  0
VISUALSTYLE
  5
3D
102
{ACAD_REACTORS
330
29
102
}
330
29
100
AcDbVisualStyle
  2
Shaded with edges
 70
    26
177
     3
291
     0
 70
    58
 90
        2
176
     1
 90
        2
176
     1
 90
        1
176
     1
 90
        2
176
     1
 40
0.6
176
     1
 40
30.0
176
     1
 62
     7
420
 16777215
176
     1
 90
        1
176
     1
 90
        2
176
     1
 62
     7
176
     1
 62
   257
176
     1
 90
        2
176
     1
 90
        1
176
     1
 40
1.0
176
     1
 90
        8
176
     1
 62
   257
176
     1
 40
1.0
176
     1
 90
        1
176
     1
 90
        6
176
     1
 90
        2
176
     1
 62
     7
176
     1
 90
        3
176
     1
 90
        0
176
     1
 90
        0
176
     1
290
     0
176
     1
 90
        5
176
     1
 40
0.0
176
     1
 90
        0
176
     1
290
     0
176
     1
290
     1
176
     1
290
     1
176
     1
290
     0
176
     1
290
     0
176
     1
290
     0
176
     1
290
     0
176
     1
290
     0
176
     1
290
     0
176
     1
 90
       50
176
     1
 40
0.0
176
     1
 40
1.0
176
     1
 90
        0
176
     1
 62
    18
420
        0
176
     1
 90
       50
176
     1
 90
        3
176
     1
 62
     5
420
      255
176
     1
290
     0
176
     1
 90
       50
176
     1
 90
       50
176
     1
 90
       50
176
     1
290
     0
176
     1
 90
       50
176
     1
 62
   256
176
     0
 40
1.0
176
     0
 90
        2
176
     1
  1
strokes_ogs.tif
176
     1
290
     0
176
     1
 40
1.0
176
     1
 40
1.0
176
     1
1001
ACAD
1000
AcDbSavedByObjectVersion
1070
     0
  0
VISUALSTYLE
  5
3A
102
{ACAD_REACTORS
330
29
102
}
330
29
100
AcDbVisualStyle
  2
Shades of Gray
 70
    23
177
     3
291
     0
 70
    58
 90
        2
176
     1
 90
        2
176
     1
 90
        3
176
     1
 90
        0
176
     1
 40
0.6
176
     1
 40
30.0
176
     1
 62
     7
420
 16777215
176
     1
 90
        2
176
     1
 90
        2
176
     1
 62
     7
176
     1
 62
     7
176
     1
 90
        1
176
     1
 90
        1
176
     1
 40
40.0
176
     1
 90
        8
176
     1
 62
     7
176
     1
 40
1.0
176
     1
 90
        1
176
     1
 90
        6
176
     1
 90
        2
176
     1
 62
     7
176
     1
 90
        3
176
     1
 90
        0
176
     1
 90
        0
176
     1
290
     0
176
     1
 90
        1
176
     1
 40
0.0
176
     1
 90
        0
176
     1
290
     0
176
     1
290
     1
176
     1
290
     1
176
     1
290
     0
176
     1
290
     0
176
     1
290
     0
176
     1
290
     0
176
     1
290
     0
176
     1
290
     0
176
     1
 90
       50
176
     1
 40
0.0
176
     1
 40
1.0
176
     1
 90
        0
176
     1
 62
    18
420
        0
176
     1
 90
       50
176
     1
 90
        3
176
     1
 62
     5
420
      255
176
     1
290
     0
176
     1
 90
       50
176
     1
 90
       50
176
     1
 90
       50
176
     1
290
     0
176
     1
 90
       50
176
     1
 62
   256
176
     0
 40
1.0
176
     0
 90
        2
176
     1
  1
strokes_ogs.tif
176
     1
290
     0
176
     1
 40
1.0
176
     1
 40
1.0
176
     1
1001
ACAD
1000
AcDbSavedByObjectVersion
1070
     0
  0
VISUALSTYLE
  5
3B
102
{ACAD_REACTORS
330
29
102
}
330
29
100
AcDbVisualStyle
  2
Sketchy
 70
    24
177
     3
291
     0
 70
    58
 90
        1
176
     1
 90
        2
176
     1
 90
        2
176
     1
 90
        0
176
     1
 40
0.6
176
     1
 40
30.0
176
     1
 62
     7
420
 16777215
176
     1
 90
        2
176
     1
 90
        2
176
     1
 62
     7
176
     1
 62
     7
176
     1
 90
        1
176
     1
 90
        1
176
     1
 40
40.0
176
     1
 90
       11
176
     1
 62
     7
176
     1
 40
1.0
176
     1
 90
        1
176
     1
 90
        6
176
     1
 90
        2
176
     1
 62
     7
176
     1
 90
        6
176
     1
 90
        0
176
     1
 90
        0
176
     1
290
     0
176
     1
 90
        1
176
     1
 40
0.0
176
     1
 90
        0
176
     1
290
     0
176
     1
290
     1
176
     1
290
     1
176
     1
290
     0
176
     1
290
     0
176
     1
290
     0
176
     1
290
     0
176
     1
290
     0
176
     1
290
     0
176
     1
 90
       50
176
     1
 40
0.0
176
     1
 40
1.0
176
     1
 90
        0
176
     1
 62
    18
420
        0
176
     1
 90
       50
176
     1
 90
        3
176
     1
 62
     5
420
      255
176
     1
290
     0
176
     1
 90
       50
176
     1
 90
       50
176
     1
 90
       50
176
     1
290
     0
176
     1
 90
       50
176
     1
 62
   256
176
     0
 40
1.0
176
     0
 90
        2
176
     1
  1
strokes_ogs.tif
176
     1
290
     0
176
     1
 40
1.0
176
     1
 40
1.0
176
     1
1001
ACAD
1000
AcDbSavedByObjectVersion
1070
     0
  0
VISUALSTYLE
  5
36
102
{ACAD_REACTORS
330
29
102
}
330
29
100
AcDbVisualStyle
  2
Thicken
 70
    13
177
     3
291
     1
 70
    58
 90
        2
176
     1
 90
        2
176
     1
 90
        0
176
     1
 90
        0
176
     1
 40
0.6
176
     1
 40
30.0
176
     1
 62
     7
420
 16777215
176
     1
 90
        1
176
     1
 90
        4
176
     1
 62
     7
176
     1
 62
   257
176
     1
 90
        1
176
     1
 90
        1
176
     1
 40
1.0
176
     1
 90
       12
176
     1
 62
     7
176
     1
 40
1.0
176
     1
 90
        1
176
     1
 90
        6
176
     1
 90
        2
176
     1
 62
     7
176
     1
 90
        5
176
     1
 90
        0
176
     1
 90
        0
176
     1
290
     0
176
     1
 90
        1
176
     1
 40
0.0
176
     1
 90
        0
176
     1
290
     0
176
     1
290
     1
176
     1
290
     1
176
     1
290
     0
176
     1
290
     0
176
     1
290
     0
176
     1
290
     0
176
     1
290
     0
176
     1
290
     0
176
     1
 90
       50
176
     1
 40
0.0
176
     1
 40
1.0
176
     1
 90
        0
176
     1
 62
    18
420
        0
176
     1
 90
       50
176
     1
 90
        3
176
     1
 62
     5
420
      255
176
     1
290
     0
176
     1
 90
       50
176
     1
 90
       50
176
     1
 90
       50
176
     1
290
     0
176
     1
 90
       50
176
     1
 62
   256
176
     0
 40
1.0
176
     0
 90
        2
176
     1
  1
strokes_ogs.tif
176
     1
290
     0
176
     1
 40
1.0
176
     1
 40
1.0
176
     1
1001
ACAD
1000
AcDbSavedByObjectVersion
1070
     0
  0
VISUALSTYLE
  5
30
102
{ACAD_REACTORS
330
29
102
}
330
29
100
AcDbVisualStyle
  2
Wireframe
 70
     5
177
     3
291
     0
 70
    58
 90
        0
176
     1
 90
        2
176
     1
 90
        0
176
     1
 90
        0
176
     1
 40
0.6
176
     1
 40
30.0
176
     1
 62
     7
420
 16777215
176
     1
 90
        1
176
     1
 90
        4
176
     1
 62
     7
176
     1
 62
   257
176
     1
 90
        1
176
     1
 90
        1
176
     1
 40
1.0
176
     1
 90
        0
176
     1
 62
   257
176
     1
 40
1.0
176
     1
 90
        1
176
     1
 90
        6
176
     1
 90
        2
176
     1
 62
     7
176
     1
 90
        3
176
     1
 90
        0
176
     1
 90
        0
176
     1
290
     0
176
     1
 90
        1
176
     1
 40
0.0
176
     1
 90
        0
176
     1
290
     0
176
     1
290
     1
176
     1
290
     1
176
     1
290
     0
176
     1
290
     0
176
     1
290
     0
176
     1
290
     0
176
     1
290
     0
176
     1
290
     0
176
     1
 90
       50
176
     1
 40
0.0
176
     1
 40
1.0
176
     1
 90
        0
176
     1
 62
    18
420
        0
176
     1
 90
       50
176
     1
 90
        3
176
     1
 62
     5
420
      255
176
     1
290
     0
176
     1
 90
       50
176
     1
 90
       50
176
     1
 90
       50
176
     1
290
     0
176
     1
 90
       50
176
     1
 62
   256
176
     0
 40
1.0
176
     0
 90
        2
176
     1
  1
strokes_ogs.tif
176
     1
290
     0
176
     1
 40
1.0
176
     1
 40
1.0
176
     1
1001
ACAD
1000
AcDbSavedByObjectVersion
1070
     0
  0
VISUALSTYLE
  5
3C
102
{ACAD_REACTORS
330
29
102
}
330
29
100
AcDbVisualStyle
  2
X-Ray
 70
    25
177
     3
291
     0
 70
    58
 90
        2
176
     1
 90
        2
176
     1
 90
        1
176
     1
 90
        1
176
     1
 40
0.5
176
     1
 40
30.0
176
     1
 62
     7
420
 16777215
176
     1
 90
        1
176
     1
 90
        0
176
     1
 62
     7
176
     1
 62
   257
176
     1
 90
        1
176
     1
 90
        1
176
     1
 40
1.0
176
     1
 90
        8
176
     1
 62
     7
176
     1
 40
1.0
176
     1
 90
        1
176
     1
 90
        6
176
     1
 90
        2
176
     1
 62
     7
176
     1
 90
        3
176
     1
 90
        0
176
     1
 90
        0
176
     1
290
     0
176
     1
 90
       13
176
     1
 40
0.0
176
     1
 90
        0
176
     1
290
     0
176
     1
290
     1
176
     1
290
     1
176
     1
290
     0
176
     1
290
     0
176
     1
290
     0
176
     1
290
     0
176
     1
290
     0
176
     1
290
     0
176
     1
 90
       50
176
     1
 40
0.0
176
     1
 40
1.0
176
     1
 90
        0
176
     1
 62
    18
420
        0
176
     1
 90
       50
176
     1
 90
        3
176
     1
 62
     5
420
      255
176
     1
290
     0
176
     1
 90
       50
176
     1
 90
       50
176
     1
 90
       50
176
     1
290
     0
176
     1
 90
       50
176
     1
 62
   256
176
     0
 40
1.0
176
     0
 90
        2
176
     1
  1
strokes_ogs.tif
176
     1
290
     0
176
     1
 40
1.0
176
     1
 40
1.0
176
     1
1001
ACAD
1000
AcDbSavedByObjectVersion
1070
     0
  0
DICTIONARYVAR
  5
B8
102
{ACAD_REACTORS
330
B3
102
}
330
B3
100
DictionaryVariables
280
     0
  1
1:1
  0
DICTIONARYVAR
  5
B5
102
{ACAD_REACTORS
330
B3
102
}
330
B3
100
DictionaryVariables
280
     0
  1
STANDARD
  0
DICTIONARYVAR
  5
B4
102
{ACAD_REACTORS
330
B3
102
}
330
B3
100
DictionaryVariables
280
     0
  1
STANDARD
  0
DICTIONARYVAR
  5
B6
102
{ACAD_REACTORS
330
B3
102
}
330
B3
100
DictionaryVariables
280
     0
  1
Imperial24
  0
DICTIONARYVAR
  5
B7
102
{ACAD_REACTORS
330
B3
102
}
330
B3
100
DictionaryVariables
280
     0
  1
Imperial24
  0
DICTIONARY
  5
BE
330
6B
100
AcDbDictionary
280
     1
281
     1
  3
ACAD_XREC_ROUNDTRIP
360
BF
  0
DICTIONARY
  5
1A
330
19
100
AcDbDictionary
280
     1
281
     1
  3
BUMPTILE
360
1C
  3
DIFFUSETILE
360
1B
  3
OPACITYTILE
360
1F
  3
REFLECTIONTILE
360
1E
  3
REFRACTIONTILE
360
20
  3
SPECULARTILE
360
1D
  0
DICTIONARY
  5
12
330
11
100
AcDbDictionary
280
     1
281
     1
  3
BUMPTILE
360
14
  3
DIFFUSETILE
360
13
  3
OPACITYTILE
360
17
  3
REFLECTIONTILE
360
16
  3
REFRACTIONTILE
360
18
  3
SPECULARTILE
360
15
  0
DICTIONARY
  5
22
330
21
100
AcDbDictionary
280
     1
281
     1
  3
BUMPTILE
360
24
  3
DIFFUSETILE
360
23
  3
OPACITYTILE
360
27
  3
REFLECTIONTILE
360
26
  3
REFRACTIONTILE
360
28
  3
SPECULARTILE
360
25
  0
DICTIONARY
  5
7B
330
7A
100
AcDbDictionary
280
     1
281
     1
  3
ADVMATERIAL
360
83
  3
BUMPTILE
360
7E
  3
DIFFUSETILE
360
7D
  3
FBXASSET
360
7C
  3
OPACITYTILE
360
7F
  3
REFLECTIONTILE
360
81
  3
REFRACTIONTILE
360
82
  3
SPECULARTILE
360
80
  0
DICTIONARY
  5
BC
330
69
100
AcDbDictionary
280
     1
281
     1
  3
ACAD_XREC_ROUNDTRIP
360
BD
  0
DICTIONARY
  5
B9
330
65
100
AcDbDictionary
280
     1
281
     1
  3
ACAD_ROUNDTRIP_2008_TABLESTYLE_CELLSTYLEMAP
360
BA
  0
XRECORD
  5
BF
102
{ACAD_REACTORS
330
BE
102
}
330
BE
100
AcDbXrecord
280
     1
102
DISPLAYNAME
  1
Imperial24
102
FLAGS
 90
        0
  0
XRECORD
  5
1C
102
{ACAD_REACTORS
330
1A
102
}
330
1A
100
AcDbXrecord
280
     1
270
     1
271
     1
  0
XRECORD
  5
1B
102
{ACAD_REACTORS
330
1A
102
}
330
1A
100
AcDbXrecord
280
     1
270
     1
271
     1
  0
XRECORD
  5
1F
102
{ACAD_REACTORS
330
1A
102
}
330
1A
100
AcDbXrecord
280
     1
270
     1
271
     1
  0
XRECORD
  5
1E
102
{ACAD_REACTORS
330
1A
102
}
330
1A
100
AcDbXrecord
280
     1
270
     1
271
     1
  0
XRECORD
  5
20
102
{ACAD_REACTORS
330
1A
102
}
330
1A
100
AcDbXrecord
280
     1
270
     1
271
     1
  0
XRECORD
  5
1D
102
{ACAD_REACTORS
330
1A
102
}
330
1A
100
AcDbXrecord
280
     1
270
     1
271
     1
  0
XRECORD
  5
14
102
{ACAD_REACTORS
330
12
102
}
330
12
100
AcDbXrecord
280
     1
270
     1
271
     1
  0
XRECORD
  5
13
102
{ACAD_REACTORS
330
12
102
}
330
12
100
AcDbXrecord
280
     1
270
     1
271
     1
  0
XRECORD
  5
17
102
{ACAD_REACTORS
330
12
102
}
330
12
100
AcDbXrecord
280
     1
270
     1
271
     1
  0
XRECORD
  5
16
102
{ACAD_REACTORS
330
12
102
}
330
12
100
AcDbXrecord
280
     1
270
     1
271
     1
  0
XRECORD
  5
18
102
{ACAD_REACTORS
330
12
102
}
330
12
100
AcDbXrecord
280
     1
270
     1
271
     1
  0
XRECORD
  5
15
102
{ACAD_REACTORS
330
12
102
}
330
12
100
AcDbXrecord
280
     1
270
     1
271
     1
  0
XRECORD
  5
24
102
{ACAD_REACTORS
330
22
102
}
330
22
100
AcDbXrecord
280
     1
270
     1
271
     1
  0
XRECORD
  5
23
102
{ACAD_REACTORS
330
22
102
}
330
22
100
AcDbXrecord
280
     1
270
     1
271
     1
  0
XRECORD
  5
27
102
{ACAD_REACTORS
330
22
102
}
330
22
100
AcDbXrecord
280
     1
270
     1
271
     1
  0
XRECORD
  5
26
102
{ACAD_REACTORS
330
22
102
}
330
22
100
AcDbXrecord
280
     1
270
     1
271
     1
  0
XRECORD
  5
28
102
{ACAD_REACTORS
330
22
102
}
330
22
100
AcDbXrecord
280
     1
270
     1
271
     1
  0
XRECORD
  5
25
102
{ACAD_REACTORS
330
22
102
}
330
22
100
AcDbXrecord
280
     1
270
     1
271
     1
  0
XRECORD
  5
83
102
{ACAD_REACTORS
330
7B
102
}
330
7B
100
AcDbXrecord
280
     1
460
100.0
461
100.0
462
100.0
463
100.0
290
     0
270
     1
464
0.0
293
     0
272
     3
273
     3
  0
XRECORD
  5
7E
102
{ACAD_REACTORS
330
7B
102
}
330
7B
100
AcDbXrecord
280
     1
270
     1
271
     1
  0
XRECORD
  5
7D
102
{ACAD_REACTORS
330
7B
102
}
330
7B
100
AcDbXrecord
280
     1
270
     1
271
     1
  0
XRECORD
  5
7C
102
{ACAD_REACTORS
330
7B
102
}
330
7B
100
AcDbXrecord
280
     1
 70
     0
 90
-1264082742
 71
     1
  1
1365051E-FB5C-46DF-A5F1-D37B5F95335E
311
504B03041400060808005767B65C207BDD648F020000900800004F00000042463635313338412D313843352D344444382D423043442D4444333538363642303133352F4173736574446174612F446566696E6974696F6E4974657261746F7250726F706572746965732E62696EED94CB8ED3301486C380B80C4208212E129B
311
F200A6B9394D2A2194C40DAB1115306259795AB70DCA8D3811B000BA60C192254B9078029E800DEFC013F00EACE09C34A1971995198D800D961C3BE7D827E77CFEE3378AA2FCA81B4C9513D067F0BC00E35D91883C1C3E184E45CC95330BCBD2740BACF8CAC498975181DB7642391451C4139196F2D262572BE605C4E3D12D
311
DC740E7A6390186132FF1A26F0749ED333982A7C9475EF70294571BBED0516D50CDB259AED53623266134FF51961CCA0B66579AA66D0F67D21D3321F0AD9D60C8BAA54EB91C0A33E312D161097061A6146C7A381430D83F6DAC5B48CF7121E466DB55DA730C892C9434DEF52BB6B9E84149007D6D1CF4319DFCBF89352D44C
311
B088CA4A34535D79C1124F417F94A6A3253E176B538B008D693AE1C9735CD5ACDC86F96E320E93504EC5681911AE984197A7E191563920A9D7D0FF30A1413F9585AE6AB4428552B9061F6D9015835FF52336F0FC9D86181A9D7A659CEDF0AC3E93EBE059E424CB7CCC876290A479CCA34D3ECC1B8963B41684AB548AD8639E
311
C96A045DD7EA5C30471E092C3ABA3A5DD3703A945AC4717B2A317543270E735C62A881D671986552D75F51675DE61CF3DBAF57DE7F7FA528EFEAF12CE4803C2EC3B89B84E3508CBCB080D46B2A37C0BE9F4A9E96936922A4FC8D1B362B28DD3A726B1EFA2042487006BD22F50226C750A767FB1D376026B19C1E0342BE4EDC
311
1EFCFD860EC46CC7F54CAFB34268A9703C17D408CF36CB5235B73F7CDA82856B6D9D6FE3EE770E5EDFF89BF1737EB53A9FF360D8742E78612EA5CDB37D068C7838F69B98238FC710E9B077E771D82F335FE78BE56DE28177CB42A7F38B6EC0A33D314A37B860D31119218F97B8ED1FE973CEE8E3373CD9FF3CF0A2C2FFF4CB
311
CD9F504B03041400060808005767B65C7A1CA26B6E040000580D00004500000042463635313338412D313843352D344444382D423043442D4444333538363642303133352F4173736574446174612F496E7374616E636550726F706572746965732E62696EE5565D681C5514BE5B6BA368935493546895157CA8E0ADF3BF3B
311
50B299DF3C152BC507ADB84E3693EC86ECCE767F8CB5DA0EA8F1874228225231203E4B9FD487E283F82245B0080A85AEB4FA223E252855ACD078CEDDB93B9BCD363B62F1C50367EEB9E79EFBDD3BE77CF7CEBC4908D988044C92020DE1B91BDA69BFE2D74A85A385A25FF61E0187286BAAA08A0E754DD5A28A66BBD4505D91
311
DA72C6545D5D9565D5198A27E21459546C475275AA2A8A0C5324919AAE695331230B966659BAE1E810D696479F5DF9F2FA81EF72D0EE004F08CAFBAC6D47ADE77090ED149AD129328ADD1BA7163E6FBC53CCA1BD8DACE752297C47DC9B69C89262BB32954D0BF626EA596A2AB240054756B36A46D70D45BF03E242D0B6AC73
311
786E6C6D6378D7746445B504AA675513E0558DEA9A2D5259B204C71475C1CC28EC4D18762FD2BDE05DABBFFC49B6F0012EBA1334048D042B8611734C7E8FB6758D6F8F87C56D2F7C573FDE431CDEB1705DCCD73DA04797BC062E8C76A148ADE68C8FC3244D4E908034A1AD119FD4C15E242F8095260D5264ED21324326890D
311
768D94D8D821F238F3A5C91C783D886C46B31FEBCCAB80D5043C446A234C83DD809E4176C1BAC8D33DD01EA995EAE527AADEF1A6DFE62A056712AEE68F04F5862488EADD1C858A8A80D4484C5BA47B08DA91AEC4325FDC8F9961DB96646AA24A351989A7DA1235045DA38A2DB9702C5CCBD6254C3A932E124029AA48C86E89
311
F0EF025F88FE783DECB13E871A4E330F3CAE4544E913CC42C0CF27C5463FE82DD198C990797B1E881767C050643DA3E289301C812A922C51DDD60D2A0BAE98D16D4D510DAB078090F7CFA15CEC3EC1592B63B8B64235DDB101C682443A59809190A70F0302C06775C354CC0CC2711647EC65EF8899DBD8C0D1A4B2830C917E
311
BA1358D9ABB822F214EF53B359AE1EF6AAF17D9A240B0FC0444670A466BEDEACCD79053F5F096A656FF11F30152F8B1094A426E0B11404B3F9B2570CE6BDCA89FC0CECEBE042751E8727D2BD5729E708215DD7F3C06B191642381484E432817579067A69EEE91E97A6E25873AA0310197C23BCED2C113BF03A1A22FBFBE883
311
E07BA84B872112EB723FB44F554A73257FD62C35CADDD5316F49AE9854FB60FAD6EAD482E67CB1E2D7EB830B34C2F641C8E62FE1EDC8741A902389B37ACB0C635D4A3C9E2794B77D329DDA0BC19B69C4DE9AF3E8E4D8F9E91F5F7AADDF07693D87657AFAEAA7DE8DE5D57D93E36FBD7D7EECCADEF7C64F5F3ED07A710F0C0D
311
AA4B82CF361EB74D651D5C89CD15B88FEDE3F6703E0D589124A8048BE4995FE7E7A593C89EC300A5D9FE400F2CC40F6F7C9F3B76B37579AD757AE18BA50F7FFBB635FDC7AED75FBD74F3ECF59511EBCE95732B5F2FEF5E1E836D0DA84B92AF1AB2263E2F01FB66E7BDC5197F364856A171B60F42E2BFC6FFFEAC6085B02E3E
311
1A9D4A6D53A1AD67A5102C06B5C46765FF57656BF2ECC44F87C3FA707DF9E22F7F3D77EC78386A9E79D2FE18A107D425C97FE8BFAE0B7EA642D0FF555D7EBD7466F5DDD5574E1DFCB3F5FC958F3E3BF973E19BAB0B23C1DA85D1C6DF504B03041400060808005767B65CB5A795FFE3790000DE7900006B0000004246363531
311
3338412D313843352D344444382D423043442D4444333538363642303133352F5265736F75726365732F31333635303531452D464235432D343644462D413546312D4433374235463935333335452F7468756D626E61696C2F302F67656E657269635F706E6701DE79218689504E470D0A1A0A0000000D4948445200000100
311
0000010008030000006BAC58540000000467414D410000B18F0BFC6105000000017352474200AECE1CE900000192504C5445818181B3B3B35A5A5A4848486060605C5C5C6464648383835E5E5E6262624E4E4EAFAFAF4A4A4AB5B5B54C4C4CB1B1B1858585B7B7B7585858ADADAD7C7C7C464646787878ABABAB747474A7A7
311
A7686868707070B9B9B96E6E6E6A6A6A8B8B8B666666545454565656A5A5A5505050A1A1A1BBBBBB8F8F8F9F9F9F4242425252527676764040403E3E3E9B9B9B7A7A7A8989897E7E7E9393939797974444448787873C3C3C727272BDBDBD3A3A3A6C6C6CA9A9A9A3A3A32020209D9D9DBFBFBF8D8D8D959595919191262626
311
9999992222222424241E1E1EC1C1C1282828C3C3C32C2C2C2A2A2A2E2E2E303030C5C5C53232321C1C1C363636383838343434C7C7C71A1A1A0E0E0E121212484A484C4E4C1616160A0A0A4A4C4A787A781414147C7E7C9193915E605E464846838583878987B1B3B18587856668665A5C5A626462818381A7A7A5A3A3A1B1
311
B1AFADAFAD7072705C5E5C9D9D9BABADAB7E817EB7B9B7585A58BBBDBB4C4C4A8D8F8D747674B5B5B3B7B7B59FA19F606260ABABA9A5A5A39B9B99A9A9A78F8F8D6C6C6AC7C7C5451AD12700002000494441547801DCBD89771BD7B5A70B8EE04C702641712605CE034890E220088028C93245451215B713AF388E7DFD9EED
311
B8DDCE6ABFF4B57D97137BE50FEFEFDBA74049B6AEED74869B7E87404D2814EBB7F76F0F67A8835CEEBFA0E42B854AA5B2BB5B6BCC951A8D52A93657A914FE0BEEE39FFE2FF395B9B9C6CAD2D4C4606F4B7FFF8D1B37EEDCB97587F7CD9B4343BD134BABE7DB48E3FFA7A228ECD6F6574E4786C0FC8B5FFCE2CD5FFCE297BF
311
7CF3CD5FFC92B52FFE58BFF9E69B776E0EF5F79E55CBBBF9FC3F5D3DFFB07F5898ABAF7CDA3B74E74EC0CE20230561BF096E97E05712BFFCC59BC80539DCE83DDD6E54FE61B7747DE17FB8980BBBFB2BBD4337DF487881AAE6C5ACC6AF25207877B2B527BFF1CB3B77FA47561ABBD7F7FA7FE146A5B6BD74E3164C7F51449A
311
E95DB412200EC539418717E7F2F11B376FF62E95FEAF1442BED0581DBCA1BD2780D23F506AFA16E1A7AD974EF17876F00DD7BCB187A1A97AE51FCED5BF2BC1F2BBE5B3C19BE27B43CF26DE00933658FE129B109C2FFF922CC22C4260FA01BEFB462A77DEBC35F42F600C3F5B0795D2E9E02DAD5E650B4438A92801B65C35CB
311
AB7B1EE5041CE69D3B6F1822DFB873EBD6AD3B6FBC71EBC6C86AE967DFC2DFA4CEBFF1BF54F6276EBC114E2F43FEC60B01A0D440A868B2920E5C4BC10D60931ADCB871F3268B21D3851B08E1D6AD9BFD4BF57F7577909FAB86F29B982571136AF01DF5FE32AC3BD9406CAAF2440A54CF176EDD01FBADA1FEFEFE21FE4C9858
311
DFF4183458A9FD2B6708A5A5A137E0EE1D11A9EC0C7C58B2C73C0AD6B479BD76B7790CF899E287FA5B06FB7B07C9195B7851FA8794031EF1FC5F9406BBFB23375420286399B631E93B08022A785C4DBF9996EC3551874094D71B6F487E80F6837E50F483BDBDBD83232323AC420A18C68DA196EDDADF68A77F938F78FD972B
311
ABBDB7B87FB164AC6FC2CB760365821ACB74AED44FFAD7E7431ECD7E08AC421F391D199998989A383D9D98E8E56F84A318C58D9BFD2DAB73FF5222C8EFAEF4DE7AF30D756E5108683DA471E70D0502099A7240F19E4089D3FD203E620F1B47BF43501E85031AE44B4B9F2E4D2D9D4D51D8970983FA861B3706FF950CA170DE
311
82F6B312CC4F42C8966295F7D725ED29882415DC055F36DEA1FE96FEC141493F05FAA9A9A5A595B333DED5B3D5A533F62183323032F46EFF13EA0AAFA5FBF7C8976F8C10F7280A014832593B90004D52341980D907EAEB73411EB2F1EBC9F507F92746C40E7AE0AFAE54292BAB2BAB67CAE0746264A277B06508168C94BF77
311
2BE9765F7BF0B548FE1E07F3B5A521340A5CB5297C4B12811B89E82191ECF3E41B3259C529F135E23CF4C7F961FB13537F5A02ECCAEA76B5BA5D3D3FDF3F2FEFEFB3AA22053E5008833428DC6C59FA2F770595F311F235D427F379BB8A121BD901B96076A388DC4C3C61C7933CCCD770FF375A6E0CE9F535FE2534BF5ADD3E
311
3FAFD71BF57AA951B6D4CFEBFB8864758A26154430080B06ABFF557610ECC93726224F155D1471041E0D42F82F4891C926C1355B0831649FF365F46FF05300A7A790BD8ADEEB0D4AA9569A9BDBADCCD56AA55AE377F5F3F3EA2A34983A1DE91D810543138D7F28E57FF4E2B5335A3928B76EA1CB9B00BF158C8F63A2E78882
311
6896D0B5E7C461949ECE089144F8EBEFC7FB4D8C9C4E9DAD60F7FBE572B416C2F2423ECF8B86C439E450DA970634ACFDA977629098D0B2FAF313A36B3869E37AF7853378CDA1171FBEBA95DF1E44FD5144A420588641B0055A79ED91CC0DC41E27064512FB33F1F04D09D0D2DF0203A646A6CECE80DF28356A348CED8C4F1E
311
F137B9319E1BCD29867CA556AA97F7B757567006A447FD375A26CAAFDED9CFDCFB2BB0BEEE8AA5911BC2C7F85DF88A3775389990AA72219D582409210F85A4E66F2987D875C30848023088FDF77E87F96FD7CBA5B9DCCEF4F4C9FC7C676777577B7B7B67E7ECCCE4E8DEE85E81A6D55AA3BC7FBEB242589CE8ED4770E785D7
311
DDE23FF2587EBF57F50B9E820527316488E5C32D50F979BCA58207297E2B6D658702FFCD211840FE43FC9F3A5BAD9E97E6F21B9FCF16BBBB3A3A5A175B5B1787875B5B3B86DFEFFC687A72674F19D46A8DFDF3EACA59E405375ACE76FFA922C817CE86A89BDD92F400F2C55B7462F610459837D3A61ACF50C7471C8F2F2A9D
311
38C3DA2F068007F80EFCDBFBE5DCC674B1D83EBCBEB8BCBCBC3ED0D3D333D0B3DE33BCBEB0D8DA35FBF9F8CECE68AE020BCE61C112A4C1138CD47F9AD13F7DC6AB9CF9CFCFAF9D0E01FFE6CD503F5B91C5218E2899CA15098714848B04FCE5654884ABF0E554F11F6C21D73D5D5AADD64B7B9327DDAD8B0B7D7D6D6D070707
311
63BC0F3E38E8EB4310EBEB8BC3DDB347E3E37B5842B97C4E44A0C630427E5CFDFB71E03F471E12CA9FF70E055AE141042DD81234B879EB4606361D9328149037D7D76A571A7E974FA20AD0323832713AB5BA7ABE3B3E3D3FBC30307070B0B9B645D93C3CDC3CDCA41CFC6AAC2D64D0D579B4B1B397A7C1BDBEBD7D36657A3C
311
D4B2F44F4909F2B9CA597F4245C59DEC354316F0587020D0C661742BC02869435FD12CF195C422DB3C5A3E2305C000CE6B7B27ED8B7D63079B5B5B878787C787C7C7C757C76C51B60ED60EDAFA06D67B965B3B672677080BB5329E60E9B477847AE2E9EB53E35779FD37EFCD2D0DDD68AA355B6B0D81860502B8B68C801F5C
311
697E9AD62F4B406244CB975560BAC756AAA577675B07C6D03778C17E7C95CAF1B3ABABE3E3ADADE3CDB1B1B6B681014470343EBA979F8B90383545727C63E43549D14FD0F927E5F1FDEFD7263058FE02EBCD1BDCBCA053496BD58E69BC44F9F854D4D979AE9ADB908824382AC1D4014E9756EAF9CE85B6B54DB01F02F8EA59
311
08E0D9D5F1B3E72188C3C3AB67879B07C8A0A767B8B831FE5E7EB754DEAE5261460243FFF07858D8EF0D658BDC563A2C5EF5833C13C90B69248C4DD97842B61DFA7F210A2F6108A0F96B62E2D3B3F3DD939EA47E30ABF5AB2B903F4BE5F9B36757CF65021E616DAC6F60A1FB647274B4B05B2E5341B082D43278F67D8DFDA4
311
8AFF9A13F22B34C7586C9992BA6E66CABC190E313E7C811AA57304B421A75B289B9D174CC868C24548823E230B9A5A2DCD2CAFE1F98E61C015CA7E96B083FC59F3ED06EE60F360B3AD6F79787ED278D0A86FAFE00BA9220EAEFE1D5DE1F7855939C3FCC1332426B377F692406E022C010DB437EF009803F0DCFD3B7C944405
311
71D8F2C328F115F47FD324802070BAB43FBA80EFDB92FCA1F7E7CF9FA875CBB327CF9EB08C4DE4815BC4210E2CB7CF1CEDECEDCED5B757490968286899FAF95583BF46F9393CEE6A86D6F618CAAD9BFF0BE22B042412C5CFB50556815CC5BBE33E9F61ECEC26A9BCB8145FD10590078F9C9E953B513FAE1FE387FAC246E14F
311
9E3CE7F5F8194BD6594140876B6B84C5D6799C61A16434201E5237582AFD75C07EEED9863F463284E2E13425A036BD41061259289B6BDC1ED656FC8B8592C9D00701E27CEA749F0D8EF44EAD8C1F80FFF8F8F9D513191F6803384C800097F24069C407CFAE88136B7DCB3D5D4A60B711F19070D83235F77331FD35E7159668
311
89038E2E0B346EAB7936C4162043E1A1F144093695443A570144898BC4079CEF1912809A3035A1D3F361235F90FFF1E3E0FB93C7E2750719F88E7D8E68123883ADB5B18185AE99F1D11C1238A792DC4BEDE8EC6FF503DF377E0445F68FAF4E08D43082D02170F30131A154206CC559A8D9CFDD762B31273E4947A581E0D9BB
311
71E33FFA07CD02CE2A6BE1EC80167497F2A81CFA3F7EFE58D0CF5D5D170DE4F89070B0BC4040CC17BEAC6B0586C3D3FF0309BC06F44B04A1E13729929B4DF73C44070692C810B08AC3012E8EE9EAE22067796288C193B2139B970B86F47FAD0F98382B1E035D9C32FD318A4FAFCB274F2E1FA772F94411B0CD42493C23393A
311
685B5FEF3E1ACF554AF5F3552A478383374E6B2FDDFC4F6DFE38F4F4ED7A7FE838F488EA852482F412D3CB07E293D02C9F074F12E84C5AAC423271450572A385449844706475FD38DC3C22486A0639E5F1E38B0CFE93CB4B25910EF309A2224BD8DAD40C682C28341AD69047E8539A6AFC14EC573F7FAD10AE0FE6EB13E87B
311
28E093B513B5803514DE408809BC12A14876DE0A25F643009E9176D9F0C330164285A7444DC8CAF0E9FE41429EE0A2F6A6DE91C0856C501272404A8468822E24C807030B1D33D40D4AFBDBABB411D093D88C86D7205E05FC57EDD1F805FA4CED5920F0CED39157E007CE21757C5DE440ECBCB46CD283E378029B43FB077B4F
311
47E60E9F61E8D01BE017D7E843EB49F50A2028F1E442FCC90C9EE308E4C0C2C94EAE30B75FAD3A0EAFA57FE9EF960F14BE15638840EAF3BA490BB6850EDB38EECAFD21A0C746D0C4234DBD035EFC7EDD121FA585FAB73DB89FE6A03CF833AB0730E5E2F1A36CE3F202A128934B44E396961121E1F2C9F32BFCC0C140CFE22C
311
1CA8E109B182919696BFB98120234F61B59F7BF46EC30CF067B21A33B0FB3E402448EE266CCD93135A8E823DB31F85E677434E608F53F8100BC0098EA2FD6BC01770E0F2F2D1E5452A711C4BB8486248FAD756D852026B6DC90A2AA5C6B69E9068B8F27AFABFFEE8AB36F1D23985D5960014FD711940800B560250D2272CC5
311
4FF1D3A660B275AC3881E349689C1616E1E9044129D032313509DE4700BC867C71F128C400159407C761022BA8A040F40A244788808C60B3AD67A17576279F6F946923191921B0545FC2F12AC0EFEFBD7262B6935679FC7F80629160ABFAEC88E8430E76D82A8DE62ACE50BD4A42FBF03B387B37FD321B37E31C3F063D9970
311
3F5160E6C9E5A300CF32A91E0A085A29C0FC507F6C21012303C6104B82C1F1E156DB3229D1A855A32A8352C9077AF733A0AFE0FB3EF81FDF2F0F82C21B0EB06998866878B103305E31EC17F4FD43831E570A2118D1667632D4FFFFB125782F96168A833DBE78C3F11F8383A79D49F58F1E3DBC780417AE6581381E86106048
311
88E2913E12492881274822C221AD04CB0B1D273B8542837460898C686864FF6F801E8269F40AD0481DFAF5E6E9C1F3BE391C325004DF0746A4E4448F7B52C0D5EAD39EC46896B888C4210D68E99DFA2820DF7FF850EC407EB55C3EBC5028611409BFCB8889C90F1C52355AEF98B18100094C9D0EF6F64FD47E5CBF3FF5293D
311
DFB4B50DDD54F351446FA1F14580DC3902C085F593CB24ACC917B213BBC11B3F0A61042FD8B24F4FB9C4556D0CB9E1A880DE89934CE9607F18F81FDD950DD0E1D143F41D56110E227C250621FF098838042BC85B5B6BCBCBC31DD37B34966E9FFD9936A2FEFEA9EBA4182E5CD3E17AE35501FCE0707E5525A7DBC64DFD0778
311
25BE37CE0BBE1BBEC061410C660B6E49912665E2B3749C7C9F93834022F74CDE6CA5EB501D9CBC04B768292C5CCB84478F3CA83074092C6082169015E5800D5839DC6C1B58EFE83ECA513BDE3EFB8EF1242D2D4B3FD55AFE03D42F8492AF8A3F21444FA2FA9ABBF525EAF84C09F0168527B0138A85D1EC0443C467B28BF844
311
EAF76323BE13D7C11F72FED783837B970FEFDE7D7817E077C17EF7E2A1C2C0FE851FE4C008388C15E818958746129E1009D054B67530D6B3D8DA3D59D82D9D57CF70039FF50FFE0DE94089DB269C3655A4F25B38C49D0BD48E59F1526887C18FC5272197F85CA72862A593A4843CD25F920487DDF7AA0441A2C0600D062001
311
F103FCEEA3D8560CEC3EBACB01CAE5A51E420349F602191E5F901893142381351CE17047E764BE50DEAF9E4D8C38B6ECFFACEB141E54A6865A88A60133EE9CBB4C256930B0B168C1C3AB59FE1743FB422C7166082E934AFA5EFA3E4BCE0B69362FA7041818B7FDECE1DDFB4D022007CA23E521F0700AAEB5888BBBF08023E1
311
28B4045381542FA256B0D04E28A0C3804E233A1BFB476A2F48FD135BAF9843BEDA3264EB42BA499601F16B566E72C7EA35908ABCB9176BBED43204C696AFD3D7B24B08D3AFA44BE243D88A6D9D0B6562B52F741E1610C0EFBBAF2B0829289A640EC4C8A4FF66A24430786CEBE1E1E61AF9507BFB496EAEB64F8F49B4129EBD
311
EC065EC1F8A3F228A3CD0950883B41BEC6D1944AE06147289600A7726313AC69A3F91197F1438BCB743E76F01F6EF1D1C854071670FFFE43FF1EDED702EE5A14C85D0C42DF90B86068800659AC88981855E3E774A71C0CAC2F76754EE7CC87C808D1E1E0F6CF47FD4224731337BE1E39C5010823EE997B1491BBD99FC8D8EF
311
77482BEB5EB2CF66499A8E0F7511B19B3EFBDACB6507BC78731B1B383D02FFDD7BE8DD9256F7D0BA7B46015941097B80018F700FFA024CC08078F51806100ADBFA163ABA8A3B95B9D2F92AC30BC908ED31FABE0CBEBFFF0279B675868F9AA24E9530B08C174055B7F48E4F58002F3E82F0BDFA003E8B431EB6C4A91E4D9B5F
311
FB791265BA8827BBE5F1BCFA7F789F72F75EC800F8AE43FFAEC42F13009FB905A9A0132015D0068ED7682AC608BA6771038DEDB3B33082891FAB1ABF5614F93238079726B833958796B845B731FCB86316713C1DC581B1E19B424EE32674093F80776F7E27C6FBFAC85C536CD955B96EDA2A3FBF770FF4BE11845470EB3E42
311
D022000E0FE07D161811020742162444668308801E133A4C163BE68F6826A5523071CA78B2FED51F28F8C70FE4190073A3E5D3259D7A288CD19BDE623F10021BAB0C6E327FD507B2741627727EA00D31856492F9F009D7F152D930704E642795C1C1B336E0DEBB7F0FDCB79318543B25341F36802D64A981A690B94259607D
311
E0B19D466BF8C1C5E1CEF9A3FC5C639FD6117B4BAEAB453F8EFBDA500A67E8BAF76C8A06566E36EE1184E8329419161F83D843D5DE7D8221163E145F56921C3EE383978072129E290A9B7166E63D26BAB1FCDBF710009E4051842390031845F20077CD079407C575F20364C4910ED2A574BC357630B0BCD8DE39335EB17564
311
6A698458F6A346F003A93002E846FFE0C459B8006E506D79BF902908A0AA05CB5E73530E33BA1D3C2EF99C712B7C8B41DF4D2A7830BE8707485FCFAEEB85A09AB6D39BBF7B4F23E00509C20DB04E240822A4B810E04D8D53D10D504C059ED86BB8697F514777717A8F8144D48A4C89077F7EDB00E2D89DC02A7B975640A282
311
C49A4AA84B70B12BFED8EA6584860DFB7EE23FCB00C6BAF7332FF259FA3C9346508813E372F1DDE425065BB61FDF8300F7EEDDBE8D0C6EDF46F7D8823478590AE23759D60DA6B7A9F125EDE8F4A5D2B37470D0B63C30DCDE3D3D59A8D1501EB1B0A5377517BDD6E301F995E3F955F0F58FAC2E81CE172A8344AC03DC678193
311
9D2484B8FFC15E8F3ACCD3954CE19576B942D0A029188EC7013FE59AE90B71292DE774F1F63D60230180B30A2EDC65291B6211B4081128856001A680015CE000708254891851D4B3BED0FA4D7166B466BFF1D2A924885AD12B387FC0FCE6819AC3AE06A7AA4B715F0927B74D119D4A668FB54B8A8C268D8B038A207D10A7B1
311
E95E42195B695BE0240F7408B311257C23F581E987C180140C584A02B1670CB817CEC0A080F259F1360E58452013200E3EC107AC1DF4FD7B0F6D23F33347F9527D9F51E6138E31AF35F1BDAAEEEBA3D71BB402E2FB47CECEE96B4DB85536772B07C82A34F3E66D0BCEC207FEB9E70643761276F7B50D5EE963CFF80C7AF4A2
311
130F5BF8C4EBFB5F07B709840480DBD8007FB7EF3F90104908BA457D43AA2A6A02C91422285E5AAC143F3313A0CB74D9D164933B86C25587134E8D342B453FC982860D09FD13ABE72055ED020E85D3E312F74C25CB0293D978A1C4001927C80B86FD06349126EC219F0C735C8053D8F5F310817EA01F1B7851F406144C211C
311
6362C27DD51F1E310C0102280ADB891E9B085CC528A2B1369A46BA195B9A2B351862CE43174BA73FB7CBB430A5798F4C54B7333B96C3224A9863AD02B9FBD8E63092191924E77C199D92887DA594B6DCF0112857162FD0949FE6A441F5E62E42FB2105BC405A2301A3424601DC807912CB2C39C604A27908021CDA30C4C8C2
311
019A883B3A8BD393BB3546136EAF561980FB63E9E035FF73B96D09A905ACB2C11D79571C5159026227DDBDB81396EB03F14100BEB66DE1FA9EF82C3ECCBE318119C4269FD014E66361FC8BB0B4EA9A98EF3D8848A01360430284335004C183CC25BCA82D2302EB03B8419241C64DF4F5ADAF77B533BE786334BFCBB8DA72BD
311
BEFFC36103AFB30608A0B39B58D93F0BF42180841DD26BDC22CF0A770E90240006BAC65197D90920131C7B2EB3CFD3C71C6378A305EE8488FC1FF8D391E2BDDB0F6E3F45E7C8207C419800DB410073A3173942CA8D5242642A74496FF115832A6314D9FA4257577BF7FCF8F8E8CEE8DEDE5EBE76DD3CF892BA7FB8B90F6294
311
31B5525E92A15A3A4A6FEA3FDD73136172060959206591F4C927196CF645AA285CF3014630121754261C0D31E1A7E3DA2DBDB54B04703BDE3A4209F02045C4BB0F529A14BED07098A2A1CD47513DA64B512F409BC01663090796D787173B5AA141B1B39BB470EEBCF1E30F9D263ACC4D05110797CEF7B923B027F089F74D1D
311
06F0A4D8C0CDA6604023FCA45B76C5CDE0BF3845ECBE13E0C0ED73700A8A753C1AC8AEFFF1B407FC8A20F42F0D94019121DE304077A027D4112283BB8FF0072444D68AAD111D6F591BC0061854BBC048EBBE9E81F6A33A95C21BFD13AF3C7E7DCDFFEB0DE8903F77B41DF178E99C289895B0EA8CD640549D68935BA7C5294E
311
0A1D66DA0CC419BD398E6265789CA1241441AC94532A3C19C95340BEFC68703077EFC1D307B71F3C500859C11494838E902203A2BE90EACC5135B80B078804340C920C2300BCC06F7A1C71B875DC572C9BD1D84BD5FB9363CA6BA7D03E5C40FDFC54FC23C9B4B9DDD028787D89219038523BF64E638BB37CC25335937A00DF
311
D32869C5B390C8C32FF25C8C47A7181B4A599A224A9DADB0E0406FEFF9F183B7448F081E3C55024FB33828784AB61704482CD0160C04174F9E33BA9291D58C2F1F1B1B3B5863B0D9F3E51C35C253D54A23E560E2C0CB3A6F7A81382601C2079CAE96B7B1560D20A341E85A928A4E01083256420576C2ED477E2E565FD9223B
311
CC691CF394D3D8E281501E0EE5C1C8159E92585D255CF30CC854C75318006EA4A01028EC853F9407C6053910BE105348324002260254886C156260F9189EE0F8C9A3CBAE9D5A992184568A69D5183A7DB97DB089FDC57AEE54F858FE54F577DBA85309640290F2D220952620750C5811FB772A7876D1E4040FBFC6474D5124
311
6D8B3FB378283FB514F8AB3C20B8BF7DBE5DE541C9A5D3D38DDB30E00151E02523081BC89C2214103E0BC1B3D0199A08E002681A2613A2616CEDF0F0F9C5DDC75DA395C25C0309C03DEC8091A4AFD3FEB504AAC6633930556DAC86EE3561941E862C4A75DD6B6BB3A0C59BE153DFA73EDFCBC3CE2188D3D378FC976D0EF9A9
311
5B7C8532F527CE3CF539581E0FE501291E9139FFB65EFF5DBD8E0C18DE3077170A64E033FD278F18068028802F156C3809FDEB11B1019C208D020C9BA2870457F0F8E1FDC7EDD393E3B9FC9C4308E9315704233F960E554802C14716B0B45DAB5EAB5E25AB7830EBB8D25E6CA94E4AA01794FB1EE164FE9F040FE82C940A4B
311
CEF913075D087E85A7237D3CF29C47E4E676777779528C4781761F0BFBC1D3A77880E40C9A2E5109180D5255317890394229F0F082010354082D574F1E3FBAB7D6553C2113DACB97BEB5526C7C6F69F9310A94C46CD89FF8F379AD1AA035FD00FF3F320180F01417A6F255A3A8D86319FE0C0B0E06A0DCD33F79841339C01E
311
5BBE1911AFCFF7C1E0A540BFBDBFCF2372352686D863F83F59CB6865F43104007EE06F52406F680341102048A01BB048823082CBCB0B6AC48C313F3E7CFEF8F2D1FDC3D6F6F9F9D9E98D9D7CAE5EADE2A6512FAD7AB526E17F600C85550DDE9ACFE9D97E694513103BC69F8A2813176032C890C1E9C49FC09C61670FF8705B
311
1D7386260E7C8E7122C7F8208A55139E8C8D4763F7EBF5728DF9C34677364E3A3F9AEFDEC9CD95470788834F9FBEC512379890B38C94205B2557987C4186DF5C0837608DF0F9F3CB87B7EF6E920475752A01460E556919B2B64296FB9FB70DD5F47232A0F77465BF140CD001F00ADCA175090E2665A14E6329B62660E02A1C
311
B50C6025E3DA252A670B3F0FFAA5EAD94A509FE7036B159E0D1D9F2E76B7AE1FD5A606198D3A747AF450023CBDFD162278B9446688111009B4029B0F2180AE20A542D40610C073B47FEFE1416B2B12200F3C991C2F54EC2491027A816B0A34A9D05C6F437AC23462385DADD75642EDDA738AF1600DBE07EE8437804D2D011A
311
94DF71C2085EDD40266A407FFA1D1C00B0C03927E60338E3B9D8C47D1F8CAED578E06F7CFAA4BB63B175FA7C301B747CB377F45192003CB8FD34B12009224543D8604494011A80C1903CE0518C986208E1C5FDDB8FDA161686873BBABABAE74FA637BEA894A44078C19696F326E057D7F95D061A6B0394A9D5F2DCAAFE4C23
311
88D8A6E9AB7695CB0BDD0A332430F1A9333DA41D1FFB97FA09AE84E738C75C407C260408F8DBD5EDED7DE1570A7BE333C54F16963B46AB0C2B71208EA3D16EF4EEDCD7005241166C005A73C03164792151205C007288AE337B4D7103741BDE7B7AC913350B348B2D767515674EC6F72A0402BBCB41C81305AFCF05F2758D3E
311
CAC8D26AB97606DB9581A4B7A8FFB068CD5C0604E6849046B70C2B60FF0CDDF93C13822B4E82FA0479A68220E66D9FD775FB3C1A9CDBDB9829B6AF2F77EC9E0678FB20ED8D1B1A1A39D10F9812E20D6281F5673121AACAA9C53424000DAC173F7E18C3052EEE3E78E7F1160F5AAEAFB70E0F7775CFCE4EF384DDEEBEB9C088
311
9D5243BDF557559FEDE5F17AB21E118C4C31A3DF6A96B56AC62180293910ECD6B721047664BCFCC6B2DD3C65CA0F0C823DFEF84083C7ECCDF05898EEF158F4FEF97EB9C123F1B9D1D1A3D9F9AEC5F5CEDA84A3C96C14A55584D62893D6A54D8D2028D05C8B1F124884543F3223B29D208B04910D3FC43F5C52196AEB5B5F5E
311
58E8E82610F08C21BD443801233C0CE8BD1E40F84A1CA86001990048031ABBAB11EF83F9283EA89F181F2A0D9A9F62D94B7F625FD727E6A93F63F200F614F7CF100D4511C07DB45FC5F0CB4CA359ABE4774631FDAE85E599EA0878A3C33D5AD6430CF4C055EE5FDB80629000D7855DED3F436F3B61B3DC7FFACEFD2B1BC6FB
311
0696312CFA477CE87A87070C7998E04FBA78AE3F915A065E819FCF35B410321D9ABB308146A11AD5196CDDD7C477A171C8AFC74B45CBC6F641AB53C8D4ADA5870C02379BC0470CF83DB55F073E29CF5CE5F7A3F8FD62EB7AEB1774C2C6780B9523F9287193FD23DDB79FBEA513B45200E2E0C1B51350163AC19043C600F2C1
311
DBF7DEBA7BB9B5457BC0D840CF325EB0BBABBB786D301437000020004944415472B491ABCCEDAFC0591201CAC8EBFACBF367FE7B6E40E69F551BBBE7123E3C00AC560CE20C62436E8C3C54CC225EE08C0D74CE26148877689EDD004FB2BFBFFFBB984035373A7954EC5EE8591FE531348654514DB1D1C56411DFA2A7C212BE
311
5ED91278F2851A432244C6822C29C85A8B320ADCBDFDD63BF71FD32648E7D098CD018BC35D7FE89E250EF2AC75F96C15271602687965C844B8807C6E7729D93F22E81D39ABD62A0820C1FE9F11CFA7208125D33E96FD69E83AF6052DD32D49FF0802CD9F9DFD39260389A950887A647CCC99BAB17132DFB5DED35138FB3A06
311
0F6295AA5E195BF0BB56495A5A4A8FA440026E46A047D40ED2520A441C302D240F201FB8F7E0EDDB0E12A04D8816215A0579E8FE1B1281E9F19C9900DE79842E2A7CCD48E9876EB01C75DBA0E0C8D44AB5512947A00BE7CF5DE9E1A6A6BE43CF1A78783DFD5A404E4477336C1ED8B18908B2A847B2AFE9839E891137A6673B
311
BB96FBBA2A4B8E9373B001F08369BA11BE8ABC4302FD2345FD6014A127068427D007BE28B41D9B0D40FFB7EE531FA673C8870A69135B1CEEE8D009C08042A5B4EDA314920B635BF941E7487E45256439DFE9D276295F87E698389CD49FB394FE19720412DEDDC40E9CE9C6DD605E0B719FADC416CB15AB3A61F9B5B9B9426E
311
54F81D8B03DD950946D432B40CEDAB7BB5AF11213CBA73C9BCCCDAFBCF06127C7980FE6D1DC9B4DF14832D6568FEAEEBA76FBF438300B541064ED33F3AC0B0D10505306FD370AED02859234402F6C3FED006766DDED2034D90D119057225EEE3DAF787EBF30EC51ACB4F551678BD6728E1944730C095F13E4D81A4DFFBF67C
311
5BEE37E62A85FCCEC6CC6C7BC77A5B477E22223ECA4FCC0F87E2A5E3EB782BDB25B8CFC6736A044DE5A7CDA604526361D650484FE283B77EFBD65D52C1C73C4F48E7D0D81ACF572F2E2280F98FB230508FA906B42DE240ED651B301CEC83DE1790C9FD96B6CBF986BECF3BD332C18EF627A0B6EECD5B152E02088D03D828AF
311
FAD26B05BF671B4F9A09A8CE0CD2707F67F2A4B3BB75B9ADA331C1305BBAC182FB4A79820B7EEAF73199B8404C0B81231CDCBB871B80FC41FF5860E8E108222A1A076C29E6E03B6F3FBD4F1F295DC457573C7ADED636D6B7B8C88413DDF3B327E1046AA51040B40CB50C7E3F1D2E44DAD34CFA604029BFFBE714DF0C069908
311
027EB275F1F366C132E1A7450B04011CF82B2B647CE754F650FF6E25BF37AAF65B7BDA16CAA791F1D09F6CAB989EC5AB7809BE145FA459E8D3E4B0FB47DAEF093B946FED585B80FE1A0305FD5330FEDB4FDF79FBF6BDE81D8300CF6815E5F9896552412A03F31FCDCC7CB5E32365550CD9365FDCCEC8752E943161D7804733
311
6F8AF6539840A1F2E764FDA2970999F205CD2BD1F5CF496571F76EAEFA0E1CF8FD2A55FD06391F9EEF8B9DC9994E72BEBEE1FC928E2F223EBA0FBFBFB4F2DF137BC894B8087643D64ADE6EDED67F7680FAC9060239E845FC94AE93D880F994FBF71FBCF5F66F9F32C292EA900F9C1E6F1105E81C5B5F58A067A44814384200
311
8D7275EA3BBA3D2516FDF02FF79260020D6B3C714711F3CFB61BFF56A826E627E82256F7400FB387FEF23C1C1E77FD6A21EBB1B2B35F2F95E7760BE1FA3ABB3A981423477517EEE36FF96F122B942F6FB64D9502BD1B9089162532A2FEFED255028FE653C9F46FA321E0B588B7DE79FBED07C44106CC85133CA65190543004
311
D01D02D8181DDDA5A9C91A7110805B7875B689FC3902200FB192E7DFD936B37B57D9C338BD49E99E181F4E5FCAB2ABC1CA7AAB382CBC7D515457CFABE6FBC63D525E5CDF74B16378B9AD6774A58531912D232DF01BAA913DFB7D3AAFF912984302B84D0500077800D26C60A4742101DE420C610C2E92FA93056022EFBCFD5B
311
B6B38651470CD33BD87630C05831BA864C85997B8754B05167F0706499DC442FCD22592AEC2ABF3FF13F950039BF159FA9B36ABDB2778EFF83F70972B83BFD3F4899E64DD8346AA495CB155A7499F2CE39B0AAE755125EB84FD8CF8D8E4F4E9FB4B72E8F1DBCCB98B31BC4607C2CFF21C8145FB48EA0F2159F86A309841560
311
9554DEFA7B27EF1301033DD06D274BAF6821D220DEF96FA4CBB60B3CA241C021D38E1AA76B4406B4767576166766A6C7F77273F5F395291BBA19F64F2E3095C14F3E60371827741CB27E89543857D6D96BF9A47C6A9A26057840332EB843717AAD171880217B71FCCC0355AED3D4819911F79D0EA8AD6DA31A83E36C5DC2D4
311
70295C011302387069158F6C9966022367ECF1D00BA9BB95C389AE7B6105A1FB640689033A7FCCFFEDB762189103A61C3A4FEFE0D6A6B5A19EC5755A443AE78BC5E9235B047890A65919A0D2F96AA3C01CEE913BB3ED239C3E0CD8DDAB99E4348BF3F8B977B6C43DEBEFBD7721A839A63B94C06A10DB87FCBFA3C2932F8C26
311
F88B6D6BB30C3C4E09AFE40FAB52EFAA1EC0316920E031A46D65A0FFE45A673432E907FBCF86717AC04F2CD0EF512D665FF53F05BFCDC43489F150890C60A8E0314E70A06F619D30D841189CA15D3417F3CD50191AE4396543F0C42BCFD696C58DF163F5B46D708BD5FDDA5E5E5FDF9401BC4F7E00E8A17520833D1CBFF495
311
B5D1CE037C664123EEE74737268B5D1D3DBFDA6AAD8C08DF2C0BC7A737E10AAB2A7B958990CEBF556CDBEE823CB09FB344143463C630CFFF585D330CF0320E921744A7918280FEEF981161008E9FBC78C830217A07B7D6985E83F9A79884ABB5AB383B4D7D788F9FB3D867A2112A43F19042B33A108690CF6F472F8661CFAC
311
971478757F6E6F2F7AEB82FEA85E5715941778B278281F28C268AB24BDB470EF3303E09C359E9DF1CF990D8A096106E6A66C8620DDE7D281DF0B2831F20439A30D68386CE13E002F7EDA8D7806162B205D6A19AA1FABFD6B1B400EC2BFFDD66FDF7E8755B4883C043F43046C1326136680404F1F934EBDDFDD39CB58A98DF1
311
BD7880E0532E671FA1435E9D6EA5E9071000BE8F262E7C4044FD95D5FD526EB40A05A634775F32205C3D779FDC168CD5E56BF982508BF572BDA4F6F57D3304BE9EB18149461B12F760D7485891CA47CFC44909136FBF4931716A2E100123FC6CCAA6A644F25EDF4AC980B14039009BECE8B798BF69A05DC5B6885CD23F8E13
311
A46FF0C0A986D617F001C52241801E87C2974C31411DA3A5D7B6175472763D637D3E57C33B908F867F4A59CFCA7923375E5F027A983E18BD7BD4E6FDDBB2250C1529F4202EFAAF979DFFB1F2612E87EBEFEC58581EDB9AA95AD1D7C1905F7305BF8182D5BBB524D47C4E3B81CD843220DE1E6536497C0962C225F75A2D6A99
311
8303B23FC501F0B3F736EE1FF01200FC8C99F5515207C9C40081DF304C0A17D06E26CCBC5B3C47459308178301FA8057C2C0AE9D99B05F038828B08400F2E3251254DD7EB8BC4853B101F99AB48E387457C96951E5DB670648BAB70A7B04FE93EEC5F5B183F9739C98952C6845C380D401B8FC86E70A20744EC720E09D3595
311
5D96A9041720196D183AC2CFE6AEA816652D0234883D788BEC8F5DF2615261DB031C2381092401B48D8D2D870FECEA9C3D99DDB036C8A051058030E32190976718C89F031DFBFF2EEA3D88606A8A19BD0AE305BDFD12BA4FF46F1A0002B07137989C748936E9DB2C91F43B07E4E4D16C3779CF5A4FFE8CC981F07C29E34B7C
311
012AF0054FAEA4A6A3D49D3A16D2B3CF220A029003366663053C89B3FB1827080DEC2780076FBFFD8E39810CB0593CC68B5D9009F2D400418028B0BC6CC74067E7C9CC0C2690FBB084AA5254A12AF63543B35EB40D17B693F7E3464D5094C00AA9E04E0E0524F5C35C5EC6BA94B21AAF2440725E2A9FF94FE7A8F0E769EB83
311
FDEB039B631B18BF396F5C13CF89ACC02C387DA56DC3B1CD84B96CFAAA37B55FE723B611062258257D331F186AC93D8AD600B4FEF4AD777E4BF68F2168FF08C081A37AC13446C859964803961928476D78F68419390D830C1935B5C2A0A22A3AB17D3D6428BF12DC373B8D464E04C0A496BB3B3B75639DCC2500E0F0B15FB6
311
F47B5A7ED0183A87CAE8D535F2EDBD4B3B7FC762DFE65A07C30B2851DB890082ADC07131EEEFA3DB7DD5CD32C0860CA83CD4B7993A175F422A8149B1C1D94C1145059D9C78A8A572A90B7C8B1E3392FF77A80C50220880FF3669004E90F101740D2B808181455A044904674E7482CC3EC85C4BCE339404C0B0BF6A5611E4F9
311
B8157BAB6DE327EC9BFBA1B4557ECB609C1F45326499EFB90EE78F18227F09E563C9E63D847EDB3B68EB9C39E95AC4F7ADCF7D87F6752BB6912040281E4A0D8A8314E80D60470999B8A51FB1488A66A9F3F81FFA61C83F4FA6969E472288FADFD61B005E0EA4284822E018911828E868614DA0C36E11F3A051070BF2F0840E
311
35F200E2C0C80A776CC9E7E6841C0503D0EDF15ED9AFE527E798D23BEE5F0604E58DFB7099D739BF0BA5D332EF29F1535995BDBD0DE681C4F71DFE6A7AC5A13554AE6910963E9ABC9A0DB5B202225545F5CFACC942B5B93C207352B6E5310BF349AF200175D7DFDF78F6D683B7C87E087FA9B35812C4F8F13452CED610A220
311
7541E6D659A739441F3833CD0C9C3C3DC2B0712F62333C4FA9327C9CA1124904B4FDE0FE21C119776CB0C212AAFBA5CAF80EB43772ADFE77CD9FA8A4144C54C2FB2304C65F62FC3678E4F6C68F30FEE1BE8383CE7DB86F58B1AE0C51F0F055E188D02F00911DDB0991832228B3172B3E623E513FF1734FF414A611A603163F
311
401BEA790FC9FF7FC3FD3DB02DC00184145B850D01D120424DC03C00FCEB7880EEEE939399F1F18DBD4AA54C939899304D913CC2D5CFBC55E50C7FBE4C0E14AEEF53D6843DFF56BE2D554637EA047D3C210E2C61077875FB5B40E19F43AB7470CAFE1C0D3ED3B3B4778D1DF6D4F837C08747180FE8394F2CA1E0A46B6DA62C
311
E2B2DABEDE0B1924098580FC16B369730E9E90541D3730D47FDE16EE1FFAD3419CDA05ED1F2715C607F2E81893AFC5936303F40EB776F1D808BDE393A3FA401E1C706E154C892860AD74A2949C409E28A8FB3349C764D13E4D1D3468952B7B1B35001BF41142CAD58D6011C8B78961EACAB66E9AFBC627673B61FFDA416795
311
0A274145BF11EA17BA9AA60815C2C43AE1F648E3772E53C94E6364AF826019E723069A8AA353A3BF7FB5359281700061FF64C28C10B9AF0B70B0B0D30A31CD1CFD22F68C76DA1E44558869257892363C091D313EFA46B57C3BEB252E9C6BF5B4799EC58F1910F469E25AA17B343799DB3E33CF410061F96C6D63FA91B1000C
311
EBB7D2971BDD39A2A76361E000F5DBC1688D47CB812DD60F8001AF25B328D173A9E4BAC18CE9F1F628704330741B2649B92E9714447C68559C6CD2F681919367E4811100750058809D0230C087A89FF3C80C23C4C60882E481F48D531764BABD5CCECA308DE2F63D3BB50373D630796126803C2D1FBAC148F7592881B395ED
311
7D26B7DD38D7096AF98841CB37592561D9C6565317AFBE9FC4AF7371E060736C7635E0CBA1809FC80F544DBAA1F2F9393D970D44C0615A0C6930E758B9E63AE690F73045F0C8C0731DE9CD80F718E94652383458799E02C06D328010011C7090D8C5E5336A83D4059953877EA1E1D66FBE994F04608C4C991917230FB61F9A
311
EE183A40AB9108D032449FD1A7283DD25ED15360EF7EA9303EDDC0043403531EDEAB10DFF87F5E2FD56DF0F1B701A9F614DB17FA0E0EDF6FD0B1622A81FA3D1DE5A33F551930335C353A87F9AB05C60455193448246944A232C5D07636D864CDD7A50D0B4440CDCC465D1C418321F50E1648D500294065D869559EF3C40C8F
311
CC6C323E989AD0F0C73142480B200842802C061008B480A9954AF282052B3AF67350FD0DD30D1F4075AC303A5D490250F5400ACF479656861E4C77AFF327F3EBECA4B57B6B6C8FF62602BF150744656A87DABD7BC6BED50527B2120C001A0B3718C74F0C65CD34F275164D7968148DDF259AB8AD6CA81CDA4E8819509B996A
311
7F642D987A401A2B04018C01E6C169A8700F9DE3B489DB2BC49C9B7B858A4F50D22AE15428FCA4A1EDB20C83492690CFE361CC7F8C8066FFD0D77AEE797977F468A36E0B0DFC87F90EE6348BC748F7CB73B5B9DD5C6EE7AB19ADBF6DF359F1DC2A0F9E44F213F8041F64274C0859A2AB7C37440FEDDD2F95BE44065F22067E
311
3EA0CC3BD8C0D8194EAB291CCEE20B9CD8E02950AD806080047A279F19024C837C848816719AC4A34DF8F0706CED904E8185753A458A27E4C1E37B5F30A104932BE140E0BF4E400160F320B054A8705042FFC47B4940810173F9C9E97240C7FCC3F3813EA239B745DE9F1B1F3FC2F9330374DBD1A7B475923F9A2ED81716D1
311
8D1B577DAAB9D1A0458655AD3CA7E211867AE7C702DCACCD291E0F798013DC01BC326087775C0833E04EA3778FBCB8DA4687A0255CA0AD210C15661E4E92001A4449031D1DD27D327334BE830B64DAD90CBF537A45FBD4E94A7A88888E715B7E74FCD040E818BDC1BF5AC609CCCC015DED23877080FCDC47BD8EF3A7B783A1
311
7D33F3ADEB6D6BC7AD75EA7C7852C5B6FDADA6AFEFC2D181C03F8C40DD8A4AB5024F0B72E34B57BC1182472DC80946789AFB711DB7F1193C03C893B0345F420246114D3EA71D04FBA731C0DAB0D3CD311B218F0D5A15ECC105D02F3AC32F13600084731A83220040019B03180634B5923D438300B05BAC80881F061095FED5
311
D572A3323ABD83F1D37A2301A8C930AB3F66ADF7CBEFED30BAAD7D78A06DEB6A87F15491F5AB7E25842B6B34BEFC12C8A159F187C64B3CBD2356DE5FBAB98BBE9583F0E3280C0076DA15BF34C15238145742B07080B1EFB83382F9FEF2239D003541041083C5AF9EF3C8944DC2030BC3ADEDDD9D27475800693049E05413BF
311
B3FEB4308731512F13400D06F813368A0101D8D863EB3E75FCCADED124F532AD3F123F131AB46A93DF1ECE7F96CE9EB6C365C6D6A07EEC461FC919FE288AF7AE1A7D012D291EB073735FF26BBB1C99FB706E972192819B7A34BF22424BEA1CC7958AC2E04BFC8E02DB90A4A1DD04811ACDBC181037864672C78F6C0EC3073A
311
40CC49D5E813593B7002763BC6A909D31AC86F3F6E335C9E1C309BC58F16418642E2AF6B290A34FEDC0CFEE08FCA0F56700699CB73B9C99302AA17BD516D7F1FD755A2B32B3FBE7134D3BEC813195BD355020A7DBB541539CD2C06E45F46FC0EE08293E6C0E1972176D9B678340AA1A4823404EF79B1E2347E47C35D0A2260
311
730E0B513025DC0BD1C07E3366E9B9D17F767405FB531070700035618606F0B40C73C974CFD321B0C174A80C0F3AA54945FFEF348F5488895713E89B5C98DA501E06D8D24FF04FF0CD7ECD7BAA755A854EC6A180AD13BE094E8D5D63BFD6DFA5F5D3E4DB1BA18FD8473DC6E17FFC9832B71A2A94D96E808BB53F9192955D62
311
C82E282B05168AA0927D54AB20A20A74800B7CC9655C8B15F62377CA4C91641F9F4D0478F4FEFDCE273A002CC0A725EC165CE3A149F0333E8E9600B2C05A7D15FD831F0938DBE5D0FF13E3C0F0765965A0961C3FA86DEEB0E28304747BFBA5FCDEE44C23544F7BB7BF7A132DDE34F99E44EC3FEEAE92F667A10F7E90B0E8C6
311
442DF5A5318B0F816311DB2E6DC6F172C363FC800EE09186BB9EC82A24C0117700CD884AA42023B81EA6E0CF8B3056411110D78606EBC5AD5417B45BCC8E61EA01C4006AC233933E35D860BC1B6CB9C9CCCE7840D2E0C1C1FFC11CCE54D59300F2B47D66A10F09D8E24B71B9BDDF98FB62A3B897C53EC88D16D1FFE8C649B1
311
7BB8E760EB20B784F52F992544753F2CBF642CD3C9C70D8722C197142C567E74FB431EE248A8F3FC00377F5142144A82FFC28AC2970A780C85A7EE9146FA4B2981F3C93BCB0F3FBCB6DD3DE69C72B6073B99140DE28B8E919D9D9E7C2F5FA99FC1FFD07E9AC0965CDAEA0A945FADE52C791EA989E8E7A21A355FB37E44405D
311
171B98A6E946DB26AE71DBD01FEF07FD378F5B4B518724481820890E7486E3FCE61A60E096D577701890EE07CA5D7F2B086040749FCEF3F81972E510A86359C9BB579883035887542090614E5C4461705D7CA1CF84DB564838606CF1597E8119790D021080C935A908324EDE9F60A04B7830A33F0670CB08605B8D01BF9A3D
311
435693FAB4FD84EF6754930640C1F9D74B052A7ABBA9F502B39DA3BF6BC7514EA4BEC71D752BFDC198EDA8DFE8F32B3EF811E4576B0A2074B99B070A069F60173E7427BDF285024E35A4418B7A412914F2800F1965C4F1120A2D5D2C64400563D5942044807BE7C738EBF3034C4A6F4D70C04ED1F97673C039FABC4CFF1886
311
6E08200BB66BDC9CCDCC3FFD1E43BEFC52C317F0F5E64900FBFCDA4DEE68768FFF46350E0EDADB7B34DBBEDE3776BC55599AF84E312229F931E700D04478D66A0D88D09B2276141AF0F8811C5F8067DC04C0F90929F7F1AC9CCD368488AFB965C97B855A3E2E93AE5B4866502E55991B82D4388614F2C36B8484A5FA06E3EF
311
FA984A6AF17D5C2073299D9F12FD63826F67FC460E54030981684E9FBFC22009A3006962285FDF4FC84B699FB5BEF3736C6072F6844C15EDF25883037DE6BB7AFAD6AE164B367812FA8CFCA6FA25725D99AEC5C6EDEEC64ADDA2BE0056002032E1D7A20A54CF444E360D520A5B69816C0A953CE0434A8A898BF18E2B704588
311
C01BDB2133342F5404FEE698957C200EF54E31BE6DF4E888C9C67F5F3F1B41F922777E7FA6332677C20098C59F762F5DFE4A23F9801A3BB6F8A4F66E0D40EC867E92DEFCE84C714FC7CE8DD3DD3BDBF9C781B1C3B549FAD2C89D711808CAB100E09700BB85240374A7209212F320CA577222A7020E7824500179FC7096C714
311
884BDFD9499E027ABEB3CB0226CD293CAE6E0C41A6788F396606A073E28CBE5CC67D584D36CA39D37974FE1023253E3FFB007A26F657FFC901D851130DDC2BF54884F20D5D40A0B7E5C7BCC7CC87B84F2ED820192CCE1AABA1FF24ADBE1D03635B5B3B53D4A5F84120125FADC36A0E792D3AD7E255792CD5241A4C84171F11
311
04090017DA493D0A7790A7BDE6DF326180398E4B0DEADA5C2763825E43E05C388E184678C88CE6422606C017F030366981353DF03A753DBF6370879F79889DD0BF75408724DB53C5B0063AB6568D02DC47AE4627B58D7E367A6000267E7840C23A0940B992DB98ED1C4731B4FB4DCFB6D3EAFB6CAC7646F0335C5031888CD7
311
4E2103380260AD47176D703960230370FBBF28813524C17FFFBD6288BB28E4F905ADB4A788B40B4A6201C1878BED224DE9906C4C79EF32EE679B9F5D3B5DFA137327320643909A823F62106CB8F9BFE4BFEAFF0FC7A6393EC7F64A698EFF8ACE31BA05ECE6DAB6DF124118D1D13F892F3D3530602E3F3ED3D59DFB821ECFA3
311
D9AE85B1ADAB9E328DE738BF55D5DFD039445AE76D0194180F57B15BEE5F09C07F952F9A10372BC894CF7DA12CF6507E2A8916E0DF430C519485C55D61EFE209912D8C32866214E121611E22A0B1238DB18E86636A3BFAFD5B4EE02FF1E505F902BDF424D0516907BFC95EF3A76B6B3872769D67E25B548F0DA46E2B93DFDF
311
D5F2B9E9EEE1EE1DCC7FBE6380DFBF38A165CAC73DF912AD76A4690D2B766A3EB4AFA2D05BE543EA20B095FB17AE3F1928D84482049B659E671A4763CFA567C08824913D37F2F92F841FC244085C1681225C04AD6DE1684831682CE0D6096B56101C0D4FB3A1BD3F11FC1105AECF5660BD3FEEDF162B0D9DEC6DB55AF27FC9
311
8050BDDEDFF63ED14B01336053A19DE9AEF5F5D9E9D9F9E19ECDADCD497BCC57681922F327EB41FF681E17C1921B04FBAE371AC69E53F98183E91B84897A5DB164158BD1D12FF6F6BEF0E02847727BF2628F9FD48B6FB11DF6928C868B29590A0606F92140D0C08850DAA7DD8A5FE8A50389F61288AEB743E9C801BB67DBE0
311
A7F64F63BC87770FDF57AA73FE1F5A84F8DD3AADDFC32087FBC0A7D645C327B97D65E7A8BBA76DFD9BCEE1B1CDE3F5F7CE4E6DF4013ECD7CB60BD1239E8A4E9A5722AD9C4FAC8F7FF17B214AF8801950430639A08E3ABD05A0D94E253BD5951C885B0CE750309070555FF21F2EF83FF53F4E15038B8D8A244740A5C9CBC120
311
043DA0B323FB1DA0A4EDA268C05A304619505000BE10415DE898809DB6B66896E60AE347ED3D6DC707CB7D5B5BC374A158EDC343D0EA61C217D4878CBBDC1D85686782C3CF4272E7DCFB5E9EF628F5A95AC1AC0C6848F5771329EF8DF2BB79EFEDEC8DBEC72EB7F245287FD4B31008AB38EA4D52F2BF57167159E3004CD895
311
0E217DDD6F699FC763E9D1A0AECC701F7BD4430A3E030374066938F883C01DE40E7DAFD609345E33570F4CE6BE467FBD7F793B5AF2A9D331D86DBA7BF98067918F9FCDD609A0384B523F4413B574B818C6889FAEFC5E7B8F90CEFD62BC2C85B2478D54DD076635BE434FCADE68B3ECF1C8708E27863DBEC352D87BCC7A92A8
311
E135700CDE65BC114026DE5DB68275E656D2C0D4087293D43BB4C9C14EA83C0D806783B40DD7CD4F19EE9F33801F55A3F1FD600017A6CD5DE607783D5F74E34680E7DAB98D99F6E5B5ABC7F7DF19D8278322F6A97FDB2FADE1539BD945DDF868EE2B8B70D9EDAA45D1BB0A5801198CF1DA891540474745BF0317F8A3703E02
311
510AE94B084221F887FE950272D62D4232781054A87C58D015CD45EBF9B70E60820A2056E9D4D619E8494BBFA68B61EBDD8CF52CCBA124BACD4A4077E8420A7F36FCDAF661E577B792A7E1B7E337C7CF1FDEBB3B49F501F3C7366C1730E793F51FA20A9C3D2E9F18E63DC277449054CEADA36DA0807467D45F8A744E1BDED7
311
25A033868703F1392BBE221158220588F30574A0B0893D0515B0B7C404AD0E7F40C11D504C49BD7DA39A85A19CD7357DFC966E5D92272FF06D59CA5A6A1C8AE30E52F1247C1F1D78F81887F9F3E387075B170F9F5EEE4A7F5BFC69DF02FD8795FCFFAB472E7C88D563DA514861B85BD41594A75F5E866BE69471110A9F75C8
311
609C7E6BF6C7C727431EE3E9E3773D2378C25226E82C08104A57ED273FE0921D6990E02B006BD038263BA360355E8DC446A380F0BA35FA9945A80CF60DFD54054202F91897C241C147D59F8E0FC67CD0F2BF377A3463F8BBBABCFBD6833C57E214AC3F5AE9C2FDE88852968F20337972C7E04EE5658223008AE82D93BC37D8
311
DDD900BD6B16EF221F0D4149045D740A8A215D4FC186C658E01994B8CCD317465828704BB630DA2243B3B4ADD3EA554A97408454148C04A1A0CAAC2E04033C04073851F54380E0BF2DFFA43FAD3D6B574F2E1E5EF6E5F4FEFBD1CA87C161FCBCF5C7AAE2F726F814027BAE10F79BC3D765D61D1803952210A9AA07F8C6BB21
311
05B61145B324F96014EF223D4A9261080239F03FF6F4DD4975C183B887E081F7A467A25EAA0C94028FEB808637768B07400A8235D4EF33143253198900E079E3FACB0C59B00F827A5785A6FFE2FCF0C0E6F1714F11CDE5140D931D707950631F3DE877F300002000494441540ADFB08704E252AADE1BD4E8DF55796A32B9B6
311
F17737C67702E5C638682737286CB0E0A89B624D5BF28222432848C9AB8C07170C97B814FF492A61072407D638006F7C8400860444C01B1930A522788045633DFA9507267A3A42BA05925BAD705CDD3792FA23C1075C6EE768A673919EB6C3FCFE7629B7310AA794CC9C0D14A1FB88F95C845BF22543F57996E0B26C9E4C2A
311
DF187F979F8A55F11B47BC26594C52588518D25E6C2B1CCED231EA1B748F093E5726A21A54C91EF95789041030C20FD5AD68613432E19A4D0DA2505B6BD843516E10BB00AF9AC315EE9FDB39CC1F9EA59CD88F9CD071D470C86C4647FDEDDBB1CDAB81DA94034747A779F4CED497CFF817348F69F52E55490840E48840BA72
311
DB71F3E84F6DA2F4717AA928F153DA6E4C7E8E00363CEC9A2E1C8E65F298FC4A52F087FCDEE5CBA38A80CBE11FF7BC2AFF249203FFAB77A128A001B1987BD334AD9B901890A8C2005B6B248196AD09C0025ED841325B31845032E327C531C839E66DBAB39566B631C2FF0A1DA5A3CC47E665AD8751B47CFE33899DF047C9F3
311
C365E3B11278D49DF939298E09002F6430F9958803309827A7C791048CA070061B7E9A64C557D235F83EE24822E5EAB805F9862F20FC58F483DC0EF02181F572930205107E00E523861895A2811309808F2B6C14B2AA579E893753C155D2F54302007E9FF36AC5FEDBCAD47E182D91A73920CFA5C18E01F8FFF4C3F1FF553B
311
CAD0E58DEF85DD63B91BE38ECE1A9FFC4AD4A1FBA30D462C328C5A0340DFD393D3D3D3C0659195C96990F391EFF4175213BC74C020922D4830FE215E76940962BC0713A3B82784C0CB6623DC40D6E1485BAD454F6892200B225096127FBD82D2B12006BAE2E329C771E25FEBC0DAB3B5395289D56D7A8A89081B34EE06F80F
311
819EFE75C67DEEE95D227E283FE98A7B9F1C97D2D05B4D07A469153C3DA3048EA68FA667A6D90E291C7D7E2D063E4D044964D055F2DBF3E31BB851AE9F78A0A7314F0AD24901F581D74A6929142039C65AF5830D1C809536CDC05E4BA51038F79D713DA930CF18BA3010E385351CF47F74D439BCBC793556A1F99814926AF1
311
2835E251C59BEA3C083EC2B2760FEBDF4304C9EB87B35769E1EB24B648542CFA4EBA9EF93CD42F03C08F249A2C98897D8E2225E90077823F4A52171A61219998CED6FA050992B6B0A74A2220ED12123004FB977084208F8E2AFC80F456CB110BCA647A3A0F854085D84FE0052BE31FFE7F925610BAFEC06FC33F9931BF063F
311
39DB3D1BB20EE357F594045F4226131578582CB055A59A073AE0413989D215019B6EB8A21CF154D71164E0D8F4E730C2CD382D098DA5261456A425643686BC8301710F2C50665881399156AA2B4C3191BC555728384800CE10040F746A3D8A80A5F0E500A93456FEC52833BBB45203DACCA37FE1D3EE4B9BF0EC27ED47D89B
311
8266F11EA2DB8B5A8BB93EAEDF0C06B7AD0402B9EAC6E787365535AF19F15158308A9D9785C1BC1C01377F8C6B4D07B50DAD25649764A91DC9812C7B34CA98184084F7C01055466B48058CD44085AF26648520C85C41C67805462D8425680425559F4440F3ABBE1F3F81B1EC72708767DDC8FFB6465796C8FE310FEABE0C9B
311
242A74137EC3E0427091967023299BE5D6D4D0C6D15747DC2AEA4ECC57C72856E827D33CBD319D70FF854369EB841282F84B7CA4881447ACFCB257E252E00FBB3272120A75B99119840858486615636E0E0334031AAA8C08A62E080053A0AAA4158431EC727A084021D41CF5D630C94184F6FE7432E8F5F9A4FCDF3EA7CF13
311
6FC2988093F98ED622E38E4976E1BF0CF49D2889E6DF3566719FE1F9B47A2D3BF89C69155DCF24F88C609EE551160F0415900B4C48FB013D8900A9192A700748002924771A3686A0A580FE4009E00ACC090253E280B90AC15048E047020483A038A60ED232831F2CC90498648690D960C48E439F18F4DDBEB0B6F5AC7B7B89
311
F6230243B4FA160A7B9327F3AD5D937C8BFFE5FF8B3A5E64283BEF8EAB9F71159514CFED62DBC880614AA1F7994CCFAE7D8C87057F451733699B8DF87056E1F0654B5021E38097E4E23221B810DE20559AD183A61C2C88A648DB096081E9801CA00BC1DA0124E08DAAC15FD2936905CA8DA1C40E42B13F1764E0C4015EAD7F
311
8BFEC99A310B1B7C0BCC7746D3C0702759C89EAD57122092122D1F857067684A578F1DAB7EAC400841F493A468113282FFE42316CC74C756B1C880FE78795C692813CF4644480EE9B02991BCA257A71861F00666D9410288487618D120D0E80D7773E2B7DD180E100EC98B221C94BFC4FF531A09B986230F1CD08378A8E4D0
311
FDD7D9B1BC75F5C12EAD7FF83F3ED19EB018620303C217A6A35D826E72ABF2D8E2BB1B783F6E48D2E3F360806E1D192085D022103473A10375B63853EC54F500B5B064DBC20945B88160DCF7E4F83A0200BF6FAEAC88E9F54D22D898E43F378D20B51B5D6B1457000922202800DD401A9266483029C0D6D57ED80D42A0E6E0
311
8835F0F3AC73D7FAE6D56185F04FC44472B854EB7D9CBF7134DF3DDC35A9F6B38417DD6F508B37C1A718B0D054124176F7222F62DFB327F34D451799D56216880193254FF782D7DDE26C271BF38C6E422E271CE4AB8823C9510F021126A7A944E00DB4031D013C88EA0746C96D4574069BD5439C4110403B40020C30B07A60
311
4F1E41D19C21A93FD9002DFC35F23B1E7B98E95E38387E3603FE7393680410D702FF9ED5A3C5E5CE68B5827D721FA78F3A9A0C08A79722D9C9B418F46C0057BB1640C70AA4A03D29CECF33987596D53CFB27B32C3BE304C540E14BF8464E080918268D254838C91A01F0FFB99154FD8A9C0495EAA6534A6C464440B4A71E16
311
100E7405088122A35F7A511DC003D002E6C8E7E15F6D1D2FD09014139EC11FDC89394621F77B9F88EB5A583C41E2FEDBC8F82334494C0BFA97FF3C3A34ADE60385B60E5A30CF036E5E75370BE3B83AE73B3B7DC0BB337DA0045299ED0C66681E4AE223D01B1BC3BD4C921E2005FEB5114739040758189BA8A320067B62A399
311
5E4720055065AC2B4A8006BF8CFCC907C0063EACE41813C5F017065AD46CFDC6FF1BFEE052932CA3478C8E5A6F25DC8503D40F61FC1B047E4DFFE8E84407C81F1AC7B5C79DA358551CD0D13785A9AEB38D6EB68A0A8087FC6543E7471082873CDCE5CBEA1EFC5CC0579469E225428E9A43D6A6000B4219DE52E8DF00A55F4B
311
F5035960661C2DB88AC1F67C2890A93FC420193C8326409E7B595FBBBA9AE1D1511B3F6D65B09AC10A71C2317201A603E88C56CC68C91279E83F5C147787EFE6C675F00941D23EF092920330982DF38C65EDFCA89DA98E8ADDECCD77CB86D85118F3DD9884820B1128010D02F1060F582871CC8FF42024C02239273A1CC3BF
311
71E770DFB7E96081682803188118B50310BD620234F230B12711B063E0F0490FCDA9248B580D3D3DE944A30CFCF2A1E0F6E59E8FBEA289CCCC943785BB8880ADA9C2FD70F6A13F5418444E3A669273C006C4B4EEEC067827539FFBEA9CFF04D84E7F170480037005AAC8829084329899F90B5E013927F8E646514B4824B01D
311
11F72C012CEACD163B6358A4454A4221D06E68A71062520649BF9E9127D0772D6E5EADED52FF216BC2FC513C7D3C5CC4C8AF009811826AE20203B076A2AA66D8D32E317DEE0EFC000FCE16D9E0BEB17C74AB009256C5D8AD1CBABBDA61402612C675FBD72D07E633B1A42F2421208CE01397560811204306617A5141706105
311
C9F4984C459F2D0F6C392FA05BED808512B0B9A8A9FC6CED89640EA347D31F0DF76D3D9E61E800FE9F7601BE4C9614A1C58E6C839F13A12D0EB426DE6386B82369A9E6A7F1F9146EB578A2EF4289AA109B4F6CEFEC0463E0072A05CC9DEDEDFE08407B173B8AA65399C80B2911252E6290C82CC1B8909140C11B7AE161B42B
311
93905045D017E00CED6D27AAA15F2C2179F1E83D411A7020B9408D202381E7E5DEE5A9E7E5CDE3B186433F488AC81554BEC09BC579018ADD1DCB3D9D70F02B14BF9159A4DA376225FE43DA224FED327941705DA582B2FD1BB5DC0540667B650BECDD1D5DDFB0C7F36DEE2B94F6EE2EE4E426F20A1174C31DF153321A24114C
311
4FFF25E505475F6906D4149B21F1BD9D9DF7B059F8E0FD83323CB97991FE80EE131A9003B81C491B218B1D42C0C0D593D9D548003839DC29A740298B0C23F0CE14BB167BD61989AEF0B985C8FAC8F923A73F31953989F0F6C96CA6C4D0A9A88184BEDBBBDA3BBADE77CD8E2FFEDEEF46184A86671D7DDC51417477BE9F0480
311
4F305AC82C2D018A21EA903866A0F959FBD4139916D036635EE03DDB7408BCF0627A03027AD314C09B0A27F0A79490D53839D0DAF1416995CAB24101FA63F75029D57A4CBBA9FB4D120ADB17FB5A999FC9420DFE04FA670430B90FE7F589F7FE8D50A4B5F004CE5F07EB4EA007F8AEAE8E8EF7DB3BE2F81F42166C7246FA9E
311
62D02C8209BA1024414C483498B50229FD923F2414040B2081390AAC353B5283EADA12A30B1080866D746B9ABF5BC107F33C2A015B275480759334B83AB02175EFD0DEC785DFC505E0064F4EBA5A97073A74C5C9FEC97BD25D819E28AEE661FD2732B8BBFB1BF13441B3C1F45E8AC1752BBF80C113DE960E0AC7D9D02C58C8
311
0505A19BA0E84B14402601A590A4AE00A825E98C3212342302EE10FC5100681F86834A2804BC409D70270A2091DCE874B16BE0706C974EB3D26EFEDFFCA6C4579AA4DB781708469F055532A7046C6BEB0CF39F3ED2EC4FBCA3D00EA91CA68FD2B87B5C191E0EB2C300F00A1C9881F263571C6CFD83D079D09F176FAD839340
311
CF030F70458F81F09AEE1329505150CA0A00576B56C06D58070B23086F685E44232D9D53DE3FC3731044F286D19F459351863F749F1104198D6E14BBC68E17CAE70D7AFD958E350BEBBC70C9C4DFBA075240DA27D40AD7DB063A097DD3F041EDB3E4B682A7A12A548F3393DB01945547175879989302521EEB1431B08759B6
311
32B174E0F700E774FCA1BB83F95029ED1A084288C8893520E49415E00DA080AE8027C34206D35491D050A4C6B080F6A20889A2FF82379AB6234F6710C05F9080ADF002B9C9F9C583AB220F45D618D7E7F7547FB27CED8A8B7A7D24EDA4988B0C1C2A1AFB53FDC61BF3DE50D63C560F0120B0372F0839DDDAF13E583B868717
311
C1CB8CC71D1D7F440CC82184803144196EFD58BBE00B7EE77DE8C015942357FB06FC906A5E2B8882CCF9FFE184B0035A5CF186A962A63F84B3AAEE3D5A2C830008807568B6A9F424086D2095A3E262DBF124350082C4B5DF4704A9D2C93553DE47BD6766B69349610716999FA25854F759CA9792599D3837ACF6247CE8597B
311
0F960FA3EC45B61715050260C5844FCCFEC9666BC71F875B17E3BCB4CB151405D7D08F846B4CB952248B4603CC402B609E90F0044A007FA800EC46D07A51232B00E5683C55D5096E1374DA4FCBBDE2C25A5B8D26008227CA7758033D7D70DF12CAF7F247939F93F1CC63047D63ADA0B7CC8771B234D8095FCDB577B586D183
311
4062035670E204B245EC093FCBE15626C10D210CB38A13F50E10A0D5C0814B0C4B30AA9858516001669002229618F100767AA3D6D2528595FE7A398C2D2300ED0013A0AE60B91644A057327BD3C36BEBF48C91279B45F8BD145494674AFB211A91977CB838DF35DCB3D6D6AA2FB2784B591ED785DFD7DB77747DAC9D2F7674
311
810EFC2895F9ED8007EC7885101679C06F21E4B1C8A6120956F80518D1DAF1717BEBFB5803E20C6F2A11B2E48AFF4AD2810A70054623E341B3D1ACD92DA91150DE631EEB2C28882D092049C0DD38E262A7BD6F98549930C9D44B7C37028AEA9F8C5628A2BEF5704C0DCB2B428181B1BE766F43014498D2E57791E4C8DA6BD2
311
ABF5003F0C40202E2E32EDFB02852D16C30B7F646B98FDF86C7891690043128B0A0DE6B4EA27F08C30CA34C9D0AA0852A5997F8D11A6EE84E040B20472020256F4AFEBBB74E6705A12083B249089218E6452C8E5A69717E904A3F5EF3D5D08EC1F4D4E85086B238CFFC11AB9AE972CB775616C6D1DE04DDF073B4DE3747C41
311
FBAE6072901CAD0237100670C5A00C2C3CE063610ED824826C1F6650700E88C00B62468903A0D71D3A390255AD7040048348C56C4647413C2C2561216E0C469203EF06A5B101AD40D0E207F78B124747DB5B4BBB4E88B1C373C114E0470B345156EDDBCE1B4DBDF81DBC400746B0B54E05F693707B89A5E430982C2AC7D10D
311
FF11D5B102B9505034B35D07E8E5F585757F088B390F2D4C85CF7218E8418BB4F25B885053D07D5A908326809F31D6CC6B77CC948413B28664484439D118DBAC27DB5AC40C1AD166F25E6A2F0AE82100C0BF220405323E1FF80DFC518CACA8DE1003F3C9FAE9C7B2D60703A0004F8EAEAD2DE0F5485452D15B77B4B67F4C24
311
03B8D8F9C533558ADE058A9E177A1698F75DC0EB4C800F74C0270178C8579C1FACD025F0560844502D2BBC01E620030CB93636C1041636A693949CD80139FD15BE107F905590A292840F8860706D07E2970A2F15E5B13B87C3143CB2930374CC46A6F9B9D7A5CCCC14E11B9E879A49FBE27ADBD6DA82410FBB94FAA8487D61
311
B51F4BE0A03FD08743C31020D6628ED20305A22C2C2FAFA7ED1E7881C438AA5B9035F20759E243C51F34D0D5F02F11403B9E204CC1686C0B6C9000470561519CBE1B0E4FBEAB37A39EE4B84C05F023858779341991F36D9D9F351E7BB3B5ADF00148D9D05784F9AD8B037D48C01BFA83D4247F03BB768BEEF973A14E610090
311
D4B96B1EEC5C5E66928F28EBEB6CF578B067DD83086081579848E60DFC7684044D8174993C39F886043481F6A2B743B18749E52447CD4D230513032D20D20206E536E15BCF7B7D211634F98FF9986287F33F9A94615A5A0A7CACF8DF5DCC1AC6EF9AF1945EB78E0A2FED1DA2ACC00EF983F9A012260BD722EF61C9DBCDD871
311
9703ECF839029010CA0B9F100B1D2842153E01A1A3837AB579516A31982FD2908A09100DAE591016CBCD4B011A2F4DE299E1338CE065DC4841BF9895D8C81714800CD08F5AD39601BC929B55D291F6CDCEF2AB40DD5D98F4E6F107C47AEE4A09A079C05316F479DAF4C2BAB83221BCC0CE23FE3D3D4C7BC9AB673D89A3677D
311
6020F6E182332028012FA0FBE0B2668FB85485902A8E7FA0BA2105C213E20BC2169211A4BABA7D693C3F1DA961F203694853137073AD5CD25F1C017DE0477626D7BA55B88F83B5EE513C41D814639FD1BF759171F4577D3CAB0C3DFF68B2D3B1F8478C18F67BEBB2598FA76A4545E9E961BACF657E0791D2373030E0EC9FAE
311
DD17BEA7703A738185D08236C407448A4CB504CBF01FF43859D3115488EA01B55078000DF085911805790DE1B41B6F8CB2889C3834FE02AFE07D85143C6C008438A944EA63E047023A7EF37E13B0903AFEA7BBAB9579330FAFDAACD540022980B65A75FBA17D388F1E6576405CCE7032D95BDA420E7DC0EFA320879E5F8B3B
311
04C1D2D9C1114210C19FCC49DC6A855E12010184DB8968109ED016E4683CD552A36B3AFA13BFC2114068935A7E774CD2C7225642B73325938052D8634ABC18DC9442BF9E0402E85B42F9F3273672DA8E8F1070405D1DC3248487574CD98092B8B956E6AFE1566530B78FAE05B4A0DE51FBAF85DD075C7E11939F80E015A58D
311
1F87E400CFFD2306C4D1D3C634380A201545A92BE01F445800BE12302AB477BD6F62600D211232EB061448A0D2B877BB940D63D059C37E0569A83DE93E214F4BD86209FF6F479C640AFF8AF6D1BFD987D029A94DB7C329B4184D4BB013BF912FB88FEEF913071A8D82B651BC10DB067A7EC52FE1B421883144C00F64FA23A1
311
1CF708BF16CA59F18D4C04B8085964B2D8DA4A855187000BE440BC816FFB13374640B0EB1D0998AF38A1AEF503F14302E2811081FC12EA6CD38A63B33035125F40F170C0B0AA45E9FCA38FC6D688D48563B5C4B4B7C359D3C7AE0EFB16ACD5E2FAA47EF8307044B4EBE1C71E84E742D81431FB06B90B600B9C239E277A57C9
311
4C427EE10E7826980C0136600D916A06058CBE8604DB4D314FBC014EDAACD0820F14BF75449B70339490FE5A0491221BF95F949DF1235380E969AABDBE2D32EB4403D3FDF17F42F9A0A7C28ED75BE86BDB7C7EC80C76F86B8800F77B305EB88F00A4352E0F8089EF811EA02A3DF08F7DA008F803BE4B4EF5F41E56087099E9
311
20708C3D720916444440FDFA013D4E1201414123A09290F5BD7AB729298209C4306D007BB0829FD4EC3A6D7E4F00B67DF38CA0764F832F0448E58439B952CB4F70DF964AFA74CCFDBABBDF273E2FF4F56D3DBFF2A78D42FFF2755DF307066497F44062AADFC0CC546F6DCCFECECFA232E14F408F05477D311B683A35BC245F
311
CF8A5CD2AF20022C21022266905A5BCC8B20235D6FF04019CC04058AC80023662E25F342063165956320BE50370F2A657BACC817DDA3DDD3EFE04028645780A768FE38DBA88BF2EF3ADADFC7FEACA952E5A77568ECF0C971DF32BF1D24F8486B22A649EC81B1B60315CBEFC026091CA45F858D7D04C1B437079431E63E38F8
311
80758842E780A9E03791C0FAAFE10012588C3C592FE35461A6047802BA18686887023A422A49599399893103942CF6DA53A8E387825FA0678B261F139F801E2B17C901D0F5217E07AC2401A87D0480F753FBED44FE949C93A1D042B879FCE499B3D861AEB23F9C1F372F0C24D0B7D6E70FE1AAF60F84BAE642D82F0A9F53E2
311
2783915518494FDBC0AFAE7DA282E5050B703570E06319A015E00D693A6BEFFAE493941C3B08C13B96BD20D0115A9565701DC58568A3009DA13E965765C03091F0FF339F7309D44F6E61F837F1B1FF920450EB8FC48F9B40158BE89C81A597CFB0DAF5F5755D3886DC13D4479599B583758CBF35663AA234F133F91D3BCCFC
311
E0A794367F385C59B19431780F1C099131384056616E15A1563B50021D369C593FB292685A68A8B2A50A0A2085CF05434617E05FC24A6B077B990014421A68401AC4D65788EE25F737EB780D08A6E38F060F2ABD889E1B889C44852C2FF368C1E3E710D73B6589EA83F7417B341ADA1F639A23D15298F087AD0326410E116C
311
3A1B325218433C71AE62C07C1480F1C045629724A076A4BB8D622D24690486727F56108D07046DAB065000678E04C4F8C342DE27F4AC102D854F2D08D59B4ED0E4F697B0FF62F113646BC5B7F3131D4EA8BF8B265EA3F2026E7061B96F6DF3D993276B2180B8E57067587428579460551049049B074CF8B1066C7E14C705F0
311
B39298C0997C17F701097023BAC31081390196801FB0C2A12380042927503D5A01CA127F9841B460310639C674BC8CDF1A320501448E0068905B07F6E5602F8C1F07786253438CEC51AE61FDB25FF71B09893AC026A9EAE3F30F369F5D5EAEA5801FBAD3C98B38C13EE017B054F81A56F05259DBDA64FE270B1FC4C77200FE
311
276FE814B916E222575ED717A62A92956504605268408CFE13FD61F84252228376060206802B9550F00B9D47E6AF1022538A752CF4FFF1F5931384A9FF8700EDD4FFA2B93FCBFABB3EA6C607FF714B0B8B04EBBE83B52B246092AB018C0D0002FC490849F1E214AE6FC42009D6D86616C835B65DB9862EFC4480C14137603C
311
3089D0A5588FA27E693DD184131BA4E88C35045ACEF1CDE1A82323C20B842F2419604821196EE8185BC834AD44F8E9B7549A32900196E9ECBBE20FFB4706861AACADBBFD9B56A23FFD3AB8BFACC18B1B5AC0ECD7B6AE2E2E9CCD2BE8AF1B1BC3A813B94107E82DE67A42E7CC7D4A6116700B5B2EE3C338A09B840F07C40A64
311
800D7C605AC42B72227C4C7020AB1F20056E26F542717F56534261DE3766AC10A6ED2D006DD03BA9DBA507AE0510A8B385C92363B9154167F1230C40D76AF6F3BE0CA08F8BA2FFBBCEFB09D0986550E0F0EAE2F2780CDF850CB0F88CFC2815FE87BD83909F474F45DD47F1C821DB2107A8817FD45384F57891B65F2543D0C1
311
E20A89B4A8DF806862AC27C60F6A054627FD344250718AC0FA21CDC4E28DBF2650D1B39D8B8A420C348A4F846E2BE824BF8C45E1DB8EEB52F576F47A75FF95F90FCE0FD3A7A08D48D5B9AFBE3EA658E1676FE3372FB57F0AD8D70ED4AEBA3D4C2BE0AAF1C3AD63A6004D12900CFC481A47430C9EACB390038642C8C41B1330
311
3166614210592736B8603AD4FAB17189DBB32F3915F0C380795A089A15228460BDE8E52203527D41B5470901B088D84FF8B3FE2BA7F4FD30ACAB3DE0B7E2FF95807AB0010FFDE3A048F7360F9F3FB9380EE537F16F8673131325D3351A3F664022020811A0FE8C019CA17370725CBFF64132025DA1BE2555102212E80A907F
311
B43ED80A991A8AAC183932C19AE17524B06590B6AD286EB99BAD18FF4BD64BAB519202F992A963648ED30E7521F909F090C0213E367A77D8836BEB6F34D92EDA624183070248351F1A079E5D3E7A9EE81F2CE6678F92E299EE312B6C0572C0A7B5EEE07853612403813152C7125E2022A20C18F855DBAFA399817FC97FB6E1
311
CDCA31D348434ACD0012F0D32A5456B4007E6E92D72B1A4E9971223A42C1042819E4049C0C5801300C0013FA48F8944FBAE71DAFC27F1826FA2304ECDF3F6C10FF47D5C7E49748DDD687DE8E91C09394EE0682A4F84CFD6067EEDF43E67EA46CB2F4070160439245F00343D03BF25D7E2F26FC400A896DBF19FB8D4D0A66DA
311
669C3D608F9CD048A0533621B25690EE19D5D15248E390F042B12C682511B02BFE3E5700E4C9A9B2107A8F45248FA48234FD23005ED1F4EFE80D1320836F04003BF42856D478D1DCA3ABEEE3C68F9F30C3A16E5C238EA5DE3FF37DACC2F8B7980033F47FAC34421EF0418A045394802CE032D61C70023D788136788613887C
311
0011A4EA316E005718AE191F8D0D841B9C679CD2FC478442D005429166F5A24403B1E6ACF3298F388B6D0BA933D92339D48969A5C11F09B4FF017A9900A4F887010C474717E10F36468032FF33F4AD610517777104CD920C3CD15FC5F3B3A0C75BBCA3B00F2724863C10BCD4A0E00736C7981F2F72E4B001438B99714FCFAF
311
713A2603BC710376A1715FC602022202E06FDEBBC680A3DF1C4C095A12C50B554FE7623B50374FB2129DDEA4C392C9188077658C87F55FF92FFA507FF03FC8DFD3F31BDAB46DD51AEB03F7E1B38B8B87CFF47EA1479C3EBAD5C6B382C221C0F1B358B39D76D9D3142C4A20935F541E492E0EF081BA41B3620A8E172B584EA1
311
485632E22A8221CEDAC6110AFA4B6D43E2B76A18AB240BB24337721C9321D2C033B2D3E2641A55A400A28403C12D1DADE39AD23FC5FC08C47A64DC3FF6DFF76B5235124022D7E6D6D5F3CB870F9F31C96FE477FAFE54100068A3A87FA5908A2C08011CF31309C10025B089FEF9C510522B8DC07C30AA469841723A10C08E27
311
F00F7FBC181C083F2809EC3B2B328E294AEAD5A071B3A95C81D2DE3F930372D022C9C793535B92FDAD5426E90490C3C81D000017C6494441544698C416520C1C40C71FC204B22448FD9303782FBA67089A1A7D4CE38E89050FEF5F1E078A4DCCFADA058032C34C1CBC2E1202B1F8962B1A8024F0EB7A11F209E96FB369D4B6
311
4202FE7BA230AD24C46413536EAE955B341B726C593B5D4630C0BE822480908522B0D85430230352618DCD4F7BA6D568BF4343801480006658EA3EDCBFFA9702B4FDE9022163C43F9B72B58001A23FCE6F0B3FF0E4E1DDFB9801A6FC42FD0132CC1F2224F89933107AD30B6C9131A53818AE944BE25A70810821C38F098411
311
980E46D108F483DC63F49B91B852351604091D60546702F58A3872A1716411B642C7629C267E64E77719F46B0548FD6BFFFC86A38DBFADFCDF700228C124C8664FAA02BFB1F92B09800876FCE4F2D1C3FB4FD0A44E0106A8DB8079751CBF0BD9340066C3D52BC64706467C05B5A54401BE4A1B0132A55EAC1CCCB10D378A3D
311
FEB9812022327745EF2102886A9142C812A1A2C9708027BB55B7006357459F9C2080E0BC34489FC629510F3017B62D5073E2A2C64048A0A42580E413BA9E08274091A398EA80B5BF31C87BF5ECF8F1C5DDFB4F22AAC181F070AAFDDAE5650C4000516440D8806786D874215149E69ABEC43FF0EFC820FEA112B0522003C84B
311
E03FB76623513B6D840820358B084119B0CEC8C00AE888826339A54091F5FCA513AFE147975BB1A86FC50618D9D74502F0C7C8815AA306602FEE3A5E79E0D7DED1B221001118B73182CD439A092FF801105D1AA14E1918EC282F6260869D55108065988BD67F68E5581720A708051F7C8070F582389C682BE53F2AFD85853F
311
2A013D21564028E06E79B7A71E43212180A81541EBC88F451E02385100491AB0C4A3BC5309A95911E66D04C0B448366988ECD204C2FC930F8CEE8FA410EE4C25B58DD1B6EBAD83F6196670F7DE635282C0A56A851AB035831725F0471A10FE52097089C80495804100318405F0DFC2136004B4C40705EC9154315129205EC3
311
57930035688F61AC02188250CFA9A980233925F16A117A48CA54DAB6400221976B75D863330942E20EE3B00B08FBB71AA813B0E502FD2B023DF70114E0D7DF2E2EEEDE7B789504200112075478F2FBD6897835C91F0C20782401E801A2F9142700B74805703426023A81CC0BE88B537D0003E0C5181D29EB8D83050964DD25
311
80910A1E7A8138F76253DC01DC2F3824391AD748276C0B0CDF12366625D038603D0003E0266CB42704C8CE7FA7F11B4D59C0BF454A78F8FCF1E50513715D469607031272358F04E0003C90107223A581218F10008B10247CD20D860FF0BF48801040B361808148714764028EAC137E871501EFDD97C89B52107FF1235B0928
311
C562530082573CE137840EFEF82A0BDC602736C595912FBEC69E6A3A26903B3A300C5A098A9E3F1810CDFFBA019D97B4E7A7A075850F2E92569BD960CA7B8304995FD006FC4213BB1448A6F4BFBB3A9F9FC4962D0A1369129B10073771FEDA38B1737B663A71C088D8848027FC3008DAC4E4397A6F76271DFFFCF77D6BD7F1
311
F67DA51E0E08875A6BAFBD6BD7AE52CC04A0B4A2206F650EC412841A48258258E8662C3838FBE21E25172C2A15A4F78D82DCF68A005DCF07047C183E1CE47731BBCCB5469D9169E0D588945BEB637E87802A03D88FB82486210D28FB3B858D13DC7CE75F5E6F3B03C1744D30CC58C7C7A256146853A05243060B850072A701
311
0CA47CFBF9A1E24F414037B8781E8E9F219A774B36481CB43E48A79819D638C8760D672FAC19FB9D3FC5EA9158DBD0159C27860409682E8FF2595652FE189D2CC2D7C023E944158355806FC320087CC74116030CC376C559C098B93A041C5DDA48AF33827D2327DC761D19C17CC62780D82A170E6CE7415A5E7FE825E05304
311
8F88D2AC2A561CA4D4C60098DA28EF1A01382772484698F60C8DD24BF396EA76260542810A625978C03580A9CAB91D10249BE579B0377A3DD15749A45F24C4D81FF3D7D7996F6A1690288008C0FF6CC186DA9D5FC95BB09B1301004B016E707FDFED306A1BE8FA208828F00BF342186839839F1F6FA338DC5A0200FF383DE9
311
2614C03A4508DA18F4D85F9354F7E867AA77A42FF49BBE6757A1A7454448D0BFC3C220714FE43A3D8F1547BE10F0BC5A05985AC3C28829A06FE24CD062700601F4AF12AF99099B08E7071DC4626A97C920C3FF96E190C9D1FD7CB6163E800D79E5F3F10A9306C02B799E80F1AB380E0571A584C0370A220C3125000B500900
311
D96FEA40409F980E2083E4EDF4D8D2480AE5667222E020BCDAD4EF19682120818FE18EC7FD6AAD67C03F7DF1955E697456F517AC4F24700C30171C67E9168B109A4F60AFA60F98BE30941BF776DBC7C70792A2FBE98AAA97224F8BEA39B47BFD14A8CD03320DA2B676E3AA397E652E30A42CE2987B7DA1EF7F75242413800A
311
04C0270C62A13372400B435ACD84B8B5009208F5AC73EB149FFF3508E21C2201E0338BE07E50EB47E7FF6D97724A601028C5519073E7978EC88834410450E074DD58AD13A4900103A6444A9CB99103229F0EF8C0C78161EBC68137240734CDCFC349807851E0EB46CE864D2E405ED341B71A390CF2DE20CF5193189E1901E8
311
66D0230409684B193D17E2928534D04240937D3C84477494FC5E0FE0B448E35AFC19007926C1C6A6E622FDB8A12E30993C6710E070397C4B26304C0AE38218D19F01FFB15BAE1C0E7E74DF75F2406E373C414E848FF8E500EFAF3C1029C9C0ADAB2313A7426CA9B2C1B9E30032C84EF31A09A88A386F136E8C2F1D582EA045
311
9207015F10F1F001F0B1B7DF7222011EA2001F00BFD36BAEE0850928B08C077030FE3806C880EAA74BCE0863A952812E6008B3A89199C1EE918AF96AF583F1A073B0A355B9D861AF1460DCFB3BFC6B7EFDC834B09700CBED3510E48DC7129041C991F06BA5006CA6B5B34EE21501374E8DFC910042036111EC9C7CFA1C05D4
311
8A7270F7F835BF04A4194DA4CF76CEC66718C84CD020D04C412AC848F03E3C61A1C8D50D0EA6838A00376054D3DF61A0E393E1F8B058A6C994093476D601A4A06F0CFD3C0A6BFA910E75CC10400A80FDA93AC9B5EA4303F6C0D188B559086091CC5910137772E14F2376D03181B5CFE74C0EA38440D0AC256D6C4D104CE053
311
02FCC00B60B9CD4D71E08BD40C144A025E60D4C1F45FE846A2105D717EEA84808A5DD90A168E133640311CF05DD870768683F5D2F1800F485AEBE5CABD8FFA3C0BEB33702493AEB551B1EB035EF5C8E5757FA7832141F88E8578A363802B560007AF93D7D470B478C4D00B412D634C9140C4F9275C00DCE8DFE3C7F8C0AFBC
311
5B2CE82E3C3BDF393D4375D50C43CD1C17E3777CD2C170725B7B42B41DF15BFC344DAD089C1E9118522B4A2C60B794E4E8F33081BB7C8CFCEEA0B2015E49D586429C6C78646180B7710E06018A3082243C275F077FBE412C17DE80D3E6B9462C5204C5D980D1DF84A864401C483CD01B143F4A4868087A0F780F37230200A4
311
FBF6AED325114C367C22512750A5C7C3E32D545CE20A0904183BA10015DCAD89864B3E1EE97EBAE8B204266A48E010511838E2FE413FB116E60880C2D8440AC3880DDA6DF6618C138CF1CB2A09637E18D00F80CB0DC05322E31EADB8081C29410903F06BFCDF5AB46024E4A75828056440503C707856EF0C037623DD4922A4
311
00E8A6BD75E4D2800905F18450A00CEE88860C8964C7B3F90F56528BA18F71CFBBBCD2D05797E168FC37DB26DBE0DD2EAEF39686C18440820013C1444055402A541400DD362A0A402F1FE51246404E098249FEE30708C10CA0B54601053159480C00BAA9B1223A773234FE72FD5C3BD81804D8D196FE3D5315A0C981D88D04
311
FA01DFC185CA93F9120E1F480B08063364A0A318F08DF95056E4C91F1150D31B011200383502E079EE43CC18603AE2F88FD139C802A739F208E88D06DC78267C448C27C4113C19B0F51B0E9C1C021CF8F9167C6B1F2E10E461002910105D1042792D1CA303F469714C018C23D72179E165049C40E801CB96CF334562E58072
311
91D1E0C70FE6CAD91656715F0E5C5E70F8D7F83290549B1BAA6F781D25180EBCA93EC84E72A74081CE3020789B3790E1A9E478E658C099BECFF01E530E80EC5FE31204ACFF70AF8177A03059240CD074978A002A878BF883FEEC81DD684E406CA630ACFDE87292822A11953710F000885D6F68A67ED40CD772B0828359B753
311
F7CE23D9479AB9845771B389D6A77130F8C134EFC83947392029B10E4425440A84AF0E54825228FC1634D369874739C837A9DDC83C20D320C36042610ECDFA750303710224D01202488012CA847424F8D53F78AB6BECE9B3B35A7F32396AC6B7444566327DBB4DF06FD9616744F4D3A397EB3B0A3FBA8D763702883ED742FE
311
5CD24146D8E353ACCF811C806AE09914D8446E93840FF4D6C963FF32BFB6AB015D1D3B0C9A0968776F021F21404B6260CF84A14F35180CE20B5E85BDA2EC91FD5A7DBA7E5705F4F0F97AF26CE18E3BA078138202400A62930FA6CC7882F911A92F33E547E64990B0F27323D73B6222863F86425153FA8009361C675554C253
311
82CE148420C8DCC47A20122806CA178A0918C14CBD33440289078A00EC6070184CA9907FD0A1270478E0B325B67C2193694EDB7DD0F3C238447C8A11485562FB4902134E6AC952FD5320A4F7C780882DA9684285CD81D278C0E8FF8DEC9F45D22DC3C2CA99C2728110888799575B6834BF22B0F01EDE72D7F21B672C40F0A9
311
72999E2200B7C91403F9BB3D09C01990819238CBAE5E7510D7D57450507E3DB04AAA0A3C280064E0775380C8C16EEA4834346A04BF0CE847B4B3AF760D06D24BBB267C32E2C9257DE5EB748AD101AF1FD33265E2B674EED8C01A0AC901392211011AC810560F77778E85B13BAFE3E25C95B70919A4862C15928BD8989664AD
311
8638101D009A80F00BDC41AF27602A4BDA0C077E550048E7F1011410F01405045E1C140B4D0E70E0F6E034171C3D6FD12004FCC1FA304312518910356628A4A326EC9ADF5DFFD1B2C0399503F14B4F8E3E0E4E39A06ABCB56A8014687E86E462BDDE5124615ECDB412B7314F62E6E0C76ADEC0F717B360E741960104CF1706
311
CFA18E0605004B01AE007869B095ED92144A807841EFF2811C047889A04901C809062057192688C92346F97F279449F89B113500BAD282D1DA80A55C27EFFE02C8D4F395003F285B617BBF0831F49B055342DDDD414378E8888E92C16789F269A27C9A221FAA4A0DFDDB9F935B2ECC04DC51481558A69301E0460B02665AC4
311
DD30C03D480866C3409400051811876014C0F294C542821AB045011A3E3F09001FF304E3A0BED05CC11A811B865001769507FC01ADC611F400CF68C7B093606E30F3C7E0F00C1D10C31951C1E2D7252181DA00345842A19130715C736EC9ECE686A712FDB31E4D3E50AB336E5666D7B212C0113C4A4406029709B43D0228F3
311
FBAF49921B19CA0C82A2D5BC4A2079809240F37D3E10F9637607C3983F0458508A98B8B4EFC92AC13530180CF55359500080061DF59B98BB3FEACEE881DC8127F182A885A86FB12B43C590A4380504E32305E3148BBEEB2D2782029765428092545BA5C2C681FC5F8E869C0EE1034A822FF09A12C94084505AA86808030347
311
3F8161F7AA0A6610745E280BE4427FB770106F8800EADABA19F453210435BDB2348471B13B65F2FCB554827632C4C44467333E4127095D22092ED492009930413251B5408345065065E415266E20279A40B3F520370BE2050C8360E6BB4601C1673B9BFE007EF5200B6483CD195400A783E6DEA0653515B0FCE8E86D1618FC
311
1EFC15C2E727F24F2A2DAB57326D8D0877D4E298894E7A0C3C7D9CE8A0E2D17AA2020FA1097D6372F2A9F955060FDD467AD0426368C24A8340FD0D6687A76316DEF5179ED9042005A2BF02A5DD810A4DEFA4A8F700EFC50FF4FB8C06410F0303C106ADF8852ACC6A2CA9046E9ED070739339857222CC009E206479886EA262
311
27BF7A341A15C351A8404A6C10080A2140FA4B4E8D9B9A11645899332363FD69887F436A660566964250FD752E787B64BCF8E6C8190DF8EA0C854C062D8A5A1346F810414313E606ECA0AC3A01D6928544029D5F42E202C0CB386F880F7842A31287061F32F3CBE09F2950783394F2F2B23D85386C6F51943E99DD10C8A000
311
0BA9569A14805693274BD0E4F4DC3F28E331EEA91C4F33ABE057889BFB92819187840A08E57A276A8BFCB75B0342668C70C565C8059996D209C2800941A21FB82B2F520BC2E6FE6F1A8827043DE17000DACC8193E78BBB8DF1467978C06F6AFE986123E3A95272CAC122046F4C65C4B88FED2F1CD1D918F7CDBF8903BF1A90
311
057D42F4DC133AF804ACBB58446A0DB78806FC053FA1E45D0AF1112613CC0DD976C5E70AD3282F42725C0D02AC8588DE451B1C01ABF063E7748A3882F0DD484BB78D037F9812240EB88B6034C0AD53E5116D4C6D920C6A89F084E6D0598AD7EB6930CC7B293E27A666E5CDFE9A3FA52FEB3C97976FDAAE9A60008FCA6B3309
311
9CF9880D35D419FC687D424378E3099441E110C5B3C6DC311E6653514A67A530D863326C4D8430E0C28024803B5B069B0E60C10EDB6DF087034171DF01F1F3404B27B1056D8C0E56E7CA6056E7798147BE4C2F01CED5987E413AC6A724876DE3F599E0601CE7B9CEF3BEB3671E12DCE8AF9631B8031D3F360B6955DC2342B2
311
A0E4632A00264C0DA002220CFEC3E10D9BADC8904D88DC51928593AA16C91DF6FFF82B3234404C7214D0F8608E0052283EFB2B0563F1D072936C4017706010BCF1B16CDE0C1FA9C777E44E1F5259B0C9BBC8794A82A6C182A3AF56B16921405351FDDC91B5BAAA617860E8D76C97C377FE701A4EB4378FA97C2C8E3CC89508
311
86C6FD93AF70A1F5F676B7ED16CBC56AF5D09110EEB8607CC08A795882358280DDB98AFFE7087C6EB593D62F041CDB4018935238E73F1098100D0C8769818F777057F64C703C6530E142FDF5C837AE1CF66C94C4887D3A3726AB990DEA248F73B5D32C8E04F6714B1E67C53FC52040252E605B322407CBF8C7F05453462A29
311
5ABF4D95592DDD76AC23512E9A2DF964715C80DD752CA8E263AC36F02C3C28A133EB22AC8D099BDEFDE28C3E8FFEE3815D5D00C17C00511058354D62443C1A546280E43572A9C661A34FA5891F8E7570608C8DF21DF51DF9D2A84D4501F41B8CD4F4C9DEB2F901E810C0E4CEB6EC08DFB06341C864CF8D0EEE779A606545E1
311
E64AAF30A4324C20FDD3BD558BD966BA994FA915CD162B1978642AD01694E533EC190368A68234657085B5F88E27A0805E04B8BB6A00A51646EE3C10A50FF007FF410F1963CA69BE2002F0F902E701AEC995FD41F83A3F0C3809A3288A083003A6CC2A20E6D703EE48E3777AC07ADD51EB6101603A9FCF17B3D5928F6D742E
311
E7E4CF38AE2B03C5FB39C81D7B2978FAFE85AF3D2710B0582C970F0FEB0E4D1103B8BE2B4D560CA10002FC8F334C891C07B44FE06B2E3ACE5E1E2D1FC32203110ABF9CA0E8381F68EC3C06701328E5A38278A5FCD944CEA5283DA933DF2A2448BD23F1C5D8BE04CC2DC3B43B3EEC29F8B5FF926D11D3E97EBF7FA1BD1E5E5F
311
5FE6D3D972F548547783146ECD84873F377C5820F7F9FCE5E07378D6CBCB7E036DF7F7104079A05B77C6942D1BA95D47424BFC3DB6411009A42E207871B7EE9B06614BBD20F22F7523FB985F3F7068E37600273A3ED0C1CCC380F6EC4AF01CC1CF95E4848B7BF950AD14C44F10460221E02D21D01DAE800F323704C00035DF
311
E97CB37F797D3D1C0E4FBF35EE1E5E9E0E879FBF3DF6F474780A01FB3DAF01FE0C0798218007C2090A3008BA7682A338F4A8804A06CBFE6A80CEC766F49853F15B2F45FCEA3F8250012841315016E75E797EFEEC4ACA6C79F515CF1738F7C36E2406071051043817C9E8C5888D49D0332E800062FF54FA562BF7446CC0BFDF
311
BF8603D1FEFCC9F7FFB5A7F000430755C2D3F72F2D02A022820897ABDD44594475BDCCA4A10AF34C06B08B4AB58BBFAE30999DC66C7CE903A83CF8EB006EEEAA063430F84B05F0ECF644825F5E95073870E72A0771AB89B080022A0C5A9FAF34C89286257FB7BEA000EC65B59750C68E0815B0D9834B15606328F80709DE09
311
018AC2A7817F83F96DB3D562C10A0A31300230CD4200B87F85808BAF64D04600254047F9C14DE93464009E7F5AABB4FDD6D55142A2C0BF1541FCE19C20C899BF4F76AB54B84CB97F88F48ECC029FD253F0C70DF4816B9AC94BCBD653B1A283C4001A0337955E4AFED3FB790B6B1F5EA0B5514074103A38D84280EE0F5F9BE9
311
74EAB2D16AB1EA969684B6E4166CA28264B300474C7308D20013B204A65F82970718D05678B3315D442E1C0A327E2F56556040C005D2FAB1326A68A07507C9E46A3648555A7080F5F50219A00E6222E3E0862CE95B5680930530742F1D041805E69B788161F015944D041182B861A2C17F3AF01CF5BFDF6C343F9171F5B004
311
BF59C016719164B888EA206A02AD05E8464D06B48E4381A0E9345FD171625AC22198F57C003BEA5510F81FF78D31C9B033D0030000000049454E44AE426082504B03041400060808005767B65C0898297626C300001CC300007800000042463635313338412D313843352D344444382D423043442D44443335383636423031
311
33352F5265736F75726365732F31333635303531452D464235432D343644462D413546312D4433374235463935333335455F506F7374323031352F7468756D626E61696C2F302F745F507269736D2D3134305F706E67009C80637F89504E470D0A1A0A0000000D49484452000001000000010008030000006BAC5854000000
311
0467414D410000B18F0BFC6105000000017352474200AECE1CE9000002E2504C5445818181AF7E608B583C83523A8F5C408B583EAF7C5E85543A85563C89583E89563C81523A8B5C4089583C895A408B563C83563E87563A8B5840D9B1938F5E448F60466A62608B5A426A605C89563A8F5C42D5AD8FAB785C8D5C42D9AF91
311
B181648F5E42AF81628B5A406A625E8B5C4283543C85583E6E686674706E815036D7AF91B383646A64627E4E3666605C746E6C8152388954388D5E44AD7C5E8F5A427E503A7C523A8B5A3E87563E8D583CD1A78981543C915E42835238D7AD8D68605E875842D3AB8D685E5AAD7A5CD7AD8FD3A989B17E5E726A68D9B1976E
311
6664B585667C4E36855238895A426C625E8558409160468550367E543CB181608D5E46AD7C60936044838383706E6CA77458A97C5EA9785AA7785C8B563AAB785AD7AB8BD7B1938381817A5038D5AB8B784C34D5AD91B3856493624685543C8D5A3E814E347E5036B18568976448895E46858383AF7A5C875C44A57458625A
311
5881563E8F5A3E784E36AB7E62835038AD785AD9AF8F6E6A6AB58362B78768D1A98DD3A787B58564DBB395B18162D9B599835840CFA587A7765A935C40B38160645E5AD1A58591624887543C8D583E9762468D5840AD816489543A9364488B563E97664A6A6664B3876AB381628F6248AF8366A572567C4C34AB76566C6460
311
855A42665C5A8B583AA772548D6048744A32B9896A9B684CD9AD8D5E58549D6A4ECDA383B17A5A834E34B37C5EAF7858D1AB8F8D563A8952387874729560448B54389B66485A545093644C704430787270D1A383A17054A57050915C3E7848306C422C724832D7AB89744C38955E42B787667A523CCDA17EBD9170DDB79BC7
311
99787E4C32C79D7C683E2AA16C4E7446307E5642C395762C1C167E7A7885817E544E4C70645E7C7674B98D6E9768506238265832227C48308D858191583CBD8D6A3E2216C39370817C7C978174DDB193BD9D892E24209789834A44428F7E784C2A1CA38F85B19585C7A38BA17C68403A38A38372362E2C5C4C46AB856E9F74
311
5C7E6A606C504491726250F0079100002000494441547801CCBDFB4F5B77B63E5C6FEFEDCB667B8B6D6C5936F8D8961C24C642C217624C0CC232B6220784898DA510E443422CE304E880E29041E6122704C4CDDCC425458824F01521101042A992D0694A9A4E2627D34AFD2179F56DA22A1D8DAA69AB4A9DBFE07D3EA69D77
311
CE9CCE9C99738E8EDE5D02C6D7FD599FB59EF5AC67AD4DDF79E77FFD38F3CE3BF8FADBC7BF7BF0CCBBEFFEED67FFBB67FEED37FCB947CEFCED77FDB9A7FF6FDF87657FF1C51FFEF8C73F7EF3CD37BFFFE60F9FFF6F7FFE5F7DDE3F6CE87FEC893FFFAC77C99ABFF84376D5BF27C7B7DFDEEB8BC58E1F3F1E2BFFF69B3FBEFB
311
57E7F4DFFCF5E7CFE1BFF9A6FFECCB7112EF7E81FFFE80E38F7FCC2EF9DBBEBEBE414FCCD3535DE9C3CD7BB158730C46B81AEBFB3D6C70E6E74EFBE7EEFB07CF042FFDF957FFFCBDFFE0BBFE674F837763AFB36BFE06DBFCFB6FFBEEF5F59597FB3C79CDFF52D992EFF1E457E6E7C7629557F23C7DE583F7621EE20557AF5E
311
89C57EFFCD17EFFEF9D4FE7CE33FFBBCFF9F3CFEEFFCFB5B6C3436F70A8EDFFCE63757AEE6F554E75762F1B1E3587CA5C7E3F354E6E3AE9E9E96F23B83839E7B9E581EBCE0785EACFCF77FFCE27F6641FF80FDFEE1A7FCAD279E217B4DA2FA0F5928FBFDB783837D314F7E5EF3F1EABCBCAB577E73E5CA71B27E6282EA9EBC
311
BCBC4A9F2F3F86BDF7E563EB7D3E5F4B65CBE37EDFC8206C00FFF01CBFFA9B2B7979B16F0189FFC378F03F63D29FDEE510C9485003BE0992E1182C473CC7EEDDF3545656F67C45B6FD4A5E76E57979873E80E5F7C01C7979F91E047D33E28044C520ACE0F3797C234F9F8E0CDECBF734371F3FDE1CABF6C106FF653FF85BBB
311
F5D3E9FFBD9F7FF1DABFB8091CC1469FF931691DAE1840760747FF639F27D637587E076B217B188B797C3E5820EFC78D2736389E771CDFAF5EB9FA9BAB304B4F1EF17F3C11C6BAD7770F862BEFA96CF18D3C18B933D8E7A984A3C04C5F7DD543FCE0BFE20667FE06E8FDF5B2FFDDFAFEFAC1C3DFCF10FCFE31697D43A00CEE
311
1D83236317AFE455E7E7F778FA060747FAB1812D9E723840F9BD3E8F0771FF0BE2DA87DB9FF581ABC70171D95B87BFE6F554563E262688E1E9B0DBE09D728F2FDFE7EB7F70E74EB92FBFB21A1FD073F50A5CE5DB3FC2063F9B177EFE8CFF27EEFD734CC3BD0FB316CE105FE5F9F995319C79654FCF573DD5D5C78FF754122F
311
1EBCF3B47FC45799EF1BC99A80AC9F6435B8391C9E44F4210A5EF94B13E0AEAF2AAB61B7E331E480C303E1E3EB6FF1958FC08F7A7A8895E13257F2627D0885FF8A1FFC73A6F871D120653FAEFA0E09CFFEF2C34DF254FA467CD89C7EEC2BDCBBF22B78694F7E2C0FECC5E3F194230E70D2784ABFAF7C10E90EF721C4F15065
311
0BC23E8FAC05BE7F0546CB46053108FCA7E7ABCA9616248341420AE0038377008A78A96FE4CE88AF0F36C0CB7AF262D5D5D59EC1FFC0127FF2DE9F7EFE73AB3D7CF6992C7E673335F03BBBD57D484538EF7EDF83164075E5E391FEFEC79580F45833606A64A47FA4FF417F0B32197CE04ACF716C2D1277BEA7D2834DBC33F2
311
E0F1E3C778B0124628F7787A3CB15F34C72A2BABF1051310CF874BE3D671E4C3BC3CA47C38483522DF578EA88ADD238E001081F19A3DBE72D8B4BCBCBAA5BAB2DAF30B72547AC094FFA31BFCB8FC7FCA0AD9AD26FC9BD06F1CCFBF1D0443B9978DC7FCFC96CA7C40709EAFBFBC3CBFF94AA5AFBFBFBFB2BFDFD37C1C6785AD
311
EE1F79FAE041797F25308E6C6DD602086FD80C5030E86BE9F155FF0251021004D1818B1C6FAE6E41B6C7B3B369002680E357F65CBD0A2B1013105AE02B870F103CBCE70118E2757DE4A360EFF2F211E270D5D5F9310F6C987FEF676DF08F6FFD9977B0ECC38DFE16899A9C35BC199EF78024210F4216B9B90547654F732540
311
0D5BD3D283D383117CCDCD58A6271FA7E78341F06C0FE00061F055DE6F100657098F4522B853DE97DF5359DD8C00EEA904A6797C9579C763782FDCBE723CBBEB2403E08E4A58195F38FAF0B4C1070F060917BC070F80F360BDE415C80A703A9C5BA5AF07F7812F010EFE5B0CE90F848E62A709D9225B02E7F4F8AA7DE50FCA
311
47FA2B7B3C581D412F5094E357AB5B7AF2AA1FF7C305610D4F79E5E1D9925888956357FA074710DF3E4F35C12AC40196023420A910674EF6BB073182E8CEC70F5439F9B0A307BE7F95EC3C48403EF120406273162F41873C0010F2DA186EE307592DD6DDD202480447C2518DFDC91E7D83841DFC532EFFE742E08B6F3E7BFE
311
1C314620FA38E2170E4C58594B0F60089F5289B3C167C4C8B634E7B594C7622D8FC1D6B189886A9013AC956C0DBEB0C4FE7E02D57811DC00093F2F8F7808A17731B081CA4A027B783EC0C1030B5D45BAC8832971F79566F250651E36B7B2F20A315A0CD185BD3F0C9A7B48208847BC13E0013C00A9122F437EF191E201EF96
311
7D98D8E03FC2C14FA1F017C6F98B9BE4D1EF3FF9ECB3CF9E0F02E68069D9BD402ACAEB21384C8C0C0887BF11F3606BF27DFD243E0848F5C305FB7B9A61ABCA96EAFF834763E484E09C407EF23AE07C354C79057E85171F6F06AD414A242E003FA8CEF7E5E3FDF0690040C43CDC00CB4586F411EE806737936CD11CBB57EE23
311
0B4718DD033182130038B1415FE1000012C2913D4798011F71CFD3F72D4281D8E0AF96F893117EFEE7F79F7CF9196CF01C91EA89F56025574996C1B9A31881270CFA1E3C8009B0BF700284FA6384FE484B0B5C19688070CF62364E04D19E0FFA86131A21114B4C969F0F0380F7639D40837B2414B286417410A4C4FD4882D9
311
03AE472CD09C4DFE0FFA8975E00464D1F7EE95DFBB370817CC0601DEB8DCD3934D97E42D905B1EE3147D2DBE7FFDD76ABC20D6D777E7F92151FE074CF0E3533EFFE1CD9BD597C402240E50ACE08C00613DF800BC3D79FF91073848C8E56777E931CC31F2B8252FBF05B15C8D98ADAEEEC9C743F87872CEF73C59E6036B0210
311
633859547287CB23CF20A10C3FC3BAC166E06F38701B5E82020080D14C4AE341805FD6E71057843CDDBB47EA21F2861EFCC33BE41F5AE00AF60006784CC007FF001FB0398266B0EF9B433FF8F90DFF8B7B0F4DF0C3CB4FC8F1D9679F3C7B8E82CDE381D7C6E0BE79601A407F6CF448F99DA7F0026C0CCEFEF871121A8F5B62
311
04D25B7A60789C2C602046A21D7BD647560EC7C1414E18619B8575AC11E7174324604D64E58400C3D9601BF2CBD59E1E1F5E070F822397973FB8038BC32279C4A259BB11268017021661074047F620B9097185581C81C908BB821901521E68487F1F120FAB821F0DB0BABAFAC927BD6FDEC00D9E67995B35F0A907580362FB
311
F8711EC96CE0E2C4319101896BC7C0C2886E01FBB7F45756C73C233E92EE080EE084CBB1473082EF01762DBB6D04E6F37AC82E67ED07BF8EDD23091F3E86AFE6E330388E3CBC65CC538E74040300FFCB4746CA410570900FFCC9B2955903907B3DCDBF8861D7099E102FF5F5E14389112AB378EC1BBCF3FB3FFE7D1BFCE409
311
EFFEB0BAFAA6F793D554A8F7E59B2F9FDFC19B5403978F030708D800B6ABC136F0197001E41EF2D18413E5FB900B619AFEC77801EC4FC23F867500BD3C28DD60812C0D24791C418162377B901842A627690DA14C80E0AB3CD82D8B87CDF88D501E1224B01C2C510EB783C3A3622436C0020122FDA062D9E790E0381E830D89
311
9A8038384C88317CEE2F7013A00437F8FDDF4B0B3F19E0CCF76D9637BDABBDA990E5496A1561F080145D5942805043F59E956BB0D700E87EDF635F3E52203E3A6B0824C2FEFE16DC24CC7064C44392088C83CF06640334C05C1154C41870540022926233B20D4973D8E0CA43304455843001F68286E4B520EFDFBB07F8F710
311
D78F95030D60584F351098D8E01EC0C00340868F942321E30060F754629780D9A8B6C93DD96A0368409CA16F1069E13F2919CF7CFFB2B77775F5C99300FE11347C8E92036F49880CF946B609025536DCB0A6C7E47D6105EC34397AF291D163F924165BE020230407B1163C488296644502063002769CA43A428C3C31B869EC
311
1EC2BCBFE5ABAF0036F810240C58A019A18230C8CAA1C03F040B4C8750CAE2298A105892380879068A82117802D2455E3641C110C4E0F828EC0EF994667256786E1F6189286FFE766AFC7EB57760757560C0B2FA64E0C96AEFCB4F9EC1021E6281ABC4FB493C5423F17B50A46297E1065930F0E45F259B021684DC8E840728
311
02457C008E8A6C99D57171DEE57D288006079FA38201BA652D86D3C3FEC3CBF12C4FF90808CD15D800268021B26E001B9015C24224F0F14C5FE5210056930A08DE0DFA455002161884968A34040515648478429645F463D5C04FC032C2C0574EF099C8EA59C03B44BDBFB2C5F781F940E06520F0A4F7C993DE80C5D2FBC967
311
CF203E90EC8233CDF7A0F6AA06D4201B20F1634BCB8107049DB012EC59AC390FB626F646E400139131094E420121514BEA59A26564EB62C42ED645D8217919A196310F4014D52F3E80181C918024FC9B2B48B09EECEA418470A044C0DE1288043C21EB10D02F474984F022F185E88AC10BA0B35C81115B405B086B41A4E24D
311
700E608C78D1DF2B98BE9FF7FB0373AB4FE004F381D580251420A4E029123F722BC03E56997F1868F0311083431C24568605087A3523F71046007288B217F9E22952125C1F310A0BDCEB1BF4C16FB326200238F222E180E07A44E9BD0A6A858FF9AA87080979C0F49EE324455623CC6002A21D932040DE834842508E246518
311
22BB0583772039F5937A1BA714EBF355A2EC26FC189E0087A806493DFE8B5F1049D913035181C8FE1F20F1477F783BB0E9B7CCADF6F6662360D56209ACAEBEFCECD95362824A5812A742B60728F3555E35294580F8785398175B480E620C1FA8080810FC03D20098136492A744C5828C43DC80F063A85B8030605A56F84456
311
C491A540385D9C337410AC1FA99C6405B0AB7FF917922AB21F801523ED6371040C6083969EE3D5C07D78452590274BD446000BE42CB27A1B522AEC954D33D0E6F2EF2159E4C38DA19FFCC8947F4A00873FDF0636371BE67A077A7BE70904AC069E847A0300C32F9FDD414E04CB219B9D7785E02AD0166180D404FF065213D6
311
920525CF08744BA46D62812C4E3CC5F29F3E7BF6FCF91D0261780E6423F82B7168F038AC9DB8CE55522AE1D66F90537D95E01D801BF0EFE69EAC6D708B149904330893C6FEF7543F269E016381FF111608E787EB11BE0E9D8298188F21A688E68812855415289E503A81A7A3F4848DE13FA0077F96947FF2008364C31B0820
311
0286D3810012C26A4A643010133C7BF614090116E883DBC117C9879382870834C42ED8511881A405C0197C1FF5510BC21A6744D8F3D3EC81F31A41624342C393B3C2067820D9FE2C1B449E415D8C041803AD4046C8DA0088427406D4E61E222AC448E57CBC191F484405447ADE55AC13C0791C35544F33847218047E49F096
311
6C094EF0316A51E806106D2A413408C0C648A5DFD38357F57800897FB601F181B7DD922D2F02A03724B160FD2425FA452643EF2728929E3F1D213539F1016C820F3EE9F1FD2BB439581B377110878EE11FF68030A57E1F1C05CF27BC19DEF01466B803B81A24491D7B4F9E8F0201270D3707F5477F04679555448E13180314
311
90720F814C9E429E47922C3E80541C3034E284780A5E839F704A180954AD079BEB6B798C2D0038E2A3887E027582949D3E0FCE33CBE8F0CBD5AB5780B678FF1EC294FFBF8EF3DB49895764410858ECA2B600B0A0F7C9B0A417A40804F9CB674F1F10C5EF50A9C64AF18650237CA857B014FC8E2E4E5F0C37E18E3E50700421
311
4A569C0FAA466C89EF01B1C1886FF01E487C7939E0928007921409FFABCD5044A02102FBC013E105CD087582833D2D2D8836E206D87E64D966BCA61CBEDD528DF21439096BC9FBAA1A2C0DCBE981028DE7E6C3EF481F89A845109048D1059F04A2C273B18195608BF0097C086A0E3C1FC9A20F36F8110ABE5EF48AFCF0FD40
311
C0346008F40E3C09A586D330C3EA1B1C9F3D7B8EBECC03B818C84B33361A6277793E701D29083B0DD60F1F208D3EF826B2345926B2564F0B4988108D62F005820E24A9A3CE6FF6E4FD02FC15D8994DFAA8ABFA7166247B81EEC2CD4138C809E21BAC020FB8428813A858254A9CFCC787D22A1196B2A07C05322A4C41341C82
311
D0F010580059EA313E0F153412F0A00F652DA2130C0D9A26DE165AEDD56C10938841E17C289F7CDD16F5DB2D00018BC982D80FA4447EFF7080B043D4C9A81281654F47A00020D2897FE37DC942FB88E89D0D83EC37D83A1F742E5BB578701A04B2F1C0A027D6025C8459FA48B4E020B00603204D6343500DE681CAC0F3ABAF
311
60BFC1AB901C89DC42E202708F1F64D7409111BBF9F9A02688EA6C24C06458F51504123C1CE62419AA0750403E19C6EF279A3A1A2B906560506216146D3DE4D58008A01322F32920FAD0025F2CDAFD9280A5773560B290C32F19DE1CEE85055ECEADBE2140F0196C7067847C3061E4C8476421A8D44046B20800EA8EFA8338
311
2B4E8438C1084A166C09AAE7725FB3072E00AFC82FEF3BACF781E6A07CA87C405FE0E3C7915C885808448369F240AB1017F88C169C38A1DF84ED63F9E499A408268E0E4F808D703F511D8979E041A47023549194EF30434B353EBB1CED28502F60727939BC1820852A1B8909CB79F60CCBC2D2B251F0759B4422B1F4CECDCD
311
194C06186078736333447801EE7AF9192C4032E27378C163A014E200D2B00FCB448F0041809BF0731CF818521DE6A3162B1F414206A001ABF130A0004140981D7C1A14B16F10A622B92D863510010A6E4CBEF08D30A43C807EB6D402B144D83F062C10B0BF021310BD92BC273C1AE18090CBBA343CE42A0C8310CC3A470C38
311
8187014184800E7E8B7F0F9E3E7FFE1C190DDF9E3F834BAFAEF6BE5905EB19087CF23D8181AFE7BCFE501BA850C032690215967889078014139BBCFC044000237C49E0F001BA212D7062600DF1EF11120B40BAECAFE5F034D4898072828DB8130EF1551E310168E083079E1E1F64FE72622C924AE0FF64E58078220A626B61
311
0B180CB700EDD9DCE601D6E0DD70C0AE888CBCE33DA8B66125EC422589697801F10D5424A49C06D6F8908191B391334849023F7F06D7CD2EFA1996FD06DEFCE5979FBC19104D9AA2DEA828BA148D7A7B7F2028F0C50FC00083C1D216989B34A40D21AF7773C39FC2FA03732FE7E6565FBE0118ACBEF9F219D1CC80F49E3CB8
311
2AD4002C03341CDF0E631B78580DFF80DB22911D27464020232CB1824AFC42D4D0986FD043742154C4701B9C3796437C1BC19F976D718009104F000C906F843E035249FD49B45F943AC46540F6E117684C115C26B40C7D16C29A07518320F8B0ED83E5A060CFBEC41791FA3E79F319A02C60F17AFDFE81D070A8E05453D78D
311
1B0FF1F570BDCB9EF580CFBFF36E462D22C35C5BDBA4C13227F27B3736BCC3BD80431860F5E55C00B67B33404433286688A96CDCC3D810FC5004A2D0C8CA38283F707AF0549466402C603AA009A10C58F2A13E8DA1AC6C0149F421139074827DCA6F46E5D3DCD34C8821164CE09F3041443429317D302D69B2E325A4E39045
311
2FDF087E427B27091F3620120418673F92327C1C4E7EE7F967F8FEFCB3CFBE2409ECC993F90251F764C8D2288ADABB5EBC78F1E8F4A99B8F5EAC3D5C5F5B5F5B5BDFDBDB3B34C099CF27A376BBC9B0B838B7D806181449241BBFFCA5DFD26649B721064828F40E0C403322DA391178B085CDA0E49046907E61856CD5091A03
311
38C742AE5C6D06A8A16623020F7101E01249D6F9B006D801D115B1F8D85522821214C4D3E0C88872ACDAE3C34FA23FE1BF6CC987CE68F60015418A834B80DDC2D37D7D234F479E92035B0DB2F61CCE4E9CFCCBCF5E121E37D79BDA18DEDC5C5ABAB9F6F061D7C3530FD76F3C5CDB8B4C4CACADAFAF4FECAEB5CFAEEDEDE16B
311
FD61C1A107FC20B27B2D81B6B6B9C5490348308AC3AD2D49C832905E8401565F8223495229E8047001A29A22EB9350061A905826DC868872C45721218395C126958F8149807AA28A4396805EE0F1C5AEA05C46A21E0141C79348C3A099A05E76EDC404E0BD78BBCA6AD2F700878F55123AE9E9F3DDB9F3148E006E4D7E92D0
311
BE43B69BA012FE21ACC9F1B26D712E6D9F6F13D9458BA2EE869B37971EDD7CF162AF7DF6FEECECEC2B2C7C2DE9DEDD9B589B5D9B88CFCEAECDEEC103D65EDC90BC25E5C0E7DF1578972C86B6B6C5C5368B296431D8B77EB525B1182C86C9B9DE972FA114A48687377B8187C404D9920E9B876DC46E105A86F44F6EFAD02145
311
07050DD27EE2A90858C26290AD11BCC0313C213F9BC48056B0574F7E0FF470F236F9F9485F48F8578072F003DC266C8814B0F9D5FD0F5A62BE662CF8D9F33B58F327CF9EE21BB212F6FBC993276F9EACE2CCEC69BBD72E39DDDD74E3E6CDEBA71EDDE84270637B0FF6F62626DCA31D0BF7A74747D7D7E38EF18989BDF8C4EE
311
44FB6CBC7D0F3E803878E8FD9E80E0BBDF5D6FB41B448BC08036CBBCC81448FFEA971B9200F281C1047A14B0042CFEE1CD55431B8C41CA64E29468F693EDC7E6C26BF3AF407D22CD6F523D22FF1030C61A0198C876E480AD2A8983A39A7B8C0C75D864E8EFC72405588007220921F90009E019398012CDF02BA000FC1C1CE2
311
0EF230096B48169F7D06B652407CD5BB75736B6B63E9D1A31B8F6EDE00A4ADDF586B9F58C7EEAECDBE9A6E1FC2FA77777775B7EA3A16A647DBE1F9E3C2EE4464777728D23E3B3D4D4060766FEF61C35BA2177EFE5D93BD09018F63CE904E83096DFC724394B204C00A42D00688603AECEF0D744F02275F823D80458103A200
311
0749A9CE7212600142C207470029F7911621D60F4D046B00A3075B4598F460431101FD4433CA9A00204650105D46828AA4E0EFC1F3F16A3098C141A225925DC7D67F063C5B7D323C2FB9B994EE8DDEE87AF1B0F14F7F3AF5E8D1A3178F5EECADB5B7AFEDB5AF4F0767E3EEE0AB781C5E3E3B1DD93DD8DDDD7F3DEE36D776A8
311
A6E308FEDDE4CC443CD21EDF75A85FDDC753B23070C3FE160E000334363519420881C9B640005448B4E197A4E74D6993C960680306BCB4F8FD92D5C5C9EE8D613B0C12C049616A83988078700F699E10BA8ED45C8D158031822660F99EF296AC3A068E8C1E38608DA4C42C76C30859CDA41F450F1C09B00E6E51896634CA4C
311
12E087071828800D64FC89686B6B0B79FBE68B891BD153F0F0FBAF5EDDDF9BD825ABDC9D986DDF8DC767D746EFBBDDF157C1E9B5F6E9D9F689DD8383FD7D5792E9ACED542FA8DD7B6B1333D4D0844E45471C9AFB0417DAD726F6D66F74670DF0CE77F682EB6080738B0693A50D8940224989D2964083C50077804ED28BF52F
311
59DA1A2725C3C300CBC01B20012C8088CF66343036042D56475214E1B3487E0412CAB138C8AB70932CCF2326400227150BCC00301B01610190970FA26C266195656AE02EE8547E42F0E6E55C9BC110DD105944D86DE0F78B476B71E4B009B5317C6BB93333B47F7030747070A06E9F508F4ECFAA4775BAC8ABB071B63D186F
311
0F4E4C24F759F6800D876FA9CD6175FB9A4E4CED26E54C22E1B0BD9A8603C005D65F741D1AE0CC77A253A74522CB9C81B0A13653DABB356C11A50C21834822EAED854A8AF2206AB22F4E5A8653A45C7E93954A50273FF05536239791045E5D4D4A79C27D50EF555723D2611D70168836480BCDA44E200E802A0CEE4FA0FC59
311
B61E015FC1763F230517F6FBE5EACB97ABABA145916551343939D9DDDDD4F5E2D18DEB375E20A0DD137B13FB2CA23C6EE3351D9F2E679207BBC404EE483C3E8A25874755AAE0ABF0683CA29A36EA287A7F7F9FA6331DB76ED9D4613DF6BBD5914C0AD48A5651787F14CB1FDD9BDE5BEB9A3CF480EF43D11BA6B4213067C1BF
311
368B1F0608F4862C21D8DFDEDB9BB2F48ABC124943F7E2646863189E12805442EA09928BFB511E1DBF8232B6A59294A4A48A8117103506680707476E0441002D06A6A1A7F32345052D7F86FA8220DB1310ED979F4082831417B288448D06D1F5EBA74F5DEFEA420687B7B74F60D367F7875CF4FE109C7A02E075AB961840E7
311
58D93D18CA0C319109B74635ADD6A81D0EF768A72A1E8F4F3B69DDEEEBD707FB49E9F2F2AD059BD2D8DEEE181BDFDEB66AADD612996DB77D7A21081EB47E63F26B8201EFBCB5D8BB4C6950618B25BD68126D4541857B2D731693C9EFB7402A1F30811B8ABABB27FD7E7FCAD43B37802A19D9881407E09F2D873C8E2C1CBA74
311
B666043B443C23DC818A440EC0D721A521BBFD0C55D8975879EAC99381D4E6D686DFDF66B0DB91BCED4BA7BBBAFE741DABC6CAD75ECD22D25F4D4F3BD4B3485E43FB3ADDD0D0B822B2B636DD912BEF5CAE3332AEE441D23534148F478CBCCD16561B65C685DA5C609E4E9EA093C97D972B7939F7E20257C5E9DA775D152EEB
311
369BD4D697F0AA440490D90E2ED4D59895C6CEBC3589BA9A44C87A4878814583D71E050DB098020693243D10020888B6245EBF697252B2390CA9C482360A89D12F11C0907B1EF888BA87E62EB23D090512E720AE60A8781CA382A8BBB1E1C4CF9F630C01B0F6647838F5647803B876EAE6CD474B374F5FBFD1F52790B58788
311
73AC7A6D7A94AC9C20F5F4F4A84A37DA3EDDBE3B74E01EA2933B52DDEC747881AFEDE8EC880CEDD3099A1DA223AAB84A15EEBCA651CA12E1DA93367550AFA469F6F56BABCB35566BEEE055F244DC2D95BA5C5AA970B742660312B6235B800DDF68FC3ADB2379DBE66D6AF282059B42603FD88E25AF7F1E14C090DE44264049
311
60D9D8D898B72C2E7A43C3F303B0D31C69A6412C4289893078D0470A5214A1D86872E03E12E5D86BEC7676BF0F510D622B38953FBAF468692B8AA53F7A31016423AB9EC57EE384D626DAEF03A2A7175E61ED4866AF66DBE341DDF468D078303434941CDA17044D9CE63B3AB88ECE4E9A1E4AAC24687A9C7647742A7547A746
311
2C1E0B575D5407D5FA194AC7268768C54EEBB5CEE5DA05DE45BBAD826BDB65AD385F24B7A9DC91F6D1D9B5F6F5873716893078E69DB78BA2AEAE0210203801FA2212C9D64674DE3217B0346CA5E781817326C916290E4816180E98DA4C20888488C193890DEE402FC2503741741C206BD9E3B020597DD93B904A0DA7064C20
311
59A16834BA74F3C643A4EF75E0DADEC4C1C11E2165ED41701400537B7CFAFEADD9570B0BD3B3B3F727665FCD4EDF02BA4DDFB771F450649772AD54883541456127725BDD356AEAB59BD6D1F44AD2A573AB6C9D9DE19CE2B270559D5A6F3432343BF67ADF555321EEC4714B2EE882E7CF4FEDC303AC35947E3A1807396C5F9B
311
5DEFFA0903E64C5D5D764B089218DCDE22496F62E70338E106493A306F41951C8D6E1103786180813683A90D15072CD00B28C001AD84A80D9058C86F87953729C58637363736ECDE2D2CFBD4A92E50D587A8C8B0F2098D35EFFD000020004944415414226B7BC8D307FBEEF8DA046A93093A1299689F681F1D5DB8F5EAFEFD
311
857684C1F46C10B94D859C361B773A13BA88405BC539B2B8A2B4A3B3AE73F99A786C7B7F686885C5C1D14A735DD5B5DCD2239D9D55E688532F5056EDF68ACB7AB7F81A5CA0A3EE82CD76AE686C4A2AA557EA056E414FAB47EF832DAC3FECFE1104DB2C8DD7BDA68179B880055820DA42ABC832170AA1309CC79D9306BF4832
311
1F68EBB66F6C4A86DBBA4593D04E5303C386B997AB9018BE44E25EFDE4E5C093014219873725A60683C42BC1663F024B7D98CDE1EBEB0FD740D8E0EC6B13A42ADB8B1C0CEDBB8786B0EF08F6E0815B178F4CC4D5EA855B58BF7A16EB5F03A399568FAA22F1E908B3E2A2858A7DD758B12CC81CE9B805BFEECCB96B4DBE4E5A
311
B55A2DC5D17CEDB5E5E523A5273BEBAA78875CA05C522BF2A0B5BEF8DAF2B58B9D9F5E12F4A545E76B0445A28692A946397DD006279B5DEBFAEE501B7FDB66117515A4C172DAE00206837F637823655AB4A4445E914944325F2A1D35042627ED9B1B129161125EB2DA3B3F2CE96E9B4317E525487AE86683DD1BBDB974B300
311
35E80D080EA76EDC7CB88EBD260E8E22AC9D783A96442A5194226071AF8786D8C8900A7E1F71DF57B975EE2022393E1ABE757F7634189F550303E26B2AB53ADEDEFE4A27B8589659D9774DD553719AB27574742C2C2B6B84EDE4B6941118BD5C67ABBD58A73992935BB5DC696419856B4510A87D5A5BA3B876F2645DE7B50B
311
325E2CAEA911928295929B179466B39A7081F6AE1F0EB3C01FBA4DA2A68650084B05ED31859696362521439B219D825A6C4275108233CC830A7BBD0404BB0B0C93D8EA0D896971EE6500ED038BE4340AEF8770EF7520F9C3BDF5D93D149B13716037BD36DDDEDE0EA7279BBF1757ADADB74F4F4CCCEE0EBD1EA25DBA83C8DA
311
683CAE52C78DC6DD60441554AB3B3B46F1BB9A44C0343C40156FDF8D4CABE89A9A9A44E2B54BBB928C2729D5426D67E7C5D6FA9515978B750AAC1E2F3CF9B146997339E75A67AD91495020812C9B4858A7E4D72E5ECCBD562793F345E77776B4345B6F2DD3AB354A3531C0DA3A3C203B37F0F59CA8A00BE4D70F22008C9B5F
311
DADA9000FC9001247E11B6DB600A0D4B442254601B9BC328921B27BB51216F6C8A1657DF3C197E32E0BFB91E1CBD3FDB7E7F3A1E9CD8D5C55F81BD20A22313C854C1D1F609D8601635587C2282C225DEEE8EC701EAFBAF0587DB383D1D9C8E73418D9E76BB6D38CC0B6635178C8FAAC1EE54D3D3406C7744A562A577597607
311
44A6829AD0719CCDDC595BD7AA5DA9B16E6F5394BCCCACD79FCCD5C8A5ADE2DC6BB51A8E6368D794628C65AD82E2E2D18B474F2ED7AA951545622B2BD45819C6C69729356180C0283CE0C7C6C062BAA0AB41140A21135A4C6DA2E8CD0D912814B0A45115CC5BD28645512A05383401033620944C36764F5AD220458892D527
311
9BC34FA2EBC912715D900BEB133AF7C13E96398144DB1E07513F082EA8DBE3B37192D1E3F1DDB83BBE4BC793EE037AE8F5B67B9C0E062391B811996B3AE8D039394D55A12A68E4946ADBA87A9A8EC46D365590D20579A1DE9A10B4D6156BBD2312A71536DBADDCD2CB5617B5AD755182E034AAD5B92797B9565959615D6E99
311
C6E9A429D7D4D48AABBE557EF2E38F732E7ECAAB54D27A9615A4F5568AD1D8A4659AFB0BF717A6E1018757A57EBD986EE86A08CDA3D21185445055BCDEB40460906E908886D3A206435B2AE5073F8701FC12FC68ECEE0E9824C3291104B301EFB07D694F572C55AB689E76A926DCBBEE7824D20E3F770F217DC7D536239619
311
1F9DC68A1248D9E3FBE32C568F434783E0BAC16246832A954EAD62784D2143D34A46A651055571DA4DEB39DB742462968BADF5DAFAFA1DAD20758CBAF54A10216401AD0B997D9FA156E466958AAFEB94B78A8F1CE1ABF85C392348C7EF5AAD94202DF9F8E4C7474ED6A982EE0ADC219CDF71094ADBA88209AB01B6F75F3DFC
311
21CB03CE7CDD96B283075806900743228B1D15987733855AB0C13F60F1FA450DA6DE00CA2243770188ABC1D07DBD71D2121ADEDCB243419ADF4C0D9FDAA34B4A6A9D0E4766C63D841A750FC55804103FE44ABAE3D36AA33A3ED10EB61EA491B775E3E3DB40E8D756AB956618EBEB4842A782EB2B122A8ED3D8783AA257D00A
311
5510FE029E17875922A30B324180FB0AE3436362A65D5556CBD52E772C176957480408828277720E7D6D87BAACACAC8AAFE56472562968EBB520FE3B391F7FF4714EA94C197414D7BB56C68AAC5A411934D29AF0FD8505D0CDEB3F7AC0E77303FEA60611B03E9D0E890C5EEF96645382942849C3F125E9B448F46440940E4C
311
369E3EBD351C821D0E0DF02B6F1BF403EFFCFCA3094791B88AE27466B34A1771EFC7D5EEF609F75E32490FD1003695CAED00B0BD02DED389A47545AB7524B17949969DB2EE73CE84DE1CD4336E8D92E37905AD332B9C4E959AB7C18DE27A1D2C71FFBE6C86B52A5AC732999231E3B4BEEE5A2D0FC657230815D67A2A23E3CD
311
A03EE623CBBC825556296BE56572256E226A56AC3BE28B1F7D7C2227870D5615932C28D49F170080AC52BD308DF5C30064780A8D81B6012F1C40324C1A438636BF172808F266C1D2EDF8964EB7F53E9178B3218022C1D4DDD0D43D0FD5D56F5F44F10003DD5C638A8F2E5785395E15B745B0CF3A94A86EDA25CD64924135F6
311
97667446875A4F6B7402765EAB985AD1EE6C5338C97A4A30D29C5A69932BC166947AA79562A5AC421F34AADC4EDAAD8277A86EDDE26594E0D467326C05EB70BB1DB5B5E16B272F8AAD58A375659C71DA6C41CE5816D6D48CF1559C59AFA438193555B36DB5EEECB47EFCE9B5D2D2D219C7CC7BBF6D1DAB2FA9A89132ED6E36
311
635C189DBEBFB0DE941585CF9CF9FC87F95083693E1502F0411E2720E84F2121A64D517B3A34EC4F0FCCF792FC0F1E300C9ED4DDD06D3079251B4BF66ECBC0FCE666F4513BF5412908974D655621A34566B17E95DBB58D5C94D4AB958EA08376EB83F1F878841676EEB2526972FBF5B6556A55D4D70B0A86B6D93474C6C129
311
F51A15455DAEA9A780723A952AE144816F0435BAA55424122A95239311B3BA89B88E57992F1E3DC64E6977AC569756A06D7ABD4ECF9A6B67C6CAE43223C7B232809DD5055357942D7FBA5C7A29E772A6ACB8B8E84885B4A4E898715AC532AA053564A1B5EB900388077C0E5DFCBA88B4052D01E47F748D3642887E931D7098
311
F687420D03689A872C96C902C9F0067E3414741B9004B6BC8B7885D7BBF4E8A0ECDCEDE50ECE6C56D0EEFDC441BB4A1F8CD08C422EACE88C6A8ED1EB749CCD0694A35DD4DDA956A0C0EB1DEB0E6AF3FA1D21A1A3CD61B95ECF2835B62A9ED2B2635696A2833A8E52201254BC31BC70AB8361295DC291D4BE37058035DAEAF8
311
CEA317E542D2F5FA357820AF092308E41A565CA4ACBB6824144076B95ECBC205CECBAE5DAB3A79ACB48296BF7722A7542A9596E4A8542ADA4130797676BD31AB87E08A99EF420D0D6D86F901914114426B28B4B5641FB00C181A1AA2E9B4DF24320C589005067ABB1BBDC3A89371FFA429E41FF69E5E6C1B188E6E2DBD70B5
311
7E70FBD30E0E199837BA23602E6AB59E4B28D40C9DE0E40C63D4EBF52A3D4FEB18C6651D53AC0008B65D9475C765A5120C4B07C3BC195652F2B96A562A08491DE37038D42C4512201709D236272CA748B02EB6E6B263225E66AE5D5EBE98CB82D827B7578404A7E6D54AD661CE8C95552D1FE33907CB4A61971A96AD29623A
311
35B93299D8EA969E38714476E46CE9D152AC5FEB4689A17EF5EA61E3F7E4C2431202210906048804003D60CE228A6EF843BD64A17EFFFC30A031604A0D9BD281C526C9A6D7009DC46B1285362512EFE4A468780B06182A79FFC38BB5406370109A027403F86827C03C21D700D8183DC5D0725E4EE9A86D97C0D25AC0B7151B
311
C4B234E3A074AAB0C6E8749ACD7C9579C65A33B5422519C70C1341A98B1F0E9DD9E6A0E9882E38CE3245158E091D6FAEABEBBC982B1653940B3460DC1CB699CD09791527965555D599E546639D8C6557A4C28A5072E4626D9D582C160A8F5E284292CCB970F6985EEDA032EE382AADB5F5D36F49009C41085810E2D9100006
311
CE05EC5BE0FCA889BCA41842596459850798D2A26E3BDAC6504D0C22911D79C2EF6D9A6C10FD726B69EFF589F73F3C29AC70BC9C675C502854419B195BAF533175B65A1E643DC18180EA393D4569A7B206780D10D89962188A5D013733734A07CFF1661BBB3DA5CD3074C6CD328E95F1712745D99C6A35A58D2025E8C06458
311
6550535667E6EB2E5E3B816D4E6A5D2B0933E754720E4D874E26BB76B28EE7F5C66347C6042B0DD25721BB565757281B638F1D452EC8C9293D713497E7381649A91D32D95AC15B020167D01969F0633A080D0104FA625B201A85C78706600011301E5EF1122951949E9C8407C0302691A80D7AE9D6A6BDB1BBD1BEB475736F
311
E5C4FBB74BA5022F97C99D3A9D5BADB2A9CDBC5269D4CBEB341A86A119559023D980E3D42AE201402FF8008B6067F0A882B7A9F4CAF00C5FAB416A4F9619199D43AA615D5A9751A1D0E86D1AC8BBBB7A5592BD3C25D37009DE6CAEEDBC565A3C05C96BC5A5D5A9D588804C6B955C96BB7CF25AAEDE484B8BB4352B14058E20
311
957166255B233D76B2D55A23CE292DBE5008B064DD90042290D2ED87D530AE1A32F8ED936D8074520CA193BCE19F874B880ABCA2F99488182000E69B16355E8F6ECE077A4D5EBBA8218DD13A2F645BEFA9A59B7BCC85DF5DCA291104195F0BC1C911840180EC6673476DAD19A7CC38944A643A6004AF56285A15D6EDD7AF5D
311
587B4661E48C00C8B086333A8C8E4C95660A744DC1310EF7CCAD32F9B84EC3F1617D47B8908BEB26542E869D62CC3A80A619B5404E8974DCB5FDDA3D15B10103699DB256C65EFCF4E47258EF60C4152BF5500358B69E65982A252B941CBDD86AAD1003082EE58479D9946E747422185F7F71EA50117BE7CCF769BFC58E3610
311
4471CBA22944CA7EAFC5102A6888DA53FE50CAF012C44F326F02086EFADB020D0D225328E4DD94D81B1B1BED37B66EBED0557C70E9A8B48295CBCD36A0ECB45A1FD4EB39B3BAF3625DAD9C633807365AC93B9D7C5825AC88EB216544E2C1445263549BE509240A8DCD36E3C828E4F21A6476A5060440065A373323676758B6
311
4A33A34765A13E705B15820619D5C6D5D55595161729142BFB4941150EDB6C09651568606EC772958A313A8F28280236DAB19A1A96519789A9C2933994B05371E2C289DB67736425F5E3417800540918E0F0F81E1E6EB184FC16B48311F2A20D0C0EB62D9A4E17D8110A708AB9746863C9D400D56453F4D2D0206A688450BE
311
B175BAA9C96E3FB50410ACF8DDED8B3216556721A7E254287C542A39BF70ABB3AECEC6E9188EA5E482DECC51B4463D9598990203848AE7A281942A3D63248792410D93CB2758AD94D124DC415E0984A494331996ADAD9533F18803449A4A9495B1FB4CC7F272DDB163978B41F5AC78134DB856C5B01ACD65D9B5CE2A9B9EB6
311
B1850A2AE9125C2820568431959295E6CAA4D48AA2A838E7C4D94BA5ADC515AC2A3811D9DB7BE1FDB3017A8753A87A874DD03FDB4CA6F416AA3EA0BDB7C01E4AA75203E0477E3FDCBE11A08822C9D2606A44F364EB97A7FED43569B87933BAF7FABDDFDD3E5A289316F275284D910491057873F856476E15AF51399DCE3146
311
A1043C69CCE631AD502F58AD43ACCE35A50F22CFCFD046F528C3B0EC38C3F32EEB8A34C3E874468D9264485D469E19D3A8295D24A253475C88B13A25A55C5EFEF4DAD18B472A142E8A8269C30B1A9A66E4F2B1AABA8E3A8D8DE38D4E636265A5C6B553330548753858974C21732A14E2CB176E7F78F448EEE51A799094AA7B
311
2FAE7F7D4885DFF91EDE0F3D340551D8B268B0CC477FB5E10523F4DA0B90039EE0529294DF1B4D791B1B5125A05D256A9C14D9EDBFDC38F5A7A6EEF4CDA58D4713D2DBB7CF1E934278014299D541B01E756DE742C772679546A572222C1502AFD13B9D46BA66076EBE63AD0753ABA1DC6EA731AEB32D2CC81D74864D301CED
311
5A996266DCE38CA34CCE38C66905A7B56A1C334A87CA1D746B052BAF8175AA8E7DBA7CF228D220B89E55606C6ABD3BC32A9563CA8E0E8D86430A72AAC0C3B7B7A1A24C59593DE372C9E4B572962D3A71EEA3DB978E949DAFCF04DB27D03F7ED4040F2089F09DB7887F081F300291C52D8B4B4B1B5BA23943414181282D1A08
311
1950254BA200C126FFD6267463FB6413DC63730B623AE4A3E8D28B831278C0C912F105A99CE739BD5BADB6A950B18597973B9546A353ED101435651ABDDCA1A3AC77C5D6A97A9020664A607590B469B5FA964DA5632996E5F5497A45CA52C921B76386A533487C0C3BA34A3AF4E33A37379E646B502E1DD0B5B2E5CE23B982
311
005EFD7A5B4B9834939C621C4C55B8A3D6CCEB2341B96E3CB9CD6E0B972F8BA971955CEB6A95F3A006E213B73FFC1084A826E3400EDC9DD87BF4670F802888F678D60048F20D2651B4C06B5A149DC67751082258607E40129D1F164DA6A008A15E6C6CC428957F2BDA74DD3EBFB4147DB45B71FBC3D2B2E29C9C63B242BDD1
311
E1409B06023507B1BE16ABB68D1AF9B0514E1230454D9D07551DDBD9D1B377AD331C08BEDE084CC76BE804C51B055732091EA0A367B41994C30999421334ABE038C8AEDA71816595B89B172F5FFBB88E615D2E1774858C8A57D22E78C08C66614183822C6834D2D4908BA5E9D61A68064665929233F84F5E5274827800AA2D
311
25C4A6F81E3C008A58960ABD5D0C11F79FB788DA301F121261800CA2A0A9C08B4468476B60318DEED8C0B0BDC162D90C6086A27BB2CD1B45543435DA51392EBDD8153EB87DF46269714E6E6E6DD8A651EA17C2E1BA2A4EB3DCC9C125D56AAEB0435F0B949B9AA204310C506FD51A57B6C719A58A531A6DE670580E1547A095
311
E00C569AE6B00286851D1846219BC9E847391DD4224706F5335336A3531C2BBD76F168AE12A25F22E9D2D29C8C063E3A665A95A30B1DB76A83D366F3F81038629256B0AC8B6298957199520994604B64676F9FCB3127661C102C20CDFE450810EC27E3209085510289BC51AF378410C08F063FAAC4C0F080A8607E1EB42735
311
1C48A74D104220F64BBCDD4D0D0DD7B71EBD18623F3877B6B4B8F4ECC5AA2A4D15FEA9E101B5E1858E4EE47955D03CDD89125E4DB177EBB5820CB91EEA4E86B2323AC6A8D0A8F4EAB019B5F00CAB50D6622BC7052EE24EB0096CBB43C9CADD491B747C8A321AC793F53B52A5C3AD2F3DBBBC7C543CE326EB1F4ABA5618979B
311
1E372A33F20548EAA3C1E028ED445F40BB42EBC68421A3069954C6E22EA542909EBD7DF608D0C0E19E88BBF7F66E367E8E4A208B016D581866A501840191099290D7BBD1D03679EA348C01F56F004D00BB28E06F6C0AA552A97978C0A2491215490A26AF77896E8207ECD69CBB7DF6C27BEFE580A57776C00061B58DAFAB5D
311
2011401935EA51B3C256ABA705547F948CD4E9F55A87638A1DA79D4A10371BAF67B899328A91F3B455C15EAED3C7872846AF8FE86868DEC1FBB36A4EB72267ACDB63E2D632DD813BA734B7EA1ACFA2059E74D1E3E480F4E43432CA0538DE82DA81AC2AECB0622A91A1A4745CA39C617829C3389D6C6BCD516200348A68345C
311
E1018D50C44831F4CE5B485CA66C3714C3B2DDA6829B44150B2C4AECA7A111FA91054229BBC86487C7FBFDDE90248D4901917D4362EF6E3C2D7A74EAD1FAAE0003888B8A7272EBAEA16DA7D154A13E2DE4D56A9EB7D17A988357043BB084BB352CC5D3DA7A6BFD6B17A46B482709214301C57802778C9C63512A94552975E3
311
0C433B6807A5A082A3AFEEAB603B1565DDDEA9BF2C77EFEE0BE2BABAA385852CED76AD1003B8F793E30E1D9DE14617C20BD36A70F1C4CECE4E0DEB981198A03A0CE08052941114AD39E2D28F4ACBEAE42CAD0A467627D65F90BE48D607BE5E1C08580C2292012C6DE0C0517B54E2C7C060D40B0CF40F830B85208D7A610009
311
EAC3B4A16D11DD83CD8D686363347DE3C6D2FA4151F18727641597732E56D5D575DCEAB075D46AC272425A9D1CA352994779C1A8E1A9E40E0B3774B9EEA26FEBDAB72288291DCD2861261EDBC442126077ACCC912A66889DC1F2DDA8119DAAD1FBF739B702BAC9B6ABA25EAC8CEC2615E2BAE5A3C75066EB207C426240D618
311
724FB81D8E5BC400A3EEF18400FDD80ACD4DA97407C3482747E44A41A829CAC9B974BBB4B40AC68D4C1CB8DBF71EC100A41C7EE79D3FCC611A6A2E6D203D004C0AB69DDE8A7A430183DD7B2AD4808691C9329FF236C0039ABC0392F9E161511BC628A08A46458D0512F4BED6F78B4EFCEE88ACE83DA053555547B8430D76CA
311
3BF52A1B8F4A0DE5EE02D2336FA6567690B5857A14C2AF57500FB354024A10EDD4D8941CF42E965656B15A8162731D432E8146B34829CF405AB97F4BE74CB0507FA7CE5FC6B9EFD2D2A3E001B9C052B086F1A92936311E81803094712C2C8C8647A71DE0CF2B3BF5D6ED845EEFDE1D0DCFE81CB94E48E2D21A99F8A3DB2772
311
78CEAD020DD8C388CC8F063873E6EB49C285E7207CA0D2152D36449796BCA1DE45CC85F851104211F70F784FCF899A9AA2C3C3FEE1F9F9B6360C8E0C6F45D138F3A20DB6BE7FE1DC39B6B5FEB2AC30B70A5349A0F666B39EE3F41C4DEB69DA88669452A70EA369CF2A6D6CFDDD6DEBEBD7FBF49430CEBA128C8EE66C3C0A23
311
2CA84CCED603EEE40C3DE474A25746831BE883E65126A148D0B6156B458518AECBE69CFDF8D39339ADA0C143149A664AACDDAD8C2733B6FBA346DB743033C340704007C00921D2ADAF0224F04AA7206558417CF6F689320E297736E2C6ACC9A94303200CBE58F48B020668DCE8FDB7611404EDDCA83D00D22FF21B70F50486
311
46530D05BDE481CD61FFFC406A0EF5F193CDAD2D9128DAD575FAD40BE7D913E74A1515C562455D55AD59C9A31A06AEA1836344FE7133A36156C7E9C151CC095698BA7BD7BAB3FD7ADC38C38E8FEBD0DED7D96CA895588514B5140A588A2E73A06FC830AA039DC209794307A61BA123D0FAD8921A877B68ECD2871F7F7CF464
311
45BD94DEA75C498A9BC9B8F7DD8E8C43B3306AB38103B0F40A4457AB0B3A3BC2286C9B366A38C4DA38259CBF70F6228FE0025B3C40BBEE26C1001C5044BA2106C0FFE1FD8639FBE26281F7E61610C12B424F007D61D40203227BC0DED47D7363384D2EAFC4F4A83FB5F52B89A521DB05E5CF8A8B2FC8A03BA21A929B8DA804
311
CC463A6186A0050F7028CD280939CA66562B28E9DDFAFABB3B3001F239BB9D30BA152C6DD338F4AC9C9566AB41294529A9A1C44C8632C623B4C299D1415170BB695ACEB06575BC233976A4F4A34F3F3D7AE16E8D40BB921045943A7A77DF4D24950E4E856E3257C52A56A8CB56140A700E77787454ADE19DE06042D5E50B47
311
2FD62A39B9D18D39B2AC017E4C839084D24000F0207C8332D0E007FCCD1B1AEC4888007E912835E017A5258DDD51740D53BDF318A24689E0DFF28BEC4DA7966EACE59E2C3D579C53542C650AE5851A8D8D3686791DC5F14EA8812AB95CA9A9A00419A43BC281EAAD3577A7A650A2A0D5A55345CC6E70598E911F1133829217
311
08D9237847E9292862C8FF9AA0512907683B9856696E211FCE48C539273F5DBE78F244FDE5F35A082243729A9EC8B88D3C5DD501FE013DBAB095A9DFB1FEB6466038B70342943BA3B161F9944C5372E2ECC95A954DC3D1A88627D66F7C97DDFEAC2808986F33A4900B436DA66E48A3D12D7482A222AFF7B4448401B2D0137F
311
D4D0D0D87D7A0B6352F080B9B9C03086C9EC6951C1A99B5DEBF2A339274A65BF7D4F2C97CBCB78B58DD1D92081F06602E346A35E55DB8A3457158EEF24A1D75A19C50E6BA3932BD6A44E87B10023B47C4E79047228F83A121FD0DDC5A23B12D1E9323A6634AE6666C00832ACB8A4AC361CD6B08539473B3B2EE69C3BAFC532
311
B130E9F8D0904E074DA9AC23A8733A22B46C86A941CAB44A83A34187DE886119B913098792F1B2A327EA6CA8578DF1F683DD0960C0A101C8251321CC0398D2C3864594C3DD932806A2F679435A723ADA051C1019C006A3212860A736B63032318FAE38999EC53CA9F7F4E99B376619D9C9DF9D2B2E7E4F0A03F02CC017E1A7
311
61C00174B4D3A9348E76F07231BF1036D64F2995F5383544005A435A8AA2C194694AAF77C88FC8A5AC4C092B246827ED7231093A6234CA67387570C1AD85D2EC28696D6DE5A1B48DB3A5A59F2E9F2D39C7EEEC08D60A6BEB38953CA0016CCAAAAA511A4287CE89FA2FA9BD6B758EDA384D58EF76835A3B054AA860C5977281
311
4F9C8DF4EA7677D78924881C8830F8E28701E2F926BFC9603235342D1AEC124C425886BDD1A51B9891F043314FA167D88472F8F4D67C0A1EB03A10C25515B808E3348AC176E7B163B72F95BEF79E000370565643519C5263349BD1F307BE31EA050C289817469DF5F563D67A80202441A47036391E37F271A3123CE848712B
311
2395C96AA4802E9B43872D271A00C3422E54EBA8FD03C8EBD29C9C4234DAD0113B76B1E3E4C962306A0132DC1833BE3FA153EA9999AA5BD85A94428C8AD26A41041887C651150EBADD6ED6611590035AD99C1C0DAFE6102718D1D85B3FF5A301B2B2F0BC77B16D1ED2703A60BF0E194074D36FC19C8BF7140C405C80A8A2A2
311
EBDD05E04603295C48B13AEF270343F35BF686E88B35F9D193E73E8248252DABD22B050E00A8A0357AB3995381E82828B5A650E9302F70E804295ACF6BEF0206B57104A5634885CE36825C296B2D3E22178BD10185ED3A41EBE4140BE443F31F522A9AEE43096761C97B398510DCD89A8AD26B9DB94773AC35C298158C5F4E
311
BBA71D1A8D064D7F25B41587CAA61CD7A218606AD88C5B13D639DC999919B4A32A5086E5D6757241F3827A3A82162E51C5B39500690D5924F3DD8BE80C430FEA6E3A8D019F2D7447D31249145D636802D87E4C0F5E6F344111191E488BE67AD3C35B4889784643F4E19AFCC4B9F73FBCFDBBF78AE5BC42890C86EA8C45CFCF
311
C6A3C3855F8CD07BF4D02D14D0E82A90059009DC24AB5168094344E594360D26BC94E252020214576B34520E96D10D512CE3349A6D364A7790A08F5D2ACE51864739C59123C7EA96AFE51609E0D55661655C6F73B71BC39A0C2688D5E8C43B141C6DA5C7ADF52BAC0CFD95B05E1F8F94810368ADC8B4278FD5D5F290288213
311
C400F080EC015DFC87C0F0E6E45C201D68831004A937145DF2A6037E9485D7ED104A0C224403A648BAED5EAC1F74A96DC0EF876C26229323D187EBDCA5F7FFEDC3DFFDEE83F78E80D02B3234F8A9C2E8E421D6BA51E7CAF56582BCB536EC8410A0509CBF5B3F757787D6EBA87AA85EBCCA8696094B179D9072D29C521880D3
311
57C17E0A45C61D71D02CA5578531231AD94D884BC5638C466DA4CA724AAF75D4E596E00B140D7D0000200049444154CD04105CAB92B4216CA33A876D210803643285CE95E4B8D69A5498231163A7868B27E450490597543675EC582DAF3272FA78700806B80E031CBAC0E7DFE36A4128C2B86CC634D9DD78BDC9BB14C56CC8
311
3CAA8253D190213D691FF047D13FEC6EC2F417C6A70D6DBDB0C016EA85F902EFE91BB3851FBDFFFFBCFFC1071F144B01FE53ECFE7E92A2D510E75443340736E82C9429D9AA0E39DC502E9C871CB483B6C5F6CA144B39CD6A232F07AD2F2A6294ADA548050A0597CB30E348E2499A6504B9CE8C4E0E7423853447CAB2368D5C
311
C829CD810374CA84847405735FE263E8253B5541ECF6822E620BBA75BCA07D4DEF6CAFCC6894E34A3DCBEA6C6563E3989C2B64D863B9B5369BDCACD663FA76ED2140F0F07817A2E0C0F0E22274B1C9864503143FEF298904F5AFA8C11E2D30854493A294640983108DD73724514B2F948390051363695CA3230A791FDE2FBC
311
FDE1AF11021F1403049DF5DB98D2CD306654B950BA9C143A827C2E3A98B78C82552A4349FC5B10A1D7DB0918609C31AB9D8CA696678B84125E7CB4548C1E3E25633219861128081AC8134ACD0CB5BBA7D22972CED7539C91122E979EADBB76B2F0428542D0D6C8A5E232065920ACC1BC0D665054C8AC6A7A657B3FE99A62E5
311
CA4CC6C6BA1DCA32A00BE57232CCB15C5EAE97EBD5BADD3846D68807E0802AF4EEF7E8068BDA065206132E2B6C9C6CB43F8A6216063312FEA81DF3FA86EE79BBB777FE74E3F5022FA6CADB0CB894CCBBB569190898EC76EFA3D96B973E0406BCF79E58C6738C756548976465E620A2D74D9200BC405E260BAB836C3DC353AD
311
D8FFD7AF21FE69AD324AAA21FA71D8CC1617C9CA14478F0005CB9472B4F3197A6528023760740871A4C4C87ED991CB350CC191E213474F5EABBB76AE46906A57A4147B4435F45AAB0469522F1823118AD6A99DAE7D379144E44618004C80AB2B655BD915D40D724DA1DE8C226D3A1EC1A8ECF543559C18E0BBC0C0FC641B5A
311
2096C5C9C6C6C5C9A61B4BA0C2D0474CDED300407B6348B4944A459BBABC1B5ED10006C90369A86668A1CFDBD11978557BF6C37F7BFFC30FCEC1003C4FB12E7702BB6E33F300402683869046AE2CAB5AE0A462B9736CECEE36961F6FDFB75A158CBC43AD326BD0FB1217E5B215250AB140C9ABCA66C6A1868DBB861C8CC0E9
311
3536669C5C19E26EFDED9850C827EA5B4B4B4977B8B85E2AB5226B28728DEE24AB017F54DFC7041E9D701B196D8219DBB126944AC485D96C5357D5281414060628D014B99EE7D571DD2EBAE34D240B90FFD01B0B0486910653987E203360D751E291AB69D10FB0E34F0BD84D76748CD3F3D1265C9E2511E16FCECCAD5AD25B
311
5B695C718F24197D587BE2FD7F7BFFF6EFFEEF659694E964148812D02A470A832B3B694EC36B34E105A7945652F5F535980C4804E96D8C87301C3423B3D9AC148A8B73645294AC68E942BE040DA68424CD08025F5BAB0735DC8DECBA13F5D6A90B858ACBE20BC517AFE59E28B90C0368A5900985A1A443ADD431D3D366F704
311
A6C739C68591C2BB56418342D0367A4B63332B40B1C94C951C1AA40AD311E80CB54FAF6356FC500F38030C48A5DA8830B868E986E4696FEA3A359C366156100363265C3782BE9137301FF582F6F82D7E5C46B3DAEBDFB8699F9F0F1098B861FEE0FD5FDF3E57F4DBCB62347470B1C6D050027ABC1CAC0B20E0C48A784EBD70
311
5FC572D2A2DFEE687756B6B5E32CA623A079D6DE52DBF41A656BF1A51C281652C1E9847EAB40DC502B4937E3603138C63B150E2C4B476931F7A5642FD7949CB878F1E2D90B52610C8B1428A56E3793D1EB59CCD5BB336E1DE59251DBFBD4D8CEB6C01345767A81C704095AA5094C2B1839B4E151ABAA8318595DCF4E0A1F7A
311
C0DB406ADE04C7362C1A44C0007BC1E9024C4690517110414C0A431D47931402C829B4CC314DB7DA1B48210DE28F4E583013FC5075013CE083F3E7C5D0DEA4A02D437A5ACE1991E3544E8E722AE5658572F5C202C7B9652515777730E02968B5DB777758F688D93C6A867BB4169F132B2AE42CD295822D2BA3C791E092C8A5
311
8A424D993229B887A02CD588854442CFEEDCBD5C7AED5AD9851382B4084E30D52ACFC0E03CB8300C804643D2C55A5FEF1F601449400A8007DCAFB2D9D067A2C0C812E02636F46EF4A398445DBBD148FEC0D4611E7C2B1A48C100D0834C93E8017A4F653BE4A2346A432F001F2CD164EAB544EDD75123F853F3E4D2F2108AC1
311
40EF5C1A13452F789205CE5D461A447F90221372945C833210E37FC8824678395F7BFFBEDAE8548A31ED47C6DBB4180FF8AD5023AE32AB50ACCA99A2F7C43382540C03C865A04D19851449725C8EF98A2A3EC306833C2F945CD6BAE8A0DBB5532F2D3C52567A42CC16C325C0A7500C19839A7156EF181A675C43E3AD024260
311
C5CA9668580793512FD4F25C194A469AA2313F6356611E07ADFAE9F6B587DD7F36C099B786017F431B54B0360C8AD90B44F68228FA2398990FA13160B037980084BDF392862E8844F303D93FB721C2B8D02A6ED9A3A7D6C31F01042F9D78AFA455CAF335BA217A4540B4A102A4292767536A6ACD7ADB02D62F68E91AA821D6
311
9DD78040EB658185688A265A9817A4155229A834662078C20B9C3C9ACA092C8EE6CBCA040E8C081CA278CC15698F6010BAE85899ACF4EC05DC077EA39047F669169FC6E82132CE500749690534C71AAB34D72C47BFC076CB6C34CB208CD34E760A1F88290EC0802A3EBDF7828440B61A0206CCA506C000D017C0B5820D5E51
311
013140C3BCA9170C18AD12DC292948F54A4C5DA7ED7E0446602E104AF937F14777A0A57BA3EB551F7DF8FEFB1F9D3B5124953394D6E9A65758DEA963341A14621813CBBA9D394EB3B8C283DA06FADDDD494A31BBAA6079B3CA861A9741A9866148A93C21555495C914944226953114729C922FCBC1E4D590CC595301EAAB9B
311
8824A704E91165EEB9132784121668C1F18E035AEE706082C029D73998647286DD76D1F556F6082F4E52E3DCAD4CC2CCC8385D84C2607D1D9A674A2E48830CEFADFFA8889138788B0BAE31230226D800F1B3E1F4E968142C08974C21FAA1879BBA4D2130404941D729323A323FFF72F509A906456D98A693446F749EFBF0D7
311
EF7F5452242E61A52E64624A2B2FE354749D5AE550017478A59CC0111C10E0BE835A08E15F568641AE7170254C8175D22E011EA09D01FBA1406DC4534EB94C81E73A598EAF2B54CADDA8AAA563F55857D05D7F794C9A5B567AE942317ADE0A8C53540577554837FBEE699D027E3E3ECEB2EE8460B5321778D6C1C96D551C12
311
5FA173D78D6E11AEA9425E34E33A0C0CF0C3003F61000CF024656FC3FA91D644F66E5C674FFEC8825D1432C120DD7643378C8161497BD7CD2DFFFC13CBFCCB37031817F763823215F2471F8573DEFFF5AF4F9488C53205839614A038A3D4071D3CD42A4C48810FC86DFCA85A49B33685303655517F7E87958BEF8E8D65640E
311
68C6E15A25338672758A69851F488B643902555528770A0A5661ACAD3B2ACE8C8F33FA4C49912004678D48034255E1C97327CE4B57568471A75CA37463C2D0912475970ED70A01EF70B9503D2DCDA94565E100CD4293A65031040C4828507BC8F5184E0E460E265E7C87AB05B221F0CEBB5FCFA55222882173065193A1F17A
311
D7A9D3F81B132884450DE88F9A30178881889425DAD8058A1C781298C70533F85323FE5E030C20913C9A283DF7EB0F3187552C5500C130C5C2B24EBD3EA3C3709CDEA90ED7D2BC0D79C0C12BD44A292E5CC0DC061233E41CD689E1005EAD99715C6E5528B433AD52813D9273563C365305C2826B21185C0D262B842A8AAA3A
311
E7F2381544315433D6CA971DBD74E9FFD6A3F327507C2D88479506024250EE44254E2650311E61A5E547EB66907FD1A3C0108D8C63D03C415B86A3F4BC6D7A543771403C203B2D4FDCE0EBC55EBF6412978F2F62C7BD60BC93A725F602CC4434146074A6C0BE68B27B53696FC3C32E6FC834209AC70543039813B7CC0D0CD8
311
FDD11BC1DC4BEF7F547C5E2C962A68AD16B38F094141AB1268C08CEA9CF03979AD114C000C6C21C38E81BFB08C95B5220BA2391637A26D8AB19E1254AC729974E5F2C9A348706390FF10AB0A1A9747C90BD5115C348006370647A7397A654AE0CACE5DFAA8B8A286200757859101A54D975490614C3D4DF8134561965E9A53
311
A65196399455B5E83C015E69F49D400D8C20ABB816616D7797B405F0BF8620B5000C904A997051FA2272A01D3CC03BD90D20440C3490812074855014F8E7FDF61B37A27640E5C07C0A2130BC6937AC06D03FBA113C76E9A30F4F944873C402768DA69309859377AA781BA736D2C605A45E3ED78C19215B18D72CD4D4DC4573
311
D0AA856E8071307750896B1D5AA5D044A572995083FEE52529F61593D31CA760ABAA72730B39874A87011356DF3E6D0BEA502296E514DFFEF004AE028284461D9BA1C795614752C741487410038031515A852CB7AA8A933B34E63A9C47114539511C8003D8E41A5BDC1DC185B8EBDFE1FFDB031A40BEA137B6890BDBF02714
311
4CDDA2C6C682A5C66E0BE6A70BC0F3D0148457984E4737251BF6AE5351092E2D2393A3D003BCA6F9740AB2D94D2EE7ECFBB72FE5E6948A151C379548B26EB07895CAC6A9D498FA55DB38A51452A9935614A23DC1F298DE12DFC54C15ACE53006D59A5A32DFCA081572A950D38A0E76C938146592AE188C3F4B8FE5CACD1833
311
92B70AB42AAED60DA15CCC3D92F3D1D9A2734003E9CCCC9199A456AED6B9A7D5B45C1E7183F34AAD195E5E832B8870CDA4123400FABC8006BC409B791634D0AC093A8C91BDF88DEFC9DE9328201E1018162DC2006DA6463841411493B3A8031BBC5E5C4B84711891A9E9F492FDFF65EA7D63DA38D3F5FFC0D8CC8CC71E8D2D
311
A80B3202147B5A2BEBAEC1D81819AB562C516D6CD7E0005A30425ACB528C9DF81CB306FCD5A652145924AB9800214D09A46C80561B854449AB6EBACA9F5669F326DA34D2F6B4DBA39CBED87DB56F56ABDD76FBFEFB19BADFF3FB397FDAB44DC33CF33CF773DFD77D5DD71D1F77CD04A805709D3A6DD0C5CF03185014ED6CB6
311
E90B7B9FE60445F08BDDB3C6D19C5807BBA03388F2C3E16E733BB482404EC30B602B26458BB026588087117BA0F6E84B418B5D6BB644937EB1B757CC2F2C7896D9010009C47859F24B9E08BF5389F8A2A275A46DE8E1E8A85E57829F268AB51A21C0023DCC6EF66C740C9DE8466DE320D4115F5668C44919CD661A304A8D31
311
B7CAF3DB60E04805D559897542E566076C429637663719BBE0CBAB1C662862F4050281EC62FC1A8DF1F8E43809918BA76F09F44C4DB2F96FC65DAE7800CAE8E7C7A08AA09A3A425D347EEDDAE6A974626F21E3F57B3C8034C9DEC187AD70A3BA8DFDC6058512A233ECB3930DCA3621EAAB7965D180C5C8FC2D8265A5F582BB
311
ECB659D6928568AF48819048D0BEA3C63373B3C1E5A08C3092A5136E4957FCCDD430C82D9236550E2616508151E3354B920449B8CD340431DFED867ABC2C1792E6B113B259D7679B45EB2E90B445B25393770FA12E88952B6A378DB18B9F5DDCFCFB8F47C03803FFC37DD6B28A5AE66A8F6B3C3B757F676A7A3C4E0C20084E
311
C31987146314C8332E5716CB216E7FBA43C3C8229B280711465E7B3FEDDBDB0B45FC1ACD77D9F4EDFCC400214C763A8949DD7D6D66723B785A6ED5264AC52D5FF17A6FFBE8D37D6174742DB9DE7FAEA3BBEC44466213DB7BEDF2DADA6834AF342CA200D5A8D3DC68888E98AE76779AD48E59726C54C2A82CA0138585842279
311
93C4DC018B58401D8658CED8726E4B63D9E6A02623FF0FABA9863DD9BD5B76B79925831FA00234FA91DCA9DDA6890F116CCE1D2CC08F41F0CFFF3C4663C03010180FB87A701A5A9D8E8305F58C4FBAE085BA020065933347AE0550D64095EBFAFCC8E9F3B7FEF3E62DFC1648046F4F5E0610F87421E8A952BA359BBEFDAC63
311
56021F57537406D5EEB60E922F5211908236ABE0F33E6DBF3BBAB555ABDDED6D8872EBC37939ED3847ADBE02793ABAB61645DE057C2B0FA80E4A42BB4DD7D802DDDC2B96E6E46768D056BE05DD24327873C0BC940D06FD696D4D0640E81C53CD2AB501226A656CA3D332D097B2DA440728A8AA8AA454849F668BB25D2E3B0C
311
F13052C6FB7FE10E308E00DF40453F1FC645A58B571D581D9F9CBBEA020C1B37DE39AFBFA7894EC14CCB69A84324023085B19942517273A6EBF47B275D33B7674EA9A1C77B8A2F08726F1B6CFFF6A078B3CAAD9CBFB601DE245FC1582A454278CF2D176B5B51B1F8C8E733EE01080C4323B1941310D70E4742228DE0080949
311
4B38326055574804245D8D4424D8E4B0862CB3143DCB774693A21C13E974FB6A928D7E22F2B886B3DFDEA9B6C51C328203AA8718F26287C5DA6782BF9C56F5BE315447B65E2BEBA96CEF56C6D06E9C4298BDF4EF05E026A435F4D6F961F2007C84B2409F93F7A796B233AEE1C04C960FA1C0B0D5183ED33219C84E722230D9
311
3A3EDCF20EFC809E2B57C6610BDDE80B7DBA1712FC50F32D42FBEC6C8795D7677487C700F209E8366ABA985B45D6228EDEE5F61E8D828EDF85CC0CF441B870ACAC4183EEB7D9244BF4FAAC5F142D6182609F09E01B0AB02C093498ECF6B551D3BCC5DAFEEDDABEB100DE5C3EEF03415145A57177CDBA621C015D858021CB85
311
1A3DFAB16E9AB2145624816A9F9A22AD8457D73CEA7D5E2E8FB5A24943376A004246103CF41F8C8AFAE7F019160092646069696A6972727C6972C605598083E0020C6A3A799C8EC83BF126FE2924F2334027C360433DC7DF3A891C7EE7466B35FF6948F129B2C58A72974E9D63C5425B6A0C5783CEB66ED9E1704A7A4CB257
311
B4DA6832DA3CDB0E87737FF47AB348536385AFD374A79D4E928DDDBC6CB74935B050870ADDBE915C9163E97A04C9109972EDAE6554E86CBFB336EA0D6B162197487885357B4C55ECBD8DCEF5303C5DF5A0D920870B0E6779831D38266B92DA994E73342806495197470562C0D8C444EBC487A7580023FC19318035F83BEE53
311
AB277151999E9E9B9ECB6E2EDD9F8C4F510665B39B044344A33D93718882308303E32DC79BAE1C398D7AA6C575FE180AA396DB37DAAA0B5F048382A0856D5C6D43139DDD30C0B8E1DCDD9DDD4EDA96B2AE6BE59454497BBC72732B17153BE1EEB7CD7673F3431279A765BED7C965E8EC96280915018118D15FA7DCB57BD2F5
311
BA46B32569B344E9A734D4F6DEE83E0B60B7977CF99A601F08970405FDB8CD2285654136D20C39A6396265FAADE0201EA9AF6F3B6DB094693134D34C17CABB63EE871DAD58D0000A1BCF6F2C009F7F020A8E1B3280B9A5B9A5A9C9074B73D971CE03A221D7D21271601122C0D961AC15E897C79B2055A224B979B687649866
311
D1ED0723DADEC7899CA2483691E4A6BFA3BBD5B4A27623E6E9365B3BE915E87A5AA9401B4B497E4BEB8966C956A33D741D5A90F99CB5CD1D0E0F2E5B9C6E048FE6B5A418F2B20BBA554DB7580A36296684CF564BCD1F148A51B121D9F76BC562D84336E1DBF236B83925455913648718E63EE4A80FC2344AC762BBEB2BB2B3
311
73D6217333C86ED9AE7658F6071FB6AF8995F258DB50079DB11337A6FF6AC44002A0F1133BE0D662CFC9AEC5E9A5B9A9A9ECFDA5B99DC02A5C30D021D734FCA055EA20A31B8C91406006B7A9E34D24423405904FCC34DD7E30912635F504258FAEDB398D9D6E9A9506D6A1231170F6F15634AD9A4A393752C1A08580CE1B7D
311
FA629FF28FAC19A61C6DAD15CA1F289286C621C48E3F205A3824AF28A5535690256F4E49A0FCEB35759AD77A9F26C26161BF98F025BCA3BD5A28584B0A6187C5237B227263CD2E3BD663788C38FA63CE21BB6C1E73128265B9DBB4D27BC734DFEBDFDE2D779EE840D77899C61087DF5800F6C07FFC8DD6906BF56AD3382780
311
00B833B9B9195F6C421C421E3017EFEAB9BAB839D9F24EA02B3B499D1CE869EA394D0C689942598EE678E6D909698FFC25A350C3C896FE3E93DBD16F3575A6B803AC68C9DC85F54846ABC7626D6A22D83730D049CEFB14A6447BBB699E9AD9ED9E60C3705B753A677BED524822FFE3AB8ED9820AB71C5224F2C0055F626BAB
311
683F71C2DCDE9E1474273D629F207847A3998C222ED35FA6B5EC91E44274560EF7CBEBCEB2D3442E662E0C8CA555490F131E3AECCD1396A49107D03D40BF3D71B003982E651C010317FFFC56D3EAD52E17318020F86066F3417609DAB021999FA3357015B5481331005C781ACFA1AB5D2DE73122E586EC3A0E68F4E0A2BCB7
311
0755D8834247B6ADB7F1D8DDE8243A3BA07B4093BC6015D5889A96534E29A2F5919DD107895A46AFB7DBCDCB66A7ECEC87006C81DD63755AD6EC7E495967010624029DBF61217DD0B908728A6FAB6637E448A6D9222592C516F5FA3CCA7E6DE171228AA68006BB108E504E2E5BD6E5F03A64110934C96656DB2827511C0C00
311
AECFCF9B470BBBBB95BE131D86BEFBFDA9BF181BE0DF31E02FC7DEBB0943A8293035979D7281874C4EBAE6E089AE2E065C734002AB8B4BF4065A7A027333D3334DB4CB5B30AF2323805934131FDE3925730414C9E3D1741D34BC553508121D5619C2A3752C36600A4734A9A296FBF4AA94EC6DEEF63E1D4D9231A39A638B38
311
9DEB2BB3BD0DF7045C19D8BDD280BD60318A41490C871B16CDAA6BE9981052BCD1B5D9666BDB80696D8D2EBC68F3267C257F4DA17490EC16A74658F040D7EF4595264ACE5839858296DE9AAD6D633BA503B40E5EEFC059C91EDBDEC56BC974F1D4C8083B80C7FF7107FCE2177F3F02DE73F5D849D7D49C6B7A1363BAC90759
311
12A140D36A7C69137C107550E09DB34D67B3D393733306978E74A08793D0B5DAD37306E9A87D6FC1E70B497E5600F19715E62F97B063601DB29853335B6552A4EDB4334C8D2A8063D5E890B6939BD00240669482233728B061478CAA3028161C964EF6BD2C7AC88CF4B414AACB6246B48DA21235B3440D1818941551746041
311
6FFEF142C89B6CAEAB82C49FA1EA6B269314F558621A6E02AAA3BF61EF2CC35A54EDD72D83580B352795CA416A3284A3C1FB070B7010038005FE72E4CCF0126F768A1DC0023CC00963323B7E841E417C09CE78607175DA0530D0E35A9ADC346A04FE53D0533C76BABAE2E7514C487BF952C2A378D80392DC6772E81DB05974
311
AB13B1548A7A5456F2525AD37C968260B5DABDB5A23D7A17408B7B90654A750C355B04508F6EA7DC90140D8AB84AFE23DB2D108074B7964EB58A113F303250D246076E126667CC22080B4A2EE3CF8700A3018079FF7286DFD3CBD591F4C462F5D87A2C66D0A29DF58A6AA5616EB242BE1B8CEAC635388133CDA94B062AFEFF
311
3B025DEFB58C530A8D730BE062F5606767936CA805568C6B935E0047612A7064FCF8B100FFD6056E8CB34017FF750F2ABBA6966BCF2ECA481142BE92200911223FB43F8020F0F8FE755B1F2CBD011620A27B127B9C7D4A38EF172FBC2F5EDC05A424C13577A70CD45B825509EAA350C50B2B66141E6107799E2CA7543D95EA
311
6856147134EADDB7B40E2D5BA8EBC34241590039F0B2ECC1DAA818D615BB9D9CD9BEB666B6053D644F1E59F114AC9DB2B352E94BB9CDCDE441A6C17D110F9E18928A4B972F7CC302B0FF0D4488CB00CDC8E7C353482616A7A7EF2F2D6DEE604849CE17084C43979D9B211138C90608C01766018C32B967E66CE04AD7F161E3
311
080CDF7C704ADDCB2FE4128A208942A1830742AD054FB6D9B8C2DCC64596CB47AAD5270B410564D3BEB5F5C2EBAD19CE2850586DB27B881D10EE7637F73B242914CAD05E947449C225051D5A0C346D6C60D6AE248D42B2D169BAB3269AFBA4755109810B2A05BFDFE38B0A0405D9826A49020D03550CD733C84433C170D896
311
AE56B851060606AF0F982CBD92461ED0DADF79E99B7BA736FFC60218D72007E0D02FFE820A383B4E2DC4034E2F6D6256B899E5C5430FA64B36333E4E3C442C35D315C8CEF14BC082DB4D712C68CFC6AF028A364DBEAF7F9A5742BC2659D0A4CEFE158BCD8A198813984FBDE0D660CC3DC96BD57A684F0B79AC965A31AF6C15
311
05CB2C2A28BBDFE35041B9EC7267B3DD19B670863248C39A91383838B8CD08E2557DACB35B0AFAB6F2DED1D90EDB5AFB687FAB6486FB9DCB1100455FE9E9A8160B93092A2549A437D25082E48F1125938948030E67BDAE929D2F63440558E40D23A9683DD57DB000FFFCD228024084D800BFF8EB95F7CEBA9A4E628F717F69
311
7A7AF3060E40A03F675721864D2E910BC7C78F239C7135B9B293AEAC0113B48CF7A0353DDB75E548E0F8C135B8A09422442251C14863BE59B05D70A21D45ACD34AA6EB76571732F5ED487D5BD334C9B79548F8B604DB7CF3A08DDB6BBD6F603E6943743BE0D00B4226940E87CD20E2720CA5ECBAACA7DC7CD7AA39DF56B098
311
3475831EAE59DB64B32495B819133E2198185D8BC530CF200846BC24BC765189D4357E51A5580C3B2A3070E89F2C63B9D51CF5AADB653425FD97BED9B87CFF6F74C68C0538288AFF7AE5AD23D38193573901D3D3939BCFF040724D12FB5C018C88D9F368678E9C698953154FB20480652DC40548F3E0C568279E7D28EFE513
311
25EE005517EDB3385B48721B9A29470170740C214C3893A9EE562A69ADBA1DF66EED2991C4966E85416629288AD96A6B8E36086086D94F2113CCA8B6358B4D1562EA75F8EE6AAC823784545D808A2AAE0DB5253D494C201C9686DF23EEFB16BCC160424C86633ADAF04C2EE4E7C2870B1781BAEAD774BB68A51A949B292FBB
311
9BDB571E9A7AA3DEED0AF63CDD27BEB9770913211E9D186044426C443E07EA099CEC59BA3F3D35C702EC4CCE4C5E4316E66203100C66A6F19C3E4D26B8B439B9E3022B6E39DB43C82051E86989DF7EF0113180F71A89D0C4B450B58E161C6D9D4E93232C190B601DD19F84EA6849CA11BE4621E1AB958A491F510938A72476
311
90C1378B48452549631FF3D54BC4445D0FDB7B218BC5B4ED6D55CD3CA1FA0D0AE6D636F02E318C084214164442A037144AF82CB8CF78229A463986A18645C944AA19A2A90A1A20510E73A1A2C0B1CF9F6BEE15F5F2D8C6850B9D43DF7C73F9FEDF79FDC60E309EDF58805B714C041609029003D801332E18E3D3AEE925AEC3
311
9EF1F8D262006D29EC785031EAA171E8033452BB02AB3D81E1F8E6A9BE850508E34A44B68903A4DD0D88A131A7BC0212D4B78B8A3695C9A0F7DCAE730E3C8237EA138BC95AF2BAA959F54779CB140051097E4458A19D57F2501593D1930DD869F939B5FAF646B9CA13853382D8A9360AB59A540E8B350F1740029952CEEB5D
311
DBDED6B83EAB06282BEA42A464FCBD1651C106DCA9BA4E39D409736A9E8AD0AB5576D5D64B23170144F0D0E1ED1BB780F1F99FD533E7274905034BF7E73803F70DC73BD2FEE9806BD345CC0BCCCC711F9C3E8BE9DAE652165E103401A222BC52B2A19616D7FB52FED37C5043364709A211E90D0000200049444154CBF50E19
311
062D9873C521C18E725A1D6A6441C7FA46F3A474D157B40B8DD1FD9ADC3CD82C157DFEB04ACCF3FA150B5D6F451204C513E6FFC29640582837C22CC0D876153B20454141A47A6BBE1A1E2AA23F97F705B9774319A1B152DECE089E48D5572A8992E8DDCA85B017E03812639D4E4DEDB45906863A06973F6BB67B15C4953464
311
7151BAF4DDDFBF34DE3F3BC008847F3D49A70757E623EC7F8A816764423333E48290E078DEAEF199B9A999A6D33D5DAECD3942C214A808162A082A7BE0D8C77B762E6A5F7CBA90791202142DD0D7878B33DBE7DCDD85FA2DC5DAC20E359DF1A42BE58860514531515265D18180B77D10EFA784AEDAE8FDFBEDB29D24C0EB17
311
4B6C64320049E7670B6411A9BE1D4BB3030428451D1041048B988A39C88316F209303845F141ACAA0A92279429950C9E8DD79B0855AB0A39692DB9D64663CC2A2D5F3F07BFE4E1AC3D1A2311C2D76703A3B2253A633FA6C2ACC32FFEFAA7F7A8EB80001637EFBB80808D0520D8B9A6B2339346E21BCF4E4DB6A02DE4084CD3
311
331C1F8F23A3ECC277F5A4319CE0C1C5F0171FB300198F4596063A067B658B1D3FD78D70D8E14142A5AA5A06986E3BE2C704C21FA5FD0B65D01FBDCE9954F89A097F82E857A3A21EF409A2180C49624D1022E4749E1884036D3BA53E7F9E11709340036569D059A9684230974FF8A4642902806491EB8A590A658239E87005
311
D646AB3FE70C6842B2B131463F5CC5CBA279F0CE90492C69E50AED127CBFDA2E2FFDBF1860DC02FFF13FD09EB8D8D9D398994E2DBAB0BA9C31BA00A4014BEC031CE79738015005366736275D8BAEB9610815AB86E7CC55B4933BEF5BF63E7EFCE449D08F486FD6F26DAF2461895296C169F4ED0A086F3DA321FAA77B9C122D
311
D1DAD3A2F0B4184D5E9F5FE3EA4E48127BB5011ED89012791169D38282BC2B421B600544B0193FB474FD793DE377386C1D275A9741FDD49882190298A0E81723A2A7D0AC466C03821253125EE0776521A455D39A14D2C468F3465BDA891ACDDA093B7BB0572C39CB65ECB9DA2EF3FD7F17C04803E08BBF756CEA24D5DD140B
311
C0ED776D07D9900B76347D1257CF78D3F9996CC0983E149844533FBE482E1060BBA0B9BE7A24004BE823FB17C60294A442AF5D34750CDA648EBE6E4D15642D15D3E91244749BEC8F0A7ADAE2F5810947F76D090A37C947C02A186D9B75C108FDF9123C11A40751EF429EB769E98C391CB2274D8B989BB07F64C2DCD60A8D08
311
A8C0539014622E999FE627641A6153B4684AC2CF3F529490B6AD05335A04E46DAC928622D62B77E3DB82C2C81FDB2D1BC2AA4BA7468CB6C0C187284032F8E53F8FBDB7B80A303E4D145C02FBDC4137E46A822EE5E2CC1305AFB9665092730BC4E3333450978C05406047106C8158FC91FDE34F1E3F7F1CF4CB0509148A04D7
311
3D96A29487DF918A852131A8921446582814B68AC5A4E02F0AE54C7279399A88F87C30A43938340A93422921257DC19042A2BFB010B4F4766A05824AAC9CD6691D5A3B68A459E11B38DC63618BDDB710321E968A51C43CA5819024B8100C7A247B6281A4631B5AB42C49B6B6B26A5DA1AC1A686EBF3364160184F8E0D37869
311
E47DA32D607C7EE408B003AE2CAEC29574F1FCD3D3D33BF47B880153E34DD938466B3D01AE8433786CBA304DA073E29A761D8F131C49051155DDDEB9217EFC87C74F083D8E95301D40D380756CACA2B6C18DA0455B00DF91A262A4908CFA4ABEDA536D372C547763F4917B8B512FD43FCA62221EF15FF1F9BD356E014F6261
311
2F47E2E7D0A8062CE91498962CF7D3D8C08D66B6DF81304916C98C3D9C15CD2F0A52FA3909623018DC4B48360B4C7A0D71714EF70007E0416C952DAAD157993F372896B60982EC810D8323F5172E4163010EAEC12FFFF9A72BAB57178D2340221098C41702BF5BE81101630FD01A98DC812178B627B034475D3C1E80501E9F
311
5A1C1FC702BA8705F8E8AEB1004FEA8A051BAF816E8B1D6A8ADB013044EA1BE3162041B4B1211289123BA052F628D54AC53D602391DFE2E6B0ADC80D0120C3AB2809A926D05D0811E183C951A98E524CA2C29610954221598628616E468324774BBEBD522617F47A825EAF259596FCC1A0E28335120E6BA19256D7B4852068
311
C23A1E1D9D4E41750FDC359F7BB82C8A1A0BE0ECDBBD7061E4F2BF77C0BFF380FF600116174F5E3D061C32357DD508822002F060A7B273719EB985A0101F3E3B358E4C8E7E082541CF246DF4382DE5A6618C747A0F62403508CA414106E1B515A6AC55220148D3AF19B0D2F4486FF3350AF9A7A80BC9D776D3B2BC26143DDE
311
9287AA9D862EE410452B450ADC036238B1A578BC8D51054C48B4073D41802649683460142C9BBA652A7D795DC997720B7E41092D50F46992E0ED2D78135BB0D4742512C14933A34851DC27D0B0AA0E5A54BD773EFBF66ED19BC66A5BEDBE74EFDF0BF0633144084032F1A73FAD2E22199A9A9E5BCA2E66671E18B6C774C701
311
85B1D94246B6036D8A2A08DF6BF205978BC030353519A039D8D4C40E380882D5AA7F9417357FC7C039DA769DADBAEED02B298BDA4D561A4D3F59A0C3EDC73FCC1F71CA99B45EEB15BCFE4449B72CCB36BBD96616D410C7DAC27F9323BE0BBE62540A175013FB82994C48F3E38567EAB00D99543946C12104A98743059E3FAF
311
84098A0A6707D592C7914A6542998C9E0906D336FBD83D35ECD48CAD68E9FDECCEB2D79F29EFB63AB0ACC0E4F2FF8B014618FCD28801D364B780A24B0481382F7C062060DAB80540C95A40456640418D5B00E7BD99A92C0292E9A9F123574EC69B6E5EBBB1F6C5278F33F5AA07D2CA2CDC1F7A5B7093A0C7C9EC461B342DC9
311
EF0F853CE268D15B8CAADE9027CA656FBF2EFA23BC2E81C62D4DFE591AA1DBB8FE08FE52DE2B92D08D7AD31A7233A8B1A174DDEFF502219A3A653062B4E36129B7A0488A980114F5162806E9BA062999A5704487489B8984B08B912DEE0D347990364CDD8D3BE7E6DBBD5BA1720A5FB30B868FF3377F3D0801C4006E81435F
311
FEFD4F7F5A840ED665D08409822E6862D9497600BF9CA133129899199FA1F21F6731A6038B7138A393D353533D544408CAAFDDB0700B3CAE6704785EE89C5B11F038C7C06465CA545DB275EA40FC5A35A6788BC268544F2C68DE60091F201E3394D1C372F3AC4E852FE9D5BAAA0A419F2F9F178342AD57743A05FCC382897C
311
B55E4A78E9A9C1F7ED1850F5986691BC25B2267BE4F1A741CF3A3B009058297951066B994C2E928944321EB8E57D6D5811A9E6E641ABE9CEB9DEBBFBC5F4F3309ABE0B63EE5397EFFFEF0218A0080B706575112E908B43EE5A5D8D1B3C39833039397D7F868B00F51005C0F86253762E4BAA08619005985EA46F8E7C98DE98
311
FD934F1EA3E81589E5501725D58485040C014152EA7D548429DD8FF14745F2895BC59A3BC4864E08ECE3A8A8658C7EC00861D2ED485569AF4B42CDC759F6873CDE822D4620B744417EC9F2F2E220FDFD810E5341A6F09348A2F30AF499C78F83B5704A0BD77C74A6F28F4A91B406A8A44530DC1353B4286CD60E15D90532E5
311
0F07934581B2A9BB7F6CE31E1307BEFBDF6BD0D80187D80140E0274F06E6287F975601C66984E1F6CE012023A4E69D69BA791A60C4E59ADA5CA285BC14C84E63A8D084D80E2BEE1BCD2C007ACE30CC7FB36AB3396CB0FF9C7D9DDCD4A19863A02F9D112C90FC39A54FF793957B69E5E32FF21E4BEF75F6EB36F8A7DBAA1319
311
3DF58846AC13BC687049667C516B6C1B60B0D74B6A10544AA27979A815FAB1447DA4912AE412A2A4F817A88A3D784CB2027BF9473EBFCE2588A0A21A64052BE656A7717F8CC2991A9C3F8729ADEFF9F6D84827C282D65337BEFBEB011662A4416C802FFF7E851DB008597C6A2E9E5D5DCC3E40180D2036EDA22F326D38451B
311
22418C859094CD19284936809DC0749C9AB0A5A7E5C723F0649BAF3F1A851961B60DB8C760A9AB9223524D41D520324BDBDB916234BFF5B456F9663784C0AA461113AB6632AAC38E741A1BB2749A9D2B49E402C104D990321AAED4E546A3173318BCE37C70C726E03B75D82DBA812BF94346DA98C881C507B9696CB5FCA347
311
5B5B89483D17D15355B0014582A2E24CF74144EE869B3D3F3F987CAAD4CBF25077EB05D866C60218C52017C0A1437F3EF4E7BF5F79EFEA226CD91E70F139A2C135A6D78089F2C297E21086B008C762CEA04D4D7204C80D269BB2D3FC67504999CB74ED99E5934F3E7D5EF5E89C78A05CDC50D081A87D322847157A881CB389
311
9E58B9FAC5A3FCDE96BF5ADE0D7DBC95205A84D30A100AAC6A9A87523454CD2931EEB3AD92B1033C7E50B18C00BECA73FA21178974F86D98853687C31E8FD41F5928513B8A916058CCC4742A8C446DABE80B8AF5A0A46998281223757577230D4F54EEEEB0D08533258BFE4AB91FF3BACB97BA0F7680F1FC5FF2F45FFEF9CF
311
7FE608601A7EE518FC18D7DCEAC9C04ECBF00C6CA12957768E39549CFF99FFD3828F6CDCB5696084E401719E7F6A1C3149CBCD5B331FB59307E4AA642C921FC40E5F38E47980C1646C6C6BA3CBE3173DD56030BFF0284FFD57CF7CB197B78BB4492219492F586CB6581AEA5B24975135C2399C63452AF8D730C66EF4D30E49
311
4691198C3656E8279BDB9B0758170F4D612EC068A9F4386283F7421F0444816B30E1E17FA961279DA1C96C57A189E24AA9765F00A7FC7630EA8DC6769DEB6ADBA54BCE1337BE030E384084FFFCA5B1027F79EFAD9E69CC938EB1039656AF4EEFECC0078BBB8C6EB1010CC571D4C53E63D815C822259C9A59823E80B8CAD542
311
0C3C7FFEF647361680125411250FC31E68C9F2DDD43A4050CB90C63914A4049104AD7F5FDE2B6989600E8995C11304D02A698535CB8A334622AC94429A52A2E91BF5E2F52298CDEEAA68B2371A5E7FBE76B7D8805C3A4BF754568D1D40032247D4F72D64A4703D9DD1ED8227F808DF4C550711CDA43DC1205C72084A7A37F6
311
3123176C0866EE7813FE18DC19DBD0BD7B2327DEFFEEAF061EF00B76C0C1E72FBCFC292CF58C6113596CC41F3CA017086F9AC4089ED03857C22DA62BB4B012D4C75791D462ADC6E90045C458B1E523F953AE417680A526F55108BA8D05188015E1F0846816026A476C8A182D458BC52D519188E98FB6BCEC6D4FA8A4A455D8
311
7E297239490956C3240109C96F17A4868737A8199D7402FCA3FDFD17E1B00846C4B970A40A8A228B886CA2518260D0E3098344D19B4D906A87B50C17611D745D31C89A6E77376980F5C2D067461AE0F3C562D87B9EB8FCCDC8657680F12102FC7B0156DF62010C8ECC9C2B3B7575F1C164B62BDE857E68DA40C1A7C8036E1A
311
CD41DCB5087DABAEECE6781344820010414FBC257EC3F6E8E34F17AA1A65AAC108569DA9311A6256D52F7B32A26A9652E918CDA1A75EB1F8F4453E97D37D8FBEC8E74745AF20963C924A8DEF48838651CC85A58510DB880ACF38FB69682D164BCDB7B5F5345923D969088D24857358F407A508324B7EFB422E188E6508F93E
311
F0E1046D927448A966D231CDE3ED97315A2B77CBA269E00416C796BB8FFCB57A6C65A50D50BCEDD4FDEF0E1E9E25F8F7029CFCFCCCF4554339BB99756557A7AF65A974E97DE294D39225F30108BD0539902D90654502EC801E94B40688C6C1B8F951E38B8FF7C8036C74B253BB95949C1A733A887EE81E486FCD22AC2D9D56
311
66B198DFFAF88B6ADDEF2306244883D8C39E30814D76821706250628781325250235A650106DE1ED70C3B6BCE6DDF291354B42F26EAFDD3C6A691438F03EBAAC62B4204AB9AA474E6DE724A19840BE2E04F5742893AEA6ABA160C226DA0C2779392CB60E61E66CB2F97C412D1C5E71E2CC73C258801F3F3F2EC01FB1D73EBB
311
B40AC2353EB7D47364757A6606378593AB81938BA441D38B71D2C0F3674E530E3094891830F98CBB12E4E838FE8BC7E3B72986FEF0F1E32AC24C4950015EE1C5557015D5C3BC56C55FF3572A1A7F7A616B6B21FF7142D3052F2AD32D85A054436C39DF6B38FD544B3E3F7CEB5A628B978B11AADF528053D468B6AC446B7807
311
3638018396F695E5F6D14641F4FB54C5CF3EF18AD51CCDF24AC6E387A457E4CFD0B54C55D3B623A1059FBC82D5E08A038652EBD0CAE03CC57022A78521F18EDDBB70E2D2FDBF11F98CEF87FEFC47E31B0BD0B244C313D08BC16D062F1256C0C9A6E96900016EFCF1F8ED9BB003D113510B0010EF18C8217F13600EC5CDF8ED
311
8BD12F3EF938F7A40EAB51902AE5940643CCEA0847202D2CE0B3E72709DA4BF8D7F65F500D17BD4FBDC2A3174FA9F76A498C7EBDBD0FED109BEA11D4C17E319A8069E22B489E60ADE620E54586C764941A3E5B0DA9BD7D19FFB83BA082746135BFBF10F52B11CE4D85EDE34D047DB08783A21E2251D432B90552526739C64F
311
05B163686219558AB7A86C87A56677DBC6C8C8A9FB7FFBE38F7BFFD01FFFF8477EFC75F54C7C6EFC2452F92552BCD5D59D1DBAA15D6848170F521ECC34664E7F8E60968B90C70EB8768C5200688041ADC333371FF43E221566EDDDBA5F1EAB8CC524628015D68EC021CD954AD527A110EC2FE3E1F7ED3ADDC1AD47C51A1099
311
C59B0F0B58E815C255250CA8E3B78B04F6A09FCB24C493510C510D8D428FB234AF27598C354370B60E80EC57414324910E6826A46C3F0F699E2D61EBA92F51F2E811BF2D125172C182DD9E2E8F411214ED1D74E1CEB5DB8AF9E018C04A7A6CA3AF95B6C0976C801F1F9E9FFFFC3576E1D9C0EA3B34C8C7F190B8F2606786CA
311
E02A4F899348002F49B840A7CFE0273A3E9D051435D201B804DC02475AF0617EB6F6E81370F18C98722BA25A46EF3196B25A231192BA5C7501E4E2C9934849F0259E165F8088866BFB48CD8B02A611FE92C56B19B553D62B020B10E1A608E580FA3D9950A9804BA807796CD487E18245BCBBD64C471D834116806697874735
311
326D32FFFAF39CE6A14D4EB0E476F083926414F01087491EB3A6DC0042F4054DA79A7BD9256181F5BB74AF73E2D4FD1FD8F8C6C7D801C6E7EAE9E1EC22DDEEAE2592BFAB57A9FFBB8E5F5D75B100B82E93F1A01A3A337CD6159F1A9F762DC218CD4E41A70AC4F19B3AFE7F6E3FB07DF1C9A74F9E0370A6A4582AA6A9B132FD
311
180909050B50C2BCE6F9136241894AC0F7E2454DF2155F7CCC75182B5CAFF99A0BC935CAB9AA0171B20BEC118D26BB5D01F5AE85C30AC585582CD51AEDEDDE5E7B7270D0E430DD5D33D9247F33C146D7453D43DD1B7B5E25814C28BEFC56842B37A7E81A9783A472DA53AA8D42F384A973E442F71A7B26E6693862636DFD40
311
823F70F08DCFBF17E0AFABC78EBBA668828F53FC2E05AEBA26E97F755D9D8229DD02060865143BA933C348060253EC002844484BA6E3474E067A30D87D60423484BD11B9BC8A912C31B00CCB4592821EDCAC1712A1E7D8DE9428735F88F9E27E41D82A3EFA624BF0157CC0036B02EC3D359C06CF0CF3E8FE5290D82E45F20B
311
41C1A8F3D7D61A52093A5C2F2A3B79707EC5B132BFAC8A25C12CE8B2462B2914C960E055271EFA38E279B2A9A08F5430F438E4B0351C4E38B780CE13584AB50D44BD52BD1C2E08B1B67B9D23EF6FFEF0F5C1F31F2CC0D7ACC5C9B786B1893989554A36B08461E21CBB7DF5CAB8C1964632D2E46A69397EE6F361B26052A355
311
40C31D92A4A52CFE5B0C27BBF6ACD95880E7D58847800B645191A5B41DD89E10D01289ADD293ED6A2294CF3F329821FB24034F5F3C7A04A2F9B488F30CA28FB560580B0AA4B7824C36439D2F87F616FCC1B05B93DA01CF05611F191C9DA1E673CDEB4343D63E49F1E2388222C243A219CA314A879C80982A100949A74A1455
311
A14CA755241BA1DAD63B3FEB18C063723491AB56B02864E02098E8CE0F3F3EFF1F0F7DCDE78F7FFCFA9F279B78FEABC7E3A47ED38B2703D9784FBC6995131F67C40C61208087D6E738ED4E6130819B301D33B24438323D4DC3376F3FB3EF510C3D21178E6869583F6AACCF2AEAF8BE108C22A52DFF76D5BF05CCF1E8D1D317
311
2F5E3CDD7AF4A2F8E8913F22156B740204AF52101A618280A4C9023B38C20E80FD010DCE300987D5E06FE0C4D86BC16C1C6D3056BC4ED6CE4C2214D1C5D0024411FEE01040440D28C527B020748A959CA6B6DADD1B7A197042BE63EA7E78A77D742B5A2D970B0DE7C637278CF9225FFFF1E0D10F7DC0D3B30253EF9C753140
311
098DEC746073F1244780E7EE89C75D2D4CC1631FC49B6EE11EB2348584627A11014916A381A50093A80247FEF3E6B3597640EE49558BE85AC5EAD0D901E47FA1BD5228A290EE0B789EF8825482DC82FBBCFE174F47F1DB08DBB9137D36B060D95FD0227E99570A52925FB0890068A445E118CEA1B0C9466BBDD7AFFBEDF3F3
311
14D843301055A66658342D9DD1280872B441AA198A490858DEBC2722E5C8A4F44C8E5123EAC686BB624536BC6C9B45CE5CF4FB9F30AC4066C24EEB29E308186FFE0376C0071F7CFDC1D7EC80B3AE45ACB501BEE3738BABF043A8856886667113E9A143143F7BFEF3D347B2B40BA7B014DFBCC636E11AA43D085872F381C908
311
824FEAF051B01656C3B21C936CC242C897E3EC2712F03EBC4F830B7B8FB8068D2D80D0DC5704FDE582F716041C749418D7BAAA453C6482401C60454478A15E4147D62E3216C23F48C769DEDCB1029DA8830C1B99752622843C460325F4E4F993B436003B274945480C5022693DB45097DAF1940069D2BBADF378F6B7AAC0EE
311
38DD8253DDBB7CE2F28DFB3F1C3CF8075F1FE2F13FF8E3D71FFCEDC8D999C5AE23D8C601032F5E5DBC3643E3F724957F3C70FAF4717050E64F7104265DA0A6280AB8058C44C8B0A4473FF6C0B4F7874FF138ABD6A13562D92887D361457C1C0A2E2C50B395FCB4714BCAC2D6178F48805EB0074631FA16F1151315AF20D534
311
4FC8580008126A58C8EF95F0119016FCB68616D3B917BDEC07E9FAB7224E04B8E918062D027B4A8FC4C2A0E2A11C99DFF38CC6CD48EBEDA9C255135220982B19164065321FC0AC64C37213030F7FCEF3BC8C397D78E3DE2946EDFDF081F1F9FA600158820FFE766C1882044327097E46A54B2A78BCA907BDC4CC0C465A8806
311
666698A90447CA059DDC5880719E3F8EBEBCE9F8CDFFBCD1B9F5310BC0E88F70A48EE45F365A93D2632EE988A22471730DE169BBF7F4D1171F178B4F8B4F478BD1226E704274B411454F46E6A6D4A508F8A90351F0E31262A0608EAE583DA64B96EB5E4A063F0CE1F5C1010697E02B6773400FA4D546A2E95F085533A127D5
311
3418A16428B204361BAE861AF1C1DA2EEDB6A99DEB7AAB7570D984FB762614D9DEDD0E57C6A8862F9FDAFCE1F7072BF00141F0E06FFE864FC0F42A63260384371893939370C17B2877D0CA1CE72F7C3F7FFA1D32E1EC1C9B9FA311A043988D5F393ECC4CD867648200024FD897E9FA180C45F234D9420E98E307DB52ABF24E
311
F61E11FBD9024F8B45E4C3C57DBB0D7E803741175CD6843A168950C414851D80F923C46B5897E18CDEDC2B44FCD1BB77EE0A2BEDA6134C191D4196AAE4B9EF82424429D142A31158A95A6C1C999AEF6951C94522BAAAD11C97679DBB1BEE0B9DC8733B9AB125A466842457D129056007DCB8FFFDEF3FF8FDAB1F7CF0EAA157
311
BF7EF5F72CC6DF680FA30A7DAB2B9E8D4F376129BB4307082321D7B516CCA50D5FBDA65BE74FD316C8DE670764B393D34483EC91935D71C6143FE87F64A0A2752564D353157AD446A21A2394E772CA4209603F07AC89CF0E4BC002EC7B910DED8FC2982CF245973CEB4E219CF660C7182AE8120B40C7DFE8F6D3F0D174BB5D
311
516AB47E070D79CDD0D0671FC240A609B6808C2E2C4516420B7BCC12D3D30E9BE0A9D58A2FBC844563012812CCDD6D63BBCCE041A1CEC0C2CE21A722429089A91616802330F7038FFD2ADF0EFDFE83578D6F7F639F2FE22A8944324E8ED30431DE908D210C0D1C3F13383E439B08EF2CF0007A05A487F048B90EE2C3478E05
311
866FDD7AD071B000557F4981A5CAA4083188A37B95AB3F91C82788D40A60CDD6A32F8C0578F18206717214BF3F612B5F90122400A4C3CE4CDE272B92C50FDB4C802DC04E0EA31CF7D87B01FE649DF10A76DB871323FD782AC9522911928202A07028B780BB1E709AA561E4017029493B333A01051D0932AA31378A65C7C4AC
311
15C67A993B03929C63BD9F62F8F27DD70FAF1E7C7E7EE8559681C5F801225000C94453606E7C6A1A06C012A2217600B62928CBC767B22D3337CF9C67015C1C017E89C29C8CE03823695B6EDD7CD06E2C003C1E2AFA72DA6A95A23949C4F8F0717E6F6F6F1FCA0E646FD1F79413F0E80B8EC0FE7E944898B417B78A256AA4E4
311
5D5180DDA0500E12FD161262C30E5AC844B0B4165943EAC5F6DE1DC20565E2DC84E9C38E6EB3DF9FCF49062B53CA646083442AF59008A9A451F4FAF2BE52047E355935F07CCA684E6151828BC7850B6363DB91DC7645B7ACE3544C6B749A05F8E9ABBFFFE94F0FF1F8C6E76F474EC385C355920C8061625371A20180427FBD
311
DE788F0B4914B269FAC13BF16B68658D2CE1000E8E6F6697C697B2F84F0F63BDF7ACB7487BF8B1CF8B6AA8C2D7AE868DEE0CD4A6DCDEA7F95E4D8B84FC3E7F1E8AEC8F3160BF18EDDD1FBD1BF516F7A33E4F63F92E806022CF29160A52E87149B4340CDA6910E5B42E9307D8855A77B7F5FA75F8DE9F7D38410515F585A81C
311
39693A678B2858CDA854D2C962D467E0E45ADA69E5FA6070D3465BAB1BFD2AA540DB853175BBBEC7000A8B65C4480437A7BFFFE9AB3FFDD5AB3FFFE9A19FF313DF7F3872649C05C0326A12F9343201FCD46803331D9528681C0550C15B469E88906AB10755E11C9C5157179349CF9CBFFD60DD67EC801C1CE6603AAD910B47
311
AA407F8F1FE772F95223A29002D0BBDBF391F9F0FA9F2629556BA3A3DE2D6FD19B17FD6B96516FC8B700124828A705441A20297222A8D53191EF85E7E143F92AAE890CEA7AF8E1C48A28791742B0A2141D543C238658E65C3AB956A0F3980FF9A1C794CB6EBC5CBAFB53BB064148768C0CADB4DD2BDBF1DEA9EE76CBD64B17
311
2E9FF8E83E0BF0733EBFE208F0F82CC1DF98AA328577E43B339B011011EA7EC342029914879F05306893C3E74F07A6810B380281996BAE39CAE123AB462270EB86A54863E0498E2350AFA4049BC9CA055D883CDE2BE542219B46A8CAB3000B415ADE4F31D0885AB0C81DB5EB8952319FF06041E7F741FB53A0908864822475
311
4C47810CEFD4B8082C8268F15B06D4D1B535F8EE1C820EB9C0EE90FC5E9F60270854A934731E25596B08C56282343804311048AA19FBA67B63ADADD8289D685BEFBB57D63DF5850A1308DA36BE6106E4FDEFBE7FE30D16E0A73F6707FCF4E7AFFEEAE7EC00A27FD799B3A4BDCC5846310DE63FDE044D809610F7A0E1A67EBE
311
09222532B245BAC4334B599282B357F1556BB9F9CC88019F3E0F7983F6749AE5976CF4E784857C7E211F8AD8E9D43D21B305E3F0D94474D3FB5477497A64724212B8F060DD0000200049444154B6BC61678C042E1C842549B644CB0FA88FBA480B4562B13092380D87294B270E34B8B43D3CB73C0B9F869E32FDEF50845019
311
8CC4324FA8A56B5C28A334463CC80BCAC894E5D60BAAF35E9F6988E16AADF7FA8736760995B94A45C0771192DC298EC01B6FBCF1AB8305F815FBE0E0083451043148008EF094910A5F0BCC60307F0DCB802614529333D75AE2C717A749008182E00CBB588AEC7130B4E31C81E52D230F08928A65DC298F8DFE3F873802A31F
311
264F34A26F3F87B6C53F4B48324760FF29026A7CC6859A375AF2E5802FB8F2F89D04FDA09428D1066E86760DDF53E75AB048C8C4472D61E606DF991D9CBF336F599714B8E03972A594513B449E3C0E453CBEA7587B7B098191BA1BA59905CF3C55DDE8EEECB7A6762FDD73AE6CECC63C7A68BBDC60336C5CBE786A69E9FB57
311
DE78FB8D575EF9D521E31CB002DF335761A9091BF59983207836DE753B90A50EE6F0B7DC3A4F6B68F21A86E338CB421FF82E3B032232E79AC24786C95C4846068D44E849CEBB15A98FA53468293468040D378810015A6126C6B61315C3C2175EDFE83EC970B2373ABA66D3BC519B9A5B205B14AACE03240FDA1CD11D7718C9
311
23472231BD2049058D9159B546CC8B011194F7F9F9650BDD960C95504ED3435A44D29828A76748F48B355FD02F54337072B16DB1827B6DB432EE63CC0A0264BDB4510FD289454934B27BEFE2A9CBEC80B77FF6C62B6FBCF18AB100C6E787AEE3E33024A8085C33AB53AC46173BE0E0F903815BB7698F4FBA68850650131A7B
311
C0055D708E729801EDEC805B0F1C0963075429471D7A4C87DC467F8252E5B19209857ABDA550C8CF7DECC9E7B90AF65F147D6BD0A392B336C29D1C09213614D3A92AD384692C4024F5DBB1511625B23994C8F401A8889335A7DADBFB707E9671D3F3562913512BF5946620C0608DF5E758D22239AF457D8816B813AA195DB6
311
B45D72BB7777C79879C5F0F27B17DAE4D8B696ABC4D69DDD1B973EBBF0FED277DFBFFDCA2B2CC12B870E1EFF573FFF9EB9214BE35D70E22767408638FE333848F510FC318D000EA7454A363C155F04116201080D2C04DEBB588E0EDF7C66CEFFE193BD270BCA96684F55C272A76EB4E83C489AB8D66B3EA59AF6E314524AD4
311
A4E0E8D3174F13B8AD240706D8DF66F607B4B012587EB54CFB242695A2F6C2ECAC454279810A4EB0ACB303F858DC58B23FBCBE3CDF6AE17FAEA5C72814749E36E4AF9345CB106BB1E4A3AF4E63A00AB73626F7B5A9957BB88CA6CABB9779E97DEEED6D25B4ED5C27085EB878E9FDC9A53758003E6F1F7AE5576F1B6BF0FDD4
311
998091079C8F4F4ED2092000D21466981EB721DA00D48186BB14FF8200303D8DA7D84E967A701CE0B8E7ECF0ED6796AD4FFE000E2778F501770595471ACABE91D7EF2D7C9188FA20AC6874B6A1885102BFD81F85CD66B3D96793D128C36F9490B7C160026E6F6785FEBA9F5192780B47A4305621F007CD123867B47D94B91C
311
5853CC3F9CB538D3610D3D7E3A42CA9FB309CF5161D8EC4252108B5B89124DA8540C580E6E843AC626681B6B2B5FBEB0BBD1DF56516AA1ED3147EB856F186C7C6AF3BB9FFDECEDB77FF6B39FFCECD0C13AFCEA95EFC7DF619010E52D3B20CB5C353AE1E0C2A48793C33D2D4D27670CA660FC6C0029A5C1232441340AE2F1D3
311
578E8C9FBE39FCCCCC023CCE056B0ADEE2DC022A6025B9CAE3BD4F51944645E54928A83AD55262CB2C095C03BE026A70D43D925736497ACA11C6EF0476B79AAEEBDE02EEAF1D13EB122D458A3A65BD590023647EE4280E61ED7718A5D099326ABD70BD92D105A8C2D293E7DB11ACB7144FADE88577A2A7DDF025900DB6A9D8
311
CC32C0031F0F8602B78E0150662A8C5A6865DEECC55373DF7DF5B39FFCE46D3E875E6103FCFCED57BE9F1EA61AA4D739B3B963F8A75008A08D3A1EE0168003025D02C690B10D96A6C00316B91D36A91802C7519C13039E756EFDE10F78486C793DFA184241F8B1502274CC75509496E8FC5773E5CA989E07F7DBA2182A4ACD
311
C9E69546A3A614D82CEEFE705895B48CECD15318F1F426194E3B8BEB4227B8BFC60EC068AD36B8C6E074E6EC0E624BA08385EA4AB54E0728A2CBA9C87605D75AB282DE514817FC16B25F35D5E6C6AA72C3AD8E60D474A2B58F91F6E9AA8680CADA7D3008F87D76C0DB6FBF62EC8243FCF5576FBFF2C6F753478E4F33451406
311
28F720C23034012805D9078C60BD15089CE560800C722F04B2F44A99B0EDC2790FF578CFE9775A9E995FFC811D90A337A5949D31A061875655B5C77B64C2899202F50134AEA2072B290F68C0FE28C22FB57F798DCC0F71DD85CEB130D41818857518A5F0EC6C7851750E30AD4BD23D680F4A344BDAF16365B4187D0133755F
311
44A39394CE4811BF1491B15AD7E02108626FED690291088E458C7CDBB88473C185EE56F8118CFAEB1C19199023F9CC36A5D0C846DF898B9796BEFBEA277C7EF6FA4BEC80836F5F2D360DCF8DAF1E390DF9017530580881B08B7CF0DA4C80B9A248C32601402813204A4F8D6777AE1102B3E367AFE22C75BA6967286F2C4022
311
1145228B1F1C99186C3E6D81522841D29E8021A7550884D422F617E482B2C966EBEC98C5F5C0AA436563328D350273B00EA1B4B7BD190FD5155C39AD14077E5B6F14408449A4DC1883A2CD709D00F2D435E060DD808A74B3BEBD8D3C2EDA6B6BEC1769374BFCE1B0C377775B9D0C74261B30FC0CE6873A96C35B89D076E7FA
311
0801E1C489CB4BDFBDFB3A0BC08F433CFFDB6FBFF4F6F7DFC1FA193FF9CE99039B8C9E16066CC49BBA022E68F32DC38C946F414485A3627CDA35436384CC78122E79BCEB0A63B987CF3E185C200604135BB55C644C930670C486251259200AE61382CF1F12130BD5AA982AC724882CC9A2C126C53DD3A19A5BE5D898335689
311
C9C108D99F6E6384A2DD746E7E057B6E7C913C61737BD21B4DD408017084981AE190DD0697445233D4C3086414A71B318E2CA01D6CD8A9B929048936B2BA7BC9D136C6C46304666DA74C78D598ADC185EAB6436EBBD0D6CFA4B9EC0F5FBDF4DAEB3F79F7A5978C2360C48237BE8319397EF2D8F996C02413957095E6DA1F1F
311
C75BB2651C62404B0B94806BBC7D8221C6C3E485D9A9D59EF8118A212EC9079DA14F3ED983A2A1E4F44A583176803F9392C0437209BAB8F8A3051F675030962362B158230988461B34CF55BDB5DBA093B8C774C1A7A99E92E0BD8E41DAEC108370B0DCB611D2EC8D306F55A47B0605F3BABDA3134F0510A67498561B2DC44C
311
DA89D77E952CD0C618B70428520C39BED5E18006E3E6F69FE83685DD8CE932CD5EF72E042365E65F101AD901D91FDEE5FDBFF4D24BEF7204DEE6AF2FFDECBE41903F798C015234C41931003330C0C821F882C32D67CE0EB7649738014B90455CF8CEC667E88E22967887053012A18E0814915CDE9B4828690D3341554542A4
311
810825A001084A559694DD5DA0FC86E88D1AC540B4263182111E78374100A301C8614AD8A34007C5050D5BF1A18E6E93515320FBAEF15BF0248F4A76D22679C5D6F010FCB4482412F5721CD2F2D82E5533904A6345F03197C0C1483B3796A617DA76BFA1186AC3D604C190A98316A32F12EB747643139DB87863F287775FE7
311
F5BF741004DF364EC34F7ED8DC99CBAE1EC3451CE7D440CB1182DFEDAE26126060E177DE393B0C4E001EE80A183282AB2C00F3A77B5C47AE5CE93ADD72EBC175FF1EE5F09617B6622C2C80DF3BA4BC449A8BB8D39F4C52BC09021E4E395EBAF8E8E9FE0B5C7498A0C39C592CE050578DA1FC14FD61895BAD17BE4C33835B27
311
4CF8030B613887607D620936BDDEC1EC712B781004A808989FE28FDA51D745D2E50A7ED182B0DE68146DB376867BC1CE52FB91D8DDDB1873609F31303178A7E3A165D4E74FE3CAD47661E39B8F3EBAE16207188F7D70045E7ACDD80DDF3F7B709F6280A15AD7887FB80993FBC7BB6676AEDD6AC13AF4CC719852F0446187CE
311
4C9D9C0AE03131D543D6F0DE8160E0C17C891D90D9DAF229B10A1386ACD695425000AEC8E51E2B764B2948DB2AB55BAEEC8613A55132C110F24A53872A17AC0036BB1B6DCE82432E91FC099C0D1C63B0D660BE06DC708284390ADCC571D775B917362129522488600002BE3FEAD723BA8E8208C54871CDD25B6BEFB88E5401
311
2F5B6C0D4DFDEE31CC539971E16E35E1B2DA6CF705EB849B360443174F3D8BFF60BC7FE3C72163195E7FFDF5D78EEE3EBB31D7C428350A5FE21FD3C4688F1A3180A1126FBD75BA67337B1C30687A9C048839F43333D3D3B0430CFD2C9E42CC9B33F8F2415F6DAB5E760EA80C590C26C275DEBF2F51803D4A8227F1FCE5ED14
311
24E81745BA62CDD7EDFD80DE78EEA576EF8DA982196614D297A8FD7ABBCC023048ACC36A40BDA8E55994BC58C3AD139BD0F515733DE221179622CCF8E41C843C2AFC4C1B6CD0C63EC2FA654C4BD436A6BFF6B7E2E36758390D880C6D3EF770D034500A3D29731F8E5CBEFCD1FBF7B33F1827E0F5C3C602BCFE139EFFF55FFF
311
FA287ADA1914E16769034DDF1E061D262122FF6B693A7D1A129DC19D0610A36948D78045621D70D6C38BB769F8F8E4093B74F1E74F3088D6CA4E9BBBCD642C80084F238F3EAE8600229F2311A83CAFA8E8659EC20E4121D42FEB6653379CAA5D2875D0A991830949ACA59B716464C484D9F0A5C578558C8E4A0AED03FC9882
311
52C3E637FC8A243220C96F2B95E826A499BE18F6EE47C5F6350CF7261869828316BEA2FD8EB656878CB9D49D59C6B231BAC45FAD56DCADAD63F7B0CF7896FDE12542E0EB2F1D7EFD100F7FF8B5D77EFDEB5FFEF61FCF2181F69C77F1EEB1D0669804F4E8990046124C9D7EAB6B72B3C9A0888EC737A789011C1012C1238CA7
311
3306916D764A9F7EFCE4B9560886B4365818D66ED91394E5D002DE1F0DCE6F6E2F98BAB75BAED775FA7FA3F4459235AFDE6DD1CDB2494D6D206E946D1ED16FF64485285F3BC2108C7F8C319A885EC884A2D0667BCDE9540197355961AC5F900EAC2416BC622EC2A0D16D0E056D768C05ECDDEC9BB636335A59A8F56D173AD5
311
56AB2EB637F733B5C52C6716AAA9BECE0B1BF72E9E38F560F2FB775FE2F5B3042CC04B2CC06BAFBFFECBDFFD6B6393B4F7DF7A79DEFF355C74C0418631D03C427A00226C484826E71619BACA02ACE2B84D10C454EABE3B62302583BE9CE2D9ED63D636E07D2E1D33DA0109D12686AA099DDA943D2045137E32C1FDADAD2846
311
FF30FA39E6EE6E2455F0E210D909452C2030D6270960C42A56F51D76B309476140122437499221D520D48678701C6320DBFB7104C02C40118A8D7E4BD434B4BC8E7919F3399A073B66DD6352332E06725FF3CA60B3A5530CEE6963B191B67BF7F0CF7836F7FD4B87DF7CDDD805875E7FE9B5D70E1FFDF56BBFF9E56F7FF78F
311
7BA0DF4B3B04FA96A6DB143C1806CC5C33B8319F1B48D154366B1C81C92588F5F828221A6BBA620022A7BBE636FC7BEC805C025544B98CB9A7D58C5BB89A59C8854AFE593192F3ABD632FE2519D15EF23367E6A96F14835728B432FED3E42B0C184892E908C962710D14F83A27B675B6B913D9BBBBA3DFC21427812B4F4AC2
311
C5979E3CF109602DEA16FCD9A847649C28324AEC190B83BD5E4B3FCEA21411B08AAF0F9A99E3C81D0859830174A681597362A1EEC45EEADEBDF75980257600A1CF8801BFE6E51F3EFACBDF1CFDF52F7FF75FFFFA86C38D5C0C100060E41AE5CFCE357A6267CEBC351CDF199F9A9C0A2C522D1BDE32F82D5EA57824061C3973
311
C475C186ADEAF327FC195A65030355477349D155E05A16800E18DD1AF44AE57A44050ADEBF5BF42902FE6ADC71E8C0E43E6621330A2CD9C0650DACA85764440708783BFE5F86046BC0222839A5684DC9A36C6D8B2116F6A4CBE9889F0D5112C369F00768A6A3B852D698BA6642AEDDD7816EC764EE73DA06D63197C6DDDB3A
311
8FCD3DE3979DD86AD3173AF5D17D1680E8FFFAE19FBC7EE8F0BB47DF3CFCE6D1C3478FFEF297BFFDAF7FBD3FB9793068D198BA786DF86AD3CE8EC1103C73E638BDB2383B805AC065740D183C807F00CFCF90C62B8B23227900449860508325E8B63A6DA8D952D505251102024F26FCA5845801ABDA48FA8A5483C590641D33
311
C1A29E65EC030D1C593063C2454F70BFD89B6CF0FCCBCBEDDF9A19CD60EBC560994C325194B6E55E631364EAB58607FE189C181F9C614FAA5C8EA53D58F00D5D6FACA35CA717C25C07FB1A438EFB6CEC7C145CE74CFD18142699B4E75C69EDBF77E9C4C5F71FB00087F9665C83AF1F65015E7BF937C6E7B7BFFBDDF31B3B9B
311
739441F0C25A98388677FAB5F8E9CFDF3A4BA3009628C428DA834639DC42BC043F39F9160EE327A72E1B6CE96AA6EAAB710B58DCDDD60E664CB8EB21149C1ED95E58A0A33FC05CE0F286D9EB4D167D898CD4EAE665596CB43ABB5BFBF060333336A861A16332DA401FC860A85E556D8D313963C214052A2E8AAA2086498BAA
311
1E68A3720A8B088CA6A8FE996F38D687ACA0BFDB64F7339D8A42A8D50A8E427061248D432E300E9D6186167354C9D519BC450CF8E8D4479B73DFBFF99A710D1E3E7CE8E5978F1EFECDE1978F1EFD0D3F7EFBDB7FFCEBC6B34D1772285261025D7CF3C1CCAD5BD8283765B3713AE3C6101E7852F1DBB7D14AF45C61E8D65B7F
311
3A7272EA1BCFC70CA08F28A0DC954EB33176170940791B0E5B8888ACD753564C0041A7760545F4F93441EA6FEBE4780EA0E7509DFDDD56FE23584049C1E7BB3B8A346260C030087454C61C623B26CC8512425A523A4388074A8255484583740055CCA3C305840210153A4E31E4AD7BE4027F746BA7EC218B52475AFBB94819
311
F6C5885F13D05329D5996A9DB8F7CD874CDB5CFA9EE0FFEEBBEFBE7EF8108B70F4E597598297DF641B7019FEEBD2E6246AA096991E2A9E8021A2E508C094CF22A15942561B4053E4823FCA7452E6D2BCF7D67BC7AEBABED9FEF4BF1F0717B67C427877CC412DDFDA19D163910C3CC902C600DB114BB383C7DFDDD846DF4E07
311
24393BD0DA01858BBC9D7ADDAD8A8506B7A3AFE6DB6F17C501C373B87D193B456656F1B1794B39B1D9CD5D012F0E7B94949E62CC4E54C17CBD24AA4C9050A502BEC9ADC8C22FE09AC4A042C9BBD6BECCCC33C64F30B4ACD56663B761C795763A5A27FA2E336AEFC1D457EFBE4B2268EC00AE4096E0AB970F3E072BF0FCFD4D
311
7A1F586ACC3C60FEFA4E2070F3F3778E9F660720A1A46D3A13B83A3D397333CE489693EF19C3CA8F756D5EAE7CFCDF9F3E09D6B6BC72C5CA8B68BB206B694735A49412CACA80BC5D571DAD2C40E55E79DD521A6DDF4F4E3079C22C2296226877D2CD0CF7AFAD258BC9C25DFA1E3870CDF62FDF59B7C87D2626D1E0AAA3E4BC
311
B0DEB1A7407B96F66CA7E54AD8EF0553B5FB2931628EB0D56259B79E1BE9BBC4C84177F7859186D7B23C9472E2D3E9B0E946428131153CF4ED54477FC7BD918F3E3AF520FBFDBB6FBE7B987BE0A543BFF9CDD197DF7C93F77FF4283BE165E2C03FFE756ACEC07D79FB01124098F2CCA01FCE6E06E273F7014566E2AB570333
311
E7214F31ACFD24A3F7DEBA3A75AFBEF7DF9F62E390F0A7CB4E33C4BC5615210F0C19C8311653AA4ECE2AB92B780A942DD1D268EF3E32214B33130631D2C263CECD2DD07797F85F13D6FAD7C30E2CA2C1FFDB7B1D0E9C764CB648261FF48A3637DE08A3E14C9DEF7A25E6C7AA827F5BD09186A22D16FA27CE0D615EC4EC71B6
311
1F19A4D83FD68F0505D664F84E9051D8A01C54888F80C21F9EBAF1608E6BD0A8075F7BF7D06B478FB2FDD9FF7C58032312FEE35FF7E726E30F7854BAC23B3B376F9E79E7ECF92540A0B939D46293334D5719B2C3F31FEF62EE1EDFAF2E5E4EED211ECE8415C6CEE2A336D1DA1646F2ED8F80873174221DE23694D4EDB17BBB
311
15A237053108DF0A6A5986A8A81ECCDF8DBAF72EC55EEFFADA32CE67E6EE95730F3FFBF64E37135A990D22E5B618BE20A24254C41A3DB77A3A5C413D40DE8CF90ABAA036A4394CA4A37EE8BB3032601EEA1C814B6C5F6FEB9FB5D925D22A74ACCDF65E3114AA383BCD1736463EFBE8FD07F73902EF1E260CBC44107CF9CDD7
311
7EF3FF96E0E55F1EACC0F3EFB259E8C22DE338CB5D8BDF3C7FFE2C6AA99D2C6E83C605B06AD0429845CB15C8B4912BEF5D99BA9CCAB30024A95CD1788774E0A6A98761F3FBBC7E861052B9F845D59ADEFD6663D756C339177348BBADB946505763F04AA9596BF63B777AD78A6B83839CFF0EEBFAFCB9872BFD5606AE2D9B55
311
A8A2D0EA0BAA948E0876BADF197AF01EF4E8948D12E30D3746C26C95A10F1F3EECA0D419B28E8C7462AB54582FAF9BEC03824DB5CE5BD476FBF568309F610EF8A57B973E64D824B700E79F13F09211047FF91A2FFF4D63118C9BE097C61E787E3F0B33E036F2B09D6B33F0C3DEB965C08068C7993847FC1FA744620B1CEC00
311
46B32C7DA32ED01CA51A0C57CA6EEB8AE9022EC7C41D5C1E30147084339A4F54C7EABBF7CA31379478EFA3A25F6C4E460B082CA870DD2907C316E77B31052713266E0F0C008A4D2CAF774C7C08D3DD0CDDC6FF4229EB74CB4A22C26064FA958207031AD64A3E803F1D52BB69E833CCA52F5F02F61DC16EBA91749447962514
311
1796E5E659DCBE315C4CA06003213FF51943A7BFFB8A053036C1BB870E1F7DF3B5970F1B4780653036C2D18338B07D7FE71A2C10E31668899F3F0D7162F35A8020388DE5325821B346868F2129F9D3B1AB04C1E96FDC0B002289200C89DD31934CFBA153573B216629428384B41A513CE0014641E82E25A309A82C5273EF1A
311
3D2FD952B0A66238C65BDBDBD74076D706B9029619BBDCD17DE7DBD6910EC4E2B84D25A38F1214CFB0E3610666948C56395099634160666A10359F63CDC4F88D89914B17702A56CDA21D7FE1DD0E04468501198B4263B4854CA116738C9CDA3841777CE7FE57BCFED7C9848C4C90473F7C1002FE7D15BC7CD4280BCA93F86A
311
428C7FC002DC7AE7F459D7E4B52C3D112309C44B8449A401CC868FFFE9581336C353F7CBB93F7C8ADE512BA40D3A6EE788D58CBBA68C779852705A4434FD1194EBE58D8AAEE30E58CA53BEACDD6DC775CE22AD3351CF8A860E2A247040EF7CB3C8682D32595EFFA5D609000319B91560BA68B314147A81900132E16D0F3CC3
311
C67C477F3F3329FB2DB897AD9F9B1F32755F3C31DBC1283F72A9B5CE5D069DE276DECEC4BB6E2B36E32491EBCEA14E46B29D3A75EDBB375F7AFD4D72C1D75E3AF4DACBAF19170037C09B6FFEE64D630D7E6364C5BFFBC72E0B3035BE497B1C66444F8B8B8609E60A68495AC0829BDE7AE70CA22226F01E3F7EFCCAE20D358F
311
709014C713DB057B778E90C7D3D782C0E3C74C408F4412359591D4B8FDBAD36E7BC2A725C45ED1DECD16C62B870970035ADFF5EBA224F4F602FD6217F32113272F4E6C5C3AC1541C448770CA0A0E2A467A61F49F18705DF74024121944E3B87089D1C643EBA396A1734343272E9E38C1E87A8C6AD6D6DC636B6B284F18B639
311
20F531DD0566793DCC788DDD8B272EBFBFF3DDCB5F510E73040E16E020117CF3E8C12E30C2C09B2F5316B002739301FC45AFDD6E899F7D07B7794A015660E6F6D963579AC68F1C612679E03877C091CF8F2D7EB46E48460A8287B982EE75ABA3B5B5D9904C3CD14AD05B645DCBA3875063DB1BE8D8EA2AC8B01465DE8EAD75
311
808B206AA16495236D777A1B8EC2DD5146E8316A71B9BB7BE2D2898D4B138C6BB3CB1824F58A69B5803D140B90C398AE0E9FCA6E1922F16D037CE9BEE06CEEBF0892CA54F98B46822135F0181F2B26C99CC80128AF716C54225853F6A39CBE7CEAF20D62C0E177BF3AFCEBC3875F3B74F8253600118128F0267FF7E385F84B
311
A330FAC7EE7DC44348286F9D872FCEF587B61E8ED0F0F0D96367C148CE60B0CD7432FAA9C3811BB1AD8F3F7E02D3B190627C98593E316189A56527B71F9E61564B5A533CD2BACD7DC96AB5697D6291AF1E0B3DAEFBA8D85C70B6AA66ABDED7DBBB9684153DDFCCAC1886E6B58E583BDADA3E3CD7DF8188AA046538C5A8C148
311
2697CF6522F558DAB80497E79BED9DAD6D984576772F4F9CB838748E69B2134C1D25FD995FB9E0C4A21697025B8735AC820AFB32551A8313062074EAC6B56FBE7AF3350EC06B044163FF93081877C0C1C31BC7E128FFD0B80BBEC159ED011C99F3F8C70089F5E0A7390563E6D8B1B34C16E01A3C7F049ADC718473378C1840
311
AF4252694E3BD73B5B5BFB9DFAFA7A098331C29C45AD46EA699B504E897221CDF46D3BA3267AAFAB7D0349D83F6D44319BEE5EEB4D323AABF9A1DD32CBCC30D33926AA9BBA274C8E2198F1251A03365B3418A4B8C8D16D475D20AC31769A7BC0DDC770E3CBD6F9A18B1F82F4706E2EE0D14B1C6584DB9ADD41CFCD6CEA0CDB
311
5A9BD19155CB6AFFC8D8EE29A66B5CFB813C900F3F1DE2E513FE8DE7FF8A1B804D70B0120765C17FFDE3DE1CEE929083BABA3016B88D5C90C6008326DFEA39FEF95B7FBA72E4FCF9236C83E1F3811B5604034FF04031A7D361CB8AD43DB1E2D02CEBB95042B120FB872A9B76D2B08F996D61B73B69AFE7C4DED1A4AD6F800A
311
67E0D225420186B0EDC992E8B70CF61656CC783F9F1B7A684CDCC6A6DAA494FCD412920DD3CC9050CAF1ABBAE62F30B2AC7D79F9FF5675AE21719FF91EB773719C510747C658870EB578CB908C3A3ADED0C1104131DEA31992EDD21722783B0672D123984090B056BCA16E9B9CA449ACA6243429B1D2C4909BD4F64D480C7B
311
4876DB869E7DB5947D53B69CEDBE3F9FEFF31FD33D8FFABF8CE3F8FF5D9FDFF37B7E174AF60FD2A82417C5F615DA7D2450873FD945FF756F7EB5CDE37617BA521C6929C1ACC1D2E1B1F3273217C8EB558BA187FFFB761E3A9089001D605982CC8466BCB20C02B1C10DDC03F71E3C7C7EAC9CBED4EF9CC41F7089FE021FDC86
311
EE6F4D7ED84DF1A90BB769D4D99DFC61C367311942A96A6D70BE2D1A38406B8DCC82E5E50AE62DDA45784E934B826B66359F2DCE7CAF2FF79E0BC74717A9AD94220F5ECC97919F465C7C6A88A67874AB0CD0637D6A63DB740C1EA421F3E13E72A7229EAA4A920BC315E314CE2B28F0ADB38B869F23981B0D742EA5CD75CECF
311
CF8F502BD41F88DA6617E7A269ABD9D4342300C3E5AE2ACCCFF2A40C8FD556BB97B3562F0A011FFCAB5E93008AB03E09D577CD9A05DBDBF18AB49B7501AFB12E3A75F7EEAFF79E3F3F4639F57D474E3E242680E0C023B73F671A4CC649A45DB18FF775779F39F3C557055F3FD9040105D43FCC883AB2B1C7BDD5B965B5B5BD
311
29E955E999744B2A4865C32EBF348596BA31FF1FAB7C5DEB54CFA7CEA752CDED367B757ED7AD58692B9DE2D6E93E5FD73FB5119FEFEC8F3AEB3C0E5F2DFE90AE48D7B2B736038E22A878D87EE0B02F1299C250C6FD5AB7105F8AA6FBB7A7EA0800CC7238C9B827B2D87B3C937AA5CE56EAFB55F9580BB8867B6B0B3217F089
311
2E21021FFC4BFE10B903DA938C19C955A1DF00001F9C494441545C7CB0F88A59120179FBDBB806F47590C5F1CB5F676E3E641238479729FCC07F3876E4889601741A649C2B8719BA6FD3857CC48E08F44298CCABE70B961D2C48D2DA0A57AAB0E158F13917322AC3B587BDD9C789DC72FA5AC70B7B1CADB7E65CAD543EA6E0
311
4C8F3B25C8B657CECAE5F02235F67C29558EF8FCE0C6467FA7FAAD8ECEA557106FE7F3155095A977AC258C3A55DD989C3B355338BCE92A4DCF9CCE3A4FF6B6A39F86D2F42AE69B6EB5C16CAAEA9264EBA3AE38E57BD343632DA907DCC488DD1BD9B8F9F0937F3103E6D517E71583004C41B13F16809C024619B6B7BF421588
311
098401F6061AF7952B6EE2F7BF7BFFF7EF7CF161F7BEEE73B7BF397B661F2905C44DDDFEFC93AF6244497D5B4B0C7BC789366F342DAECD7D4F34A3A376608172E7C4CAA61EEFC8B8F81D8D6EDCBED213F7727D3978FC59C43933FD6D541DC41DB61E89D943DEB2BAB974078D95EA36E673EBFC75DBCE3A87EF303BACAAB847
311
3851AFDD4EE9E28E03F905E35D94869A730672A30BD1793A0D06E7B769A8BE41931107659AC73D9887E81E2F91E7819C3B3E87A714ABB460D67DF12241725FDDFCD42C05F29000AD058A8BDB5FE54178060B029DCDBA80B3A602B909B1FE710D35BCF7FE1F289F70FBC3C97D17266F1FBAAE76D49374234CBEFDC14D1F2D17
311
7B0BC633D800CA0A0EA67712A44B931F6F4A81272DDD196D3BCF767E4F46D62A933AAEBD8BDF0531F7B0F9BD29CEB2B4606E9B77161B709D1D007B59E79CCF17D8D87E34BFE1A72D4C9D2D4A93ADBE3E5C8503B3642156961253AD6A1407062273A335F1409C1C8AA9F99920CD3AB609FDA172AC332D303BBBE8A3CB542467
311
B9C0EE1BC6D944E5098A4FE2431CE899C99AE91FB9F9FC9F9A01CC968894E041AC008DDD19C0E0C27AE1A05CC53729AC7BE4C1C3F223648B96B3123EB3EF5CB774C0A1F2E4B3FB26A926D6F0DCDDF2648BB8CD8E42F83CCB118DF73BBCC134121F6B53E87EEB257EB87420BF232B3F8ECBCE974ED793709563D4E72074393F
311
333BD8467D41BCE18B29A5765B3CD73937C8CA8E592D371870602EA7578EB131D2EA0A16D60EF7511AA31504D05D68FDC7D1A9FEF888DFD61FFDEE8F9DB6601D9D5C67F0A17B1C811557D7625BF64057574641E938BA3616F1F88609D609D3BF9D093A8E4FF09F4C02AC04E4166F47FE057F1E8EE137905B57DC9ADD826F1F
311
102276E9790365157F7FA49CBC89B70E7D73FDFAF5B367DF636B042D78FB8BE7E9E1CDAD6F330A4E77649EF0974D61C706CAB21C3448394C95F7415B21F9CD85C7E9F659074CB82982A1D42C85BB383D832880EC4C7CC8A407B78E8F97E6F859E2A54F6D3FDADE18C9CD8DE219B60D54F48EC5D6D30BD3BCE1BE61FAEC1174
311
75000988ACD46CF7ABDB3CD3FF7733E9B975DB81FEFECE9CD8AC63C1B5D8EA3910F444EC6865C2ED092BE90A11B55B41666A76944E73FD5F3DFF67BBDC017979D35882C800BA003E28C635242B00DF209610D3C1B576BC035A16BC38F99FC71E3CA0C8E4EFCBDF3BF2E199B317CE1EBA7EEEFA39380006A08444C3A5DC96CD
311
4D92D3ABEDC4E6C6A7FCFD717F5A3E0D97532AC91076E6761C3FDD76BEE322951CEA16D2D207FE788F1006070B38C76C0E1E1CBACEFA422445F9288A67EBC4557467CA9A0497A273D1B90562E72B5BD77D6E3FB1C44A140D91544C31F91A076D229608FB9D9F5FFA63999B2EF371DC01B9CEA823EA1A1F77671F709383934A
311
1581346697F5963542D75BE86347A5DE78DD5727118162C80FE46C8DA106AD795093FF1B26D0851C44060357A99FF480F26A4840393EE26FD47796FDB2B7CA318ACB1BBB931FCC1CDEDA5226E740468FD23AFC239D99F9244EA410293B188D1EE8E968BBDA864192167790519BE567EBD35193B694EB191CF4965DCC9F25C4
311
2567BD3534EB0AF86D2B35776407D68C3AFD32E93C76320F2391986F3B8215545B41DB796210527C35A3F3F1119AA7CE30FFCF047D98C2FDFD4A90F077BA5DE1EA81D35749DB275F37861BFE69E8D610E14A6315E1AE826A2F4BD091EF5E21FFC5D0BFB83809059097774DFE8162CD01905F2A501C212D00028C14BC78F0E0
311
01C5864F36FCAEE1C3EBD7CF9DFBE61B0E345B7C8B127B14DCBC9935F66CAB92F2C6C1ABD89B7831E2F1653A4491BA13F3D538A204479CA8647DEC0D54E50E86FAE831EEF3E5D806CB9CEB113A625D64353C90DE1AA1CE56682EEA26457E6A747BEACE06CDFAA2CB0EB944091F2DF5AD7485C9A3204BD677A087DA63358FE2
311
7882973A89F7F8EC5E9A8F8DEF402058458FD32C272119D595E7335CE1B13056B42FF67AE816253E36C7FA2E77D10C8AB9C7C1AE00DBA179EC09D7E315666380DD11B841DB4379661E348C002EDE7EC52DABE31BBF5CFDECB3E76C99FCE13F1B1AD92BA6D3D0F5FFF986DE3BEF5EA023EFE71F3CB48D3DDBACA82D70779C58
311
75C7FD9D7116E5327059046A83E73C25BD0F5F2590DF991EF085BC9ED69A1CBC21B4CEA171320D696940CE0D799443AEAE85ECF51C8262A71E4D6DD4F9E3146077E2504B5D27466630461B97C36C0CA777B4B968ADBD323A1A8D52221841B8989919A4755F6081BEB369D94416DAC789B72709736D98198454DDD7B4C4A43D
311
FAE3C715DFAEB53C5E7B71701AD0AD9194C7DE603D3AF1149E11D85E5A204F5E018980F800F0A7A759185D5D7A7E0C04FCD73B5F34A200AF9FFBE6EC59216092A54163F2A7837DCFB6282F9F52B84A0C526E67A02E13B7C0724A5FA9CB130DE493AE462D58B55CF10667DCF95D30803D5243FF80F4562BB01DE51D6BC5F519
311
5BF75CACCA59D9A6EC91A33F3E1358605D1BABAC284547B8AADC9568836FAF5EB5CF16FA223E02271FD5E106DAD8E81CB997B69CED8FD645A3D1458F2FD3416D8E52F6A45C2D7D7D3B3B3B4AD479FCE4FBEF9F3DDB7CF6ECC9B3EFBFFFE197BBA78A4F1904B039C4342835885DC43AC84C87400FF0F0002FE81B6BC092829B
311
97A8ADFF4EC3E7B7CF5EBF7EE8DCD9BF9CA5292D9D07DF2BFF30F966A0053BC0C36AF0F86AE748A7DF5F17ADC257EF514DBBB92A070E421F295041E67CC7D23DBF8D3619AE95C060557A84FAE96DAB41EAACC462EC993F250A24B36AE5476282D9135B9E61BBDBE6268F183F2295510B6B81AA32834CE37C4F6BD7E2CA5C5D
311
7C69A47F7E3EBA74CF3190196551B03C2AAF22ADBC4AA949D8422EF1E6E6CEE6CECE13C0FEC18CBFFFFDAF7FFADBCF3FDD80A60A0E607F747F92890EC0278643E0CA41264303768203C08196066F9FB29C64CF1F3C286FF8DDE7EF0A0117D083B84AF74DE21E6C6C78185DDB59FBB63A2573397B952E2EFE8DED685ADAF202
311
E1DEAC7007070A32D23229324AE897C39175312DB2DE3A4EBF585A5FB1C6A96A3B41C5188FE7562CD4122A5DB9334BDFB9473F8E3E1A8DF6CF2C2CD37D9B547236CFDD6E47295544A99A538DDBC9339E432C557F5D270B864EFF4C56B5DDDF195D5EF62CA0E63D2422B5847BC9A9ECDB4AD0FCFB1FFEFE57C69FFEF4B77FFC
311
E3E79FEE027FB1F64404FFFEA46BF5C5ED083E4C8049FC0ABAB3500466D9C692044B2CAE69EFFC978E9B0FFED070EC365AF0FAA149D420F14493930DC9DDC9DD9782A48CF4160C547B328FD7D11CB77F8AF094AA1C6FE970AB8738DF14F6BFDA0ED86AF0CED4043BE76ABA487F48A7C140C405C93B56E9B335803B2016269C
311
83353E8901A38FA60631A53CD5AE59AC9FF078578CEA80B534323A5C504DFEE7552AAFDFA139B99F26DA74B6CCEA21E6347361D9475963B26D90FB969DB1AF9F6C25080FF07F4AC0FEF2E5DDBBA7A62DF617F47B9A110129C4837806F3DAAF5D390832E41D4A0C4B1AD00430018BE35F8EDF244FE69373D840870ED17FFD0C
311
ADF748A2E8EE7EEFD32086106D1D680CB19A9B8B21CF3645FAB2B370B86F7C71D6594AFC3885203D3598A435B9697E247E65912EA339EBA1AE3BA3275657D9F72395FAD6D07069E49167D0E71825A84941423938532A5B861E87BA7C2E4A0B93304E95A85A824206C6E1F585A07706C207B2CBDA08C4737B96092CA78B63DF
311
654ADA88EBA13B1C2FD8FF06DD7F7A79F706E314DC2FADA72049A2230997975F88088962CD86B886CCC2081678F5AAFD1A1E1234006A409A1083E8E52F271E503EE5C2B9EB7FF9F8DCF5438D1F123F96FC5632E9C397D240C0E96A2AA576ACFAC9F0DED888E306187497F6D9171F0DB2AF97E6C95FCD9AAA590CC449649DB5
311
D3A1DA9DC986308BDA00CEC3320AA0B776C5A82FB098333B4B7A906F103BB12D2B1AB27BCF0FBF7E1DF2D0A684D4C042FA9AD2D8B1F6BCBD34E42A8C52B8328B863674F22251C01E2375DA9E4A912A141E026F019F801DC2DF05747D4DD7175BFACFA0408B213C031842D7A6E51B6F076EC86D741F5C000678094CC826C04F
311
4A0CCDC963C72EC0011F9FFDE6100DF81ADFA592D8E7C91F3CCCAFDCC11F6077DB9C3D8ED10D67FC519D271D2760CAF0ECFA224D786DCE5CD25736EA46698E9AEF8FD1036B2E938ACF91C5A988D3EEF666D9421E225E2E0FB5D4D42CBA7D540B18A44B54D9D2C240B5FB70CBEBD75DEBB943ADB7C887E8AD180BA786482C0A
311
874B539697073299253C1E5233FA982255A262F3C9336097B45B7417CFEF525EAADF507FCF9E69A057701C4122D6EE300B837A282D01307AFF150B62603616B1E60179084E5DD3C2E8DEC94FDFBAFE97B31FD37CF94263E3856E9A127E91FCC9C3ACCA2DD602039EE5EAE3D1A978DDC8549C3E198E5C0AC9E4B0E7E7AEF364
311
5DCCB24D45E7FC59A4B1397D29AE40E7E03AEDB6222B9ED90C37AD77E8C7EB89F962117AD0A5AFDCA909D4B1DBD1E3249BECB02A6EDC4A574ED85805D61CE1B8D41DA522237578283FDF6AAF2063766D736BE7C933C3F5FF26EF16DD811AF695D1375D0FED392A34A258D1A10A92C6144608EA0F5E410BD483013180B840EA
311
DFCC01A0C430801646C2C0779792F79DC51B7EF650230DC7F625537AB3F19387758709942407323B7B35536BA1ED1A1A5DD7A4C7A8009353134B6783B2274BC16F81403C686B75B5B8E2715B64E8568416C4F603DEA0CD4E50FC2CBB8639776CBE9AA9D139E786D3B1109CA20C77EFDAE3BEF02D7E357CB985E8738A12B640
311
EB9D3E3A5792681AA2630754FF5E5C2F6507CBFFE3E79FA1FB0DE80EDC6618BA73004ECBFCD11460E6C0FDFB8BA403AEC83DCCE2002FD99576F6498CEA870134056A463088800D34192A8E8AB6F31FA3042FA004FE63F2BD86EEE48687F1D4ADAD5EBBD74321AD5CC75C7F7C3B4E6B9F398A3D0C2D2E300B3852CA7AB27C73
311
2B0EC79D3AAF7FFD56B8A5CA3948F3D1484E4EA435A3A72A36EE2289F029756223B3B6B9511A46A1049D543DA099D4561F69374F29977999AAA1BD63157DBD955C908B0A1A1EEF3C83EEC8BBE17A40FFC9F0BC981ED06F60EF49EA65F501BD19105F9C4F90B0C8FFD147FB938AF71CAC37AE0114613BB3413D209B89503C60
311
7000ED651072C7BEE98DBBBF3E78EFDCA17DEFB222A4C5CE7F1CEAA6CC4CE3C3A5308575C303A9F9578F9739B6E3F18D47147D1AA57340982DC02A37AD93C85C08D8165B6B66BC8E5BA9E194C25C470E8ED15BAF9F1234EEF48DA7506B70689C62BAAD8435D98891C94DCB2F735215620DF65E2B1DBA3C3CBC46262A49B83B
311
63635B3B9B9B9BCF129A7E97EEC00ECFDF3885B693BE93BC1BA197D8EF1ABE127E4D7FD6204DA2687F123620C4C710D4AAD82C0C700F1CC4392CF8A508381F44277065D9842F5F5C2A9F7CF75D4C21B55F9B6C28EFC610EA2C58DBEC6D61A39ECC65F21B37A6A6163C9E7E4A85865C35787ECACA3ACADC38415DE94CDB9E58
311
46BA37DF1F7406BA2E87BA5CA439A927079D24E9451AC33936386823FAC311ECE998B3871F7F4DF4D10E133B99F79B9B6B5B5B6B58F512F61FBE977163549DE179D4BC99E4805DB31CC3E8FB62D0A06D70B41E2FED82CE39C101D2010CC3FFC8C19569915AB6006E31340178100A981C350F302CA3F812D94420A03BF9F30B
311
C993F4636FFC341E5ADBFABA9252653DC7B3E98F1C9FEA9F73D3823E2595EE814EEAAA79D3C86D8B387C2E42B95B5D945EF5E612CB34DE4A0BD98EAB7419B1BBBB86E00657A86BBC34422D45CFA28FEE64A1A1F0E33EE6F4CD9DCB3B9B8FE176097B42DCA5E92D9E377487E1A5EDC4E6E83AA41DB996B9C760BEE7DECC7A18
311
C016E79B23295328C1BC3DD357D823234AA01EA84117839D72B42198B0A08603CC9CA02D03133F71F55239F52527F1071C796B9268A9C96323AECDCDAF53897ACF3EB1108D073636A66CEEE89483F20F2E1BB92FE9413F857DC4F4CEDC749F839D607A733A0983CC89D8334E17DA726AEDB15BAF774824401BA87250ABADA0
311
E0F4F97068E8F1DA162B1899F3963D8FB45B7A5EA68D4087EC46CB4BD42DE8B5D22F66D3638FEE0DE18588BC7A45C51B1630DA1FD8C91521711215886B88372009405F8CD9278BA8183E3024977300CA830C2D8D610CED999D38593EC9244097E664824A931B8FD173F2C9D714D29ECD5EAD4B8BE7A2045D99847AAA3DF48F
311
F4A22FF59655B739E2E9B61C9C7C8E47EB219FED51004257511F21A5A3C3E5A94C09455E5376F76957A8C5E5EBA2357B4BC5E98ACB7DD07F97EAC69EB7CC3A63D7197997597F6A1A6D577CAD1E0E006AD1DA80A323D7E61BB8098ADF43A2A0748072A4DE8C247805D88918E204275C036BD845DA2EBC628C02B181BC85E804
311
A309990C71921D7F909CDC70A6F1837789A9663D7C4C6D57C7C244661C38E10FC4FBEB361C0E1FC5DF289215B94387411FBE80130152623D0E4A623DB2C5DACAB80951238C2E24545C0EADA5F661C3511AB92B7C59B1E46115891ADB11F8C6AA3374B7CC3A6C5A63DA88F6006FF4DD35C3FB08723D94879C86F74D3A804100
311
36BF25FD4602C896B3F2A43E3A4AFE781241120A9713D780027C222C88342332250864883E7D5006A2F4817C850CE32624B3F6C219524B1A546CECE452EDD6DA588187D5E0D58B71B628B74749737B44AC7B6871B9C6E9F664E61EC877CE2DD054CF667B54B31229F5D13BC11E1AEFB267BC7891511A5E6BA9788CD762F3F2
311
D3A1E1CB2E926C5BD6D0F3BBB3BB59CB98390EE0A5E835C999194EC23D2D4386452D1A1EE89178C49F34A004BB63F2EDFF086D20924BEB9B7451932766986022893F8057B4570C1A641415B31ECCC3F4E3080F808084C7507194A80298018543F4C03B932456D1A09EBDD3EE634B95F80348F6F594F5946D4C310D3A8C36CF
311
7693FE1CF0D238DA49E3B82A16AEF955832B912E0A490C2DA6505D77A875F8F0E9DE8A16A6B8CBAF777670DA6801CF6A46C05BF2FE1BDD2D89D72C07F4D3F267C9B0D92339D7B7A5EF748DD6B3286E1D9525CC15C01715ED17EC13CA9AE6D05474B42809B60165091E902610375C81E9F10E30D009C54C8770036A402621C2
311
809F501838F61659C6B4DE6EF8BCF1D852EA98DCE2996435CF4C6DCC4FCDC76D9E4C028669C63DE72C20B3530BC2FCB6E354F45A59E97A4CD6C8D3AED2DE9D9DA150E8C50B92EB36316AA842C1C07363B8FEDF755D6221B74B77185FB39BA1BE263950A0B417BCFC909D8346B1445E11E1D62055BC697FD3FE6641DE0C2328
311
65BC485F1F254D2B5806214062509DE801D8E81A53C341CE38C7AE49178AEF6509C104AFB479665C44BFDE23C994EC6ACAEB37BE3FE25A6367881EA2278E67F9EBE647E6895CA719809B7A3E8BD4158607486F7267F4E4BB4A317F5EB70C0DBD1EEAEDDDA4BC5ADFB72FBEAE14BFEF1AB4667A4F2C618DA2677EBFC12497B0
311
6EA6A78D72ABAF27ED0B906179A977C57DE749D3C9C6DB9DEEA17CC2E067D66FB600A76C042C40E18422AB6E8044803729818AE0D969450FD75FD3A691F4A098415B66C83F5830461107D401839511CB026ACC9E7CBFF14CF7A7F154D2840B0A96338F1F9F896E6CCC7F15CF5DC04B8993CC57339B7A3E9F75F27982A6DADC
311
91305B82D4D12237A205AABBC67AB7B62C69B758DE4CEF66F9FEF2A565CF1BA3D670BDB59CB196F346D8617B7DFD1BA50DBD85806623EBCDFB8B047A5153B3685FD43421F53701F34F348903240D49FA73B057CC2681D1985209A840CD872C83AF99E039360FDB2D97A9D0201F01730146F1BD4B244E9050F0C5279F65E076
311
AE9E5D8E9298393F4A38F2462048D2134B1C9BA7B5A5E3B033A5E37CAA9718CFA7616F1BB983A529AD8440AFEDF48D99056CC29A4FD0DDD274D05D533CD2CE512C8FCCC39E0CD41DD43674AB07D2C4686600093E0E4E453272009F416AB8267C409F28E1160C141549FDC302E202C301FAB066704A2E2D5F00CF17FF881F85
311
11E5BD7AC5F49827DE170318FA279605172FBD7F896CB286634BE7B79E50CAD69E4D620C6610CDCDA77C29D1051A85D33AB4F23C35826AAFA6A68EB190A7EEFDE52126F8C77D5B662163ADE22C3DFFC6B631F6BC78DEE83A693CE97AADE0F3C4E85273BB70BF390B13002D92A3EEA0382A9FABE6A28F9A265077E278838F89
311
2651BF484584344CDE2058D3E7EC6946A108058851B3D608ED572408C5CC034C0D223DEE110B05B00762F90BEE81F293EF7FD1F06967C6180DF7AAD9B7BDD893151F9D9A72FC48890C1A81C55AC2F8285BC89E7E411E69C170F8EBC374D186EC46D759AB38E3AAFC6D1D07E1C5F1505C6ADE109DF91D5D055594EE2C93064B
311
464F6C1E1BB0005AB60D133CE4DD5F5FB41F0237157D74747F3312CF75B3617B74FEC404D5830CE5553B86E231474180611A7D5A5E737D7DD19E66D848C9041847EDF56F5FC15D8A48B01E4C848FC830C261865244082405B4A7FCF479E7F0D8E64E45C500B1DBB9411BA17B8E1C8FDB4ECDF7A1CBE31407A743EE18C59533
311
5A28C19D705C18D82D37AD59C669FD6EC45DCC0EF818F4101CC30ED50EBD451A54FBBF0D789A67060557C4FB0C31BDAE4088E17DE97A8037D31DE20F0E8E523A48500B76F3C391121A669AE48FF4C7CD4608C40368176269D1879A22592588FCFA31EB6271033C2007C9EA834B9F7CF270297573F3714B68A8303B3B13E777
311
DA1CF5A2873DE4F5841FC3EE68BB5E7627F1525B769D35C5C95529D8134ADE887B31D20EED91731630D8685826D2EE1A06C8E63D126E0DF3BC82945F00B248AD57C5F9E839D85C933CEAAFA804B21B8117C54100E5934045020570003802741486B0C7DF730BF1F987021E3930BBC85CC80EC251804590582569DB542936F7
311
E8514BFFF9ADCDBE3ED6F9B4990CDAE63C78B7A91B6AEF635766078FF91314BD9672D614F79BAEC3BD205D9758CD4071061C00C8505E260D3CC068D6F3A0C9F65844DA0F8C3CB6358C9C03807905638733CA7E02D5C7BB8E022EE7A345474BD002D48B9A2811F9E1FC37431C90F8B0263E052C34EF292ABAC2072112280413
311
4F8A85002A88A9667294046026BF628A4848C1CC731050CBB2BD2F354641B8EA362755F0A9FC313CD482A74EE6FCF73F40F9DDF91D93D632E711745631E8B96B021B8D0BE4CC4502FB4A82EA283C43FA84941A15CFD35ACFC9A3026C9379FC26C1D004B8BCC295F8FE685193E0E7206E17D442812E13475D504B8C3FD5C798
311
3F63BA34F3A578423FCD579A2D399030B4CB40CCC30CD0C2485301C3B8077E1D797ED37FF8C9B3357A43DBD97F4E897808CE22281E07F53381FE83D995B17C1716EC1278A3E934B3C1F3C69687D458B59AC83490C57A5852848035D1EC62774613C8A00A96B936870950A0C7160CA8FBA6122087FD850D89FDC44489117C50
311
506240A6769CE101CE7BF9B2100083983F7EC30DFA4F861DF8EF42038CA01C0B3080E30CA72928C01890458851FC6BFF57B65EACD8BE8A5BE3950505B59E10826FF6261264DFE5F9DFD6EF68F8E93C6DD099C9D61820066CA6A27A89A225EB0250DCDDDC843AD78DD8DA1A86F04D5CC3EC1010A117D5414609401795A8529C
311
A80EC8A04145D3446D1D0C0350416FAF8580BD49250C2C84BD621E0DFED8FC0B1DB9C384367AA61943115CBC8223E43B2F86FC20C18A1E78F96BAE8B2A2A9B5B140CA66440DF6363D71A2FED6FDB32DA9980E7CDF4262DA79597441EF1B6D4B84578CB8033EA485437434F61AEAD0B149C80358F27AD7614FB8693680FDCAA
311
92D784C87330026F915BB01F2DA16E1E808388BD1A133ADC0701479BC081D4045F7C437A3E4BB830A388A3F06EB1C2953C0C04F80065C0EC0016A408EFFEF26D1F93DB26163D4EBBC43A6E774B4A6A9EE5AB25ED008C906BDDB11F2967AE01EA26EC368BBBF92F6F2E9AB8E149CC6882C0BA86343269F47C4D1C267856FD88
311
DAB03917A0C05C436C111AD2532A1200350CFBEB42609740FFBDF7F94604F68A0500DC00AFB335F41AD2635E28E2A3356452F31C120584610FD200076865F8F217A0D60EFC9B05FCAE6D73C3B2E9CCB4CE9ACD58DB287528ACE529A26B84DBA2AF056DE268FE9DA06C36FF9A4781E9ADCB2291A748D042668E821620217A09
311
8511F74E58108BDAFA9D249D9A89DC720DC45C00B919F7754CA2B4A6F54581D11255192D2931579C01FF3EFF4C2FFD8618A1014564A1015660E31883E8E5CFD676DC1B57A5FC165AB68BCBADC589A0161F19223723B8D2E1601494324465EE393709F10212EA22CDBC6C86981A5AF33880AB0BE02932DCCBA56EA4DC04A8B9
311
44A20DB16101F0009CE66489BEC0BEBFF7A8C0A7B22E5565815A57A6CAAA39732F2CDCBF6FA183E3DEA692FB5FEAFF082B3C28479E599A59FA5128F8E9E77FFC4DDB32668A93216B96EB182982DE80C8613F1016091C1DF8319FC3A535F86000E2F3CD97EEF886BCC0047BF3AFFF1FB3EAE5094013C82A0B9AF86502505E12
311
99EF83138DA306DCBD940F16E8FCE86C9D92BE5481653E07D0BFE48722CBFCE846659775A13B0DDEC11B84145D083DFA9F3C23931266F89E7A63CA01B0ECF45D90598900691110EAA8B386F93BC1675D71CB359FD6B4D79C103EFD023C889D4B045B027EBD4900C30060856F0DF81EAAF32E9190DF49B919A203E351A0D473
311
82075DE8059DEE73D20B5C260962F30522004AE830A72F557B5BF7D6C95C73F967F382F59A8A72F3A3EFFFA64CB9B9E473C53CE689AD03DC23081220F0C0BBC058241548253C0877125FBD088E77871E39F1075C0A127E0B1486EABC174C18A0848BC425C0F371E6476F3B2AE076EF810E200D1F08785DC0011618F70508C3
311
D41CFF33E4374360ED7EAB20FF9FA9446F3A1370FA339D29E84D61BE3930B8D7CBFC4E7F2C64F239C2E8DE12C33C7AB00447EDFD92E714CD443480D29D9E8E6FBD7A943772CFAB109DAF5D34E9ACB780020B44BDCFBCC17CB43E5E3FF7C18CF900436538D9C06AA82B7C183A0B447EF17FD395CCBAB76E7F6C000000004945
311
4E44AE426082504B03041400060808005767B65C615CC3277D0C0000780C00006B00000042463635313338412D313843352D344444382D423043442D4444333538363642303133352F5265736F75726365732F41343339373535362D394145302D343233322D394439412D3330463137394436343541432F7468756D626E61
311
696C2F302F42756D704D61705F706E6701780C87F389504E470D0A1A0A0000000D4948445200000040000000400802000000250BE689000000097048597300000B1300000B1301009A9C1800000A4F6943435050686F746F73686F70204943432070726F66696C65000078DA9D53675453E9163DF7DEF4424B8880944B6F52
311
15082052428B801491262A2109104A8821A1D91551C1114545041BC8A088038E8E808C15512C0C8A0AD807E421A28E83A3888ACAFBE17BA36BD6BCF7E6CDFEB5D73EE7ACF39DB3CF07C0080C9648335135800CA9421E11E083C7C4C6E1E42E40810A2470001008B3642173FD230100F87E3C3C2B22C007BE000178D30B0800
311
C04D9BC0301C87FF0FEA42995C01808401C07491384B08801400407A8E42A600404601809D98265300A0040060CB6362E300502D0060277FE6D300809DF8997B01005B94211501A09100201365884400683B00ACCF568A450058300014664BC43900D82D00304957664800B0B700C0CE100BB200080C00305188852900047B
311
0060C8232378008499001446F2573CF12BAE10E72A00007899B23CB9243945815B082D710757572E1E28CE49172B14366102619A402EC27999193281340FE0F3CC0000A0911511E083F3FD78CE0EAECECE368EB60E5F2DEABF06FF226262E3FEE5CFAB70400000E1747ED1FE2C2FB31A803B06806DFEA225EE04685E0BA075
311
F78B66B20F40B500A0E9DA57F370F87E3C3C45A190B9D9D9E5E4E4D84AC4425B61CA577DFE67C25FC057FD6CF97E3CFCF7F5E0BEE22481325D814704F8E0C2CCF44CA51CCF92098462DCE68F47FCB70BFFFC1DD322C44962B9582A14E35112718E449A8CF332A52289429229C525D2FF64E2DF2CFB033EDF3500B06A3E017B
311
912DA85D6303F64B27105874C0E2F70000F2BB6FC1D4280803806883E1CF77FFEF3FFD47A02500806649927100005E44242E54CAB33FC708000044A0812AB0411BF4C1182CC0061CC105DCC10BFC6036844224C4C24210420A64801C726029AC82422886CDB01D2A602FD4401D34C051688693700E2EC255B80E3D700FFA61
311
089EC128BC81090441C808136121DA8801628A58238E08179985F821C14804128B2420C9881451224B91354831528A542055481DF23D720239875C46BA913BC8003282FC86BC47319481B2513DD40CB543B9A8371A8446A20BD06474319A8F16A09BD072B41A3D8C36A1E7D0AB680FDA8F3E43C730C0E8180733C46C302EC6
311
C342B1382C099363CBB122AC0CABC61AB056AC03BB89F563CFB17704128145C0093604774220611E4148584C584ED848A8201C243411DA093709038451C2272293A84BB426BA11F9C4186232318758482C23D6128F132F107B8843C437241289433227B9900249B1A454D212D246D26E5223E92CA99B34481A2393C9DA646B
311
B20739942C202BC885E49DE4C3E433E41BE421F25B0A9D624071A4F853E22852CA6A4A19E510E534E5066598324155A39A52DDA8A15411358F5A42ADA1B652AF5187A81334759A39CD8316494BA5ADA295D31A681768F769AFE874BA11DD951E4E97D057D2CBE947E897E803F4770C0D861583C7886728199B180718671977
311
18AF984CA619D38B19C754303731EB98E7990F996F55582AB62A7C1591CA0A954A9526951B2A2F54A9AAA6AADEAA0B55F355CB548FA95E537DAE46553353E3A909D496AB55AA9D50EB531B5367A93BA887AA67A86F543FA47E59FD890659C34CC34F43A451A0B15FE3BCC6200B6319B3782C216B0DAB86758135C426B1CDD9
311
7C762ABB98FD1DBB8B3DAAA9A13943334A3357B352F394663F07E39871F89C744E09E728A797F37E8ADE14EF29E2291BA6344CB931655C6BAA96979658AB48AB51AB47EBBD36AEEDA79DA6BD45BB59FB810E41C74A275C2747678FCE059DE753D953DDA70AA7164D3D3AF5AE2EAA6BA51BA1BB4477BF6EA7EE989EBE5E809E
311
4C6FA7DE79BDE7FA1C7D2FFD54FD6DFAA7F5470C5806B30C2406DB0CCE183CC535716F3C1D2FC7DBF151435DC34043A561956197E18491B9D13CA3D5468D460F8C69C65CE324E36DC66DC6A326062621264B4DEA4DEE9A524DB9A629A63B4C3B4CC7CDCCCDA2CDD699359B3D31D732E79BE79BD79BDFB7605A785A2CB6A8B6
311
B86549B2E45AA659EEB6BC6E855A3959A558555A5DB346AD9DAD25D6BBADBBA711A7B94E934EAB9ED667C3B0F1B6C9B6A9B719B0E5D806DBAEB66DB67D6167621767B7C5AEC3EE93BD937DBA7D8DFD3D070D87D90EAB1D5A1D7E73B472143A563ADE9ACE9CEE3F7DC5F496E92F6758CF10CFD833E3B613CB29C4699D539BD3
311
47671767B97383F3888B894B82CB2E973E2E9B1BC6DDC8BDE44A74F5715DE17AD2F59D9BB39BC2EDA8DBAFEE36EE69EE87DC9FCC349F299E593373D0C3C843E051E5D13F0B9F95306BDFAC7E4F434F8167B5E7232F632F9157ADD7B0B7A577AAF761EF173EF63E729FE33EE33C37DE32DE595FCC37C0B7C8B7CB4FC36F9E5F
311
85DF437F23FF64FF7AFFD100A78025016703898141815B02FBF87A7C21BF8E3F3ADB65F6B2D9ED418CA0B94115418F82AD82E5C1AD2168C8EC90AD21F7E798CE91CE690E85507EE8D6D00761E6618BC37E0C2785878557863F8E7088581AD131973577D1DC4373DF44FA449644DE9B67314F39AF2D4A352A3EAA2E6A3CDA37
311
BA34BA3FC62E6659CCD5589D58496C4B1C392E2AAE366E6CBEDFFCEDF387E29DE20BE37B17982FC85D7079A1CEC2F485A716A92E122C3A96404C884E3894F041102AA8168C25F21377258E0A79C21DC267222FD136D188D8435C2A1E4EF2482A4D7A92EC91BC357924C533A52CE5B98427A990BC4C0D4CDD9B3A9E169A7620
311
6D323D3ABD31839291907142AA214D93B667EA67E66676CBAC6585B2FEC56E8BB72F1E9507C96BB390AC05592D0AB642A6E8545A28D72A07B267655766BFCD89CA3996AB9E2BCDEDCCB3CADB90379CEF9FFFED12C212E192B6A5864B572D1D58E6BDAC6A39B23C7179DB0AE315052B865606AC3CB88AB62A6DD54FABED5797
311
AE7EBD267A4D6B815EC1CA82C1B5016BEB0B550AE5857DEBDCD7ED5D4F582F59DFB561FA869D1B3E15898AAE14DB1797157FD828DC78E51B876FCABF99DC94B4A9ABC4B964CF66D266E9E6DE2D9E5B0E96AA97E6970E6E0DD9DAB40DDF56B4EDF5F645DB2F97CD28DBBB83B643B9A3BF3CB8BC65A7C9CECD3B3F54A454F454
311
FA5436EED2DDB561D7F86ED1EE1B7BBCF634ECD5DB5BBCF7FD3EC9BEDB5501554DD566D565FB49FBB3F73FAE89AAE9F896FB6D5DAD4E6D71EDC703D203FD07230EB6D7B9D4D51DD23D54528FD62BEB470EC71FBEFE9DEF772D0D360D558D9CC6E223704479E4E9F709DFF71E0D3ADA768C7BACE107D31F761D671D2F6A429A
311
F29A469B539AFB5B625BBA4FCC3ED1D6EADE7AFC47DB1F0F9C343C59794AF354C969DAE982D39367F2CF8C9D959D7D7E2EF9DC60DBA2B67BE763CEDF6A0F6FEFBA1074E1D245FF8BE73BBC3BCE5CF2B874F2B2DBE51357B8579AAF3A5F6DEA74EA3CFE93D34FC7BB9CBB9AAEB95C6BB9EE7ABDB57B66F7E91B9E37CEDDF4BD
311
79F116FFD6D59E393DDDBDF37A6FF7C5F7F5DF16DD7E7227FDCECBBBD97727EEADBC4FBC5FF440ED41D943DD87D53F5BFEDCD8EFDC7F6AC077A0F3D1DC47F7068583CFFE91F58F0F43058F998FCB860D86EB9E383E3939E23F72FDE9FCA743CF64CF269E17FEA2FECBAE17162F7EF8D5EBD7CED198D1A197F29793BF6D7CA5
311
FDEAC0EB19AFDBC6C2C61EBEC97833315EF456FBEDC177DC771DEFA3DF0F4FE47C207F28FF68F9B1F553D0A7FB93199393FF040398F3FC63332DDB0000000467414D410000B18E7CFB5193000000206348524D00007A25000080830000F9FF000080E9000075300000EA6000003A980000176F925FC5460000019349444154
311
78DAEC955D9583301085C33A4825C4C258A012A804905024800422A19540253416B01009DD877B764E0A6996435FEFF704C39CCCDCF909C6104208218410420821841042C821EABA7EE5B85EAF7068DB1696799E8D31D334BD3E0087D462ADC521CFE7538D755D67A34FD3942636CF73212BF05310360C43DBB6DF57C71863
311
AD1591AC43D334E9B30A2E64956A7813B02C4B5555555579EF61C946EDBA0E6E7DDFC3E2BD87E57C3EAB5B8C514F800C5852ACB510804FFA9A8DA8E1D206FE94E586100ED7FEF1786830C88065557E947C1CC76D433E9116E24D80730E7386C9E9FB5E5B718010428C5144ACB590B12D87A6EBBDBFDFEF10EC9C5BB961EB86
311
61484BB36B07F6D4A300726A9A46449665590970CEA9B018A37E2D048D31765D979635BF033ACAAB6BE1D814617E20265B7E11490BBCBD3974EB4EA7D36A28F21DD0ABE0DF3B618F002454989F15DA993DE477E076BB6DA7ED00E960AC8E121174268450FDA1F7CCFED12DEDC0388E97CBE5CBFF00F2C69467CB9F0AD3E73D
311
3F0442082184104208218410420839CCEF0093FA2B2C77C209510000000049454E44AE426082504B03041400060808005767B65C615CC3277D0C0000780C00007100000042463635313338412D313843352D344444382D423043442D4444333538363642303133352F5265736F75726365732F42384337414644342D363945
311
442D343243322D414538412D3332414530383941423442372F7468756D626E61696C2F302F556E69666965644269746D61705F706E6701780C87F389504E470D0A1A0A0000000D4948445200000040000000400802000000250BE689000000097048597300000B1300000B1301009A9C1800000A4F6943435050686F746F73
311
686F70204943432070726F66696C65000078DA9D53675453E9163DF7DEF4424B8880944B6F5215082052428B801491262A2109104A8821A1D91551C1114545041BC8A088038E8E808C15512C0C8A0AD807E421A28E83A3888ACAFBE17BA36BD6BCF7E6CDFEB5D73EE7ACF39DB3CF07C0080C9648335135800CA9421E11E083
311
C7C4C6E1E42E40810A2470001008B3642173FD230100F87E3C3C2B22C007BE000178D30B0800C04D9BC0301C87FF0FEA42995C01808401C07491384B08801400407A8E42A600404601809D98265300A0040060CB6362E300502D0060277FE6D300809DF8997B01005B94211501A09100201365884400683B00ACCF568A4500
311
58300014664BC43900D82D00304957664800B0B700C0CE100BB200080C00305188852900047B0060C8232378008499001446F2573CF12BAE10E72A00007899B23CB9243945815B082D710757572E1E28CE49172B14366102619A402EC27999193281340FE0F3CC0000A0911511E083F3FD78CE0EAECECE368EB60E5F2DEABF
311
06FF226262E3FEE5CFAB70400000E1747ED1FE2C2FB31A803B06806DFEA225EE04685E0BA075F78B66B20F40B500A0E9DA57F370F87E3C3C45A190B9D9D9E5E4E4D84AC4425B61CA577DFE67C25FC057FD6CF97E3CFCF7F5E0BEE22481325D814704F8E0C2CCF44CA51CCF92098462DCE68F47FCB70BFFFC1DD322C44962B9
311
582A14E35112718E449A8CF332A52289429229C525D2FF64E2DF2CFB033EDF3500B06A3E017B912DA85D6303F64B27105874C0E2F70000F2BB6FC1D4280803806883E1CF77FFEF3FFD47A02500806649927100005E44242E54CAB33FC708000044A0812AB0411BF4C1182CC0061CC105DCC10BFC6036844224C4C24210420A
311
64801C726029AC82422886CDB01D2A602FD4401D34C051688693700E2EC255B80E3D700FFA61089EC128BC81090441C808136121DA8801628A58238E08179985F821C14804128B2420C9881451224B91354831528A542055481DF23D720239875C46BA913BC8003282FC86BC47319481B2513DD40CB543B9A8371A8446A20B
311
D06474319A8F16A09BD072B41A3D8C36A1E7D0AB680FDA8F3E43C730C0E8180733C46C302EC6C342B1382C099363CBB122AC0CABC61AB056AC03BB89F563CFB17704128145C0093604774220611E4148584C584ED848A8201C243411DA093709038451C2272293A84BB426BA11F9C4186232318758482C23D6128F132F107B
311
8843C437241289433227B9900249B1A454D212D246D26E5223E92CA99B34481A2393C9DA646BB20739942C202BC885E49DE4C3E433E41BE421F25B0A9D624071A4F853E22852CA6A4A19E510E534E5066598324155A39A52DDA8A15411358F5A42ADA1B652AF5187A81334759A39CD8316494BA5ADA295D31A681768F769AF
311
E874BA11DD951E4E97D057D2CBE947E897E803F4770C0D861583C7886728199B18071867197718AF984CA619D38B19C754303731EB98E7990F996F55582AB62A7C1591CA0A954A9526951B2A2F54A9AAA6AADEAA0B55F355CB548FA95E537DAE46553353E3A909D496AB55AA9D50EB531B5367A93BA887AA67A86F543FA47E
311
59FD890659C34CC34F43A451A0B15FE3BCC6200B6319B3782C216B0DAB86758135C426B1CDD97C762ABB98FD1DBB8B3DAAA9A13943334A3357B352F394663F07E39871F89C744E09E728A797F37E8ADE14EF29E2291BA6344CB931655C6BAA96979658AB48AB51AB47EBBD36AEEDA79DA6BD45BB59FB810E41C74A275C2747
311
678FCE059DE753D953DDA70AA7164D3D3AF5AE2EAA6BA51BA1BB4477BF6EA7EE989EBE5E809E4C6FA7DE79BDE7FA1C7D2FFD54FD6DFAA7F5470C5806B30C2406DB0CCE183CC535716F3C1D2FC7DBF151435DC34043A561956197E18491B9D13CA3D5468D460F8C69C65CE324E36DC66DC6A326062621264B4DEA4DEE9A524D
311
B9A629A63B4C3B4CC7CDCCCDA2CDD699359B3D31D732E79BE79BD79BDFB7605A785A2CB6A8B6B86549B2E45AA659EEB6BC6E855A3959A558555A5DB346AD9DAD25D6BBADBBA711A7B94E934EAB9ED667C3B0F1B6C9B6A9B719B0E5D806DBAEB66DB67D6167621767B7C5AEC3EE93BD937DBA7D8DFD3D070D87D90EAB1D5A1D
311
7E73B472143A563ADE9ACE9CEE3F7DC5F496E92F6758CF10CFD833E3B613CB29C4699D539BD347671767B97383F3888B894B82CB2E973E2E9B1BC6DDC8BDE44A74F5715DE17AD2F59D9BB39BC2EDA8DBAFEE36EE69EE87DC9FCC349F299E593373D0C3C843E051E5D13F0B9F95306BDFAC7E4F434F8167B5E7232F632F9157
311
ADD7B0B7A577AAF761EF173EF63E729FE33EE33C37DE32DE595FCC37C0B7C8B7CB4FC36F9E5F85DF437F23FF64FF7AFFD100A78025016703898141815B02FBF87A7C21BF8E3F3ADB65F6B2D9ED418CA0B94115418F82AD82E5C1AD2168C8EC90AD21F7E798CE91CE690E85507EE8D6D00761E6618BC37E0C2785878557863F
311
8E7088581AD131973577D1DC4373DF44FA449644DE9B67314F39AF2D4A352A3EAA2E6A3CDA37BA34BA3FC62E6659CCD5589D58496C4B1C392E2AAE366E6CBEDFFCEDF387E29DE20BE37B17982FC85D7079A1CEC2F485A716A92E122C3A96404C884E3894F041102AA8168C25F21377258E0A79C21DC267222FD136D188D843
311
5C2A1E4EF2482A4D7A92EC91BC357924C533A52CE5B98427A990BC4C0D4CDD9B3A9E169A76206D323D3ABD31839291907142AA214D93B667EA67E66676CBAC6585B2FEC56E8BB72F1E9507C96BB390AC05592D0AB642A6E8545A28D72A07B267655766BFCD89CA3996AB9E2BCDEDCCB3CADB90379CEF9FFFED12C212E192B6
311
A5864B572D1D58E6BDAC6A39B23C7179DB0AE315052B865606AC3CB88AB62A6DD54FABED5797AE7EBD267A4D6B815EC1CA82C1B5016BEB0B550AE5857DEBDCD7ED5D4F582F59DFB561FA869D1B3E15898AAE14DB1797157FD828DC78E51B876FCABF99DC94B4A9ABC4B964CF66D266E9E6DE2D9E5B0E96AA97E6970E6E0DD9
311
DAB40DDF56B4EDF5F645DB2F97CD28DBBB83B643B9A3BF3CB8BC65A7C9CECD3B3F54A454F454FA5436EED2DDB561D7F86ED1EE1B7BBCF634ECD5DB5BBCF7FD3EC9BEDB5501554DD566D565FB49FBB3F73FAE89AAE9F896FB6D5DAD4E6D71EDC703D203FD07230EB6D7B9D4D51DD23D54528FD62BEB470EC71FBEFE9DEF772D
311
0D360D558D9CC6E223704479E4E9F709DFF71E0D3ADA768C7BACE107D31F761D671D2F6A429AF29A469B539AFB5B625BBA4FCC3ED1D6EADE7AFC47DB1F0F9C343C59794AF354C969DAE982D39367F2CF8C9D959D7D7E2EF9DC60DBA2B67BE763CEDF6A0F6FEFBA1074E1D245FF8BE73BBC3BCE5CF2B874F2B2DBE51357B857
311
9AAF3A5F6DEA74EA3CFE93D34FC7BB9CBB9AAEB95C6BB9EE7ABDB57B66F7E91B9E37CEDDF4BD79F116FFD6D59E393DDDBDF37A6FF7C5F7F5DF16DD7E7227FDCECBBBD97727EEADBC4FBC5FF440ED41D943DD87D53F5BFEDCD8EFDC7F6AC077A0F3D1DC47F7068583CFFE91F58F0F43058F998FCB860D86EB9E383E3939E23F
311
72FDE9FCA743CF64CF269E17FEA2FECBAE17162F7EF8D5EBD7CED198D1A197F29793BF6D7CA5FDEAC0EB19AFDBC6C2C61EBEC97833315EF456FBEDC177DC771DEFA3DF0F4FE47C207F28FF68F9B1F553D0A7FB93199393FF040398F3FC63332DDB0000000467414D410000B18E7CFB5193000000206348524D00007A250000
311
80830000F9FF000080E9000075300000EA6000003A980000176F925FC546000001934944415478DAEC955D9583301085C33A4825C4C258A012A804905024800422A19540253416B01009DD877B764E0A6996435FEFF704C39CCCDCF909C6104208218410420821841042C821EABA7EE5B85EAF7068DB1696799E8D31D334BD
311
3E0087D462ADC521CFE7538D755D67A34FD3942636CF73212BF05310360C43DBB6DF57C71863AD1591AC43D334E9B30A2E64956A7813B02C4B5555555579EF61C946EDBA0E6E7DDFC3E2BD87E57C3EAB5B8C514F800C5852ACB510804FFA9A8DA8E1D206FE94E586100ED7FEF1786830C88065557E947C1CC76D433E9116E2
311
4D80730E7386C9E9FB5E5B718010428C5144ACB590B12D87A6EBBDBFDFEF10EC9C5BB961EB8661484BB36B07F6D4A300726A9A46449665590970CEA9B018A37E2D048D31765D979635BF033ACAAB6BE1D814617E20265B7E11490BBCBD3974EB4EA7D36A28F21DD0ABE0DF3B618F002454989F15DA993DE477E076BB6DA7ED
311
00E960AC8E121174268450FDA1F7CCFED12DEDC0388E97CBE5CBFF00F2C69467CB9F0AD3E73D3F0442082184104208218410420839CCEF0093FA2B2C77C209510000000049454E44AE426082504B03041400060808005767B65CC9788313BA020000E10900003E00000042463635313338412D313843352D344444382D4230
311
43442D4444333538363642303133352F536368656D61732F42756D704D6170536368656D612E786D6CC5565D6FDA30147DDFAFB0FCBE422B4DDA03A1A245D390BA6E0242DB2764920B58759C28B659BB5FBF6B3B810442DDEE653CF0717DCFF139D7F73A0CAE5F324176502A9ECB885E5EF4290199E429979B881ABDFEFC95
311
5E0F3F0D464A819E255BC8D870104FC664C744446F4C56FC60858FD3DE7070C314F8A539BC685302AE5EA58775FD5A54EBDAAF5BD0446AD84049781A519FBAF07A2829CC4AF024A26B26145052024B73295E23AA4B83BF9D882F96C370074765B0E6926B74F33E340A54BDCA47FD194F2EB02A96B672114F278E7E857E3356
311
2C6FB8C60F4A9810F9EFCC08CD0B0128C6806A49A344B01560A166B92913B08C335D62693BD896A644C9CED11E164FEF2D66CC95663281166A0C85DE5262D06C442732C1EF0E7CB9478FB2DC486D09BE899CE916FA3E2F33266609137519BB70B7DB9C1F6D3BC713AC76AAABB105BED9EAA5AB48E5D71694B8D4E1C0932C6C
311
755A129A30A71C5BAF827F778C04CFC6AA3F47209D07BFEF91756FAF26E8798656F1458EDE25CBD04CA0C95C66EB58BDBB430337CED425DB2EFF07DAAAD94E4EBC1A95E5149878C84B81F384C7F6F8E6D9CFF81F208F1427127B2055A400EC3FA9D906F6C3C4655242864185B938FA9464383999C922DABFE85FF68F5E5787
311
04AE102B8CE23BC4B949C453EAD55D7AD4AFDDEA9FC2EA9FFE93FA5F658ED5D2AF23C199C211C7F788D6BDBEA846C6DE55B5B32A863578131A7740AB5808EA907779F24CDD04D51B1FC221828791DCD8496FCAAE622168FC73BDC6BBBF8DAD8321F0A20B5C0743608F3DB5DD8887284E46A65980E3C58F9161079F277BB243
311
FC6637EC37F76E709A3BD9EAD50FD29D13E7E9C2EAF0E6BDDD322941B47535E2214587D4E564BC1CA53BFB044BCFD1B5723E401D2F1EFCB335BC43476A68A33B2E9FE7FE9E9F974CAA353E7154DB42774A88389E4201EC78A8AA6008BCE802D74104F79A7FD6FE02504B03041400060808005767B65C28BB58AF800100009E
311
0500003D00000042463635313338412D313843352D344444382D423043442D4444333538363642303133352F536368656D61732F436F6D6D6F6E536368656D612E786D6CBD544D4FC23018BEFB2B96DE15493C78601010A34B880709DEDFB52FD0D8B54BD70DF6EFED3AC0B12E6442E2716BFB3CEFF3D18E26FB440405EA8C
311
2B1992E1C323095052C5B8DC842437EBFB673219DF8DA659866649B798C078B48AE6410122242F2A4994AC7F93815DF85C049C8564CA0A901499DD886B2EB9B1E02448F358701A9235880C49A0119892A20C89D1B9FD768815CAD268CB5E0355B40B1E47F3E37A2020464BED06AA57CE8FCC20C3C3446D46761A2632A8C128
311
3D07031EFF2AE7CCB1BFEEE916E406DFAC8E36FFD99A9D60A6944090EEDC3B670C7DC13DE86B6B2C5C240D6E503BB85ACD579D513F1B9F9A69DC9CC22AFA80C426D40AF0B21EA168559156B6276F0F726A6BFF04DCD513A87A62CAD41FB24FCB2858B3952E3D852084DA25B9303C15687973CC8E8AAE11DF2836C38C6A9E76
311
5E8C1BA1BFB1DC29CDFE518C8B5A7655A4ED7E77291ABEB80DBD82EC866ADE1B8D05AF9E35CF09D7A061F38A986D9EC412B8F0F65E5D81534D9B231D1E5A8FE577A241F3A5FD01504B03041400060808005767B65C1004A04F380500005C1700003E00000042463635313338412D313843352D344444382D423043442D4444
311
333538363642303133352F536368656D61732F47656E65726963536368656D612E786D6CED585B6FDB36147EDFAF20F41EC7F69A2005E214768278069665709ABE0A3445D9DCA80B44CA89F7EB7B0E2FBAC4B2A32643D10E33505411A9C373BEF39D1B2F3F3D27926C79A144964E82D16018109EB22C12E97A12943A3EB908
311
3E5DFD7239558AEB07B6E109BDBA7C5CDC902D959360CE535E0866DF07A7579733AAB85D5AF234E2C51DD5B081CA7A87DEE56E47E2D6689E735AD0947194500A22A249308DB6F82682A3782C52A141BD80E4E54A0A3609622A150F48C16994A57237097451C2DF462738529D3AC5FCFFB5B401988BC78824973CE1A9A628D9
311
1CB968BDBAC335B9A4BB379C6ABF5D2474CD7B9F773F7F78C349F055EF13FE2CF856F0A7379CE2BEBCCE6456F8E316A9E66B5E18E4AC77BF5812F5937FDEF0F5BFE3E3C785576D96659253EB54863A87AB5D98ADFEE24C3B8E38FE48BAE2C062631799EDC8BDDD833C6E88585B9287340B23AEA990CA49B1A473421E81F856
311
D06D9125E45E6F001C4F7F85D6DECA8C6A835753A250DA50DF92F743409CBC3BFA4C6EFCE2618D302A0CEDDB264D93950002937BC66489A18D0A345DD650415124BE376A745EA9F0E016108E328D14C979C1302CD6BC0A4191B2C2C49112FFC0DB51401288D6A44C26C1B87A160AB6A11E5BD862514BE8B3DB750607BABFF6
311
F781D6A74EED6EA7AC28FB3BA68C87AC94B2138A99DB41AE7147A71F56659287340123812054CAEC8965690A74E111C5BCA7260158B0963EC50C07E38FEDDFC5C5C70AB6A915F446D44E46C321E46087E23E221E2BC0DA6EB440EE6F44E80CE5AE2E2D2F31AD7AB71B8B139AF730773909401FE0D8DC3FCCFCC3D438DC1176
311
062076C3CB4A9D953ACC72CA84867CDA0361E0910F4EF3B109A07D332211C72556825745A215835F47678059E337068E3ACB0E2EA2B507175B0818FD1082EB4D26186F85BAD33464988F1420E1B9E43D522F8452A450106B04F01362BFF1B2BF5059B60F687C9F663A54396722163C7231012E7480FE916910E6572B6D8F4A
311
54CBF92C5CD324A163C8508058D3F16A399B13B348C6830FB5FD47257A1B8D2CF08253EE776B3A72D782D895363D96020B6C18D3C86359B3C6D45E728B4B9D716893D091E4D533045F495D2EFEF633FF5A660A520A5790765FE52E12F0AC82685E7FFA0398D65528850A132894DDE9F837B1DE48F8A74D487795A482C7122A
311
6DAE377BDC5DC212A465ECD8B03E7E2E208EC88DD9DA89456CFBC477FB798C74389668AB1A75C820AB7568FCBE0B5F94DC9AFF0D038D9F77E49D45B8278FC7177D0DDCE732FA0BCDDB42720FA90E87115FF76375C5696F368AF83103F6A5911FFF03561EE06AD10ABE933AA9DEC398588888137017449E09C377051FCAEED1
311
E8BC3BFA9CB27DA2CFDBF533459F374FC0C4FDECCBF3E06CDC6874E0710421EEAA6CEDBFEE60EB913607436C3F5BBF713F6F42253B9A4A0FD64C08416FA986EB02254B1846D82E7CE2584EBE31E340E9A8247483F07D5B84AE3A5AE0D4C5B202EE585468BA84105B1F5EC00C16FADB133FB7399F390FCF245CBF9027A137FD
311
26D1D651058D44D9B331A93985CAC2046CB4ED9E0314977128A42C13DB06879A273052525D16BE833B8706BD1269FA69F2B9B109BB55D30D37679986D85848B86F026CF21E74809100180B0D280C36F6015A7DFBD06AEB6F8D503BDCD7DD6DABBBEF54E1FF5EDF0E3AD53C03509B5B816FE9F51BC8026F44DAB82BA989F200
311
C4220B24166C3037854094FD46C5648D9C42F8B07E53687D824917FED3CE56F3FBA68BE3C6853FCD64F4A00BB85831B1243346654A134805AF5CF39A9DFE22C9906A6EAFE8303A5F4AC4FBE637489CB62EA59B9D529255F326CCC28ECB77F812A7D6E63DF957504B03041400060808005767B65C8A56E75334020000A30600
311
004200000042463635313338412D313843352D344444382D423043442D4444333538363642303133352F536368656D61732F507269736D436F6D6D6F6E536368656D612E786D6CB5555D6FDA30147DDFAFB0FC3E5A5035ED8150015D11DA8AA6F4437B8B2ECE4DB0E6D8C8765AF8F773EC7C4009AC7B184FC6F63DE7DC734F
311
92F1EDAE10E415B5E14A467438B8A6042553299779444B9B7DFE4A6F279FC65363D03EB20D1630193F2FEFC82B8888FED4DC147355144A86337A3519CFC060387E7FB2941673D484A7110DF75F023125DB722D388B6806C220251A215552EC236A75E9FE7BB62F15FA210677789A2B9D142A4551DF720D0858A353F700D531
311
08F2B4DF62553B5742057653EA0C182620D6982A4A4008F5C69494C82CA650356B226A9C0922B0C7CE1B4FB06816B36631F58B9AD35378AE8DE20C7DABC76409AB5498ADA3AF15771B895436315B643CE398B68D04DDA1C475E1915F409401FE7CB977ADF363A52CE9C02B3FCE239978314B72280A18DDD4325DFF7593269E
311
2D883F24A3C14DD76DAF26C12582AE31462DC68FB0ED545C051993F1A3D5CEF03ECB4A2D6B80B6FE395E55C4F742813D2E91DC28ABD576FF81B146B4B367DA153AE03E31ED85E4BCA01833D4EE093A1E3D2BAD2A2D25D625D1651A77B6D46EFC7F8D5D44DB869705E43EC53DCA02FC0555C1E2239F649A25959CDAD826A4D5
311
769EEF5ADAD5DD3D3D4DCAE1ED35B2DF05C866429DA1B36FF3EF0FD3959FD3FBA81D02783A9FD52E628BC5AF6ABC6D36FA6D954A17E01EFCFF646B80BF60EB69FAB4B260DDABF443B3EDAC8A9BB2FEE435A8FF28A5CC37128DF99896C1E8FAF8371C76E3885583754E607D7E41E1616EDFC0B2CDC95BDF67C08FFDF073F307
311
504B03041400060808005767B65C8FD2BEADA1020000E30900004200000042463635313338412D313843352D344444382D423043442D4444333538363642303133352F536368656D61732F507269736D4F7061717565536368656D612E786D6CED564D6FDA4010BDF757ACF65EA028955A09270A498B90923482243D5A833D
311
8695F6C3F1AED3E6DF77BC6B1B1B4841957A0BA7C5CBBC7933EFCD98C9C56F25D90B1656181DF14F831167A813930ABD8E78E9B28F5FF8C5F987C9A5B5E896C906159C4F1EE7D7EC0564C4EF0B61D58F1C9E4B0C777C783E9982C5CEF59551CAE8EDB57BCDEB6B050E0B0112F21CA1009D60152E542E51A176E088121369C4
311
E7BD4733D414967096972B29928867202D725620A446CBD788BBA2A4EF9EE12D383BECD01CD6D1032ABBCA36D70ED758F83481E353E8C569F05F2B8C52F870EA0A66428B8AF669D17BE43A441FE70DC5A52B480C9F429A04A40645D51D29DEFFB2D7892053C57717B052E41F002F7BB25D1969421B8DF7430C7285A9E10CA4
311
34BF12A335260E53A87C64236EA92419445A90EDBC5AB3E6306D0E97FE20618564369FA1E27FB5312241DF905EAE38A938D81CC84841FDED83581B17DB1C1391094C39EB62B210D2003F812C03FADBE1DE5B342A35CC9D7104D280B7140F22D9C56C1AAF4129189FD534A9FC1AC82EA633E62FD97870B62DF62092149AE6A6
311
C618B71837E131B118864EF514EF77AC2CC8AABE9836FC717157E59D1A2311C2FCD531A884ADD6441D9185B1AB997F6B2E29F6BB34E0BAFA64D4AAA33E88F868301A8F763E67DBC296D4E1524241939E497253B3313A7EAE9966A3F8EDCAF6D8C95209EDC15849E34B4E039DA2047B8FC5F2B984026F9136555DF656F550F2
311
0BB29B16A0927E77105AF858D15A25FB11D2D1669C3A146D6AB6A4D5E017E8FE78EC33781F15BF524E1A9503DD7BDB5CD7C27A5F76DDAFB29CD7CEBA15528A9E9B069FDBC97BA077A0956542EFDF57768DB9DBF805B0EB2782FB1F4EEA65FF8962BD71DBFDB3534E9BFFDD47A7FBA8ABDB5FD6D381C5EB3AC638B87CBBDA55
311
A20DBB7FD7FE00504B03041400060808005767B65CF702076DC3010000E60400004500000042463635313338412D313843352D344444382D423043442D4444333538363642303133352F536368656D61732F52656E6465724D6174657269616C536368656D612E786D6CA554CB4EC33010BCF31596EFF405481C9AA2A64851
311
255E4A816BB438DBD4926347B15BE0EFF1236982021512B925E39D9D9D59677EF3510A72C05A7325233A1D4D2841C954CE6511D1BDD99E5FD39BC5D97CA9359A0DDB61098BF9CBFA961C4044344599637D0F066B0E22C074BC98C7A0319C58A9B254B2435ED23BC2F388AECB4A6089D280B18D139496815152EDDF046711DD
311
82D048498D902B293E236AEABD7DF74D5D839F69EE1D9F48E1F3BF448FC9E6BF144F351E38BEFF9D662D0D16587B77825FAF2195BF515C395B563BC5197A0AE68DCF363BA831CF7C7C8D7F0DA23D42898037B451BA833673DA92BC82D87F636ACFFB0CEC96F4EA30EF9A0FEAB85D91CAED89348D80E9B178DDC3ACFC71D06F
311
2528A182138DD8672E4DC6DC57CF91467432BA985E4DBE3DB399079353607C0A5CDA0B70D4E65A122FA41BAEEF6C272908D315B076451BD55EB0FF9E092E11ACF8C6B5306028F9D5F15EB95426D31532BEE5D6EC700FBA0C1E94211D7ADC8341143D429D2671564059C2EC72108B4EE3847890CC4697DDF8A708DB01FD7AD8
311
209A41EFC2DCFD7063A504821C7869545188D6C16DF801342CCE6B276363DC8EFA4AFD0E86ED0677C3B77747C7FD3FD617504B03041400060808005767B65C267B6EF90E020000C30600004300000042463635313338412D313843352D344444382D423043442D4444333538363642303133352F536368656D61732F546578
311
747572654D61703264536368656D612E786D6CC5554D8FDA3010BDF75758BE7717D8AAEA81B0628B568AB4AB4AB0097042DE6402D63A36B21D44FBEB3B890DE12309AB5E9A4B14CFCC9B37CFF360F8B8CF05D981365CC980F6EF7A94804C54CAE53AA085CDBEFEA08FA32FC3B1316067C90672361A46E184EC9808E81BEC6D
311
A1E1956D07A90BD2FBD1F0891970F129C814F42BB3A039137546282DAC41139E06D49DC68E0125DBE25DF024A019130628D1C05225C5EF805A5DE077D5F65BD54529014C5618D6F158BD70F9E139BD69264DA6746E7C910714EC1D907999494E7290F629A903204EF673C3A404E151FA9478040C9143EC66F52A9CACC6E98E
311
C904D22E24124ECAD9BAA9ACA2783E53854EE012132FCFB3C314E272DAB4FA956578A52F2AF96814C88549154746136E6CC9FE4CEE293031575AA42E79414921B90D6828938D07AD1979C045C9E73368CBCFA02D6FA3CD1226A0895A7F70546BC6FF0059505C5D55C8D4902DA0B8D2B2351C1791CB44438E870673D12894E4
311
5CF2BCC803DABBEBF57B17CFA04EE0066B4561F80EEBAA2D4605EE0F12DC12A3A2DFA4C525FDE57FA2FFD4E0C38AF4C96A39EFFAD5AC82C7C57A168AD9B3AD8ADCA65C2D50447C00E56B6A1A4D610BCCFABAB39611F1312C6D685831F275B5C123E2CE9B6BE296A2B8AB2A6E192DBE315ADC3E5ADC395A0BCB4E92F3B15C8B
311
C34F6DED5F77FAAF1639DAE5DA0D24677B67A487EFD8CE7F5DE795AEA92E0FDFA77F477F01504B03041400060808005767B65C806C3A5EE0020000DF0B00004400000042463635313338412D313843352D344444382D423043442D4444333538363642303133352F536368656D61732F556E69666965644269746D61705363
311
68656D612E786D6CAD56514FDB30107EDFAF88F23E5A9026EDA101B543A04830A69694F15499E4522C6C27B29D8EEED7EF123B6DDCA6C5ABE0A12277BEEFBEF37D677B74F5CE59B002A96821A2F0FC6C180620D222A362198595CEBF7E0FAF2EBF8CC64A819EA5AFC0C9E52889AF8315615198089A53C8265473521A6F38B8
311
1C4D8802B3E011DE7525E19E9417D9D6AFD7A5F56BE3AF832A1AD02C0AC7D98A881432CC0139155423AF3028AB1746D328CC0953100612485608B68E422D2BFC6EC86012357018B95F5BE433ACB94E4979C98083D0A4CED2A48F1DD37DED6353B23E9981418839598277D687DBD9C9F930B6CD130B0D4B904D5966EFE7A6CD
311
7EE0DF3A4DF9FC6624714B73A6256AAD61C98A9430413876F48386372B9DEE1B0D06567035F75DE05A7527007710EDBFC9346EE85646FD2F8DFA1786401810C68A3FBC629AA2B85098152887681830F202383CB3A29229EC30EDC35C541247A0D1F8263899FEAC236F5841741F1956491B323C1B9E0F77FE2ECE3740937A25
311
8E6C51894C05252025D4FC1236B346452A9B2151F42F5A3192E358F28A47E12168BB802A8C6595A22B8C3383CAC9BB09454A0864BEF6D7616583A6B4E3152E1EF21C8FA5B650A7A6C0FA4E2D6D53E63EBB96B7D90C8F1ABA93E836F886320DB5FEF76AD87A70332645C1809813CA0588059EDDED0ED8D3D1EACBB882E6EC39
311
A695E9ED64CCB1FD2D4A471B922E5FB500A5FA15627A7A4C209FB98BBF6481F2D4EB31A344E198E12FDE50CE0CCE677880E090D71789BD5A16D686BBE80190F400589B1F40137F57A46F2E89ADD90FE6692C96BB85589B1F40D28E46772B5AA31FC4BC0FA235FA411884FDEDE8D8FD80A640D85321193E22B0C1BFDDCDDD75
311
9E02F97C0CF2B91E1F0FF56C8898FA0ED16CBD27811E226A407D99E25BE9C72B1102985B77C7EEC76E1BB088AF17ED13EB10A8B3E6BF1324F32773677E9CA767A95FBA3B2ADEEC35FF2889507921B972CBE95FE2079F4CA1048227AD3396D6E80731EF83688D0831E83ED5FF01504B03041400060808005767B65C3E0CE7B2
311
320100004F0200004700000042463635313338412D313843352D344444382D423043442D4444333538363642303133352F4173736574446174612F41737365745461626C654F66436F6E74656E74732E62696E8DD0DB4AC4301006E0451041543C804FB0B7034926933697397A252E88D752D68805BBD6DD2EF8F84E55B082
311
2E06268449F8F227F3D96C26D1902099207B0AA04DCCE0284B885879CA9610299DF3B9AE19CABA6D9E9BBE2FCDBA592D0B373FC631CF5765C5BBCBDBE553E91AE0C67FD8FBC5CB665042D2EFFE1E33FB5C675C8B75BBE96EFAE6755B3EEF9873D369B4159101EB9200AD50818DD6018A2C2B1B8D26170EF8DC50DE86EDBA8C
311
D621D798D76FBBFEBAE9BF2D5F87CAE5A8C1D814D90A0A5CAAD9526CD7D679EDAB89352E47E782EB6ED53EB6E5C1B743F74374A874CC08E8038296B606AF518048483555D63A6D27E298EC74B7186350DE480283A34891330A6B40479551841CA25513F1E84BDB9131FB849A82005B93E78CE35F9A28F9D541242FADF0959E
311
88272C5EFE9DF11D504B03041400060808005767B65CC55C663656000000680000004100000042463635313338412D313843352D344444382D423043442D4444333538363642303133352F4173736574446174612F53747265616D56657273696F6E5461626C655D8CBD0A80300C06F73E4B29FE6CDD8A2E82A083B8B7F209
311
014925C9FBA3AEAEC7DD2555D896CB85E51C2A1BD834F6A1F56EC4494C4695278364ABB24ABD2146F88CCEBB89D5321FF8F3F43D672A3B44DF3CB6A1710F504B03041400060808005767B65C7C91AA2E350100009E0400003600000042463635313338412D313843352D344444382D423043442D4444333538363642303133
311
352F4173736574446174612F636E782E786D6CCD94316BC3301085FF8A1174B4659B2684202B9476C9D44243876E17F99C88C89291CEA5FDF795620F2D299D32643DBEBB7B7AE89DD87CF626FB401FB4B30DAB8A926568956BB53D346CA42E5FB16C2385778E7E602CB3D063C352994971F06E1CE6528B1D8C26558DB6A7B9
311
F81002D20EF6069FBB4767092D0596290321342CA823F650C048AEC5702A5A2028AAC26370A357182791EE719EA43C0261CB645DD6CBBC5CE475BDABEAF562B5BE5FBE0B9E4829F6CE9999D7719977C35D5DAA692F93A5E0099062F47AA6D26B98FC4B65B1D756F0484A11C84757E60EFA1A62070C83D10A289AC79D22A43C
311
4208BDE0132C054F2EFCF2E2093B6D756AD9466940CEBF4481E849E30D7AF29FDAEB7BB3B581C02ABC65472E355EDF87D7F32F7A9B6279CECDEDA5E552E31572C2CFA724C6265D16F90D504B03041400060808005767B65C23188DA4E7000000600100006700000042463635313338412D313843352D344444382D42304344
311
2D4444333538363642303133352F5265736F75726365732F31333635303531452D464235432D343644462D413546312D4433374235463935333335452F7468756D626E61696C2F302F636E782E786D6C4D90C16E03210C447F6585D4E32E1BD44451E4253F91532F15659D2D0A8B1198AAFDFB42CB21A7B1C64F9667E0FABD
311
FBE10B537614167198663160B0B4BAB02DA2F07D3C8BE1AA2111F113268660765C44B385862D5189DD5AF16E8A6FAE77E1D1CD0D032667DF63D8C460BDC97911D97EE26E26539856CC8F69356CA6C39430534916EB01763BF60336A1615C8556B33A8DF37154EA765097E3F9F27A7A03D9480D1F44BEF32E30268A2F6AB654
311
C750FF994136404349AE532D84D04FCF81AC4B0D9953CDDF21FE891532317A670DD79A2459461E2B846607F90F6B902D6F95BF32AAB66EF42F504B03041400060808005767B65CA233C2345D000000800000006500000042463635313338412D313843352D344444382D423043442D4444333538363642303133352F526573
311
6F75726365732F31333635303531452D464235432D343644462D413546312D4433374235463935333335452F7468756D626E61696C2F636E782E786D6C4D8B490E80201004BF42E6EE76F3C0F216234B883063108CCF170C074F95AE5473F5C4C06E932E4F28601967600677D21E9D8092EDB002539227A2FCCB80E1168D80
311
A6417297A89C5D6963B7129A0D1E8F2EE73AA7B62BBEB8B27DE50B504B03041400060808005767B65CBE89762363000000880000005B00000042463635313338412D313843352D344444382D423043442D4444333538363642303133352F5265736F75726365732F31333635303531452D464235432D343644462D41354631
311
2D4433374235463935333335452F636E782E786D6C4DCC3B0E80201004D0AB90EDFD75167CCE820A4A845D83603CBE602CAC26799919AEEEE0D965E2E908050C6D0FCCE04C8BC355404EB6198129C92351FAD580A10E464065907C8D948F8F166375F655BDC3FDC3B4E530A176BE7057BDC43B2A593FE403504B0304140006
311
0808005767B65CD060B7B8EC000000680100007000000042463635313338412D313843352D344444382D423043442D4444333538363642303133352F5265736F75726365732F31333635303531452D464235432D343644462D413546312D4433374235463935333335455F506F7374323031352F7468756D626E61696C2F30
311
2F636E782E786D6C5DD0C16A03211006E05759841E7775250921B8E6157AE8A99760DDC956B23AA26369DFBEDA7A283D8DFC7C0CE3AFAE9F7E1F3E2065876161F324D800C1E2EAC2B6B042F7F1CC86AB560991FE303604E361612D665A6D094BECD10A7753F696EE2E3C7A48B7E7E4B21FE783B8C5B0B1C1EE26E78565FB0E
311
DE4CA610AE901FD36AC84CF39420634916EA12721EFA129BC010AC4C4B214FA3388E52BECCF2723C5F0EA757C59BD4EA0D71EFDE058284F1490A8BF519EA4D42F106B42AC975D53EC2F4BF0315AF40AB4CA9F6D0217DC50A4D8CBBB3866A5D1C2D018D1581F18AFF62AD78FB771D3FA5D4D93AD2DF504B0304140006080800
311
5767B65CA233C2345D000000800000006E00000042463635313338412D313843352D344444382D423043442D4444333538363642303133352F5265736F75726365732F31333635303531452D464235432D343644462D413546312D4433374235463935333335455F506F7374323031352F7468756D626E61696C2F636E782E
311
786D6C4D8B490E80201004BF42E6EE76F3C0F216234B883063108CCF170C074F95AE5473F5C4C06E932E4F28601967600677D21E9D8092EDB002539227A2FCCB80E1168D80A6417297A89C5D6963B7129A0D1E8F2EE73AA7B62BBEB8B27DE50B504B03041400060808005767B65CBE89762363000000880000006400000042
311
463635313338412D313843352D344444382D423043442D4444333538363642303133352F5265736F75726365732F31333635303531452D464235432D343644462D413546312D4433374235463935333335455F506F7374323031352F636E782E786D6C4DCC3B0E80201004D0AB90EDFD75167CCE820A4A845D83603CBE602C
311
AC26799919AEEEE0D965E2E908050C6D0FCCE04C8BC355404EB6198129C92351FAD580A10E464065907C8D948F8F166375F655BDC3FDC3B4E530A176BE7057BDC43B2A593FE403504B03041400060808005767B65C45064587EA000000600100006700000042463635313338412D313843352D344444382D423043442D4444
311
333538363642303133352F5265736F75726365732F41343339373535362D394145302D343233322D394439412D3330463137394436343541432F7468756D626E61696C2F302F636E782E786D6C4D90416B03211085FFCA22F4B8EBAE342104D740EEBDF5D44BB1EE642B5147742CEDBFAFB61E727AC39B8F61DE93976FEF86
311
2F48D96258D932CD6C806070B3615F59A1DB7862C345C984480F181B82F6B0B2663325F78425766B839B2EAEB9CE867B37AFC5C7171DDF63D8D9609CCE7965D97C82D7932E841BE4FBB469D2D33225C85892817A80AC877EC024D0041B536216C7713E8C42BC2EE27C389D9F8F6F923752C90F44D7791B0812C627311BAC63
311
A8FFCC923740C9926CA75A08A61E9E93BC2E95CC946AFE0ED14FAC908ED159A3A9D6C4D110D05821D05EF27F5849DEF256F92BA36AEB46FD02504B03041400060808005767B65CA233C2345D000000800000006500000042463635313338412D313843352D344444382D423043442D4444333538363642303133352F526573
311
6F75726365732F41343339373535362D394145302D343233322D394439412D3330463137394436343541432F7468756D626E61696C2F636E782E786D6C4D8B490E80201004BF42E6EE76F3C0F216234B883063108CCF170C074F95AE5473F5C4C06E932E4F28601967600677D21E9D8092EDB002539227A2FCCB80E1168D80
311
A6417297A89C5D6963B7129A0D1E8F2EE73AA7B62BBEB8B27DE50B504B03041400060808005767B65CBE89762363000000880000005B00000042463635313338412D313843352D344444382D423043442D4444333538363642303133352F5265736F75726365732F41343339373535362D394145302D343233322D39443941
311
2D3330463137394436343541432F636E782E786D6C4DCC3B0E80201004D0AB90EDFD75167CCE820A4A845D83603CBE602CAC26799919AEEEE0D965E2E908050C6D0FCCE04C8BC355404EB6198129C92351FAD580A10E464065907C8D948F8F166375F655BDC3FDC3B4E530A176BE7057BDC43B2A593FE403504B0304140006
311
0808005767B65C1D41D40EEE0000006C0100006700000042463635313338412D313843352D344444382D423043442D4444333538363642303133352F5265736F75726365732F42384337414644342D363945442D343243322D414538412D3332414530383941423442372F7468756D626E61696C2F302F636E782E786D6C65
311
D0C16AC4201006E05709428F8989749765312EEC33B4975E8AD5C956561DD1B1B46F5F6D7328F434F2F3318CBFBC7C063F7C402E0EE3CA966966034483D6C5DBCA2A6DE3890D17253322FD616C883AC0CA7ACC94BC65AC698F2C6CBAFA9E7A17EF7BF81CDDE6C05E1D059D5E53BCB1C1785DCACA8A7987A0275D092D94FB64
311
35E969993214ACD9405B432EC0BEC664D0049629318BE3381F46219E16713E9CCE8FC717C9BB54F20DD1EFDE45828CE941CC06DB33B6AB66C93B50B266B7ABFE15A6FE9D2879234A16CAAD8B9DD2576A54A7E49DD1D42AE36808686C087490FC172BC9FBDFDBF829A6CDDE93FA06504B03041400060808005767B65CA233C2
311
345D000000800000006500000042463635313338412D313843352D344444382D423043442D4444333538363642303133352F5265736F75726365732F42384337414644342D363945442D343243322D414538412D3332414530383941423442372F7468756D626E61696C2F636E782E786D6C4D8B490E80201004BF42E6EE76
311
F3C0F216234B883063108CCF170C074F95AE5473F5C4C06E932E4F28601967600677D21E9D8092EDB002539227A2FCCB80E1168D80A6417297A89C5D6963B7129A0D1E8F2EE73AA7B62BBEB8B27DE50B504B03041400060808005767B65CBE89762363000000880000005B00000042463635313338412D313843352D344444
311
382D423043442D4444333538363642303133352F5265736F75726365732F42384337414644342D363945442D343243322D414538412D3332414530383941423442372F636E782E786D6C4DCC3B0E80201004D0AB90EDFD75167CCE820A4A845D83603CBE602CAC26799919AEEEE0D965E2E908050C6D0FCCE04C8BC355404E
311
B6198129C92351FAD580A10E464065907C8D948F8F166375F655BDC3FDC3B4E530A176BE7057BDC43B2A593FE403504B03041400060808005767B65CD64279F5C6000000570100003600000042463635313338412D313843352D344444382D423043442D4444333538363642303133352F5265736F75726365732F636E782E
311
786D6C95D04D6AC3301005E0AB18EDA7D1DF4816D80E9225AD7B83121A2798385271EC90E3572E8176914DB78FF91ECC6BF68FEB54DD87F936E6D412F6464935A4CF7C1CD3B925EB72829A54FBAE99735EFE9C912A1DAE434BB69874CD79CEEBD7333A0EA7C33A6DE934A6CB336442214516203AEC412A1FC16264E0857618
311
0D0A81A188DD46FE0D3FDEF36DE194E1CB062B85D1880A8C0D1424171C8C3716048D4C1BAF24DAFE257475AF6DF4129409BEC09E830D7581BC14D5C63AE9F42FDCFD6C505ED826E9BE01504B03041400060808005767B65CB5CF2A8B56010000440800003400000042463635313338412D313843352D344444382D42304344
311
2D4444333538363642303133352F536368656D61732F636E782E786D6CCD953D4FC3301445FF4A6489B1491AD1AAAA1C572A03530582B2B019FBB558F517FE40E5DF63870CA9DA8D0CD992A723EB9E9BC80F6FCE4A16DFE0BC30BA45F3B246056866B8D0C716C57098AD50B121D8191306182A3455D0A23C46041F9D89B61F
311
7138D028F3540A7DEA87DBA8EC8EDA57F6098AA28249EA7D8B7CF75AD2180C077F2A390DB49C970EBC898E413A220805FD11CC010DC01169EA6639AB17B3A6D9CF9BF562B5BE5FBEE32A93047F18237B5EE800CED8BBA666263DEA94A8C65506088E4EF454D640E4225E991AC1554208F6C1A51E7A34FCD884526BA56034A4
311
BAAA0EFC6308AEB2EE85F48351CAE8A93A0FD38DA6FC081A9C605375BE88379AF4B3135E0DEB9CDE0F7E15715CF9274BBF224CF5AB77F2C388A3C9BF80E6E076E95E7282CAA9FADF4A395A057B3887E8205DEE0D9F6A01D71947D37FD3E220806F4550D35D6F3742FEAF80AA5BF869E7E5FD4F7E01504B0304140006080800
311
5767B65CE3603EBE7A000000C20000002C00000042463635313338412D313843352D344444382D423043442D4444333538363642303133352F636E782E786D6C6DCD410EC2201085E1AB90D9DBEACE05D09878023D01A1D34A8419C380F1F82DA68B9AB8FDFEC93C3D7C52546FCC12980C9CBA232824CF63A0D9402DD3E10C
311
6AB03A3397DD192872090D3406ABE7CCF5B5D18893ABB1690CF4DCF02282E5EA8A5BB96FFE536F285CB347F95BEFFE81C9ED5AFF9D5B1FB575BB00504B03041400060808005767B65CD798241A7D000000A300000007000000636E782E786D6C4D8CD10AC22018465F45FE7B4B31C50B75E4A4F718CD0DC969D88C1E3F8D5D
311
74F5C1E13B470D9F2DA2B72FAF9093067A22807CBAE739A45543DD172C010D46959CF7BF1BA0346D5E43C760D45A727D1E68F6CB5463A731A4C701ED4D70CAE4155339727C714E624B46879D635C0A610965BC19E7AEB4F9F5DAF6BCF902504B03041400060808005767B65C1E7A0675A400000032010000130000005B436F
311
6E74656E745F54797065735D2E786D6C95904B0EC2300C44AF1279DFBAB0400835ED02B8011708C16D239A8F121795DB93D22D20B1B467DE8CE5BA9DED281E1493F14EC2A6AC4090D3FE665C2F61E2AED883689BFAF20C9444F6BA2461600E07C4A407B22A953E90CB4AE7A3559CC7D86350FAAE7AC26D55ED507BC7E4B8E0
311
25039AFA449D9A4616E739AFD7DE8C8338AEBEA54A820A61345A713E0B17153F7257E37E705E3371913892B25F02FEA0F1FD83E605504B03041400060808005767B65C3DEE336E64000000790000001B0000006175746F6465736B2D64657369676E2D7061636B6167652E786D6C35CBC10E83200C00D05F21DCA56CA76D41
311
FC96062B120735B69A7DBE268BB7777961F8D5AF396893C2ADB70FE7ADA196782C2DF776D7A97B5933C430F15651E5469C55D70F80A4992A3ADC954792C525AE70A1E4D6AD9816CC044FEFDF01FE3FDE907802504B03041400060808005767B65C6C50736BFA000000960100003700000042463635313338412D313843352D
311
344444382D423043442D4444333538363642303133352F4173736574446174612F636F72652E786D6C8550CB6E833010FC15B477F3303885C8382221FD829E7AB38C43AD041BF951F5F36B072AB5A79E76353B33BB3BF4F4B53CB24F699D32BA872A2F21935A9849E9B987E06FA885ECC4A835C6FFA241A6F9227B4830303A
311
5B13D61D12467BA913AACD2477903B273D64E2119B1E9CF8900BCF79F091E1EEF9CAC59DCF32AFF28DC768086ADAA56A8A6EEAA6A405761D5F9B6B3D10442ECD05351D21A82DC70AE1F3D89EBB970177754B8B2466D4ABE567BBB0927B3901C3253EA092208CDF2A7C24EDB139BCD322311975DEC69FF7A5E93B6043BA7AE4
311
9ED3629BFE710DEBF4BF6B50DAD77877DD140E58158F7C0E182D524AB13C238C3525CABE01504B03041400060808005767B65C5B3747F6F50000008E0100006800000042463635313338412D313843352D344444382D423043442D4444333538363642303133352F5265736F75726365732F31333635303531452D46423543
311
2D343644462D413546312D4433374235463935333335452F7468756D626E61696C2F302F636F72652E786D6C8550CB6EC32010FC156BEFF8814DEA44982889D32FE8A93704C44589C1E251F5F30BB12BB5A79E76353B33BB3BF4F8353F8A4FE5BCB66680A6ACA1504658A9CD34400C37D4437164D4591B7ED1A0307C560364
311
18189D9C8DCB06096B8232193556AA0DE4DEAB008578A466002F3ED4CC4B1E4362F87BB97071E7932A9B72E5311AA3969B54CBE4A66F5A3960D7F1B5BBB62782C8A5BBA06E4F08EAEBB141F83CF6E7FDCB09EFDB9E5659CC68D0F3CF76E1140F4A02C335DEA19A208CDF1A7C20FDA1DBBDD32A3319F5C1A59FB7A5F93B6035
311
AD56F48F5B5CE4FF6E519BD0E2CD6D5578604D3AEE3960B4CAE9A4F28C2ED59C24FB06504B03041400060808005767B65C0C9E4269FB000000960100006600000042463635313338412D313843352D344444382D423043442D4444333538363642303133352F5265736F75726365732F31333635303531452D464235432D34
311
3644462D413546312D4433374235463935333335452F7468756D626E61696C2F636F72652E786D6C8550CB6E833010FC15B477F330382591719484F40B7AEACDC50EB10236F2A3EAE7D70E546A4F3DED6A76667677E8F16B9EB24F699D32BA832A2F21937A3042E9B183E06FA885ECC8A835C6FFA241A6F92C3B4830303A5A
311
13960D1A8CF65227541B2137903B273D64C3149B0EDC709733CF79F091E11EF9C287071F655EE52B8FD11094D8A44A44377553D202BBF6AFCDB53E11442ECD05357B42505BF615C2E7BE3DEF5F4E785FB7B4486246BD9A7FB60F56722F05305CE21D2A09C2F8ADC207D21E9ADD3B2D129351E76DFC795B9ABE03E6EF61FED0
311
5C4DB458A77F5CC322FE770D4AFB1A6FAEABC201ABE291CF01A3454A29966784B1A644D937504B03041400060808005767B65CAC7EAD620C010000B10100005C00000042463635313338412D313843352D344444382D423043442D4444333538363642303133352F5265736F75726365732F31333635303531452D46423543
311
2D343644462D413546312D4433374235463935333335452F636F72652E786D6C8590C16E842018845FC5704705C4D50DB2D1559FA0A7DE88B296EC0A46A0E9E317766DD29E7AFAC930C3C73FECF2B53E924FB95B657403509A8344EAC9CC4A2F0DF0EE062B905C38DB8D71BF6C20D162950D8832E06CD98DDF0E6932DA491D
311
556D667988C25AE940323DC2A10176FA90AB488577C161EFE926A6BB58648AD2978F33EFD57C44D51C5E53372577C0877E2C06D25248AFC5151635A5B0CA7B0471D7575D7D6A714D2A96C530674EAD3FF46997C2C919709CE312E61462FC86F09956E7A27C6759747266DD1E763EA0713BC01129694ED100C78E065CD98FB0
311
A523823D397574AC29217460D92BF807E8B7F97FA057DA117C005F091B98E1FFCF0BCEB2586018CF76C38C65F36F504B03041400060808005767B65C5B3747F6F50000008E0100007100000042463635313338412D313843352D344444382D423043442D4444333538363642303133352F5265736F75726365732F31333635
311
303531452D464235432D343644462D413546312D4433374235463935333335455F506F7374323031352F7468756D626E61696C2F302F636F72652E786D6C8550CB6EC32010FC156BEFF8814DEA44982889D32FE8A93704C44589C1E251F5F30BB12BB5A79E76353B33BB3BF4F8353F8A4FE5BCB66680A6ACA1504658A9CD34
311
400C37D4437164D4591B7ED1A0307C56036418189D9C8DCB06096B8232193556AA0DE4DEAB008578A466002F3ED4CC4B1E4362F87BB97071E7932A9B72E5311AA3969B54CBE4A66F5A3960D7F1B5BBB62782C8A5BBA06E4F08EAEBB141F83CF6E7FDCB09EFDB9E5659CC68D0F3CF76E1140F4A02C335DEA19A208CDF1A7C20
311
FDA1DBBDD32A3319F5C1A59FB7A5F93B6035AD56F48F5B5CE4FF6E519BD0E2CD6D5578604D3AEE3960B4CAE9A4F28C2ED59C24FB06504B03041400060808005767B65C0C9E4269FB000000960100006F00000042463635313338412D313843352D344444382D423043442D4444333538363642303133352F5265736F757263
311
65732F31333635303531452D464235432D343644462D413546312D4433374235463935333335455F506F7374323031352F7468756D626E61696C2F636F72652E786D6C8550CB6E833010FC15B477F330382591719484F40B7AEACDC50EB10236F2A3EAE7D70E546A4F3DED6A76667677E8F16B9EB24F699D32BA832A2F2193
311
7A3042E9B183E06FA885ECC8A835C6FFA241A6F92C3B4830303A5A13960D1A8CF65227541B2137903B273D64C3149B0EDC709733CF79F091E11EF9C287071F655EE52B8FD11094D8A44A44377553D202BBF6AFCDB53E11442ECD05357B42505BF615C2E7BE3DEF5F4E785FB7B4486246BD9A7FB60F56722F05305CE21D2A09
311
C2F8ADC207D21E9ADD3B2D129351E76DFC795B9ABE03E6EF61FED05C4DB458A77F5CC322FE770D4AFB1A6FAEABC201ABE291CF01A3454A29966784B1A644D937504B03041400060808005767B65C9A0E124116010000BA0100006500000042463635313338412D313843352D344444382D423043442D444433353836364230
311
3133352F5265736F75726365732F31333635303531452D464235432D343644462D413546312D4433374235463935333335455F506F7374323031352F636F72652E786D6C8590C16E833010447F05F96EC0364B20328E4280730F3DF5522170522BC18EB05DF5F36B27546A4F3DAD359EDDA7197EF85A6EC9A75CAD32BA4124
311
CD5122F56466A52F0DF2EE8C2B941C045F8D71BF6C28D1E3221B146524F86535FEBE4993D14EEAA86A33CB4D1CAD950E25D32D3C1A64A70FB98CE9E85D70D86B7A1FA7EB789129499F3EC1BD57F3B6AAE6704D9D955C91E8BBA1E8D911309C8A132E6A005CE51DC1B4EDAAB6DE1D69CD2A9EC565C19D5A7EE8D32A47276724
311
684E4B9C03A6F495D03D54FBA27CE359740A6EDD1A326FD0980E09C24AC881F4786821E0CA6EC0471808EED8AE85A106C6A07F7F31D6D19C00CF9E17FE90FD7DFE9FEC95768C6EE4E7860DF010E4F12178169B0CE3517398B175F10D504B03041400060808005767B65C5B3747F6F50000008E010000680000004246363531
311
3338412D313843352D344444382D423043442D4444333538363642303133352F5265736F75726365732F41343339373535362D394145302D343233322D394439412D3330463137394436343541432F7468756D626E61696C2F302F636F72652E786D6C8550CB6EC32010FC156BEFF8814DEA44982889D32FE8A93704C44589
311
C1E251F5F30BB12BB5A79E76353B33BB3BF4F8353F8A4FE5BCB66680A6ACA1504658A9CD34400C37D4437164D4591B7ED1A0307C56036418189D9C8DCB06096B8232193556AA0DE4DEAB008578A466002F3ED4CC4B1E4362F87BB97071E7932A9B72E5311AA3969B54CBE4A66F5A3960D7F1B5BBB62782C8A5BBA06E4F08EA
311
EBB141F83CF6E7FDCB09EFDB9E5659CC68D0F3CF76E1140F4A02C335DEA19A208CDF1A7C20FDA1DBBDD32A3319F5C1A59FB7A5F93B6035AD56F48F5B5CE4FF6E519BD0E2CD6D5578604D3AEE3960B4CAE9A4F28C2ED59C24FB06504B03041400060808005767B65C0C9E4269FB000000960100006600000042463635313338
311
412D313843352D344444382D423043442D4444333538363642303133352F5265736F75726365732F41343339373535362D394145302D343233322D394439412D3330463137394436343541432F7468756D626E61696C2F636F72652E786D6C8550CB6E833010FC15B477F330382591719484F40B7AEACDC50EB10236F2A3EA
311
E7D70E546A4F3DED6A76667677E8F16B9EB24F699D32BA832A2F21937A3042E9B183E06FA885ECC8A835C6FFA241A6F92C3B4830303A5A13960D1A8CF65227541B2137903B273D64C3149B0EDC709733CF79F091E11EF9C287071F655EE52B8FD11094D8A44A44377553D202BBF6AFCDB53E11442ECD05357B42505BF615C2
311
E7BE3DEF5F4E785FB7B4486246BD9A7FB60F56722F05305CE21D2A09C2F8ADC207D21E9ADD3B2D129351E76DFC795B9ABE03E6EF61FED05C4DB458A77F5CC322FE770D4AFB1A6FAEABC201ABE291CF01A3454A29966784B1A644D937504B03041400060808005767B65C86F260150F010000B10100005C0000004246363531
311
3338412D313843352D344444382D423043442D4444333538363642303133352F5265736F75726365732F41343339373535362D394145302D343233322D394439412D3330463137394436343541432F636F72652E786D6C8590CD6EC32010845FC5DA3BFEC1E09808133971F2043DF5866CE2A2C41019A8FAF885C495DA534F
311
8B86193E76F8E16BB9679F6A75DA9A0EAABC844C99D14EDACC1D047F452D6407C1576BFD2F1B64462EAA832483E0F36AC36393466BBC32493576529B289D531EB2F11E0F1DB8F1432D3297C14787BBE50F39DEE4ACF22A7FF9040F414F5B544FF1357DD56A05711E2EE45CF714D1133921C228456D3954081F87F6C8763D66
311
75CB8B1416DCEBE5873EAE4A7A3581C0256E504911C66F15DED3764F9A775E24A7E0CEAF71E70D9AB603D1939AED286D10EBCF2522B8C6880DAC477579A9766C6808ED4FBC7805FF00C363FA1F18B4F135DE80AF840351C5FF3F2F042F5281713CDB8D33952DBE01504B03041400060808005767B65C5B3747F6F50000008E
311
0100006800000042463635313338412D313843352D344444382D423043442D4444333538363642303133352F5265736F75726365732F42384337414644342D363945442D343243322D414538412D3332414530383941423442372F7468756D626E61696C2F302F636F72652E786D6C8550CB6EC32010FC156BEFF8814DEA44
311
982889D32FE8A93704C44589C1E251F5F30BB12BB5A79E76353B33BB3BF4F8353F8A4FE5BCB66680A6ACA1504658A9CD34400C37D4437164D4591B7ED1A0307C56036418189D9C8DCB06096B8232193556AA0DE4DEAB008578A466002F3ED4CC4B1E4362F87BB97071E7932A9B72E5311AA3969B54CBE4A66F5A3960D7F1B5
311
BBB62782C8A5BBA06E4F08EAEBB141F83CF6E7FDCB09EFDB9E5659CC68D0F3CF76E1140F4A02C335DEA19A208CDF1A7C20FDA1DBBDD32A3319F5C1A59FB7A5F93B6035AD56F48F5B5CE4FF6E519BD0E2CD6D5578604D3AEE3960B4CAE9A4F28C2ED59C24FB06504B03041400060808005767B65C0C9E4269FB000000960100
311
006600000042463635313338412D313843352D344444382D423043442D4444333538363642303133352F5265736F75726365732F42384337414644342D363945442D343243322D414538412D3332414530383941423442372F7468756D626E61696C2F636F72652E786D6C8550CB6E833010FC15B477F330382591719484F4
311
0B7AEACDC50EB10236F2A3EAE7D70E546A4F3DED6A76667677E8F16B9EB24F699D32BA832A2F21937A3042E9B183E06FA885ECC8A835C6FFA241A6F92C3B4830303A5A13960D1A8CF65227541B2137903B273D64C3149B0EDC709733CF79F091E11EF9C287071F655EE52B8FD11094D8A44A44377553D202BBF6AFCDB53E11
311
442ECD05357B42505BF615C2E7BE3DEF5F4E785FB7B4486246BD9A7FB60F56722F05305CE21D2A09C2F8ADC207D21E9ADD3B2D129351E76DFC795B9ABE03E6EF61FED05C4DB458A77F5CC322FE770D4AFB1A6FAEABC201ABE291CF01A3454A29966784B1A644D937504B03041400060808005767B65C6CD3994D0E010000B1
311
0100005C00000042463635313338412D313843352D344444382D423043442D4444333538363642303133352F5265736F75726365732F42384337414644342D363945442D343243322D414538412D3332414530383941423442372F636F72652E786D6C8590CB6EC32014447FC5628F1F183B38C244F8912FE8AA3B64131725
311
06CB40D5CF2F24AED4AEBABA6898E170875EBED647F22977AB8C6E4191E620917A32B3D24B0BBCBB4102920BA3BB31EE970D245AACB20551068C2EBBF1DB214D463BA9A3AACD2C0F51582B1D48A64738B4C04E1F7215A9F02E38EC3DDDC474178B4C8BF4E563D47B351F513587D7D44DC91DB071B8E2B1E415AC7ADC43DC54
311
1524F95040D40DA46B4E1C3525A1590C33EAD4FA439F76299C9C014339AA615E4184DE0A74AEC819D7EF348B4E46ADDBC3CE07346E075847FA13BF0E18D6CD38408C7A04F948382C111F73D2F00E77279ABD827F807E9BFF077AA55D890EE02B61012BC2FF9F178C66B1C0309EED8619CB66DF504B03041400060808005767
311
B65CF80C1436FB000000960100003700000042463635313338412D313843352D344444382D423043442D4444333538363642303133352F5265736F75726365732F636F72652E786D6C8550496EC3300CFC8AC1BBBC28766A07B2826C7D40D1536F82C424426229D052F4F9956217684F3D9118CE0CC961DBAFE95E7CA2F3DA
311
9A119AB286028DB44A9BCB08319C490FC59633676DF84583C2880947C830707671363E16485A13D064D458850B28BCC70085BCA766042FAF388952C49018FE563E84BC890B964D39F3388B51AB45AA5572D3678D0EF8E9F8DA9E56BB8E7487F640DAA1EB485F1F1B42F7C77E3FBCECE8B0EA5995C59C053DFD6C970E454005
311
9CD6744DEA8E50FADED04DD76FDAF507AB3293331F5CFA79599ABF03FE86DE4627D1B36A9EFE718D0FF5BF6BD426ACE8E23A2B3CF0261DF91C7056E594527946986A4E947F03504B03041400060808005767B65C39E433F2F9000000940100003500000042463635313338412D313843352D344444382D423043442D444433
311
3538363642303133352F536368656D61732F636F72652E786D6C8550CB6E833010FC15B477F330382591719484F407DA536F1676889560233FAA7E7E6DA0527BEA6957B333B3BB438F5FD333FB94D629A33BA8F21232A90723941E3B08FE865AC88E8C5A63FC2F1A649A4FB2830403A3A33561DEA0C1682F7542B5117203B9
311
73D243363C63D3811BEE72E2390F3E32DC239FF9F0E0A3CCAB7CE5311A82129B5489E8A66E4A5A60D7FEB5B9D62782C8A5B9A0664F086ACBBE42F8DCB7E7FDCB09EFEB961649CCA857D3CFF6C14AEEA500864BBC43254118BF57F840DA43B3FBA0456232EABC8D3F6F4BD377C0DE963B1D2DD6D91FCF308BFF3D83D2BEC69B
311
E7AA70C0AA78E23260B44819C5B204186BCA937D03504B03041400060808005767B65CA83F53D101010000D80100002D00000042463635313338412D313843352D344444382D423043442D4444333538363642303133352F636F72652E786D6C9591C14EC42010865FA5993B6DA14B4336948DBB8D4FE0C91B96D94A760B4D
311
A1C6C7176C8D7AD313E4E7FB67F867E4E97DBA176FB804EB5D07B4ACA140377863DDD8C11AAF4440715272F13EFEC0A0707AC20EB20C4A8E8B5FE75D1ABC8BE8B2EABCC15DD421608462B8A74B076178C549977A8D8908B772D6C34D8F58D272E3948C76FAB20E0BEA880614AB594B6A4E187BA2ECC8C5F1D03ECB2A934AAE
311
D6C586EDCD707A4153F839A648A07823ABED3961AB353B644DFAA4BD5A5C409D1F5B4E1BF140A8B87072E87B41CEF5A5277DDF70D1B6E79A363C15496625435CD268F62279087FB56FC65FD1D6D9FC33DAE608A0E877A82ACF59C9EA7309E9CC3B511F504B03041400060808005767B65CA183B6FF09010000B20100000800
311
0000636F72652E786D6C8D50CB6EC32010FC15B477FCC0766A47982889D32FE8A9376A8883628305386AFFBE10BB527BEB69D1CCECCE30F4F0398DE821AD5346B790271920A97B23941E5A58FC15D7800E8C5A63FC2F1920CD27D9428481D1C19A65DEA0DE682F7544B5117203B973D203EAC7F068C1F53739F1842F3E28DC
311
3D99797FE7834CF264D531EAD5F4B3DA5BC9BD14C048467638AB30216F39D957F5BEDCBDD3342A195D1625362B2582BBBA2A69815DBAD7F2521C2B5C9DCB332E9BAAC275D6E5989CBAFAD4BC1C4953D4348DCB8C3A6FC39FB72321A7478E3FA22F4D578AD10F63C64D10420964F4F8052CA36924FE845E66F18FD04AFB826C
311
07D70D072C0F819E44308E0D86F1AC37CCD836FB06504B010214001400060808005767B65C207BDD648F020000900800004F000000000000000000000000000000000042463635313338412D313843352D344444382D423043442D4444333538363642303133352F4173736574446174612F446566696E6974696F6E497465
311
7261746F7250726F706572746965732E62696E504B010214001400060808005767B65C7A1CA26B6E040000580D00004500000000000000000000000000FC02000042463635313338412D313843352D344444382D423043442D4444333538363642303133352F4173736574446174612F496E7374616E636550726F70657274
311
6965732E62696E504B010214001400060808005767B65CB5A795FFE3790000DE7900006B00000000000000000000000000CD07000042463635313338412D313843352D344444382D423043442D4444333538363642303133352F5265736F75726365732F31333635303531452D464235432D343644462D413546312D443337
311
4235463935333335452F7468756D626E61696C2F302F67656E657269635F706E67504B010214001400060808005767B65C0898297626C300001CC3000078000000000000000000000000003982000042463635313338412D313843352D344444382D423043442D4444333538363642303133352F5265736F75726365732F31
311
333635303531452D464235432D343644462D413546312D4433374235463935333335455F506F7374323031352F7468756D626E61696C2F302F745F507269736D2D3134305F706E67504B010214001400060808005767B65C615CC3277D0C0000780C00006B00000000000000000000000000F545010042463635313338412D
311
313843352D344444382D423043442D4444333538363642303133352F5265736F75726365732F41343339373535362D394145302D343233322D394439412D3330463137394436343541432F7468756D626E61696C2F302F42756D704D61705F706E67504B010214001400060808005767B65C615CC3277D0C0000780C000071
311
00000000000000000000000000FB52010042463635313338412D313843352D344444382D423043442D4444333538363642303133352F5265736F75726365732F42384337414644342D363945442D343243322D414538412D3332414530383941423442372F7468756D626E61696C2F302F556E69666965644269746D61705F
311
706E67504B010214001400060808005767B65CC9788313BA020000E10900003E000000000000000000000000000760010042463635313338412D313843352D344444382D423043442D4444333538363642303133352F536368656D61732F42756D704D6170536368656D612E786D6C504B010214001400060808005767B65C
311
28BB58AF800100009E0500003D000000000000000000000000001D63010042463635313338412D313843352D344444382D423043442D4444333538363642303133352F536368656D61732F436F6D6D6F6E536368656D612E786D6C504B010214001400060808005767B65C1004A04F380500005C1700003E00000000000000
311
000000000000F864010042463635313338412D313843352D344444382D423043442D4444333538363642303133352F536368656D61732F47656E65726963536368656D612E786D6C504B010214001400060808005767B65C8A56E75334020000A306000042000000000000000000000000008C6A010042463635313338412D
311
313843352D344444382D423043442D4444333538363642303133352F536368656D61732F507269736D436F6D6D6F6E536368656D612E786D6C504B010214001400060808005767B65C8FD2BEADA1020000E30900004200000000000000000000000000206D010042463635313338412D313843352D344444382D423043442D
311
4444333538363642303133352F536368656D61732F507269736D4F7061717565536368656D612E786D6C504B010214001400060808005767B65CF702076DC3010000E604000045000000000000000000000000002170010042463635313338412D313843352D344444382D423043442D4444333538363642303133352F5363
311
68656D61732F52656E6465724D6174657269616C536368656D612E786D6C504B010214001400060808005767B65C267B6EF90E020000C306000043000000000000000000000000004772010042463635313338412D313843352D344444382D423043442D4444333538363642303133352F536368656D61732F546578747572
311
654D61703264536368656D612E786D6C504B010214001400060808005767B65C806C3A5EE0020000DF0B00004400000000000000000000000000B674010042463635313338412D313843352D344444382D423043442D4444333538363642303133352F536368656D61732F556E69666965644269746D6170536368656D612E
311
786D6C504B010214001400060808005767B65C3E0CE7B2320100004F0200004700000000000000000000000000F877010042463635313338412D313843352D344444382D423043442D4444333538363642303133352F4173736574446174612F41737365745461626C654F66436F6E74656E74732E62696E504B0102140014
311
00060808005767B65CC55C6636560000006800000041000000000000000000000000008F79010042463635313338412D313843352D344444382D423043442D4444333538363642303133352F4173736574446174612F53747265616D56657273696F6E5461626C65504B010214001400060808005767B65C7C91AA2E350100
311
009E0400003600000000000000000000000000447A010042463635313338412D313843352D344444382D423043442D4444333538363642303133352F4173736574446174612F636E782E786D6C504B010214001400060808005767B65C23188DA4E7000000600100006700000000000000000000000000CD7B010042463635
311
313338412D313843352D344444382D423043442D4444333538363642303133352F5265736F75726365732F31333635303531452D464235432D343644462D413546312D4433374235463935333335452F7468756D626E61696C2F302F636E782E786D6C504B010214001400060808005767B65CA233C2345D00000080000000
311
6500000000000000000000000000397D010042463635313338412D313843352D344444382D423043442D4444333538363642303133352F5265736F75726365732F31333635303531452D464235432D343644462D413546312D4433374235463935333335452F7468756D626E61696C2F636E782E786D6C504B010214001400
311
060808005767B65CBE89762363000000880000005B00000000000000000000000000197E010042463635313338412D313843352D344444382D423043442D4444333538363642303133352F5265736F75726365732F31333635303531452D464235432D343644462D413546312D4433374235463935333335452F636E782E78
311
6D6C504B010214001400060808005767B65CD060B7B8EC000000680100007000000000000000000000000000F57E010042463635313338412D313843352D344444382D423043442D4444333538363642303133352F5265736F75726365732F31333635303531452D464235432D343644462D413546312D4433374235463935
311
333335455F506F7374323031352F7468756D626E61696C2F302F636E782E786D6C504B010214001400060808005767B65CA233C2345D000000800000006E000000000000000000000000006F80010042463635313338412D313843352D344444382D423043442D4444333538363642303133352F5265736F75726365732F31
311
333635303531452D464235432D343644462D413546312D4433374235463935333335455F506F7374323031352F7468756D626E61696C2F636E782E786D6C504B010214001400060808005767B65CBE897623630000008800000064000000000000000000000000005881010042463635313338412D313843352D344444382D
311
423043442D4444333538363642303133352F5265736F75726365732F31333635303531452D464235432D343644462D413546312D4433374235463935333335455F506F7374323031352F636E782E786D6C504B010214001400060808005767B65C45064587EA0000006001000067000000000000000000000000003D820100
311
42463635313338412D313843352D344444382D423043442D4444333538363642303133352F5265736F75726365732F41343339373535362D394145302D343233322D394439412D3330463137394436343541432F7468756D626E61696C2F302F636E782E786D6C504B010214001400060808005767B65CA233C2345D000000
311
800000006500000000000000000000000000AC83010042463635313338412D313843352D344444382D423043442D4444333538363642303133352F5265736F75726365732F41343339373535362D394145302D343233322D394439412D3330463137394436343541432F7468756D626E61696C2F636E782E786D6C504B0102
311
14001400060808005767B65CBE89762363000000880000005B000000000000000000000000008C84010042463635313338412D313843352D344444382D423043442D4444333538363642303133352F5265736F75726365732F41343339373535362D394145302D343233322D394439412D3330463137394436343541432F63
311
6E782E786D6C504B010214001400060808005767B65C1D41D40EEE0000006C01000067000000000000000000000000006885010042463635313338412D313843352D344444382D423043442D4444333538363642303133352F5265736F75726365732F42384337414644342D363945442D343243322D414538412D33324145
311
30383941423442372F7468756D626E61696C2F302F636E782E786D6C504B010214001400060808005767B65CA233C2345D000000800000006500000000000000000000000000DB86010042463635313338412D313843352D344444382D423043442D4444333538363642303133352F5265736F75726365732F423843374146
311
44342D363945442D343243322D414538412D3332414530383941423442372F7468756D626E61696C2F636E782E786D6C504B010214001400060808005767B65CBE89762363000000880000005B00000000000000000000000000BB87010042463635313338412D313843352D344444382D423043442D444433353836364230
311
3133352F5265736F75726365732F42384337414644342D363945442D343243322D414538412D3332414530383941423442372F636E782E786D6C504B010214001400060808005767B65CD64279F5C60000005701000036000000000000000000000000009788010042463635313338412D313843352D344444382D42304344
311
2D4444333538363642303133352F5265736F75726365732F636E782E786D6C504B010214001400060808005767B65CB5CF2A8B56010000440800003400000000000000000000000000B189010042463635313338412D313843352D344444382D423043442D4444333538363642303133352F536368656D61732F636E782E78
311
6D6C504B010214001400060808005767B65CE3603EBE7A000000C20000002C00000000000000000000000000598B010042463635313338412D313843352D344444382D423043442D4444333538363642303133352F636E782E786D6C504B010214001400060808005767B65CD798241A7D000000A300000007000000000000
311
000000000000001D8C0100636E782E786D6C504B010214001400060808005767B65C1E7A0675A4000000320100001300000000000000000000000000BF8C01005B436F6E74656E745F54797065735D2E786D6C504B010214001400060808005767B65C3DEE336E64000000790000001B00000000000000000000000000948D
311
01006175746F6465736B2D64657369676E2D7061636B6167652E786D6C504B010214001400060808005767B65C6C50736BFA000000960100003700000000000000000000000000318E010042463635313338412D313843352D344444382D423043442D4444333538363642303133352F4173736574446174612F636F72652E
311
786D6C504B010214001400060808005767B65C5B3747F6F50000008E0100006800000000000000000000000000808F010042463635313338412D313843352D344444382D423043442D4444333538363642303133352F5265736F75726365732F31333635303531452D464235432D343644462D413546312D44333742354639
311
35333335452F7468756D626E61696C2F302F636F72652E786D6C504B010214001400060808005767B65C0C9E4269FB000000960100006600000000000000000000000000FB90010042463635313338412D313843352D344444382D423043442D4444333538363642303133352F5265736F75726365732F3133363530353145
311
2D464235432D343644462D413546312D4433374235463935333335452F7468756D626E61696C2F636F72652E786D6C504B010214001400060808005767B65CAC7EAD620C010000B10100005C000000000000000000000000007A92010042463635313338412D313843352D344444382D423043442D44443335383636423031
311
33352F5265736F75726365732F31333635303531452D464235432D343644462D413546312D4433374235463935333335452F636F72652E786D6C504B010214001400060808005767B65C5B3747F6F50000008E01000071000000000000000000000000000094010042463635313338412D313843352D344444382D42304344
311
2D4444333538363642303133352F5265736F75726365732F31333635303531452D464235432D343644462D413546312D4433374235463935333335455F506F7374323031352F7468756D626E61696C2F302F636F72652E786D6C504B010214001400060808005767B65C0C9E4269FB000000960100006F0000000000000000
311
00000000008495010042463635313338412D313843352D344444382D423043442D4444333538363642303133352F5265736F75726365732F31333635303531452D464235432D343644462D413546312D4433374235463935333335455F506F7374323031352F7468756D626E61696C2F636F72652E786D6C504B0102140014
311
00060808005767B65C9A0E124116010000BA01000065000000000000000000000000000C97010042463635313338412D313843352D344444382D423043442D4444333538363642303133352F5265736F75726365732F31333635303531452D464235432D343644462D413546312D4433374235463935333335455F506F7374
311
323031352F636F72652E786D6C504B010214001400060808005767B65C5B3747F6F50000008E0100006800000000000000000000000000A598010042463635313338412D313843352D344444382D423043442D4444333538363642303133352F5265736F75726365732F41343339373535362D394145302D343233322D3944
311
39412D3330463137394436343541432F7468756D626E61696C2F302F636F72652E786D6C504B010214001400060808005767B65C0C9E4269FB000000960100006600000000000000000000000000209A010042463635313338412D313843352D344444382D423043442D4444333538363642303133352F5265736F75726365
311
732F41343339373535362D394145302D343233322D394439412D3330463137394436343541432F7468756D626E61696C2F636F72652E786D6C504B010214001400060808005767B65C86F260150F010000B10100005C000000000000000000000000009F9B010042463635313338412D313843352D344444382D423043442D
311
4444333538363642303133352F5265736F75726365732F41343339373535362D394145302D343233322D394439412D3330463137394436343541432F636F72652E786D6C504B010214001400060808005767B65C5B3747F6F50000008E0100006800000000000000000000000000289D010042463635313338412D31384335
311
2D344444382D423043442D4444333538363642303133352F5265736F75726365732F42384337414644342D363945442D343243322D414538412D3332414530383941423442372F7468756D626E61696C2F302F636F72652E786D6C504B010214001400060808005767B65C0C9E4269FB000000960100006600000000000000
311
000000000000A39E010042463635313338412D313843352D344444382D423043442D4444333538363642303133352F5265736F75726365732F42384337414644342D363945442D343243322D414538412D3332414530383941423442372F7468756D626E61696C2F636F72652E786D6C504B010214001400060808005767B6
311
5C6CD3994D0E010000B10100005C0000000000000000000000000022A0010042463635313338412D313843352D344444382D423043442D4444333538363642303133352F5265736F75726365732F42384337414644342D363945442D343243322D414538412D3332414530383941423442372F636F72652E786D6C504B0102
311
14001400060808005767B65CF80C1436FB000000960100003700000000000000000000000000AAA1010042463635313338412D313843352D344444382D423043442D4444333538363642303133352F5265736F75726365732F636F72652E786D6C504B010214001400060808005767B65C39E433F2F9000000940100003500
311
000000000000000000000000FAA2010042463635313338412D313843352D344444382D423043442D4444333538363642303133352F536368656D61732F636F72652E786D6C504B010214001400060808005767B65CA83F53D101010000D80100002D0000000000000000000000000046A4010042463635313338412D313843
311
352D344444382D423043442D4444333538363642303133352F636F72652E786D6C504B010214001400060808005767B65CA183B6FF09010000B2010000080000000000000000000000000092A50100636F72652E786D6C504B050600000000340034008F190000C1A601000000
310
504B03041400060808005767B65C000000000000000000000000370000006662782F36373137383934342D443034412D344341442D383832392D3644463730393344383032322F617474726962757465732E62696E504B03041400060808005767B65C000000000000000000000000350000006662782F3637313738393434
310
2D443034412D344341442D383832392D3644463730393344383032322F76657274696365732E62696E504B03041400060808005767B65CF270F1330600000004000000360000006662782F36373137383934342D443034412D344341442D383832392D3644463730393344383032322F747269616E676C65732E62696E6366
310
60600000504B03041400060808005767B65C615CC3277D0C0000780C0000480000006662782F36373137383934342D443034412D344341442D383832392D3644463730393344383032322F7265736F75726365732F322F305F556E69666965644269746D61702E706E6701780C87F389504E470D0A1A0A0000000D49484452
310
00000040000000400802000000250BE689000000097048597300000B1300000B1301009A9C1800000A4F6943435050686F746F73686F70204943432070726F66696C65000078DA9D53675453E9163DF7DEF4424B8880944B6F5215082052428B801491262A2109104A8821A1D91551C1114545041BC8A088038E8E808C1551
310
2C0C8A0AD807E421A28E83A3888ACAFBE17BA36BD6BCF7E6CDFEB5D73EE7ACF39DB3CF07C0080C9648335135800CA9421E11E083C7C4C6E1E42E40810A2470001008B3642173FD230100F87E3C3C2B22C007BE000178D30B0800C04D9BC0301C87FF0FEA42995C01808401C07491384B08801400407A8E42A600404601809D
310
98265300A0040060CB6362E300502D0060277FE6D300809DF8997B01005B94211501A09100201365884400683B00ACCF568A450058300014664BC43900D82D00304957664800B0B700C0CE100BB200080C00305188852900047B0060C8232378008499001446F2573CF12BAE10E72A00007899B23CB9243945815B082D7107
310
57572E1E28CE49172B14366102619A402EC27999193281340FE0F3CC0000A0911511E083F3FD78CE0EAECECE368EB60E5F2DEABF06FF226262E3FEE5CFAB70400000E1747ED1FE2C2FB31A803B06806DFEA225EE04685E0BA075F78B66B20F40B500A0E9DA57F370F87E3C3C45A190B9D9D9E5E4E4D84AC4425B61CA577DFE
310
67C25FC057FD6CF97E3CFCF7F5E0BEE22481325D814704F8E0C2CCF44CA51CCF92098462DCE68F47FCB70BFFFC1DD322C44962B9582A14E35112718E449A8CF332A52289429229C525D2FF64E2DF2CFB033EDF3500B06A3E017B912DA85D6303F64B27105874C0E2F70000F2BB6FC1D4280803806883E1CF77FFEF3FFD47A0
310
2500806649927100005E44242E54CAB33FC708000044A0812AB0411BF4C1182CC0061CC105DCC10BFC6036844224C4C24210420A64801C726029AC82422886CDB01D2A602FD4401D34C051688693700E2EC255B80E3D700FFA61089EC128BC81090441C808136121DA8801628A58238E08179985F821C14804128B2420C988
310
1451224B91354831528A542055481DF23D720239875C46BA913BC8003282FC86BC47319481B2513DD40CB543B9A8371A8446A20BD06474319A8F16A09BD072B41A3D8C36A1E7D0AB680FDA8F3E43C730C0E8180733C46C302EC6C342B1382C099363CBB122AC0CABC61AB056AC03BB89F563CFB17704128145C00936047742
310
20611E4148584C584ED848A8201C243411DA093709038451C2272293A84BB426BA11F9C4186232318758482C23D6128F132F107B8843C437241289433227B9900249B1A454D212D246D26E5223E92CA99B34481A2393C9DA646BB20739942C202BC885E49DE4C3E433E41BE421F25B0A9D624071A4F853E22852CA6A4A19E5
310
10E534E5066598324155A39A52DDA8A15411358F5A42ADA1B652AF5187A81334759A39CD8316494BA5ADA295D31A681768F769AFE874BA11DD951E4E97D057D2CBE947E897E803F4770C0D861583C7886728199B18071867197718AF984CA619D38B19C754303731EB98E7990F996F55582AB62A7C1591CA0A954A9526951B
310
2A2F54A9AAA6AADEAA0B55F355CB548FA95E537DAE46553353E3A909D496AB55AA9D50EB531B5367A93BA887AA67A86F543FA47E59FD890659C34CC34F43A451A0B15FE3BCC6200B6319B3782C216B0DAB86758135C426B1CDD97C762ABB98FD1DBB8B3DAAA9A13943334A3357B352F394663F07E39871F89C744E09E728A7
310
97F37E8ADE14EF29E2291BA6344CB931655C6BAA96979658AB48AB51AB47EBBD36AEEDA79DA6BD45BB59FB810E41C74A275C2747678FCE059DE753D953DDA70AA7164D3D3AF5AE2EAA6BA51BA1BB4477BF6EA7EE989EBE5E809E4C6FA7DE79BDE7FA1C7D2FFD54FD6DFAA7F5470C5806B30C2406DB0CCE183CC535716F3C1D
310
2FC7DBF151435DC34043A561956197E18491B9D13CA3D5468D460F8C69C65CE324E36DC66DC6A326062621264B4DEA4DEE9A524DB9A629A63B4C3B4CC7CDCCCDA2CDD699359B3D31D732E79BE79BD79BDFB7605A785A2CB6A8B6B86549B2E45AA659EEB6BC6E855A3959A558555A5DB346AD9DAD25D6BBADBBA711A7B94E93
310
4EAB9ED667C3B0F1B6C9B6A9B719B0E5D806DBAEB66DB67D6167621767B7C5AEC3EE93BD937DBA7D8DFD3D070D87D90EAB1D5A1D7E73B472143A563ADE9ACE9CEE3F7DC5F496E92F6758CF10CFD833E3B613CB29C4699D539BD347671767B97383F3888B894B82CB2E973E2E9B1BC6DDC8BDE44A74F5715DE17AD2F59D9BB3
310
9BC2EDA8DBAFEE36EE69EE87DC9FCC349F299E593373D0C3C843E051E5D13F0B9F95306BDFAC7E4F434F8167B5E7232F632F9157ADD7B0B7A577AAF761EF173EF63E729FE33EE33C37DE32DE595FCC37C0B7C8B7CB4FC36F9E5F85DF437F23FF64FF7AFFD100A78025016703898141815B02FBF87A7C21BF8E3F3ADB65F6B2
310
D9ED418CA0B94115418F82AD82E5C1AD2168C8EC90AD21F7E798CE91CE690E85507EE8D6D00761E6618BC37E0C2785878557863F8E7088581AD131973577D1DC4373DF44FA449644DE9B67314F39AF2D4A352A3EAA2E6A3CDA37BA34BA3FC62E6659CCD5589D58496C4B1C392E2AAE366E6CBEDFFCEDF387E29DE20BE37B17
310
982FC85D7079A1CEC2F485A716A92E122C3A96404C884E3894F041102AA8168C25F21377258E0A79C21DC267222FD136D188D8435C2A1E4EF2482A4D7A92EC91BC357924C533A52CE5B98427A990BC4C0D4CDD9B3A9E169A76206D323D3ABD31839291907142AA214D93B667EA67E66676CBAC6585B2FEC56E8BB72F1E9507
310
C96BB390AC05592D0AB642A6E8545A28D72A07B267655766BFCD89CA3996AB9E2BCDEDCCB3CADB90379CEF9FFFED12C212E192B6A5864B572D1D58E6BDAC6A39B23C7179DB0AE315052B865606AC3CB88AB62A6DD54FABED5797AE7EBD267A4D6B815EC1CA82C1B5016BEB0B550AE5857DEBDCD7ED5D4F582F59DFB561FA86
310
9D1B3E15898AAE14DB1797157FD828DC78E51B876FCABF99DC94B4A9ABC4B964CF66D266E9E6DE2D9E5B0E96AA97E6970E6E0DD9DAB40DDF56B4EDF5F645DB2F97CD28DBBB83B643B9A3BF3CB8BC65A7C9CECD3B3F54A454F454FA5436EED2DDB561D7F86ED1EE1B7BBCF634ECD5DB5BBCF7FD3EC9BEDB5501554DD566D565
310
FB49FBB3F73FAE89AAE9F896FB6D5DAD4E6D71EDC703D203FD07230EB6D7B9D4D51DD23D54528FD62BEB470EC71FBEFE9DEF772D0D360D558D9CC6E223704479E4E9F709DFF71E0D3ADA768C7BACE107D31F761D671D2F6A429AF29A469B539AFB5B625BBA4FCC3ED1D6EADE7AFC47DB1F0F9C343C59794AF354C969DAE982
310
D39367F2CF8C9D959D7D7E2EF9DC60DBA2B67BE763CEDF6A0F6FEFBA1074E1D245FF8BE73BBC3BCE5CF2B874F2B2DBE51357B8579AAF3A5F6DEA74EA3CFE93D34FC7BB9CBB9AAEB95C6BB9EE7ABDB57B66F7E91B9E37CEDDF4BD79F116FFD6D59E393DDDBDF37A6FF7C5F7F5DF16DD7E7227FDCECBBBD97727EEADBC4FBC5F
310
F440ED41D943DD87D53F5BFEDCD8EFDC7F6AC077A0F3D1DC47F7068583CFFE91F58F0F43058F998FCB860D86EB9E383E3939E23F72FDE9FCA743CF64CF269E17FEA2FECBAE17162F7EF8D5EBD7CED198D1A197F29793BF6D7CA5FDEAC0EB19AFDBC6C2C61EBEC97833315EF456FBEDC177DC771DEFA3DF0F4FE47C207F28FF
310
68F9B1F553D0A7FB93199393FF040398F3FC63332DDB0000000467414D410000B18E7CFB5193000000206348524D00007A25000080830000F9FF000080E9000075300000EA6000003A980000176F925FC546000001934944415478DAEC955D9583301085C33A4825C4C258A012A804905024800422A19540253416B01009DD
310
877B764E0A6996435FEFF704C39CCCDCF909C6104208218410420821841042C821EABA7EE5B85EAF7068DB1696799E8D31D334BD3E0087D462ADC521CFE7538D755D67A34FD3942636CF73212BF05310360C43DBB6DF57C71863AD1591AC43D334E9B30A2E64956A7813B02C4B5555555579EF61C946EDBA0E6E7DDFC3E2BD
310
87E57C3EAB5B8C514F800C5852ACB510804FFA9A8DA8E1D206FE94E586100ED7FEF1786830C88065557E947C1CC76D433E9116E24D80730E7386C9E9FB5E5B718010428C5144ACB590B12D87A6EBBDBFDFEF10EC9C5BB961EB8661484BB36B07F6D4A300726A9A46449665590970CEA9B018A37E2D048D31765D979635BF03
310
3ACAAB6BE1D814617E20265B7E11490BBCBD3974EB4EA7D36A28F21DD0ABE0DF3B618F002454989F15DA993DE477E076BB6DA7ED00E960AC8E121174268450FDA1F7CCFED12DEDC0388E97CBE5CBFF00F2C69467CB9F0AD3E73D3F0442082184104208218410420839CCEF0093FA2B2C77C209510000000049454E44AE4260
310
82504B03041400060808005767B65CB5A795FFE3790000DE790000420000006662782F36373137383934342D443034412D344341442D383832392D3644463730393344383032322F7265736F75726365732F362F305F67656E657269632E706E6701DE79218689504E470D0A1A0A0000000D49484452000001000000010008
310
030000006BAC58540000000467414D410000B18F0BFC6105000000017352474200AECE1CE900000192504C5445818181B3B3B35A5A5A4848486060605C5C5C6464648383835E5E5E6262624E4E4EAFAFAF4A4A4AB5B5B54C4C4CB1B1B1858585B7B7B7585858ADADAD7C7C7C464646787878ABABAB747474A7A7A768686870
310
7070B9B9B96E6E6E6A6A6A8B8B8B666666545454565656A5A5A5505050A1A1A1BBBBBB8F8F8F9F9F9F4242425252527676764040403E3E3E9B9B9B7A7A7A8989897E7E7E9393939797974444448787873C3C3C727272BDBDBD3A3A3A6C6C6CA9A9A9A3A3A32020209D9D9DBFBFBF8D8D8D9595959191912626269999992222
310
222424241E1E1EC1C1C1282828C3C3C32C2C2C2A2A2A2E2E2E303030C5C5C53232321C1C1C363636383838343434C7C7C71A1A1A0E0E0E121212484A484C4E4C1616160A0A0A4A4C4A787A781414147C7E7C9193915E605E464846838583878987B1B3B18587856668665A5C5A626462818381A7A7A5A3A3A1B1B1AFADAFAD
310
7072705C5E5C9D9D9BABADAB7E817EB7B9B7585A58BBBDBB4C4C4A8D8F8D747674B5B5B3B7B7B59FA19F606260ABABA9A5A5A39B9B99A9A9A78F8F8D6C6C6AC7C7C5451AD12700002000494441547801DCBD89771BD7B5A70B8EE04C702641712605CE034890E220088028C93245451215B713AF388E7DFD9EEDB8DDCE6ABF
310
F4B57D97137BE50FEFEFDBA74049B6AEED74869B7E87404D2814EBB7F76F0F67A8835CEEBFA0E42B854AA5B2BB5B6BCC951A8D52A93657A914FE0BEEE39FFE2FF395B9B9C6CAD2D4C4606F4B7FFF8D1B37EEDCB97587F7CD9B4343BD134BABE7DB48E3FFA7A228ECD6F6574E4786C0FC8B5FFCE2CD5FFCE297BF7CF3CD5FFC
310
92B52FFE58BFF9E69B776E0EF5F79E55CBBBF9FC3F5D3DFFB07F5898ABAF7CDA3B74E74EC0CE20230561BF096E97E05712BFFCC59BC80539DCE83DDD6E54FE61B7747DE17FB8980BBBFB2BBD4337DF487881AAE6C5ACC6AF25207877B2B527BFF1CB3B77FA47561ABBD7F7FA7FE146A5B6BD74E3164C7F51449AE95DB41220
310
0EC539418717E7F2F11B376FF62E95FEAF1442BED0581DBCA1BD2780D23F506AFA16E1A7AD974EF17876F00DD7BCB187A1A97AE51FCED5BF2BC1F2BBE5B3C19BE27B43CF26DE00933658FE129B109C2FFF922CC22C4260FA01BEFB462A77DEBC35F42F600C3F5B0795D2E9E02DAD5E650B4438A92801B65C35CBAB7B1EE504
310
1CE69D3B6F1822DFB873EBD6AD3B6FBC71EBC6C86AE967DFC2DFA4CEBFF1BF54F6276EBC114E2F43FEC60B01A0D440A868B2920E5C4BC10D60931ADCB871F3268B21D3851B08E1D6AD9BFD4BF57F7577909FAB86F29B982571136AF01DF5FE32AC3BD9406CAAF2440A54CF176EDD01FBADA1FEFEFE21FE4C9858DFF4183458
310
A9FD2B6708A5A5A137E0EE1D11A9EC0C7C58B2C73C0AD6B479BD76B7790CF899E287FA5B06FB7B07C9195B7851FA8794031EF1FC5F9406BBFB23375420286399B631E93B08022A785C4DBF9996EC3551874094D71B6F487E80F6837E50F483BDBDBD83232323AC420A18C68DA196EDDADF68A77F938F78FD972BABBDB7B87F
310
B164AC6FC2CB760365821ACB74AED44FFAD7E7431ECD7E08AC421F391D199998989A383D9D98E8E56F84A318C58D9BFD2DAB73FF5222C8EFAEF4DE7AF30D756E5108683DA471E70D0502099A7240F19E4089D3FD203E620F1B47BF43501E85031AE44B4B9F2E4D2D9D4D51D8970983FA861B3706FF950CA170DE82F6B312CC
310
4F42C8966295F7D725ED29882415DC055F36DEA1FE96FEC141493F05FAA9A9A5A595B333DED5B3D5A533F62183323032F46EFF13EA0AAFA5FBF7C8976F8C10F7280A014832593B90004D52341980D907EAEB73411EB2F1EBC9F507F92746C40E7AE0AFAE54292BAB2BAB67CAE0746264A277B06508168C94BF772BE9765F7B
310
F0B548FE1E07F3B5A521340A5CB5297C4B12811B89E82191ECF3E41B3259C529F135E23CF4C7F961FB13537F5A02ECCAEA76B5BA5D3D3FDF3F2FEFEFB3AA22053E5008833428DC6C59FA2F770595F311F235D427F379BB8A121BD901B96076A388DC4C3C61C7933CCCD770FF375A6E0CE9F535FE2534BF5ADD3E3FAFD71BF5
310
7AA951B6D4CFEBFB8864758A26154430080B06ABFF557610ECC93726224F155D1471041E0D42F82F4891C926C1355B0831649FF365F46FF05300A7A790BD8ADEEB0D4AA9569A9BDBADCCD56AA55AE377F5F3F3EA2A34983A1DE91D810543138D7F28E57FF4E2B5335A3928B76EA1CB9B00BF158C8F63A2E788826896D0B5E7
310
C461949ECE089144F8EBEFC7FB4D8C9C4E9DAD60F7FBE572B416C2F2423ECF8B86C439E450DA970634ACFDA977629098D0B2FAF313A36B3869E37AF7853378CDA1171FBEBA95DF1E44FD5144A420588641B0055A79ED91CC0DC41E27064512FB33F1F04D09D0D2DF0203A646A6CECE80DF28356A348CED8C4F1EF137B9319E
310
1BCD29867CA556AA97F7B757567006A447FD375A26CAAFDED9CFDCFB2BB0BEEE8AA5911BC2C7F85DF88A3775389990AA72219D582409210F85A4E66F2987D875C30848023088FDF77E87F96FD7CBA5B9DCCEF4F4C9FC7C676777577B7B7B67E7ECCCE4E8DEE85E81A6D55AA3BC7FBEB242589CE8ED4770E785D7DDE23FF258
310
7EBF57F50B9E820527316488E5C32D50F979BCA58207297E2B6D658702FFCD211840FE43FC9F3A5BAD9E97E6F21B9FCF16BBBB3A3A5A175B5B1787875B5B3B86DFEFFC687A72674F19D46A8DFDF3EACA59E405375ACE76FFA922C817CE86A89BDD92F400F2C55B7462F610459837D3A61ACF50C7471C8F2F2A9D38C3DA2F06
310
8007F80EFCDBFBE5DCC674B1D83EBCBEB8BCBCBC3ED0D3D333D0B3DE33BCBEB0D8DA35FBF9F8CECE68AE020BCE61C112A4C1138CD47F9AD13F7DC6AB9CF9CFCFAF9D0E01FFE6CD503F5B91C5218E2899CA15098714848B04FCE5654884ABF0E554F11F6C21D73D5D5AADD64B7B9327DDAD8B0B7D7D6D6D07070763BC0F3E38
310
E8EB4310EBEB8BC3DDB347E3E37B5842B97C4E44A0C630427E5CFDFB71E03F471E12CA9FF70E055AE141042DD81234B879EB4606361D9328149037D7D76A571A7E974FA20AD0323832713AB5BA7ABE3B3E3D3FBC30307070B0B9B645D93C3CDC3CDCA41CFC6AAC2D64D0D579B4B1B397A7C1BDBEBD7D36657A3CD4B2F44F49
310
09F2B9CA597F4245C59DEC354316F0587020D0C661742BC02869435FD12CF195C422DB3C5A3E2305C000CE6B7B27ED8B7D63079B5B5B878787C787C7C7C757C76C51B60ED60EDAFA06D67B965B3B672677080BB5329E60E9B477847AE2E9EB53E35779FD37EFCD2D0DDD68AA355B6B0D81860502B8B68C801F5C697E9AD62F
310
4B406244CB975560BAC756AAA577675B07C6D03778C17E7C95CAF1B3ABABE3E3ADADE3CDB1B1B6B681014470343EBA979F8B90383545727C63E43549D14FD0F927E5F1FDEFD7263058FE02EBCD1BDCBCA053496BD58E69BC44F9F854D4D979AE9ADB908824382AC1D4014E9756EAF9CE85B6B54DB01F02F8EA5908E0D9D5F1
310
B3E72188C3C3AB67879B07C8A0A767B8B831FE5E7EB754DEAE5261460243FFF07858D8EF0D658BDC563A2C5EF5833C13C90B69248C4DD97842B61DFA7F210A2F6108A0F96B62E2D3B3F3DD939EA47E30ABF5AB2B903F4BE5F9B36757CF65021E616DAC6F60A1FB647274B4B05B2E5341B082D43278F67D8DFDA48AFF9A13F2
310
2B34C7586C9992BA6E66CABC190E313E7C811AA57304B421A75B289B9D174CC868C24548823E230B9A5A2DCD2CAFE1F98E61C015CA7E96B083FC59F3ED06EE60F360B3AD6F79787ED278D0A86FAFE00BA9220EAEFE1D5DE1F7855939C3FCC1332426B377F692406E022C010DB437EF009803F0DCFD3B7C94440571D8F2C328
310
F115F47FD324802070BAB43FBA80EFDB92FCA1F7E7CF9FA875CBB327CF9EB08C4DE4815BC4210E2CB7CF1CEDECEDCED5B757490968286899FAF95583BF46F9393CEE6A86D6F618CAAD9BFF0BE22B042412C5CFB50556815CC5BBE33E9F61ECEC26A9BCB8145FD10590078F9C9E953B513FAE1FE387FAC246E14F9E3CE7F5F8
310
194BD6594140876B6B84C5D6799C61A16434201E5237582AFD75C07EEED9863F463284E2E13425A036BD41061259289B6BDC1ED656FC8B8592C9D00701E27CEA749F0D8EF44EAD8C1F80FFF8F8F9D513191F6803384C800097F24069C407CFAE88136B7DCB3D5D4A60B711F19070D83235F77331FD35E715966889038E2E0B
310
346EAB7936C4162043E1A1F144093695443A570144898BC4079CEF1912809A3035A1D3F361235F90FFF1E3E0FB93C7E2750719F88E7D8E68123883ADB5B18185AE99F1D11C1238A792DC4BEDE8EC6FF503DF377E0445F68FAF4E08D43082D02170F30131A154206CC559A8D9CFDD762B31273E4947A581E0D9BB71E33FFA07
310
CD02CE2A6BE1EC80167497F2A81CFA3F7EFE58D0CF5D5D170DE4F89070B0BC4040CC17BEAC6B0586C3D3FF0309BC06F44B04A1E13729929B4DF73C44070692C810B08AC3012E8EE9EAE22067796288C193B2139B970B86F47FAD0F98382B1E035D9C32FD318A4FAFCB274F2E1FA772F94411B0CD42493C23393A685B5FEF3E
310
1ACF554AF5F3552A478383374E6B2FDDFC4F6DFE38F4F4ED7A7FE838F488EA852482F412D3CB07E293D02C9F074F12E84C5AAC423271450572A385449844706475FD38DC3C22486A0639E5F1E38B0CFE93CB4B25910EF309A2224BD8DAD40C682C28341AD69047E8539A6AFC14EC573F7FAD10AE0FE6EB13E87B28E093B513
310
B5803514DE408809BC12A14876DE0A25F643009E9176D9F0C330164285A7444DC8CAF0E9FE41429EE0A2F6A6DE91C0856C501272404A8468822E24C807030B1D33D40D4AFBDBABB411D093D88C86D7205E05FC57EDD1F805FA4CED5920F0CED39157E007CE21757C5DE440ECBCB46CD283E378029B43FB077B4F47E60E9F61
310
E8D01BE017D7E843EB49F50A2028F1E442FCC90C9EE308E4C0C2C94EAE30B75FAD3A0EAFA57FE9EF960F14BE15638840EAF3BA490BB6850EDB38EECAFD21A0C746D0C4234DBD035EFC7EDD121FA585FAB73DB89FE6A03CF833AB0730E5E2F1A36CE3F202A128934B44E396961121E1F2C9F32BFCC0C140CFE22C1CA8E109B1
310
82919696BFB98120234F61B59F7BF46EC30CF067B21A33B0FB3E402448EE266CCD93135A8E823DB31F85E677434E608F53F8100BC0098EA2FD6BC01770E0F2F2D1E5452A711C4BB8486248FAD756D852026B6DC90A2AA5C6B69E9068B8F27AFABFFEE8AB36F1D23985D5960014FD711940800B560250D2272CC54FF1D3A660
310
B275AC3881E349689C1616E1E9044129D032313509DE4700BC867C71F128C400159407C761022BA8A040F40A244788808C60B3AD67A17576279F6F946923191921B0545FC2F12AC0EFEFBD7262B6935679FC7F80629160ABFAEC88E8430E76D82A8DE62ACE50BD4A42FBF03B387B37FD321B37E31C3F063D99703F5160E6C9
310
E5A300CF32A91E0A085A29C0FC507F6C21012303C6104B82C1F1E156DB3229D1A855A32A8352C9077AF733A0AFE0FB3EF81FDF2F0F82C21B0EB06998866878B103305E31EC17F4FD43831E570A2118D1667632D4FFFFB125782F96168A833DBE78C3F11F8383A79D49F58F1E3DBC780417AE6581381E8610604888E2913E12
310
492881274822C221AD04CB0B1D273B8542837460898C686864FF6F801E8269F40AD0481DFAF5E6E9C1F3BE391C325004DF0746A4E4448F7B52C0D5EAD39EC46896B888C4210D68E99DFA2820DF7FF850EC407EB55C3EBC5028611409BFCB8889C90F1C52355AEF98B18100094C9D0EF6F64FD47E5CBF3FF5293DDFB4B50DDD
310
54F351446FA1F14580DC3902C085F593CB24ACC917B213BBC11B3F0A61042FD8B24F4FB9C4556D0CB9E1A880DE89934CE9607F18F81FDD950DD0E1D143F41D56110E227C250621FF098838042BC85B5B6BCBCBC31DD37B34966E9FFD9936A2FEFEA9EBA4182E5CD3E17AE35501FCE0707E5525A7DBC64DFD077825BE37CE0B
310
BE1BBEC061410C660B6E49912665E2B3749C7C9F93834022F74CDE6CA5EB501D9CBC04B768292C5CCB84478F3CA83074092C6082169015E5800D5839DC6C1B58EFE83ECA513BDE3EFB8EF1242D2D4B3FD55AFE03D42F8492AF8A3F21444FA2FA9ABBF525EAF84C09F0168527B0138A85D1EC0443C467B28BF844EAF76323BE
310
13D7C11F72FED783837B970FEFDE7D7817E077C17EF7E2A1C2C0FE851FE4C008388C15E818958746129E1009D054B67530D6B3D8DA3D59D82D9D57CF70039FF50FFE0DE94089DB269C3655A4F25B38C49D0BD48E59F1526887C18FC5272197F85CA72862A593A4843CD25F920487DDF7AA0441A2C0600D062001F103FCEEA3
310
D8560CEC3EBACB01CAE5A51E420349F602191E5F901893142381351CE17047E764BE50DEAF9E4D8C38B6ECFFACEB141E54A6865A88A60133EE9CBB4C256930B0B168C1C3AB59FE1743FB422C7166082E934AFA5EFA3E4BCE0B69362FA7041818B7FDECE1DDFB4D022007CA23E521F0700AAEB5888BBBF08023E128B4045381
310
542FA256B0D04E28A0C3804E233A1BFB476A2F48FD135BAF9843BEDA3264EB42BA499601F16B566E72C7EA35908ABCB9176BBED43204C696AFD3D7B24B08D3AFA44BE243D88A6D9D0B6562B52F741E1610C0EFBBAF2B0829289A640EC4C8A4FF66A24430786CEBE1E1E61AF9507BFB496EAEB64F8F49B4129EBDEC065EC1F8
310
A3F228A3CD0950883B41BEC6D1944AE06147289600A7726313AC69A3F91197F1438BCB743E76F01F6EF1D1C854071670FFFE43FF1EDED702EE5A14C85D0C42DF90B86068800659AC88981855E3E774A71C0CAC2F76754EE7CC87C808D1E1E0F6CF47FD4224731337BE1E39C5010823EE997B1491BBD99FC8D8EF77482BEB5E
310
B2CF66499A8E0F7511B19B3EFBDACB6507BC78731B1B383D02FFDD7BE8DD9256F7D0BA7B46015941097B80018F700FFA024CC08078F51806100ADBFA163ABA8A3B95B9D2F92AC30BC908ED31FABE0CBEBFFF0279B675868F9AA24E9530B08C174055B7F48E4F58002F3E82F0BDFA003E8B431EB6C4A91E4D9B5FFB791265BA
310
8827BBE5F1BCFA7F789F72F75EC800F8AE43FFAEC42F13009FB905A9A0132015D0068ED7682AC608BA6771038DEDB3B33082891FAB1ABF5614F93238079726B833958796B845B731FCB86316713C1DC581B1E19B424EE32674093F80776F7E27C6FBFAC85C536CD955B96EDA2A3FBF770FF4BE11845470EB3E42D022000E0F
310
E07D161811020742162444668308801E133A4C163BE68F6826A5523071CA78B2FED51F28F8C70FE4190073A3E5D3259D7A288CD19BDE623F10021BAB0C6E327FD507B2741627727EA00D31856492F9F009D7F152D930704E642795C1C1B336E0DEBB7F0FDCB79318543B25341F36802D64A981A690B94259607DE0B19D466B
310
F8C1C5E1CEF9A3FC5C639FD6117B4BAEAB453F8EFBDA500A67E8BAF76C8A06566E36EE1184E8329419161F83D843D5DE7D8221163E145F56921C3EE383978072129E290A9B7166E63D26BAB1FCDBF710009E4051842390031845F20077CD079407C575F20364C4910ED2A574BC357630B0BCD8DE39335EB175646A698458F6
310
A346F003A93002E846FFE0C459B8006E506D79BF902908A0AA05CB5E73530E33BA1D3C2EF99C712B7C8B41DF4D2A7830BE8707485FCFAEEB85A09AB6D39BBF7B4F23E00509C20DB04E240822A4B810E04D8D53D10D504C059ED86BB8697F514777717A8F8144D48A4C89077F7EDB00E2D89DC02A7B975640A282C49A4AA84B
310
70B12BFED8EA6584860DFB7EE23FCB00C6BAF7332FF259FA3C9346508813E372F1DDE425065BB61FDF8300F7EEDDBE8D0C6EDF46F7D8823478590AE23759D60DA6B7A9F125EDE8F4A5D2B37470D0B63C30DCDE3D3D59A8D1501EB1B0A5377517BDD6E301F995E3F955F0F58FAC2E81CE172A8344AC03DC6781939D2484B8FF
310
C15E8F3ACCD3954CE19576B942D0A029188EC7013FE59AE90B71292DE774F1F63D60230180B30A2EDC65291B6211B4081128856001A680015CE000708254891851D4B3BED0FA4D7166B466BFF1D2A924885AD12B387FC0FCE6819AC3AE06A7AA4B715F0927B74D119D4A668FB54B8A8C268D8B038A207D10A7B1E95E42195B
310
695BE0240F7408B311257C23F581E987C180140C584A02B1670CB817CEC0A080F259F1360E58452013200E3EC107AC1DF4FD7B0F6D23F33347F9527D9F51E6138E31AF35F1BDAAEEEBA3D71BB402E2FB47CECEE96B4DB85536772B07C82A34F3E66D0BCEC207FEB9E70643761276F7B50D5EE963CFF80C7AF4A2130F5BF8C4
310
EBFB5F07B709840480DBD8007FB7EF3F90104908BA457D43AA2A6A02C91422285E5AAC143F3313A0CB74D9D164933B86C25587134E8D342B453FC982860D09FD13ABE72055ED020E85D3E312F74C25CB0293D978A1C4001927C80B86FD06349126EC219F0C735C8053D8F5F310817EA01F1B7851F406144C211C6362C27DD5
310
1F1E310C0102280ADB891E9B085CC528A2B1369A46BA195B9A2B351862CE43174BA73FB7CBB430A5798F4C54B7333B96C3224A9863AD02B9FBD8E63092191924E77C199D92887DA594B6DCF0112857162FD0949FE6A441F5E62E42FB2105BC405A2301A3424601DC807912CB2C39C604A27908021CDA30C4C8C2019A883B3A
310
8BD393BB3546136EAF561980FB63E9E035FF73B96D09A905ACB2C11D79571C5159026227DDBDB81396EB03F14100BEB66DE1FA9EF82C3ECCBE318119C4269FD014E66361FC8BB0B4EA9A98EF3D8848A01360430284335004C183CC25BCA82D2302EB03B8419241C64DF4F5ADAF77B533BE786334BFCBB8DA72BDBEFFC36103
310
AFB30608A0B39B58D93F0BF42180841DD26BDC22CF0A770E90240006BAC65197D90920131C7B2EB3CFD3C71C6378A305EE8488FC1FF8D391E2BDDB0F6E3F45E7C8207C419800DB410073A3173942CA8D5242642A74496FF115832A6314D9FA4257577BF7FCF8F8E8CEE8DEDE5EBE76DD3CF892BA7FB8B90F629431B5525E92
310
A15A3A4A6FEA3FDD73136172060959206591F4C927196CF645AA285CF3014630121754261C0D31E1A7E3DA2DBDB54B04703BDE3A4209F02045C4BB0F529A14BED07098A2A1CD47513DA64B512F409BC01663090796D787173B5AA141B1B39BB470EEBCF1E30F9D263ACC4D05110797CEF7B923B027F089F74D1D06F0A4D8C0
310
CDA6604023FCA45B76C5CDE0BF3845ECBE13E0C0ED73700A8A753C1AC8AEFFF1B407FC8A20F42F0D94019121DE304077A027D4112283BB8FF0072444D68AAD111D6F591BC0061854BBC048EBBE9E81F6A33A95C21BFD13AF3C7E7DCDFFEB0DE8903F77B41DF178E99C289895B0EA8CD640549D68935BA7C5294E0A1D66DA0C
310
C419BD398E6265789CA1241441AC94532A3C19C95340BEFC68703077EFC1D307B71F3C500859C11494838E902203A2BE90EACC5135B80B078804340C920C2300BCC06F7A1C71B875DC572C9BD1D84BD5FB9363CA6BA7D03E5C40FDFC54FC23C9B4B9DDD028787D89219038523BF64E638BB37CC25335937A00DFD32869C5B3
310
90C8C32FF25C8C47A7181B4A599A224A9DADB0E0406FEFF9F183B7448F081E3C55024FB33828784AB61704482CD0160C04174F9E33BA9291D58C2F1F1B1B3B5863B0D9F3E51C35C253D54A23E560E2C0CB3A6F7A81382601C2079CAE96B7B1560D20A341E85A928A4E01083256420576C2ED477E2E565FD9223BCC691CF394
310
D3D8E281501E0EE5C1C8159E92585D255CF30CC854C75318006EA4A01028EC853F9407C6053910BE105348324002260254886C156260F9189EE0F8C9A3CBAE9D5A992184568A69D5183A7DB97DB089FDC57AEE54F858FE54F577DBA85309640290F2D220952620750C5811FB772A7876D1E4040FBFC6474D51246D8B3FB378
310
283FB514F8AB3C20B8BF7DBE5DE541C9A5D3D38DDB30E00151E02523081BC89C2214103E0BC1B3D0199A08E002681A2613A2616CEDF0F0F9C5DDC75DA395C25C0309C03DEC8091A4AFD3FEB504AAC6633930556DAC86EE3561941E862C4A75DD6B6BB3A0C59BE153DFA73EDFCBC3CE2188D3D378FC976D0EF9A95B7C8532F5
310
27CE3CF539581E0FE501291E9139FFB65EFF5DBD8E0C18DE3077170A64E033FD278F18068028802F156C3809FDEB11B1019C208D020C9BA2870457F0F8E1FDC7EDD393E3B9FC9C4308E9315704233F960E554802C14716B0B45DAB5EAB5E25AB7830EBB8D25E6CA94E4AA01794FB1EE164FE9F040FE82C940A4BCEF913075D
310
087E85A7237D3CF29C47E4E676777779528C4781761F0BFBC1D3A77880E40C9A2E5109180D5255317890394229F0F082010354082D574F1E3FBAB7D6553C2113DACB97BEB5526C7C6F69F9310A94C46CD89FF8F379AD1AA035FD00FF3F320180F01417A6F255A3A8D86319FE0C0B0E06A0DCD33F79841339C01E5BBE1911AF
310
CFF7C1E0A540BFBDBFCF2372352686D863F83F59CB6865F43104007EE06F52406F680341102048A01BB048823082CBCB0B6AC48C313F3E7CFEF8F2D1FDC3D6F6F9F9D9E98D9D7CAE5EADE2A6512FAD7AB526E17F600C85550DDE9ACFE9D97E694513103BC69F8A2813176032C890C1E9C49FC09C61670FF8705B1D7386260E
310
7C8E7122C7F8208A55139E8C8D4763F7EBF5728DF9C34677364E3A3F9AEFDEC9CD95470788834F9FBEC512379890B38C94205B2557987C4186DF5C0837608DF0F9F3CB87B7EF6E920475752A01460E556919B2B64296FB9FB70DD5F47232A0F77465BF140CD001F00ADCA175090E2665A14E6329B62660E02A1CB50C6025E3
310
DA252A670B3F0FFAA5EAD94A509FE7036B159E0D1D9F2E76B7AE1FD5A606198D3A747AF450023CBDFD162278B9446688111009B4029B0F2180AE20A542D40610C073B47FEFE1416B2B12200F3C991C2F54EC2491027A816B0A34A9D05C6F437AC23462385DADD75642EDDA738AF1600DBE07EE8437804D2D011A94DF71C208
310
5EDD40266A407FFA1D1C00B0C03927E60338E3B9D8C47D1F8CAED578E06F7CFAA4BB63B175FA7C301B747CB377F45192003CB8FD34B12009224543D8604494011A80C1903CE0518C986208E1C5FDDB8FDA161686873BBABABAE74FA637BEA894A44078C19696F326E057D7F95D061A6B0394A9D5F2DCAAFE4C2388D8A6E9AB
310
7695CB0BDD0A332430F1A9333DA41D1FFB97FA09AE84E738C75C407C260408F8DBD5EDED7DE1570A7BE333C54F16963B46AB0C2B71208EA3D16EF4EEDCD7005241166C005A73C03164792151205C007288AE337B4D7103741BDE7B7AC913350B348B2D767515674EC6F72A0402BBCB41C81305AFCF05F2758D3ECAC8D26AB9
310
7606DB9581A4B7A8FFB068CD5C0604E6849046B70C2B60FF0CDDF93C13822B4E82FA0479A68220E66D9FD775FB3C1A9CDBDB9829B6AF2F77EC9E0678FB20ED8D1B1A1A39D10F9812E20D6281F5673121AACAA9C53424000DAC173F7E18C3052EEE3E78E7F1160F5AAEAFB70E0F7775CFCE4EF384DDEEBEB9C0889D5243BDF5
310
57559FEDE5F17AB21E118C4C31A3DF6A96B56AC62180293910ECD6B721047664BCFCC6B2DD3C65CA0F0C823DFEF84083C7ECCDF05898EEF158F4FEF97EB9C123F1B9D1D1A3D9F9AEC5F5CEDA84A3C96C14A55584D62893D6A54D8D2028D05C8B1F124884543F3223B29D208B04910D3FC43F5C52196AEB5B5F5E58E8E82610
310
F08C21BD443801233C0CE8BD1E40F84A1CA86001990048031ABBAB11EF83F9283EA89F181F2A0D9A9F62D94B7F625FD727E6A93F63F200F614F7CF100D4511C07DB45FC5F0CB4CA359ABE4774631FDAE85E599EA0878A3C33D5AD6430CF4C055EE5FDB80629000D7855DED3F436F3B61B3DC7FFACEFD2B1BC6FB0696312CFA
310
477CE87A87070C7998E04FBA78AE3F915A065E819FCF35B410321D9ABB308146A11AD5196CDDD7C477A171C8AFC74B45CBC6F641AB53C8D4ADA5870C02379BC0470CF83DB55F073E29CF5CE5F7A3F8FD62EB7AEB1774C2C6780B9523F9287193FD23DDB79FBEA513B45200E2E0C1B51350163AC19043C600F2C1DBF7DEBA7B
310
B9B5457BC0D840CF325EB0BBABBB786D301437000020004944415472B491ABCCEDAFC0591201CAC8EBFACBF367FE7B6E40E69F551BBBE7123E3C00AC560CE20C62436E8C3C54CC225EE08C0D74CE26148877689EDD004FB2BFBFFFBB984035373A7954EC5EE8591FE531348654514DB1D1C56411DFA2A7C212BE5ED91278F2
310
851A432244C6822C29C85A8B320ADCBDFDD63BF71FD32648E7D098CD018BC35D7FE89E250EF2AC75F96C15271602687965C844B8807C6E7729D93F22E81D39ABD62A0820C1FE9F11CFA7208125D33E96FD69E83AF6052DD32D49FF0802CD9F9DFD39260389A950887A647CCC99BAB17132DFB5DED35138FB3A060F6295AA5E
310
195BF0BB56495A5A4A8FA440026E46A047D40ED2520A441C302D240F201FB8F7E0EDDB0E12A04D8816215A0579E8FE1B1281E9F19C9900DE79842E2A7CCD48E9876EB01C75DBA0E0C8D44AB5512947A00BE7CF5DE9E1A6A6BE43CF1A78783DFD5A404E4477336C1ED8B18908B2A847B2AFE9839E891137A6673BBB96FBBA2A
310
4B8E9373B001F08369BA11BE8ABC4302FD2345FD6014A127068427D007BE28B41D9B0D40FFB7EE531FA673C8870A69135B1CEEE8D009C08042A5B4EDA314920B635BF941E7487E45256439DFE9D276295F87E698389CD49FB394FE19720412DEDDC40E9CE9C6DD605E0B719FADC416CB15AB3A61F9B5B9B9426E54F81D8B03
310
DD950946D432B40CEDAB7BB5AF11213CBA73C9BCCCDAFBCF06127C7980FE6D1DC9B4DF14832D6568FEAEEBA76FBF438300B541064ED33F3AC0B0D10505306FD370AED02859234402F6C3FED006766DDED2034D90D119057225EEE3DAF787EBF30EC51ACB4F551678BD6728E1944730C095F13E4D81A4DFFBF67C5BEE37E62A
310
85FCCEC6CC6C7BC77A5B477E22223ECA4FCC0F87E2A5E3EB782BDB25B8CFC6736A044DE5A7CDA604526361D650484FE283B77EFBD65D52C1C73C4F48E7D0D81ACF572F2E2280F98FB230508FA906B42DE240ED651B301CEC83DE1790C9FD96B6CBF986BECF3BD332C18EF627A0B6EECD5B152E02088D03D828AFFAD26B05BF
310
671B4F9A09A8CE0CD2707F67F2A4B3BB75B9ADA331C1305BBAC182FB4A79820B7EEAF73199B8404C0B81231CDCBB871B80FC41FF5860E8E108222A1A076C29E6E03B6F3FBD4F1F295DC457573C7ADED636D6B7B8C88413DDF3B327E1046AA51040B40CB50C7E3F1D2E44DAD34CFA604029BFFBE714DF0C069908027EB275F1
310
F366C132E1A7450B04011CF82B2B647CE754F650FF6E25BF37AAF65B7BDA16CAA791F1D09F6CAB989EC5AB7809BE145FA459E8D3E4B0FB47DAEF093B946FED585B80FE1A0305FD5330FEDB4FDF79FBF6BDE81D8300CF6815E5F9896552412A03F31FCDCC7CB5E32365550CD9365FDCCEC8752E943161D78047336F8AF65398
310
40A1F2E764FDA2970999F205CD2BD1F5CF496571F76EAEFA0E1CF8FD2A55FD06391F9EEF8B9DC9994E72BEBEE1FC928E2F223EBA0FBFBFB4F2DF137BC894B8087643D64ADE6EDED67F7680FAC9060239E845FC94AE93D880F994FBF71FBCF5F66F9F32C292EA900F9C1E6F1105E81C5B5F58A067A448143842008D7275EA3B
310
BA3D2516FDF02FF79260020D6B3C714711F3CFB61BFF56A826E627E82256F7400FB387FEF23C1C1E77FD6A21EBB1B2B35F2F95E7760BE1FA3ABB3A981423477517EEE36FF96F122B942F6FB64D9502BD1B9089162532A2FEFED255028FE653C9F46FA321E0B588B7DE79FBED07C44106CC85133CA65190543004D01D02D818
310
1DDDA5A9C91A7110805B7875B689FC3902200FB192E7DFD936B37B57D9C338BD49E99E181F4E5FCAB2ABC1CA7AAB382CBC7D515457CFABE6FBC63D525E5CDF74B16378B9AD6774A58531912D232DF01BAA913DFB7D3AAFF912984302B84D0500077800D26C60A4742101DE420C610C2E92FA93056022EFBCFD5BB6B3865147
310
0CD33BD87630C05831BA864C85997B8754B05167F0706499DC442FCD22592AEC2ABF3FF13F950039BF159FA9B36ABDB2778EFF83F70972B83BFD3F4899E64DD8346AA495CB155A7499F2CE39B0AAE755125EB84FD8CF8D8E4F4E9FB4B72E8F1DBCCB98B31BC4607C2CFF21C8145FB48EA0F2159F86A3098415609554DEFA7B
310
27EF1301033DD06D274BAF6821D220DEF96FA4CBB60B3CA241C021D38E1AA76B4406B4767576166766A6C7F77273F5F395291BBA19F64F2E3095C14F3E60371827741CB27E89543857D6D96BF9A47C6A9A26057840332EB843717AAD171880217B71FCCC0355AED3D4819911F79D0EA8AD6DA31A83E36C5DC2D470295C0113
310
02387069158F6C9966022367ECF1D00BA9BB95C389AE7B6105A1FB640689033A7FCCFFEDB762189103A61C3A4FEFE0D6A6B5A19EC5755A443AE78BC5E9235B047890A65919A0D2F96AA3C01CEE913BB3ED239C3E0CD8DDAB99E4348BF3F8B977B6C43DEBEFBD7721A839A63B94C06A10DB87FCBFA3C2932F8C26F88B6D6BB3
310
0C3C4E09AFE40FAB52EFAA1EC0316920E031A46D65A0FFE45A673432E907FBCF86717AC04F2CD0EF512D665FF53F05BFCDC43489F150890C60A8E0314E70A06F619D30D841189CA15D3417F3CD50191AE4396543F0C42BCFD696C58DF163F5B46D708BD5FDDA5E5E5FDF9401BC4F7E00E8A17520833D1CBFF495B5D1CE037C
310
664123EEE74737268B5D1D3DBFDA6AAD8C08DF2C0BC7A737E10AAB2A7B958990CEBF556CDBEE823CB09FB344143463C630CFFF585D330CF0320E921744A7918280FEEF981161008E9FBC78C830217A07B7D6985E83F9A79884ABB5AB383B4D7D788F9FB3D867A2112A43F19042B33A108690CF6F472F8661CFAC971478757F
310
6E6F2F7AEB82FEA85E5715941778B278281F28C268AB24BDB470EF3303E09C359E9DF1CF990D8A096106E6A66C8620DDE7D281DF0B2831F20439A30D68386CE13E002F7EDA8D7806162B205D6A19AA1FABFD6B1B400EC2BFFDD66FDF7E8755B4883C043F43046C1326136680404F1F934EBDDFDD39CB58A98DF1BD7880E053
310
2E671FA1435E9D6EA5E9071000BE8F262E7C4044FD95D5FD526EB40A05A634775F32205C3D779FDC168CD5E56BF982508BF572BDA4F6F57D3304BE9EB18149461B12F760D7485891CA47CFC44909136FBF4931716A2E100123FC6CCAA6A644F25EDF4AC980B14039009BECE8B798BF69A05DC5B6885CD23F8E13A46FF0C0A9
310
86D617F001C52241801E87C2974C31411DA3A5D7B6175472763D637D3E57C33B908F867F4A59CFCA7923375E5F027A983E18BD7BD4E6FDDBB2250C1529F4202EFAAF979DFFB1F2612E87EBEFEC58581EDB9AA95AD1D7C1905F7305BF8182D5BBB524D47C4E3B81CD843220DE1E6536497C0962C225F75A2D6A998303B23FC5
310
01F0B3F736EE1FF01200FC8C99F5515207C9C40081DF304C0A17D06E26CCBC5B3C47459308178301FA8057C2C0AE9D99B05F038828B08400F2E3251254DD7EB8BC4853B101F99AB48E387457C96951E5DB670648BAB70A7B04FE93EEC5F5B183F9739C98952C6845C380D401B8FC86E70A20744EC720E09D35955D96A90417
310
20196D183AC2CFE6AEA816652D0234883D788BEC8F5DF2615261DB031C2381092401B48D8D2D870FECEA9C3D99DDB036C8A051058030E32190976718C89F031DFBFF2EEA3D88606A8A19BD0AE305BDFD12BA4FF46F1A0002B07137989C748936E9DB2C91F43B07E4E4D16C3779CF5A4FFE8CC981F07C29E34B7C012AF0054F
310
AEA4A6A3D49D3A16D2B3CF220A029003366663053C89B3FB1827080DEC2780076FBFFD8E39810CB0593CC68B5D9009F2D400418028B0BC6CC74067E7C9CC0C2690FBB084AA5254A12AF63543B35EB40D17B693F7E3464D5094C00AA9E04E0E0524F5C35C5EC6BA94B21AAF2440725E2A9FF94FE7A8F0E769EB83FDEB039B63
310
1B18BF396F5C13CF89ACC02C387DA56DC3B1CD84B96CFAAA37B55FE723B611062258257D331F186AC93D8AD600B4FEF4AD777E4BF68F2168FF08C081A37AC13446C859964803961928476D78F68419390D830C1935B5C2A0A22A3AB17D3D6428BF12DC373B8D464E04C0A496BB3B3B75639DCC2500E0F0B15FB6F47B5A7ED0
310
183A87CAE8D535F2EDBD4B3B7FC762DFE65A07C30B2851DB890082ADC07131EEEFA3DB7DD5CD32C0860CA83CD4B7993A175F422A8149B1C1D94C1145059D9C78A8A572A90B7C8B1E3392FF77A80C50220880FF3669004E90F101740D2B808181455A044904674E7482CC3EC85C4BCE339404C0B0BF6A5611E4F9B8157BAB6D
310
E327EC9BFBA1B4557ECB609C1F45326499EFB90EE78F18227F09E563C9E63D847EDB3B68EB9C39E95AC4F7ADCF7D87F6752BB6912040281E4A0D8A8314E80D60470999B8A51FB1488A66A9F3F81FFA61C83F4FA6969E472288FADFD61B005E0EA4284822E018911828E868614DA0C36E11F3A051070BF2F0840E35F200E2C0
310
C80A776CC9E7E6841C0503D0EDF15ED9AFE527E798D23BEE5F0604E58DFB7099D739BF0BA5D332EF29F1535995BDBD0DE681C4F71DFE6A7AC5A13554AE6910963E9ABC9A0DB5B202225545F5CFACC942B5B93C207352B6E5310BF349AF200175D7DFDF78F6D683B7C87E087FA9B35812C4F8F13452CED610A2207541E6D659
310
A739441F3833CD0C9C3C3DC2B0712F62333C4FA9327C9CA1124904B4FDE0FE21C119776CB0C212AAFBA5CAF80EB43772ADFE77CD9FA8A4144C54C2FB2304C65F62FC3678E4F6C68F30FEE1BE8383CE7DB86F58B1AE0C51F0F055E188D02F00911DDB0991832228B3172B3E623E513FF1734FF414A611A603163F401BEA790F
310
C9FF7FC3FD3DB02DC00184145B850D01D120424DC03C00FCEB7880EEEE939399F1F18DBD4AA54C939899304D913CC2D5CFBC55E50C7FBE4C0E14AEEF53D6843DFF56BE2D554637EA047D3C210E2C61077875FB5B40E19F43AB7470CAFE1C0D3ED3B3B4778D1DF6D4F837C08747180FE8394F2CA1E0A46B6DA62CE2B2DABEDE
310
0B1924098580FC16B369730E9E90541D3730D47FDE16EE1FFAD3419CDA05ED1F2715C607F2E81893AFC5936303F40EB776F1D808BDE393A3FA401E1C706E154C892860AD74A2949C409E28A8FB3349C764D13E4D1D3468952B7B1B35001BF41142CAD58D6011C8B78961EACAB66E9AFBC627673B61FFDA4167950A274145BF
310
11EA17BA9AA60815C2C43AE1F648E3772E53C94E6364AF826019E723069A8AA353A3BF7FB5359281700061FF64C28C10B9AF0B70B0B0D30A31CD1CFD22F68C76DA1E44558869257892363C091D313EFA46B57C3BEB252E9C6BF5B4799EC58F1910F469E25AA17B343799DB3E33CF410061F96C6D63FA91B1000CEBB7D2971B
310
DD39A2A76361E000F5DBC1688D47CB812DD60F8001AF25B328D173A9E4BAC18CE9F1F628704330741B2649B92E9714447C68559C6CD2F681919367E4811100750058809D0230C087A89FF3C80C23C4C60882E481F48D531764BABD5CCECA308DE2F63D3BB50373D630796126803C2D1FBAC148F7592881B395ED7D26B7DD38
310
D7096AF98841CB37592561D9C6565317AFBE9FC4AF7371E060736C7635E0CBA1809FC80F544DBAA1F2F9393D970D44C0615A0C6930E758B9E63AE690F73045F0C8C0731DE9CD80F718E94652383458799E02C06D328010011C7090D8C5E5336A83D4059953877EA1E1D66FBE994F04608C4C991917230FB61F9AEE183A40AB
310
9108D032449FD1A7283DD25ED15360EF7EA9303EDDC0043403531EDEAB10DFF87F5E2FD56DF0F1B701A9F614DB17FA0E0EDF6FD0B1622A81FA3D1DE5A33F551930335C353A87F9AB05C60455193448246944A232C5D07636D864CDD7A50D0B4440CDCC465D1C418321F50E1648D500294065D869559EF3C40C8FCC6C323E98
310
9AD0F0C73142480B200842802C061008B480A9954AF282052B3AF67350FD0DD30D1F4075AC303A5D490250F5400ACF479656861E4C77AFF327F3EBECA4B57B6B6C8FF62602BF150744656A87DABD7BC6BED50527B2120C001A0B3718C74F0C65CD34F275164D7968148DDF259AB8AD6CA81CDA4E8819509B996A7F642D987A
310
401A2B04018C01E6C169A8700F9DE3B489DB2BC49C9B7B858A4F50D22AE15428FCA4A1EDB20C83492690CFE361CC7F8C8066FFD0D77AEE797977F468A36E0B0DFC87F90EE6348BC748F7CB73B5B9DD5C6EE7AB19ADBF6DF359F1DC2A0F9E44F213F8041F64274C0859A2AB7C37440FEDDD2F95BE44065F22067E3EA0CC3BD8
310
C0D8194EAB291CCEE20B9CD8E02950AD806080047A279F19024C837C848816719AC4A34DF8F0706CED904E8185753A458A27E4C1E37B5F30A104932BE140E0BF4E400160F320B054A8705042FFC47B4940810173F9C9E97240C7FCC3F3813EA239B745DE9F1B1F3FC2F9330374DBD1A7B475923F9A2ED81716D18D1B577DAA
310
B9D1A0458655AD3CA7E211867AE7C702DCACCD291E0F798013DC01BC326087775C0833E04EA3778FBCB8DA4687A0255CA0AD210C15661E4E92001A4449031D1DD27D327334BE830B64DAD90CBF537A45FBD4E94A7A88888E715B7E74FCD040E818BDC1BF5AC609CCCC015DED23877080FCDC47BD8EF3A7B783A17D33F3ADEB
310
6D6BC7AD75EA7C7852C5B6FDADA6AFEFC2D181C03F8C40DD8A4AB5024F0B72E34B57BC1182472DC80946789AFB711DB7F1193C03C893B0345F420246114D3EA71D04FBA731C0DAB0D3CD311B218F0D5A15ECC105D02F3AC32F13600084731A83220040019B03180634B5923D438300B05BAC80881F061095FED5D572A3323A
310
BD83F1D37A2301A8C930AB3F66ADF7CBEFED30BAAD7D78A06DEB6A87F15491F5AB7E25842B6B34BEFC12C8A159F187C64B3CBD2356DE5FBAB98BBE9583F0E3280C0076DA15BF34C15238145742B07080B1EFB83382F9FEF2239D003541041083C5AF9EF3C8944DC2030BC3ADEDDD9D27475800693049E05413BFB3FEB43087
310
31512F13400D06F813368A0101D8D863EB3E75FCCADED124F532AD3F123F131AB46A93DF1ECE7F96CE9EB6C365C6D6A07EEC461FC919FE288AF7AE1A7D012D291EB073735FF26BBB1C99FB706E972192819B7A34BF22424BEA1CC7958AC2E04BFC8E02DB90A4A1DD04811ACDBC181037864672C78F6C0EC3073A40CC49D5E8
310
13593B7002763BC6A909D31AC86F3F6E335C9E1C309BC58F16418642E2AF6B290A34FEDC0CFEE08FCA0F56700699CB73B9C99302AA17BD516D7F1FD755A2B32B3FBE7134D3BEC813195BD355020A7DBB541539CD2C06E45F46FC0EE08293E6C0E1972176D9B678340AA1A4823404EF79B1E2347E47C35D0A2260730E0B5130
310
25DC0BD1C07E3366E9B9D17F767405FB531070700035618606F0B40C73C974CFD321B0C174A80C0F3AA54945FFEF348F5488895713E89B5C98DA501E06D8D24FF04FF0CD7ECD7BAA755A854EC6A180AD13BE094E8D5D63BFD6DFA5F5D3E4DB1BA18FD8473DC6E17FFC9832B71A2A94D96E808BB53F9192955D62C82E282B05
310
168AA0927D54AB20A20A74800B7CC9655C8B15F62377CA4C91641F9F4D0478F4FEFDCE273A002CC0A725EC165CE3A149F0333E8E9600B2C05A7D15FD831F0938DBE5D0FF13E3C0F0765965A0961C3FA86DEEB0E28304747BFBA5FCDEE44C23544F7BB7BF7A132DDE34F99E44EC3FEEAE92F667A10F7E90B0E8C6442DF5A531
310
8B0F816311DB2E6DC6F172C363FC800EE09186BB9EC82A24C0117700CD884AA42023B81EA6E0CF8B3056411110D78606EBC5AD5417B45BCC8E61EA01C4006AC233933E35D860BC1B6CB9C9CCCE7840D2E0C1C1FFC11CCE54D59300F2B47D66A10F09D8E24B71B9BDDF98FB62A3B897C53EC88D16D1FFE8C649B17BB8E760EB
310
20B784F52F992544753F2CBF642CD3C9C70D8722C197142C567E74FB431EE248A8F3FC00377F5142144A82FFC28AC2970A780C85A7EE9146FA4B2981F3C93BCB0F3FBCB6DD3DE69C72B6073B99140DE28B8E919D9D9E7C2F5FA99FC1FFD07E9AC0965CDAEA0A945FADE52C791EA989E8E7A21A355FB37E44405D171B98A6E9
310
46DB26AE71DBD01FEF07FD378F5B4B518724481820890E7486E3FCE61A60E096D577701890EE07CA5D7F2B086040749FCEF3F81972E510A86359C9BB579883035887542090614E5C4461705D7CA1CF84DB564838606CF1597E8119790D021080C935A908324EDE9F60A04B7830A33F0670CB08605B8D01BF9A3D435693FAB4
310
FD84EF6754930640C1F9D74B052A7ABBA9F502B39DA3BF6BC7514EA4BEC71D752BFDC198EDA8DFE8F32B3EF811E4576B0A2074B99B070A069F60173E7427BDF285024E35A4418B7A412914F2800F1965C4F1120A2D5D2C64400563D5942044807BE7C738EBF3034C4A6F4D70C04ED1F97673C039FABC4CFF18866E08200BB6
310
6BDC9CCDCC3FFD1E43BEFC52C317F0F5E64900FBFCDA4DEE68768FFF46350E0EDADB7B34DBBEDE3776BC55599AF84E312229F931E700D04478D66A0D88D09B2276141AF0F8811C5F8067DC04C0F90929F7F1AC9CCD368488AFB965C97B855A3E2E93AE5B4866502E55991B82D4388614F2C36B8484A5FA06E3EFFA984A6AF1
310
7D5C2073299D9F12FD63826F67FC460E54030981684E9FBFC22009A3006962285FDF4FC84B699FB5BEF3736C6072F6844C15EDF25883037DE6BB7AFAD6AE164B367812FA8CFCA6FA25725D99AEC5C6EDEEC64ADDA2BE0056002032E1D7A20A54CF444E360D520A5B69816C0A953CE0434A8A898BF18E2B704588C01BDB2133
310
342F5404FEE698957C200EF54E31BE6DF4E888C9C67F5F3F1B41F922777E7FA6332677C20098C59F762F5DFE4A23F9801A3BB6F8A4F66E0D40EC867E92DEFCE84C714FC7CE8DD3DD3BDBF9C781B1C3B549FAD2C89D711808CAB100E09700BB85240374A7209212F320CA577222A7020E7824500179FC7096C714884BDFD949
310
9E027ABEB3CB0226CD293CAE6E0C41A6788F396606A073E28CBE5CC67D584D36CA39D37974FE1023253E3FFB007A26F657FFC901D851130DDC2BF54884F20D5D40A0B7E5C7BCC7CC87B84F2ED820192CCE1AABA1FF24ADBE1D03635B5B3B53D4A5F84120125FADC36A0E792D3AD7E255792CD5241A4C84171F1104090017DA
310
493D0A7790A7BDE6DF326180398E4B0DEADA5C2763825E43E05C388E184678C88CE6422606C017F030366981353DF03A753DBF6370879F79889DD0BF75408724DB53C5B0063AB6568D02DC47AE4627B58D7E367A6000267E7840C23A0940B992DB98ED1C4731B4FB4DCFB6D3EAFB6CAC7646F0335C5031888CD74E21033802
310
60AD47176D703960230370FBBF28813524C17FFFBD6288BB28E4F905ADB4A788B40B4A6201C1878BED224DE9906C4C79EF32EE679B9F5D3B5DFA137327320643909A823F62106CB8F9BFE4BFEAFF0FC7A6393EC7F64A698EFF8ACE31BA05ECE6DAB6DF124118D1D13F892F3D3530602E3F3ED3D59DFB821ECFA3D9AE85B1AD
310
AB9E328DE738BF55D5DFD039445AE76D0194180F57B15BEE5F09C07F952F9A10372BC894CF7DA12CF6507E2A8916E0DF430C519485C55D61EFE209912D8C32866214E121611E22A0B1238DB18E86636A3BFAFD5B4EE02FF1E505F902BDF424D0516907BFC95EF3A76B6B3872769D67E25B548F0DA46E2B93DFDFD5F2B9E9EE
310
E1EE1DCC7FBE6380DFBF38A165CAC73DF912AD76A4690D2B766A3EB4AFA2D05BE543EA20B095FB17AE3F1928D84482049B659E671A4763CFA567C08824913D37F2F92F841FC244085C1681225C04AD6DE1684831682CE0D6096B56101C0D4FB3A1BD3F11FC1105AECF5660BD3FEEDF162B0D9DEC6DB55AF27FC98050BDDEDF
310
F63ED14B01336053A19DE9AEF5F5D9E9D9F9E19ECDADCD497BCC57681922F327EB41FF681E17C1921B04FBAE371AC69E53F98183E91B84897A5DB164158BD1D12FF6F6BEF0E02847727BF2628F9FD48B6FB11DF6928C868B29590A0606F92140D0C08850DAA7DD8A5FE8A50389F61288AEB743E9C801BB67DBE0A7F64F63BC
310
87770FDF57AA73FE1F5A84F8DD3AADDFC32087FBC0A7D645C327B97D65E7A8BBA76DFD9BCEE1B1CDE3F5F7CE4E6DF4013ECD7CB60BD1239E8A4E9A5722AD9C4FAC8F7FF17B214AF8801950430639A08E3ABD05A0D94E253BD5951C885B0CE750309070555FF21F2EF83FF53F4E15038B8D8A244740A5C9CBC120043DA0B323
310
FB1DA0A4EDA268C05A304619505000BE10415DE898809DB6B66896E60AE347ED3D6DC707CB7D5B5BC374A158EDC343D0EA61C217D4878CBBDC1D85686782C3CF4272E7DCFB5E9EF628F5A95AC1AC0C6848F5771329EF8DF2BB79EFEDEC8DBEC72EB7F245287FD4B31008AB38EA4D52F2BF57167159E3004CD8950E217DDD6F
310
699FC763E9D1A0AECC701F7BD4430A3E030374066938F883C01DE40E7DAFD609345E33570F4CE6BE467FBD7F793B5AF2A9D331D86DBA7BF98067918F9FCDD609A0384B523F4413B574B818C6889FAEFC5E7B8F90CEFD62BC2C85B2478D54DD076635BE434FCADE68B3ECF1C8708E27863DBEC352D87BCC7A92A8E135700CDE
310
65BC114026DE5DB68275E656D2C0D4087293D43BB4C9C14EA83C0D806783B40DD7CD4F19EE9F33801F55A3F1FD600017A6CD5DE607783D5F74E34680E7DAB98D99F6E5B5ABC7F7DF19D8278322F6A97FDB2FADE1539BD945DDF868EE2B8B70D9EDAA45D1BB0A5801198CF1DA891540474745BF0317F8A3703E02510AE94B08
310
4221F887FE950272D62D4232781054A87C58D015CD45EBF9B70E60820A2056E9D4D619E8494BBFA68B61EBDD8CF52CCBA124BACD4A4077E8420A7F36FCDAF661E577B792A7E1B7E337C7CF1FDEBB3B49F501F3C7366C1730E793F51FA20A9C3D2E9F18E63DC277449054CEADA36DA0807467D45F8A744E1BDED725A0338687
310
03F1392BBE221158220588F30574A0B0893D0515B0B7C404AD0E7F40C11D504C49BD7DA39A85A19CD7357DFC966E5D92272FF06D59CA5A6A1C8AE30E52F1247C1F1D78F81887F9F3E387075B170F9F5EEE4A7F5BFC69DF02FD8795FCFFAB472E7C88D563DA514861B85BD41594A75F5E866BE69471110A9F75C8609C7E6BF6
310
C7C727431EE3E9E3773D2378C25226E82C08104A57ED273FE0921D6990E02B006BD038263BA360355E8DC446A380F0BA35FA9945A80CF60DFD54054202F91897C241C147D59F8E0FC67CD0F2BF377A3463F8BBBABCFBD6833C57E214AC3F5AE9C2FDE88852968F20337972C7E04EE5658223008AE82D93BC37D8DDD900BD6B
310
16EF221F0D4149045D740A8A215D4FC186C658E01994B8CCD317465828704BB630DA2243B3B4ADD3EA554A97408454148C04A1A0CAAC2E04033C04073851F54380E0BF2DFFA43FAD3D6B574F2E1E5EF6E5F4FEFBD1CA87C161FCBCF5C7AAE2F726F814027BAE10F79BC3D765D61D1803952210A9AA07F8C6BB2105B61145B3
310
24F96014EF223D4A9261080239F03FF6F4DD4975C183B887E081F7A467A25EAA0C94028FEB808637768B07400A8235D4EF33143253198900E079E3FACB0C59B00F827A5785A6FFE2FCF0C0E6F1714F11CDE5140D931D707950631F3DE877F300002000494441540ADFB08704E252AADE1BD4E8DF55796A32B9B6F17737C677
310
02E5C638682737286CB0E0A89B624D5BF28222432848C9AB8C07170C97B814FF492A61072407D638006F7C8400860444C01B1930A522788045633DFA9507267A3A42BA05925BAD705CDD3792FA23C1075C6EE768A673919EB6C3FCFE7629B7310AA794CC9C0D14A1FB88F95C845BF22543F57996E0B26C9E4C2ADF187F979F
310
8A55F11B47BC26594C52588518D25E6C2B1CCED231EA1B748F093E5726A21A54C91EF95789041030C20FD5AD68613432E19A4D0DA2505B6BD843516E10BB00AF9AC315EE9FDB39CC1F9EA59CD88F9CD071D470C86C4647FDEDDBB1CDAB81DA94034747A779F4CED497CFF817348F69F52E55490840E48840BA72DB71F3E84F
310
6DA2F4717AA928F153DA6E4C7E8E00363CEC9A2E1C8E65F298FC4A52F087FCDEE5CBA38A80CBE11FF7BC2AFF249203FFAB77A128A001B1987BD334AD9B901890A8C2005B6B248196AD09C0025ED841325B31845032E327C531C839E66DBAB39566B631C2FF0A1DA5A3CC47E665AD8751B47CFE33899DF047C9F3C365E3B112
310
78D49DF939298E09002F6430F9958803309827A7C791048CA070061B7E9A64C557D235F83EE24822E5EAB805F9862F20FC58F483DC0EF02181F572930205107E00E523861895A2811309808F2B6C14B2AA579E893753C155D2F54302007E9FF36AC5FEDBCAD47E182D91A73920CFA5C18E01F8FFF4C3F1FF553BCAD0E58DEF
310
85DD63B91BE38ECE1A9FFC4AD4A1FBA30D462C328C5A0340DFD393D3D3D3C0659195C96990F391EFF4175213BC74C020922D4830FE215E76940962BC0713A3B82784C0CB6623DC40D6E1485BAD454F6892200B225096127FBD82D2B12006BAE2E329C771E25FEBC0DAB3B5395289D56D7A8A89081B34EE06F80F819EFE75C6
310
7DEEE95D227E283FE98A7B9F1C97D2D05B4D07A469153C3DA3048EA68FA667A6D90E291C7D7E2D063E4D044964D055F2DBF3E31BB851AE9F78A0A7314F0AD24901F581D74A6929142039C65AF5830D1C809536CDC05E4BA51038F79D713DA930CF18BA3010E385351CF47F74D439BCBC793556A1F99814926AF12835E251C5
310
9BEA3C083EC2B2760FEBDF4304C9EB87B35769E1EB24B648542CFA4EBA9EF93CD42F03C08F249A2C98897D8E2225E90077823F4A52171A61219998CED6FA050992B6B0A74A2220ED12123004FB977084208F8E2AFC80F456CB110BCA647A3A0F854085D84FE0052BE31FFE7F925610BAFEC06FC33F9931BF063F39DB3D1BB2
310
0EE357F594045F4226131578582CB055A59A073AE0413989D215019B6EB8A21CF154D71164E0D8F4E730C2CD382D098DA5261456A425643686BC8301710F2C50665881399156AA2B4C3191BC555728384800CE10040F746A3D8A80A5F0E500A93456FEC52833BBB45203DACCA37FE1D3EE4B9BF0EC27ED47D89B8266F11EA2
310
DB8B5A8BB93EAEDF0C06B7AD0402B9EAC6E787365535AF19F15158308A9D9785C1BC1C01377F8C6B4D07B50DAD25649764A91DC9812C7B34CA98184084F7C01055466B48058CD44085AF26648520C85C41C67805462D8425680425559F4440F3ABBE1F3F81B1EC72708767DDC8FFB6465796C8FE310FEABE0C9B242A74137E
310
C3E0427091967023299BE5D6D4D0C6D15747DC2AEA4ECC57C72856E827D33CBD319D70FF854369EB841282F84B7CA4881447ACFCB257E252E00FBB3272120A75B99119840858486615636E0E0334031AAA8C08A62E080053A0AAA4158431EC727A084021D41CF5D630C94184F6FE7432E8F5F9A4FCDF3EA7CF136FC2988093
310
F98ED622E38E4976E1BF0CF49D2889E6DF3566719FE1F9B47A2D3BF89C69155DCF24F88C609EE551160F0415900B4C48FB013D8900A9192A700748002924771A3686A0A580FE4009E00ACC090253E280B90AC15048E047020483A038A60ED232831F2CC90498648690D960C48E439F18F4DDBEB0B6F5AC7B7B89F6230243B4
310
FA160A7B9327F3AD5D937C8BFFE5FF8B3A5E64283BEF8EAB9F71159514CFED62DBC880614AA1F7994CCFAE7D8C87057F451733699B8DF87056E1F0654B5021E38097E4E23221B810DE20559AD183A61C2C88A648DB096081E9801CA00BC1DA0124E08DAAC15FD2936905CA8DA1C40E42B13F1764E0C4015EAD7F8BFEC99A31
310
0B1B7C0BCC7746D3C0702759C89EAD57122092122D1F857067684A578F1DAB7EAC400841F493A468113282FFE42316CC74C756B1C880FE78795C692813CF4644480EE9B02991BCA257A71861F00666D9410288487618D120D0E80D7773E2B7DD180E100EC98B221C94BFC4FF531A09B986230F1CD08378A8E4D0FDD7D9B1BC
310
75F5C12EAD7FF83F3ED19EB018620303C217A6A35D826E72ABF2D8E2BB1B783F6E48D2E3F360806E1D192085D022103473A10375B63853EC54F500B5B064DBC20945B88160DCF7E4F83A0200BF6FAEAC88E9F54D22D898E43F378D20B51B5D6B1457000922202800DD401A9266483029C0D6D57ED80D42A0E6E08835F0F3AC
310
73D7FAE6D56185F04FC44472B854EB7D9CBF7134DF3DDC35A9F6B38417DD6F508B37C1A718B0D054124176F7222F62DFB327F34D451799D56216880193254FF782D7DDE26C271BF38C6E422E271CE4AB8823C9510F021126A7A944E00DB4031D013C88EA0746C96D4574069BD5439C4110403B40020C30B07A604F1E41D19C
310
21A93FD9002DFC35F23B1E7B98E95E38387E3603FE7393680410D702FF9ED5A3C5E5CE68B5827D721FA78F3A9A0C08A79722D9C9B418F46C0057BB1640C70AA4A03D29CECF33987596D53CFB27B32C3BE304C540E14BF8464E080918268D254838C91A01F0FFB99154FD8A9C0495EAA6534A6C464440B4A71E16100E740508
310
8122A35F7A511DC003D002E6C8E7E15F6D1D2FD09014139EC11FDC89394621F77B9F88EB5A583C41E2FEDBC8F82334494C0BFA97FF3C3A34ADE60385B60E5A30CF036E5E75370BE3B83AE73B3B7DC0BB337DA0045299ED0C66681E4AE223D01B1BC3BD4C921E2005FEB5114739040758189BA8A320067B62A3995E47200550
310
65AC2B4A8006BF8CFCC907C0063EACE41813C5F017065AD46CFDC6FF1BFEE052932CA3478C8E5A6F25DC8503D40F61FC1B047E4DFFE8E84407C81F1AC7B5C79DA358551CD0D13785A9AEB38D6EB68A0A8087FC6543E7471082873CDCE5CBEA1EFC5CC0579469E225428E9A43D6A6000B4219DE52E8DF00A55F4BF503596066
310
1C2DB88AC1F67C2890A93FC420193C8326409E7B595FBBBA9AE1D1511B3F6D65B09AC10A71C2317201A603E88C56CC68C91279E83F5C147787EFE6C675F00941D23EF092920330982DF38C65EDFCA89DA98E8ADDECCD77CB86D85118F3DD9884820B1128010D02F1060F582871CC8FF42024C02239273A1CC3BF71E770DFB7
310
E96081682803188118B50310BD620234F230B12711B063E0F0490FCDA9248B580D3D3DE944A30CFCF2A1E0F6E59E8FBEA289CCCC943785BB8880ADA9C2FD70F6A13F5418444E3A669273C006C4B4EEEC067827539FFBEA9CFF04D84E7F170480037005AAC8829084329899F90B5E013927F8E646514B4824B01D11F72C012C
310
EACD163B6358A4454A4221D06E68A71062520649BF9E9127D0772D6E5EADED52FF216BC2FC513C7D3C5CC4C8AF009811826AE20203B076A2AA66D8D32E317DEE0EFC000FCE16D9E0BEB17C74AB009256C5D8AD1CBABBDA61402612C675FBD72D07E633B1A42F2421208CE01397560811204306617A5141706105C9F4984C45
310
9F2D0F6C392FA05BED808512B0B9A8A9FC6CED89640EA347D31F0DF76D3D9E61E800FE9F7601BE4C9614A1C58E6C839F13A12D0EB426DE6386B82369A9E6A7F1F9146EB578A2EF4289AA109B4F6CEFEC0463E0072A05CC9DEDEDFE08407B173B8AA65399C80B2911252E6290C82CC1B8909140C11B7AE161B42B93905045D0
310
17E00CED6D27AAA15F2C2179F1E83D411A7020B9408D202381E7E5DEE5A9E7E5CDE3B186433F488AC81554BEC09BC579018ADD1DCB3D9D70F02B14BF9159A4DA376225FE43DA224FED327941705DA582B2FD1BB5DC0540667B650BECDD1D5DDFB0C7F36DEE2B94F6EE2EE4E426F20A1174C31DF153321A24114C4FFF25E505
310
475F6906D4149B21F1BD9D9DF7B059F8E0FD83323CB97991FE80EE131A9003B81C491B218B1D42C0C0D593D9D548003839DC29A740298B0C23F0CE14BB167BD61989AEF0B985C8FAC8F923A73F31953989F0F6C96CA6C4D0A9A88184BEDBBBDA3BBADE77CD8E2FFEDEEF46184A86671D7DDC51417477BE9F04804F305AC82C
310
2D018A21EA903866A0F959FBD4139916D036635EE03DDB7408BCF0627A03027AD314C09B0A27F0A79490D53839D0DAF1416995CAB24101FA63F75029D57A4CBBA9FB4D120ADB17FB5A999FC9420DFE04FA670430B90FE7F589F7FE8D50A4B5F004CE5F07EB4EA007F8AEAE8E8EF7DB3BE2F81F42166C7246FA9E62D02C8209
310
BA1024414C483498B50229FD923F2414040B2081390AAC353B5283EADA12A30B1080866D746B9ABF5BC107F33C2A015B275480759334B83AB02175EFD0DEC785DFC505E0064F4EBA5A97073A74C5C9FEC97BD25D819E28AEE661FD2732B8BBFB1BF13441B3C1F45E8AC1752BBF80C113DE960E0AC7D9D02C58C80505A19BA0
310
E84B14402601A590A4AE00A825E98C3212342302EE10FC5100681F86834A2804BC409D70270A2091DCE874B16BE0706C974EB3D26EFEDFFCA6C4579AA4DB781708469F055532A7046C6BEB0CF39F3ED2EC4FBCA3D00EA91CA68FD2B87B5C191E0EB2C300F00A1C9881F263571C6CFD83D079D09F176FAD839340CF030F7045
310
8F81F09AEE1329505150CA0A00576B56C06D58070B23086F685E44232D9D53DE3FC3731044F286D19F459351863F749F1104198D6E14BBC68E17CAE70D7AFD958E350BEBBC70C9C4DFBA075240DA27D40AD7DB063A097DD3F041EDB3E4B682A7A12A548F3393DB01945547175879989302521EEB1431B08759B632B174E0F7
310
00E774FCA1BB83F95029ED1A084288C8893520E49415E00DA080AE8027C34206D35491D050A4C6B080F6A20889A2FF82379AB6234F6710C05F9080ADF002B9C9F9C583AB220F45D618D7E7F7547FB27CED8A8B7A7D24EDA4988B0C1C2A1AFB53FDC61BF3DE50D63C560F0120B0372F0839DDDAF13E583B868717C1CB8CC71D
310
1D7F440CC82184803144196EFD58BBE00B7EE77DE8C015942357FB06FC906A5E2B8882CCF9FFE184B0035A5CF186A962A63F84B3AAEE3D5A2C830008807568B6A9F424086D2095A3E262DBF124350082C4B5DF4704A9D2C93553DE47BD6766B69349610716999FA25854F759CA9792599D3837ACF6247CE8597B0F960FA3EC
310
45B61715050260C5844FCCFEC9666BC71F875B17E3BCB4CB151405D7D08F846B4CB952248B4603CC402B609E90F0044A007FA800EC46D07A51232B00E5683C55D5096E1374DA4FCBBDE2C25A5B8D26008227CA7758033D7D70DF12CAF7F247939F93F1CC63047D63ADA0B7CC8771B234D8095FCDB577B586D1834062035670
310
E204B245EC093FCBE15626C10D210CB38A13F50E10A0D5C0814B0C4B30AA9858516001669002229618F100767AA3D6D2528595FE7A398C2D2300ED0013A0AE60B91644A057327BD3C36BEBF48C91279B45F8BD145494674AFB211A91977CB838DF35DCB3D6D6AA2FB2784B591ED785DFD7DB77747DAC9D2F7674810EFC2895
310
F9ED8007EC7885101679C06F21E4B1C8A6120956F80518D1DAF1717BEBFB5803E20C6F2A11B2E48AFF4AD2810A70054623E341B3D1ACD92DA91150DE631EEB2C28882D092049C0DD38E262A7BD6F98549930C9D44B7C37028AEA9F8C5628A2BEF5704C0DCB2B428181B1BE766F43014498D2E57791E4C8DA6BD2ABF5003F0C
310
40202E2E32EDFB02852D16C30B7F646B98FDF86C7891690043128B0A0DE6B4EA27F08C30CA34C9D0AA0852A5997F8D11A6EE84E040B20472020256F4AFEBBB74E6705A12083B249089218E6452C8E5A69717E904A3F5EF3D5D08EC1F4D4E85086B238CFFC11AB9AE972CB775616C6D1DE04DDF073B4DE3747C41FBAE607290
310
1CAD0237100670C5A00C2C3CE063610ED824826C1F6650700E88C00B62468903A0D71D3A390255AD7040048348C56C4647413C2C2561216E0C469203EF06A5B101AD40D0E207F78B124747DB5B4BBB4E88B1C373C114E0470B345156EDDBCE1B4DBDF81DBC400746B0B54E05F693707B89A5E430982C2AC7D10DFF11D5B102
310
B9505034B35D07E8E5F585757F088B390F2D4C85CF7218E8418BB4F25B885053D07D5A908326809F31D6CC6B77CC948413B28664484439D118DBAC27DB5AC40C1AD166F25E6A2F0AE82100C0BF220405323E1FF80DFC518CACA8DE1003F3C9FAE9C7B2D60703A0004F8EAEAD2DE0F5485452D15B77B4B67F4C2403B8D8F9C5
310
33558ADE058A9E177A1698F75DC0EB4C800F74C0270178C8579C1FACD025F0560844502D2BBC01E620030CB93636C1041636A693949CD80139FD15BE107F905590A292840F8860706D07E2970A2F15E5B13B87C3143CB2930374CC46A6F9B9D7A5CCCC14E11B9E879A49FBE27ADBD6DA82410FBB94FAA8487D61B51F4BE0A0
310
3FD08743C31020D6628ED20305A22C2C2FAFA7ED1E7881C438AA5B9035F20759E243C51F34D0D5F02F11403B9E204CC1686C0B6C9000470561519CBE1B0E4FBEAB37A39EE4B84C05F023858779341991F36D9D9F351E7BB3B5ADF00148D9D05784F9AD8B037D48C01BFA83D4247F03BB768BEEF973A14E610090D4B96B1EEC
310
5C5E66928F28EBEB6CF578B067DD83086081579848E60DFC7684044D8174993C39F886043481F6A2B743B18749E52447CD4D230513032D20D20206E536E15BCF7B7D211634F98FF9986287F33F9A94615A5A0A7CACF8DF5DCC1AC6EF9AF1945EB78E0A2FED1DA2ACC00EF983F9A012260BD722EF61C9DBCDD8719703ECF839
310
029010CA0B9F100B1D2842153E01A1A3837AB579516A31982FD2908A09100DAE591016CBCD4B011A2F4DE299E1338CE065DC4841BF9895D8C81714800CD08F5AD39601BC929B55D291F6CDCEF2AB40DD5D98F4E6F107C47AEE4A09A079C05316F479DAF4C2BAB83221BCC0CE23FE3D3D4C7BC9AB673D89A3677D6020F6E182
310
332028012FA0FBE0B2668FB85485902A8E7FA0BA2105C213E20BC2169211A4BABA7D693C3F1DA961F203694853137073AD5CD25F1C017DE0477626D7BA55B88F83B5EE513C41D814639FD1BF759171F4577D3CAB0C3DFF68B2D3B1F8478C18F67BEBB2598FA76A4545E9E961BACF657E0791D2373030E0EC9FAEDD17BEA770
310
3A738185D08236C407448A4CB504CBF01FF43859D3115488EA01B55078000DF085911805790DE1B41B6F8CB2889C3834FE02AFE07D85143C6C008438A944EA63E047023A7EF37E13B0903AFEA7BBAB9579330FAFDAACD540022980B65A75FBA17D388F1E6576405CCE7032D95BDA420E7DC0EFA320879E5F8B3B04C1D2D9C1
310
114210C19FCC49DC6A855E12010184DB8968109ED016E4683CD552A36B3AFA13BFC2114068935A7E774CD2C7225642B73325938052D8634ABC18DC9442BF9E0402E85B42F9F3273672DA8E8F1070405D1DC3248487574CD98092B8B956E6AFE1566530B78FAE05B4A0DE51FBAF85DD075C7E11939F80E015A58D1F87E400CF
310
FD2306C4D1D3C634380A201545A92BE01F445800BE12302AB477BD6F62600D211232EB061448A0D2B877BB940D63D059C37E0569A83DE93E214F4BD86209FF6F479C640AFF8AF6D1BFD987D029A94DB7C329B4184D4BB013BF912FB88FEEF913071A8D82B651BC10DB067A7EC52FE1B421883144C00F64FA23A11CF708BF16
310
CA59F18D4C04B8085964B2D8DA4A855187000BE440BC816FFB13374640B0EB1D0998AF38A1AEF503F14302E2811081FC12EA6CD38A63B33035125F40F170C0B0AA45E9FCA38FC6D688D48563B5C4B4B7C359D3C7AE0EFB16ACD5E2FAA47EF8307044B4EBE1C71E84E742D81431FB06B90B600B9C239E277A57C94C427EE10E
310
7826980C0136600D916A06058CBE8604DB4D314FBC014EDAACD0820F14BF75449B70339490FE5A0491221BF95F949DF1235380E969AABDBE2D32EB4403D3FDF17F42F9A0A7C28ED75BE86BDB7C7EC80C76F86B8800F77B305EB88F00A4352E0F8089EF811EA02A3DF08F7DA008F803BE4B4EF5F41E56087099E920708C3D72
310
0916444440FDFA013D4E1201414123A09290F5BD7AB729298209C4306D007BB0829FD4EC3A6D7E4F00B67DF38CA0764F832F0448E58439B952CB4F70DF964AFA74CCFDBABBDF273E2FF4F56D3DBFF2A78D42FFF2755DF307066497F44062AADFC0CC546F6DCCFECECFA232E14F408F05477D311B683A35BC245FCF8A5CD2AF
310
20022C21022266905A5BCC8B20235D6FF04019CC04058AC80023662E25F342063165956320BE50370F2A657BACC817DDA3DDD3EFE04028645780A768FE38DBA88BF2EF3ADADFC7FEACA952E5A77568ECF0C971DF32BF1D24F8486B22A649EC81B1B60315CBEFC026091CA45F858D7D04C1B437079431E63E38F880758842E7
310
80A9E03791C0FAAFE10012588C3C592FE35461A6047802BA18686887023A422A49599399893103942CF6DA53A8E387825FA0678B261F139F801E2B17C901D0F5217E07AC2401A87D0480F753FBED44FE949C93A1D042B879FCE499B3D861AEB23F9C1F372F0C24D0B7D6E70FE1AAF60F84BAE642D82F0A9F53E22783915518
310
494FDBC0AFAE7DA282E5050B703570E06319A015E00D693A6BEFFAE493941C3B08C13B96BD20D0115A9565701DC58568A3009DA13E965765C03091F0FF339F7309D44F6E61F837F1B1FF920450EB8FC48F9B40158BE89C81A597CFB0DAF5F5755D3886DC13D4479599B583758CBF35663AA234F133F91D3BCCFCE0A794367F
310
385C59B19431780F1C099131384056616E15A1563B50021D369C593FB292685A68A8B2A50A0A2085CF05434617E05FC24A6B077B990014421A68401AC4D65788EE25F737EB780D08A6E38F060F2ABD889E1B889C44852C2FF368C1E3E710D73B6589EA83F7417B341ADA1F639A23D15298F087AD0326410E116C3A1B325218
310
433C71AE62C07C1480F1C045629724A076A4BB8D622D24690486727F56108D07046DAB065000678E04C4F8C342DE27F4AC102D854F2D08D59B4ED0E4F697B0FF62F113646BC5B7F3131D4EA8BF8B265EA3F2026E7061B96F6DF3D993276B2180B8E57067587428579460551049049B074CF8B1066C7E14C705F0B39298C099
310
7C17F701097023BAC31081390196801FB0C2A12380042927503D5A01CA127F9841B460310639C674BC8CDF1A320501448E0068905B07F6E5602F8C1F07786253438CEC51AE61FDB25FF71B09893AC026A9EAE3F30F369F5D5EAEA5801FBAD3C98B38C13EE017B054F81A56F05259DBDA64FE270B1FC4C77200FE276FE814B9
310
16E222575ED717A62A92956504605268408CFE13FD61F84252228376060206802B9550F00B9D47E6AF1022538A752CF4FFF1F5931384A9FF8700EDD4FFA2B93FCBFABB3EA6C607FF714B0B8B04EBBE83B52B246092AB018C0D0002FC490849F1E214AE6FC42009D6D86616C835B65DB9862EFC4480C14137603C3089D0A558
310
8FA27E693DD184131BA4E88C35045ACEF1CDE1A82323C20B842F2419604821196EE8185BC834AD44F8E9B7549A32900196E9ECBBE20FFB4706861AACADBBFD9B56A23FFD3AB8BFACC18B1B5AC0ECD7B6AE2E2E9CCD2BE8AF1B1BC3A813B94107E82DE67A42E7CC7D4A6116700B5B2EE3C338A09B840F07C40A64800D7C605A
310
C42B72227C4C7020AB1F20056E26F542717F56534261DE3766AC10A6ED2D006DD03BA9DBA507AE0510A8B385C92363B9154167F1230C40D76AF6F3BE0CA08F8BA2FFBBCEFB09D0986550E0F0EAE2F2780CDF850CB0F88CFC2815FE87BD83909F474F45DD47F1C821DB2107A8817FD45384F57891B65F2543D0C1E20A89B4A8
310
DF806862AC27C60F6A054627FD344250718AC0FA21CDC4E28DBF2650D1B39D8B8A420C348A4F846E2BE824BF8C45E1DB8EEB52F576F47A75FF95F90FCE0FD3A7A08D48D5B9AFBE3EA658E1676FE3372FB57F0AD8D70ED4AEBA3D4C2BE0AAF1C3AD63A6004D12900CFC481A47430C9EACB390038642C8C41B13303166614210
310
592736B8603AD4FAB17189DBB32F3915F0C380795A089A15228460BDE8E52203527D41B5470901B088D84FF8B3FE2BA7F4FD30ACAB3DE0B7E2FF95807AB0010FFDE3A048F7360F9F3FB9380EE537F16F8673131325D3351A3F664022020811A0FE8C019CA17370725CBFF64132025DA1BE2555102212E80A907FB43ED80A99
310
1A8AAC183932C19AE17524B06590B6AD286EB99BAD18FF4BD64BAB519202F992A963648ED30E7521F909F090C0213E367A77D8836BEB6F34D92EDA624183070248351F1A079E5D3E7A9EE81F2CE6678F92E299EE312B6C0572C0A7B5EEE07853612403813152C7125E2022A20C18F855DBAFA399817FC97FB6E1CDCA31D348
310
434ACD0012F0D32A5456B4007E6E92D72B1A4E9971223A42C1042819E4049C0C5801300C0013FA48F8944FBAE71DAFC27F1826FA2304ECDF3F6C10FF47D5C7E49748DDD687DE8E91C09394EE0682A4F84CFD6067EEDF43E67EA46CB2F4070160439245F00343D03BF25D7E2F26FC400A896DBF19FB8D4D0A66DA669C3D608F
310
9CD048A0533621B25690EE19D5D15248E390F042B12C682511B02BFE3E5700E4C9A9B2107A8F45248FA48234FD23005ED1F4EFE80D1320836F04003BF42856D478D1DCA3ABEEE3C68F9F30C3A16E5C238EA5DE3FF37DACC2F8B7980033F47FAC34421EF0418A045394802CE032D61C70023D788136788613887C0011A4EA31
310
6E005718AE191F8D0D841B9C679CD2FC478442D005429166F5A24403B1E6ACF3298F388B6D0BA933D92339D48969A5C11F09B4FF017A9900A4F887010C474717E10F36468032FF33F4AD610517777104CD920C3CD15FC5F3B3A0C75BBCA3B00F2724863C10BCD4A0E00736C7981F2F72E4B001438B99714FCFAF713A2603BC
310
710376A1715FC602022202E06FDEBBC680A3DF1C4C095A12C50B554FE7623B50374FB2129DDEA4C392C9188077658C87F55FF92FFA507FF03FC8DFD3F31BDAB46DD51AEB03F7E1B38B8B87CFF47EA1479C3EBAD5C6B382C221C0F1B358B39D76D9D3142C4A20935F541E492E0EF081BA41B3620A8E172B584EA1485632E22A
310
8221CEDAC6110AFA4B6D43E2B76A18AB240BB24337721C9321D2C033B2D3E2641A55A400A28403C12D1DADE39AD23FC5FC08C47A64DC3FF6DFF76B5235124022D7E6D6D5F3CB870F9F31C96FE477FAFE54100068A3A87FA5908A2C08011CF31309C10025B089FEF9C510522B8DC07C30AA469841723A10C08E27F00F7FBC18
310
1C083F2809EC3B2B328E294AEAD5A071B3A95C81D2DE3F930372D022C9C793535B92FDAD5426E90490C3C81D000017C6494441544698C416520C1C40C71FC204B22448FD9303782FBA67089A1A7D4CE38E89050FEF5F1E078A4DCCFADA058032C34C1CBC2E1202B1F8962B1A8024F0EB7A11F209E96FB369D4B64202FE7BA2
310
30AD24C46413536EAE955B341B726C593B5D4630C0BE822480908522B0D85430230352618DCD4F7BA6D568BF4343801480006658EA3EDCBFFA9702B4FDE9022163C43F9B72B58001A23FCE6F0B3FF0E4E1DDFB9801A6FC42FD0132CC1F2224F89933107AD30B6C9131A53818AE944BE25A70810821C38F098411980E46D108
310
F483DC63F49B91B852351604091D60546702F58A3872A1716411B642C7629C267E64E77719F46B0548FD6BFFFC86A38DBFADFCDF700228C124C8664FAA02BFB1F92B09800876FCE4F2D1C3FB4FD0A44E0106A8DB8079751CBF0BD9340066C3D52BC64706467C05B5A54401BE4A1B0132A55EAC1CCCB10D378A3DFEB9812022
310
327745EF2102886A9142C812A1A2C9708027BB55B7006357459F9C2080E0BC34489FC629510F3017B62D5073E2A2C64048A0A42580E413BA9E08274091A398EA80B5BF31C87BF5ECF8F1C5DDFB4F22AAC181F070AAFDDAE5650C4000516440D8806786D874215149E69ABEC43FF0EFC820FEA112B0522003C84BE03FB76623
310
513B6D840820358B084119B0CEC8C00AE888826339A54091F5FCA513AFE147975BB1A86FC50618D9D74502F0C7C8815AA306602FEE3A5E79E0D7DED1B221001118B73182CD439A092FF801105D1AA14E1918EC282F6260869D55108065988BD67F68E5581720A708051F7C8070F582389C682BE53F2AFD85853F2A013D2156
310
4028E06E79B7A71E43212180A81541EBC88F451E02385100491AB0C4A3BC5309A95911E66D04C0B448366988ECD204C2FC930F8CEE8FA410EE4C25B58DD1B6EBAD83F6196670F7DE635282C0A56A851AB035831725F0471A10FE52097089C80495804100318405F0DFC2136004B4C40705EC9154315129205EC35793003568
310
8F61AC02188250CFA9A980233925F16A117A48CA54DAB6400221976B75D863330942E20EE3B00B08FBB71AA813B0E502FD2B023DF70114E0D7DF2E2EEEDE7B789504200112075478F2FBD6897835C91F0C20782401E801A2F9142700B74805703426023A81CC0BE88B537D0003E0C5181D29EB8D83050964DD2580910A1E7A
310
8138F76253DC01DC2F3824391AD748276C0B0CDF12366625D038603D0003E0266CB42704C8CE7FA7F11B4D59C0BF454A78F8FCF1E50513715D469607031272358F04E0003C90107223A581218F10008B10247CD20D860FF0BF48801040B361808148714764028EAC137E871501EFDD97C89B52107FF1235B0928C562530082
310
573CE137840EFEF82A0BDC602736C595912FBEC69E6A3A26903B3A300C5A098A9E3F1810CDFFBA019D97B4E7A7A075850F2E92569BD960CA7B8304995FD006FC4213BB1448A6F4BFBB3A9F9FC4962D0A1369129B10073771FEDA38B1737B663A71C088D8848027FC3008DAC4E4397A6F76271DFFFCF77D6BD7F1F67DA51E0E
310
08875A6BAFBD6BD7AE52CC04A0B4A2206F650EC412841A48258258E8662C3838FBE21E25172C2A15A4F78D82DCF68A005DCF07047C183E1CE47731BBCCB5469D9169E0D588945BEB637E87802A03D88FB82486210D28FB3B858D13DC7CE75F5E6F3B03C1744D30CC58C7C7A256146853A05243060B850072A7010CA47CFBF9
310
A1E24F414037B8781E8E9F219A774B36481CB43E48A79819D638C8760D672FAC19FB9D3FC5EA9158DBD0159C27860409682E8FF2595652FE189D2CC2D7C023E944158355806FC320087CC74116030CC376C559C098B93A041C5DDA48AF33827D2327DC761D19C17CC62780D82A170E6CE7415A5E7FE825E053048F88D2AC2A
310
561CA4D4C60098DA28EF1A01382772484698F60C8DD24BF396EA76260542810A625978C03580A9CAB91D10249BE579B0377A3DD15749A45F24C4D81FF3D7D7996F6A1690288008C0FF6CC186DA9D5FC95BB09B1301004B016E707FDFED306A1BE8FA208828F00BF342186839839F1F6FA338DC5A0200FF383DE92614C03A45
310
08DA18F4D85F9354F7E867AA77A42FF49BBE6757A1A7454448D0BFC3C220714FE43A3D8F1547BE10F0BC5A05985AC3C28829A06FE24CD062700601F4AF12AF99099B08E7071DC4626A97C920C3FF96E190C9D1FD7CB6163E800D79E5F3F10A9306C02B799E80F1AB380E0571A584C0370A220C3125000B500900D96FEA4040
310
9F980E2083E4EDF4D8D2480AE5667222E020BCDAD4EF19682120818FE18EC7FD6AAD67C03F7DF1955E697456F517AC4F24700C30171C67E9168B109A4F60AFA60F98BE30941BF776DBC7C70792A2FBE98AAA97224F8BEA39B47BFD14A8CD03320DA2B676E3AA397E652E30A42CE2987B7DA1EF7F75242413800A04C0270C62
310
A13372400B435ACD84B8B5009208F5AC73EB149FFF3508E21C2201E0338BE07E50EB47E7FF6D97724A601028C5519073E7978EC88834410450E074DD58AD13A4900103A6444A9CB99103229F0EF8C0C78161EBC68137240734CDCFC349807851E0EB46CE864D2E405ED341B71A390CF2DE20CF5193189E1901E866D0230409
310
684B193D17E2928534D04240937D3C84477494FC5E0FE0B448E35AFC19007926C1C6A6E622FDB8A12E30993C6710E070397C4B26304C0AE38218D19F01FFB15BAE1C0E7E74DF75F2406E373C414E848FF8E500EFAF3C1029C9C0ADAB2313A7426CA9B2C1B9E30032C84EF31A09A88A386F136E8C2F1D582EA0459207015F10
310
F1F001F0B1B7DF7222011EA2001F00BFD36BAEE0850928B08C077030FE3806C880EAA74BCE0863A952812E6008B3A89199C1EE918AF96AF583F1A073B0A355B9D861AF1460DCFB3BFC6B7EFDC834B09700CBED3510E48DC7129041C991F06BA5006CA6B5B34EE21501374E8DFC910042036111EC9C7CFA1C05D48A7270F7F8
310
35BF04A4194DA4CF76CEC66718C84CD020D04C412AC848F03E3C61A1C8D50D0EA6838A00376054D3DF61A0E393E1F8B058A6C994093476D601A4A06F0CFD3C0A6BFA910E75CC10400A80FDA93AC9B5EA4303F6C0D188B559086091CC5910137772E14F2376D03181B5CFE74C0EA38440D0AC256D6C4D104CE05302FCC00B60
310
B9CD4D71E08BD40C144A025E60D4C1F45FE846A2105D717EEA84808A5DD90A168E133640311CF05DD870768683F5D2F1800F485AEBE5CABD8FFA3C0BEB33702493AEB551B1EB035EF5C8E5757FA7832141F88E8578A363802B560007AF93D7D470B478C4D00B412D634C9140C4F9275C00DCE8DFE3C7F8C0AFBC5B2CE82E3C
310
3BDF393D4375D50C43CD1C17E3777CD2C170725B7B42B41DF15BFC344DAD089C1E9118522B4A2C60B794E4E8F33081BB7C8CFCEEA0B2015E49D586429C6C78646180B7710E06018A3082243C275F077FBE412C17DE80D3E6B9462C5204C5D980D1DF84A864401C483CD01B143F4A4868087A0F780F37230200A4FBF6AED325
310
114C367C22512750A5C7C3E32D545CE20A0904183BA10015DCAD89864B3E1EE97EBAE8B204266A48E010511838E2FE413FB116E60880C2D8440AC3880DDA6DF6618C138CF1CB2A09637E18D00F80CB0DC05322E31EADB8081C29410903F06BFCDF5AB46024E4A75828056440503C707856EF0C037623DD4922A400E8A6BD75
310
E4D2800905F18450A00CEE88860C8964C7B3F90F56528BA18F71CFBBBCD2D05797E168FC37DB26DBE0DD2EAEF39686C18440820013C1444055402A541400DD362A0A402F1FE51246404E098249FEE30708C10CA0B54601053159480C00BAA9B1223A773234FE72FD5C3BD81804D8D196FE3D5315A0C981D88D04FA01DFC185
310
CA93F9120E1F480B08063364A0A318F08DF95056E4C91F1150D31B011200383502E079EE43CC18603AE2F88FD139C802A739F208E88D06DC78267C448C27C4113C19B0F51B0E9C1C021CF8F9167C6B1F2E10E461002910105D1042792D1CA303F469714C018C23D72179E165049C40E801CB96CF334562E5807291D1E0C70F
310
E6CAD91656715F0E5C5E70F8D7F83290549B1BAA6F781D25180EBCA93EC84E72A74081CE3020789B3790E1A9E478E658C099BECFF01E530E80EC5FE31204ACFF70AF8177A03059240CD074978A002A878BF883FEEC81DD684E406CA630ACFDE87292822A11953710F000885D6F68A67ED40CD772B0828359B753F7CE23D947
310
9AB9845771B389D6A77130F8C134EFC83947392029B10E4425440A84AF0E54825228FC1634D369874739C837A9DDC83C20D320C36042610ECDFA750303710224D01202488012CA847424F8D53F78AB6BECE9B3B35A7F32396AC6B7444566327DBB4DF06FD9616744F4D3A397EB3B0A3FBA8D763702883ED742FE5CD24146D8
310
E353ACCF811C806AE09914D8446E93840FF4D6C963FF32BFB6AB015D1D3B0C9A0968776F021F21404B6260CF84A14F35180CE20B5E85BDA2EC91FD5A7DBA7E5705F4F0F97AF26CE18E3BA078138202400A62930FA6CC7882F911A92F33E547E64990B0F27323D73B6222863F86425153FA8009361C675554C25382CE148420
310
C8DCC47A20122806CA178A0918C14CBD33440289078A00EC6070184CA9907FD0A1270478E0B325B67C2193694EDB7DD0F3C238447C8A11485562FB4902134E6AC952FD5320A4F7C780882DA9684285CD81D278C0E8FF8DEC9F45D22DC3C2CA99C2728110888799575B6834BF22B0F01EDE72D7F21B672C40F0A972999E2200
310
B7C91403F9BB3D09C01990819238CBAE5E7510D7D57450507E3DB04AAA0A3C280064E0775380C8C16EEA4834346A04BF0CE847B4B3AF760D06D24BBB267C32E2C9257DE5EB748AD101AF1FD33265E2B674EED8C01A0AC901392211011AC810560F77778E85B13BAFE3E25C95B70919A4862C15928BD8989664AD8638101D00
310
9A80F00BDC41AF27602A4BDA0C077E550048E7F1011410F01405045E1C140B4D0E70E0F6E034171C3D6FD12004FCC1FA304312518910356628A4A326EC9ADF5DFFD1B2C0399503F14B4F8E3E0E4E39A06ABCB56A8014687E86E462BDDE5124615ECDB412B7314F62E6E0C76ADEC0F717B360E741960104CF1706CFA18E0605
310
004B01AE007869B095ED92144A807841EFF2811C047889A04901C809062057192688C92346F97F279449F89B113500BAD282D1DA80A55C27EFFE02C8D4F395003F285B617BBF0831F49B055342DDDD414378E8888E92C16789F269A27C9A221FAA4A0DFDDB9F935B2ECC04DC51481558A69301E0460B02665AC4DD30C03D48
310
0866C3409400051811876014C0F294C542821AB045011A3E3F09001FF304E3A0BED05CC11A811B865001769507FC01ADC611F400CF68C7B093606E30F3C7E0F00C1D10C31951C1E2D7252181DA00345842A19130715C736EC9ECE686A712FDB31E4D3E50AB336E5666D7B212C0113C4A4406029709B43D0228F3FBAF49921B
310
19CA0C82A2D5BC4A2079809240F37D3E10F9637607C3983F0458508A98B8B4EFC92AC13530180CF55359500080061DF59B98BB3FEACEE881DC8127F182A885A86FB12B43C590A4380504E32305E3148BBEEB2D2782029765428092545BA5C2C681FC5F8E869C0EE1034A822FF09A12C94084505AA868080303473F8161F7AA
310
0A6610745E280BE4427FB770106F8800EADABA19F453210435BDB2348471B13B65F2FCB554827632C4C44467333E4127095D22092ED492009930413251B5408345065065E415266E20279A40B3F520370BE2050C8360E6BB4601C1673B9BFE007EF5200B6483CD195400A783E6DEA0653515B0FCE8E86D1618FC1EFC15C2E7
310
27F24F2A2DAB57326D8D0877D4E298894E7A0C3C7D9CE8A0E2D17AA2020FA1097D6372F2A9F955060FDD467AD0426368C24A8340FD0D6687A76316DEF5179ED9042005A2BF02A5DD810A4DEFA4A8F700EFC50FF4FB8C06410F0303C106ADF8852ACC6A2CA9046E9ED070739339857222CC009E206479886EA26227BF7A341A
310
15C351A8404A6C10080A2140FA4B4E8D9B9A11645899332363FD69887F436A660566964250FD752E787B64BCF8E6C8190DF8EA0C854C062D8A5A1346F810414313E606ECA0AC3A01D6928544029D5F42E202C0CB386F880F7842A31287061F32F3CBE09F2950783394F2F2B23D85386C6F51943E99DD10C8A0000BA9569A14
310
805693274BD0E4F4DC3F28E331EEA91C4F33ABE057889BFB92819187840A08E57A276A8BFCB75B0342668C70C565C8059996D209C2800941A21FB82B2F520BC2E6FE6F1A8827043DE17000DACC8193E78BBB8DF1467978C06F6AFE986123E3A95272CAC122046F4C65C4B88FED2F1CD1D918F7CDBF8903BF1A90057D42F4DC
310
133AF804ACBB58446A0DB78806FC053FA1E45D0AF1112613CC0DD976C5E70AD3282F42725C0D02AC8588DE451B1C01ABF063E7748A3882F0DD484BB78D037F9812240EB88B6034C0AD53E5116D4C6D920C6A89F084E6D0598AD7EB6930CC7B293E27A666E5CDFE9A3FA52FEB3C97976FDAAE9A60008FCA6B33099CF9880D35
310
D419FC687D424378E3099441E110C5B3C6DC311E6653514A67A530D863326C4D8430E0C28024803B5B069B0E60C10EDB6DF087034171DF01F1F3404B27B1056D8C0E56E7CA6056E7798147BE4C2F01CED5987E413AC6A724876DE3F599E0601CE7B9CEF3BEB3671E12DCE8AF9631B8031D3F360B6955DC2342B2A0E4632A00
310
264C0DA002220CFEC3E10D9BADC8904D88DC51928593AA16C91DF6FFF82B3234404C7214D0F8608E0052283EFB2B0563F1D072936C4017706010BCF1B16CDE0C1FA9C777E44E1F5259B0C9BBC8794A82A6C182A3AF56B16921405351FDDC91B5BAAA617860E8D76C97C377FE701A4EB4378FA97C2C8E3CC8950886C6FD93AF
310
70A1F5F676B7ED16CBC56AF5D09110EEB8607CC08A795882358280DDB98AFFE7087C6EB593D62F041CDB4018935238E73F1098100D0C8769818F777057F64C703C6530E142FDF5C837AE1CF66C94C4887D3A3726AB990DEA248F73B5D32C8E04F6714B1E67C53FC52040252E605B322407CBF8C7F05453462A295ABF4D9559
310
2DDD76AC23512E9A2DF964715C80DD752CA8E263AC36F02C3C28A133EB22AC8D099BDEFDE28C3E8FFEE3815D5D00C17C00511058354D62443C1A546280E43572A9C661A34FA5891F8E7570608C8DF21DF51DF9D2A84D4501F41B8CD4F4C9DEB2F901E810C0E4CEB6EC08DFB06341C864CF8D0EEE779A606545E1E64AAF30A4
310
324C20FDD3BD558BD966BA994FA915CD162B1978642AD01694E533EC190368A68234657085B5F88E27A0805E04B8BB6A00A51646EE3C10A50FF007FF410F1963CA69BE2002F0F902E701AEC995FD41F83A3F0C3809A3288A083003A6CC2A20E6D703EE48E3777AC07ADD51EB6101603A9FCF17B3D5928F6D742EE7E4CF38AE
310
2B03C5FB39C81D7B2978FAFE85AF3D2710B0582C970F0FEB0E4D1103B8BE2B4D560CA10002FC8F334C891C07B44FE06B2E3ACE5E1E2D1FC32203110ABF9CA0E8381F68EC3C06701328E5A38278A5FCD944CEA5283DA933DF2A2448BD23F1C5D8BE04CC2DC3B43B3EEC29F8B5FF926D11D3E97EBF7FA1BD1E5E5F5FE6D3D972
310
F548547783146ECD84873F377C5820F7F9FCE5E07378D6CBCB7E036DF7F7104079A05B77C6942D1BA95D47424BFC3DB6411009A42E207871B7EE9B06614BBD20F22F7523FB985F3F7068E37600273A3ED0C1CCC380F6EC4AF01CC1CF95E4848B7BF950AD14C44F10460221E02D21D01DAE800F323704C00035DFE97CB37F79
310
7D3D1C0E4FBF35EE1E5E9E0E879FBF3DF6F474780A01FB3DAF01FE0C0798218007C2090A3008BA7682A338F4A8804A06CBFE6A80CEC766F49853F15B2F45FCEA3F8250012841315016E75E797EFEEC4ACA6C79F515CF1738F7C36E2406071051043817C9E8C5888D49D0332E800062FF54FA562BF7446CC0BFDFBF8603D1FE
310
FCC9F7FFB5A7F000430755C2D3F72F2D02A022820897ABDD44594475BDCCA4A10AF34C06B08B4AB58BBFAE30999DC66C7CE903A83CF8EB006EEEAA063430F84B05F0ECF644825F5E95073870E72A0771AB89B080022A0C5A9FAF34C89286257FB7BEA000EC65B59750C68E0815B0D9834B15606328F80709DE09018AC2A781
310
7F83F96DB3D562C10A0A31300230CD4200B87F85808BAF64D04600254047F9C14DE93464009E7F5AABB4FDD6D55142A2C0BF1541FCE19C20C899BF4F76AB54B84CB97F88F48ECC029FD253F0C70DF4816B9AC94BCBD653B1A283C4001A0337955E4AFED3FB790B6B1F5EA0B5514074103A38D84280EE0F5F9BE974EAB2D16A
310
B1EA969684B6E4166CA28264B300474C7308D20013B204A65F82970718D05678B3315D442E1C0A327E2F56556040C005D2FAB1326A68A07507C9E46A3648555A7080F5F50219A00E6222E3E0862CE95B5680930530742F1D041805E69B788161F015944D041182B861A2C17F3AF01CF5BFDF6C343F9171F5B004BF59C01671
310
9164B888EA206A02AD05E8464D06B48E4381A0E9345FD171625AC22198F57C003BEA5510F81FF78D31C9B033D0030000000049454E44AE426082504B03041400060808005767B65C3153225BB100000031020000360000006662782F36373137383934342D443034412D344341442D383832392D3644463730393344383032
310
322F6469726563746F72792E786D6C9D91C10AC2300C865FA5E43EB7CA100F5D052FDE4404CFA3AED928ACEDEC5AF1F1DD74C89C07D94E818F3FF942C2760F5D933BBA565993015D2540D014562A5365107C196D81EC3873D6FA510C88111A33E8317056391B9A01492C45A8A7F4DC058F56E2244C8193AFEE0EB0D6BBCE3E
310
8CF3A2024E59FC869CC52FD76F1DAF7040834E15CB5C9B79AE9353AD8E689AE4B611B780B9A8AF28ED32773ACF7D31AA5428F7CA6BD12C33AEFF1B3F17EF9FCD9F504B03041400060808005767B65C154C09B5020B000055410000340000006662782F36373137383934342D443034412D344341442D383832392D36444637
310
30393344383032322F6F626A656374732E786D6CED5C5973DB3812FE2B2CED33C54BD431252BA5C34AB9269EA4E27166F689055190CC31456A7924F6FEFA6D5C14019212E5C899CAAC9D2A5BA641007D7FDD6864FCEE69176A5F7192067174D5B1BA6647C3911FAF83687BD5C9B38D3EEC68EF26DA3889E3AC34AEA3456887
310
AF3AE4716732DE2671BEE78FD67883F2507DBA9CFDA9A53E8E7047F34394A6579DD47FC03BD4457916AF71FAD85DA30C75B79BA7AED56503E569B709DA3F284BED5182A30CB60ACF239885EFC0927F05928CC9D82003A461FD76C37AED86D9ED860DDA0D73DA0D738F0C33A850642606519AA1C8AF704CD955BF8163CAAEEC
310
8661CAAE7A0DC314FE3B566F716DBB23DDEDF51CBDD7B72D7DB69C2D746BE098F3FE7C3E9A5E8F3ADA64BC8AE3B050B53D8ED6A0AFCF9D893536C85F0A4157E5AD08F2D5D75334E275D6AB93B21F4711F6AB76A1888F083DCD125006CECE8F9F3A932D986812F8DE2ADFEDBD1DDA8F0D36E4085F15711F9D761D6C36798A9B
310
66ADA3668DB990039CAAEA2ED9B345F5ACE407987E961E38EA08A69AA511AE3A82994269C4A0419B5569370C6BA5051259152A2A9B6E325745E1196D55BB50ECB08940C5475478294D2F04297E960344BCFA0BB4336D1308921493402269290B39E641854A0E2148B51DCA408151A885C12A4109780618CA3C83340D094864
310
2A8DC896BA0FA1E8E5BD42EC381DAEEA76B9C9C39084C8CE8406330F421ECE52BAB3E0BF3839ECBEBC1AEC09A8CD83281B7293CC9EF730C5686CD087EC6F8ECDFFC818A96D42B405CB0032C920C756F83527E1F666D199FCBA5C3DDD91105CBFF83E89F738C98895D178C9C3879060C904C0D05A3085F15596DD812B9F81F5
310
BF01E78BBD6863905C123CF59E7A82F60445E9264E76201DCDD47413BE991AF958F934368A97279A26C191269E42BCB8104F2532A4B54B2C9D8CBF82D2C789C389BBF351089EF73688884F0345D1C2181E01A4DAAC9E3A931BC02BF010DE4221500FFFC606F9A8C10F360F386445427596DD4250C260543B3BC8EA3D8B0985
310
A8241A9BF8EB5E84BFD3C5DDAF7779B2413EBEE586BDC09B200A32C0ABF51B92982E99FCFDCD6FD4222BF448A37C58671B13C75123973B2E178D0A06B642A02E130D7D721B80B987218A709CA7FC7911414B8ECA8FC338F156CF1EB3E1DAB5BE0825608B817D130DA8756600A0FD24D813A674269CBCC213760F7C2AEDA008
310
F4C87F24ECF57CF0582FD907682D4AB856179312F48076711E11F75D556F95B4AE63D22FCB1AD9E6C81E8E5C972B3CEC9D2E20EC4738076925C0290DCBCC257971BF2118C92CA907FEB28E061F12933CF3E23DF283AC5E1B14325A6E9963A0763BEE3A96CB7823BEDBB6669EF1B4D8D4716AF9A6BC6087B6D8DB2012134F0B
310
AE985C08A99693DB304ED320C229C56F155FA770D1EC82EB609A2E66AD51DB20F57638432FD1581A2415854DF026F400696624C53CADAF62833CDE36CD4840781C7994FE672F45BB7DC830EC291E58B6B2422D5FC9A6C9125F413F3D9479E61A6FCFDABEE06FABD9472F9EBE813D097A75F6882502C81221AA9E96ACD575AD
310
11F91A821BEABB96D31F14A238C52DB15846704B9803D2F29FBD6F38D83EB4738242E447D74971B8F18230CC771E8B2119DE016C43599EB4B2D83E78137521EE19149328ADB4094200D5241D6CE0A1EC66295E11880516A380A5C9CD969601A28208CA13AD08A95051ABC45416B44C446A04A7E57FFEACDFED31CB19F8237E
310
FE1627EBDA9DCAD043A036013288C3E431B1102F9D79322E9BDF8E263BA7F9D01393700FC7320BAE2109FE1A907A21CD9A6A738EF41BCA7C70A577F4A73E038B58E3F5018748D3F1EA6367028B8AD904B62D6747E0EE480091C0DA0D71A93B280222E2696FC987F0330251035A4C8DF70CB81AECF90D096D5DA8771EF67164
310
AE8FEFEF9459E049EBB73F111EE16FCA0CFCE99C80BF2353DDDF1C30AE3203A7E8FEE6C8EBD943BE5B452820B191A8055AEF7F7947F3CF2B03920BA33FB006C351AFA72FCCDE54EFCDA70B7D38B4477A7FB11C98236731346DDB48701AE7898F53A36F989E405BFB682B1483B1AE4D1602F58AD3E962869FB80B9364724842
310
3E2541BAD3AD9E4910D97F72ECA17085D7F141966555694A4A06174B4A7E67FB3D08AA7E23A79391937449FC68999C142987F4B29425DC47C126C06B6D1664E0D74B3982F4CA390E695FF6453B4884545591ACBEBD133970B6840373B6FD15DDBDF721881EB9447E175583766053EC914CADF81679895BB49F3F2028ACB682
310
9CF75FF8604F40646289E273219E46823E6E36502FFA10FB8FB5B14085CC0A15E57446A6E23346E11F7112AED9027F36CCBE28D226090BC35C00656E22FFA15C9E381E338FAEFFEFBF6DFD3BE011BE08F9D65070BF16B835D04FD7BF08F94E5F5DBF51ABE8A26D95AA50566E1ACD4A75CF94A94196852A110BA8E84AE35EEF
310
3F43DD1FB542CE67EC9472A0CD468B395B08F5CB6BD0FFE535E8FFF22AF4FF318DB6E10540BB6C2AB3304FDA48CAEC9A264DD946A3C1A0DF1BDAEE90D49054A328A36079A125CD6EF899E8A9CCBC50600E8C1BF5F726025CDB4A7D8B294F1ADAE7F7B369EBA25A4583A5F0FB4AA07B9F1AF72C32335CF13DD0BB32D78B0078
310
4DAE23D7550B45E1E992847F54285ED99344ED8F84E536C0726971AF069C4BB4C85ACFE4D3C6C02C832653DFE2780D258087788BA267567CE8FEB57F413E00079A17C80724DA0F10F127CD021AA891E4F786FD79FD4156E437EC4F8055712CD40CD3DEB03FCF7D2808BA0CF6AFC00C06176B15B5E03F5DFF22D8FF704EC0D6
310
95BAA36433A18BBE61FF5601AF8004D49894F34199AD6FD8FF0DFB43D386AC146FD89FD414DFB07FD15979E192FC8FC3FE8527E4C9913897297E922E2F385783EF3CE641FBE069742F4EAFC01B4B10F750EEE7071DE701FBB79E2351822F2ACC127BA50300CEE1BA362109C488B31FDA117C4E4F8F69F2AE1ED3EE9B8381E9
310
D8E6103A19195A1578A5FEECF99C1699B34E9BCF6B45A994506A19F3E2368CAE690F06B66DBB667F605A236879778795DE97A62545B7C119AD0D0E2B930DFA963BB47A50245385716AAD977636543B7A6A572AB502BCA8B7A128A4B1D915DC26F4B8DC1270E6E17D7581573FBC978A76EDCFCCF8C1FB3C5FE1830B95E6AA2B
310
004ACE82B40C1F299EB1CE5407FA495CEB5A5FCEDC39DCD9582CF5A9BBB4F4853398B9CB91EB38EE75A1644A0829576AEA8EF62F1C33BFFB181B1ADE4F07B693C7D8F7E5EAE841346566FC4487D70DD4487AF44F2F5BB528B8DCC1987FEA61E3E59DCA62EECCA68391ABBBC3D948EF4DE78E3EBCBE9EEB3367DAB77BD365CF
310
1CC0F93487117FAF53F97140BCB6084F20D9CB6AF07059E702CEEC64EFCA4FEAD64ED2F5FFE4E02E6FE0C3E100EE734EFB0018A6D080D65BCEF419349EE97367713DBD9EBAE675FFA732F02219A6EA0EA57896148BC7A5E4186E66A67118C05567E8BCDAE2185AD8E1A2490B534C7638857ECA72A2BDE6F7AC5BBCFD955DA3
310
CBD02A1469BACF7A99784365EEC33D3838FABEEAF0E7DABFE0E61BB97C46EF23751FA16F90676A1D2D4F82AB0E39DC0EA03DB0BB821B4CF4BE189D5DB9A106DE1991FA205C29A36F15BF1F5EAB14108A316DF8C2299374144A4F7B7A9A0FE91BFBC364FC72D2C5763494C1C7559E15C41C1E1CA8E14C101AC088838B5E8F9C
310
BD4F80748FD36575E91849D4AD2E8D1ED50336AB9EA1644B6F54967472BAF86400E4D46E3E6AFB30DF12711E0B0DD24C3A69130D7376EF680C22E664EE11B94831FFC5806EE6479C1870B3228C9FC93932BD01A97D6077330DDA95CA2F6A7A2B94E22E5AA78FF000249704E4B61BE3A024DF227329C957309CB01A5E93C6DF
310
2C349E2443A79650082532B1FF9B40033B21D7A68955940794BA3841D56157CCD08B0FE2C1D848E05AE3E47F504B03041400060808005767B65C39A0C570E8000000610100003C0000006662782F36373137383934342D443034412D344341442D383832392D3644463730393344383032322F7265736F75726365732F322F
310
636E782E786D6C5590CD6EC32010845FC542EAD118A3268A224CA43C437BE925A2B0765180B5F8A9DAB72FA41CDAD3AE663FAD66465CBEBC1B3E21268B612133656480A0D1D8B02DA4E4753C91E1224544CC7F303204E561214D26526C11CBDE2503AB2AAEA9CE867B17D9ED35D8D582B9DAECD57EDBC34606ED544A0B49FA
310
03BCA2AA643490EED4A8ACE84C23242C51437D94AD87FE484750190C919CF1E3C80E23E72F333F1F4EE7E7E39B981A29C53BA2EBBC0D1922EE4F9C69AC6BA8BE98981A204589B6532D4C3DFC3749AB493155488A9463EDA3C3F97BAFB0F56A83E981FC5EA5985AE03A1E6DD4D9CA913F504B03041400060808005767B65C81
310
4DA93BE2000000550100003C0000006662782F36373137383934342D443034412D344341442D383832392D3644463730393344383032322F7265736F75726365732F362F636E782E786D6C4D90C16EC32010447F0521F5688C51134511263F91532F11C51B8A62B3D60255FBF785944A3DED6AE669353BFAF2B5ADEC132805
310
8C339F84E40CA2C325443FF392EFC389B38BD18498FF619C45BBC1CC9BCC8DF68465EFD202775BD6A6AE213EBA286F1E225070B73D7ACEDC6A539A79721FB059614BC605D2432C365B31098284851CD413396CD04F38029B61E14649751CE46150EA3AA9F3E1747E3DBEE9B19146BF23AE9D0F3103E1FEA2A4C3BAC69A48EA
310
B10146170A9D6A6F54E32F9EA8F1F4586DA353A6DA41C7F2F75EB1B0590FE313F9758D1EDB93753C1BA8B315627E00504B03041400060808005767B65CC8FDCB8462000000960000003A0000006662782F36373137383934342D443034412D344341442D383832392D3644463730393344383032322F7265736F7572636573
310
2F636E782E786D6C55CC4B0A80201485E1ADC89DF71C4403B5B5445A487A6F5846CB4F43A886E7E3F0F3E172969DDAEF86504053D6C0344EA40C2E02C231173DB041724F747C6EC070745A4062907CF114B64C4ACF63B049ADC135631B6795F64FBB57AB27114FA9286F504B03041400060808005767B65CB8CC2B33430100
310
0056050000300000006662782F36373137383934342D443034412D344341442D383832392D3644463730393344383032322F636E782E786D6CCD94416AC3301045AF62045DDAB24D13429015E8A227E8A27427CB13578D2C1969549ADB574A9DA4A5847661487662F404FFCF7C0DDB7C0C3A7B07E795350DA98A926460A4ED
310
94E91B12709BAF48B6E1CC598BDF309219314043529970D63B1BC6A9D4C156049DAA5A99DD5414884EB501C1934C6AE17D43BC7C85411422A0EDC0EF8A4EA028AAC281B7C14988EF510D30BD970E044247785DD6CBBC5CE475FD54D5EBC56A7DBF7C6134919CB5D6EA895706C1D9F1AE2EA58D4713E5948C2680B3E0D44425
310
0F849FB515AD328CC67BCE7CD46BFA89C3FD98B871D44A0A8C8DA25622601E211003A35F30673439FEE1FBF1E1F9AC219E3AE540A275FBABB5A1BAD48693B42226E27F5D38807F99B7ED5BB47CBDB95F343C099BCDEE31B93E46F77712629E84E9F52D7E8093B4F9F31F170B2A798BA68FCA66F24C0F2B300E3E6D44FE0950
310
4B03041400060808005767B65C8E539C597D000000A30000000B0000006662782F636E782E786D6C4D8CD10AC22018465F45FE7BCB994C05758CA4F718CD0DC969D88C1E3F8D5D74F5C1E13B470D9F2DA0B7CB2F9FA286EE4400B9784FB38FAB86B22F58001A8CCA29ED7F374071DA9C8686C1A835A7F23CD0EC96A9844683
310
8F8F03F6BCE34232862D612366D7D16221A8C4BDBD71222F56104AAB716E4A9D5FAF6ECB9B2F504B03041400060808005767B65CA6D797065F0000008200000007000000636E782E786D6C4DCB3B0E80201045D1AD90E9FD7516806B51190811670C8A61F982B1B0BAC9C97B72CA7B1037C6D3332918DA1E04D2CAC6935390
310
2EDB8C20262D23F3F59B81A079470595414B17391D1F19B4730A5583A7ED43BBE4025D9592775E5ADFFA01504B03041400060808005767B65CECFD112DA800000026010000130000005B436F6E74656E745F54797065735D2E786D6C7D4F4B0EC22010BD0A61DF525D18634ABB506FE00510A79458060253536F2FD89D5197
310
F3FED3F68B9BD80362B21E25DFD40D6780DADF2C1AC9671AAA3D677DD75E9E0112CB5A4C928F44E12044D22338956A1F003333F8E814E5331A1194BE2B0362DB343BA13D122055543278D79E6050F344ECBC6478EDCD76CE8EABAE5449AE4298AC56946789C28AAFBEABC53F3EAF09A84A1441B91F0101CD4780756578C173
310
A578FFDDBD00504B03041400060808005767B65C3DEE336E64000000790000001B0000006175746F6465736B2D64657369676E2D7061636B6167652E786D6C35CBC10E83200C00D05F21DCA56CA76D41FC96062B120735B69A7DBE268BB7777961F8D5AF396893C2ADB70FE7ADA196782C2DF776D7A97B5933C430F15651E5
310
469C55D70F80A4992A3ADC954792C525AE70A1E4D6AD9816CC044FEFDF01FE3FDE907802504B03041400060808005767B65C54225191F20000008E0100003D0000006662782F36373137383934342D443034412D344341442D383832392D3644463730393344383032322F7265736F75726365732F322F636F72652E786D6C
310
8550CB6E833010FC15B47783713025917184E0137AEACD320EB1126CE447D5CFAF1DA8D49E7ADAD5ECCCECEEB0EBD7FA2C3E95F3DA9A1EEA1243A18CB4B3364B0F31DC5007C59533676DF84583C28855F59061E06C71366E0724AD09CA64D4D8591DA0F05E0528E433353D787957AB28450C89E11FE526E4432CAAACCB9DC7
310
598C7A3EA47A4E6EFAA695037E1E289E468AD11BE9086A3A3CA0AE210D1AA7733DB5A776A4746055167316F4FAB35D3A25829A81134C5A842922E4BD2617DA5D9AF6835599C9990F2EFD7C2CCDDF253AAB76F48F5BDCE6FFDDA236E1440EB75DE181D7E9B8D780B32AA793CA2BBA547392FC1B504B03041400060808005767
310
B65CA37C9D25F20000008E0100003D0000006662782F36373137383934342D443034412D344341442D383832392D3644463730393344383032322F7265736F75726365732F362F636F72652E786D6C8550CB6E833010FC15B47783713025917184E0137AEACD320EB1126CE447D5CFAF1DA8D49E7ADAD5ECCCECEEB0EBD7FA
310
2C3E95F3DA9A1EEA1243A18CB4B3364B0F31DC5007C59533676DF84583C28855F59061E06C71366E0724AD09CA64D4D8591DA0F05E0528E433353D787957AB28450C89E11FE526E4432CAAACCB9DC7598C7A3EA47A4E6EFAA695037E1E289E468AD11BE9086A3A3CA0AE210D1AA7733DB5A776A4746055167316F4FAB35D3A
310
25829A81134C5A842922E4BD2617DA5D9AF6835599C9990F2EFD7C2CCDDF016F59B5A37FDCE236FFEF16B5092772B8ED0A0FBC4EC7BD069C55399D545ED1A59A93E4DF504B03041400060808005767B65C27E5940FF7000000960100003B0000006662782F36373137383934342D443034412D344341442D383832392D3644
310
463730393344383032322F7265736F75726365732F636F72652E786D6C8550CB6E833010FC15B477F3708092C83842F0093DF566990DB1126CE447D5CFAF1DA8D49E7ADAD5ECCCECEEB0EBD7FACC3ED13A65740F555E42865A9A59E9A587E06FA483ECCA9935C6FFA241A6C58A3D2418385BAC09DB0149A33DEA846A33E301
310
0AE7D043269FB1E9C1C93BAE2217C147867BE49B900FB1605EE53B8FB310D47C48D51CDDD44DA1057E1E9A721A9B92BCD18E92BA2B07D2D5B426E374AEA6F6D48E4D33B0228939F36AFDD92E2D0A8F33705AD296940DA1F4BDA297A6BBD4ED072B129333E76DFCF9589ABE036ED19960253A56ECD33FAE619BFF770D4AFB13
310
3D5C7785035EC5235F03CE8A94522CAF08634D89F26F504B03041400060808005767B65CF7595C37F2000000B1010000310000006662782F36373137383934342D443034412D344341442D383832392D3644463730393344383032322F636F72652E786D6C8D50CB6EC32010FC156BEFF8411C1B479828AAD52FE8A93704C4
310
4189C1E251F5F30BB12BB5B79C16CDCE30B343CFDFCBA3F852CE6B6B4668CA1A0A658495DACC23C47045048A33A3CEDAF0870685E18B1A21C3C0E8EC6C5C7748581394C9A8B152ED20F75E0528C4233D46F0E2A6165EF21812C3DFCB958B3B9F55D9941B8FD1A0975FA9708A072581E11A77A83E228C3F1A7C3A9253DB7DD2
310
2A33198D51CBDD4ACBE4AEAF5A39605DDFF464685B34D5ED05B56F9709118207D44DEF7D3D1C2652634CAB2C66D407976EDE3FC9D7BD2ADF84FF32C755BE90599B70C0BBE1A6F0C09A94E7B960B4CA05A6F16C37CD5C36FB01504B03041400060808005767B65C8B8E740252010000DD0200000C0000006662782F636F7265
310
2E786D6C8D525D6F832014FD2B867714A93AD7204DD3FE843DED8D2275A40A06C1F4E70FFC88F361DD6282E4DC7BCFB9E704727A766D340A3348AD2A90C6084442715D4BD554C0D93B2C4174A2C4686D7FB48148B14E5420C08092C668D72F10D7CA0A1550A56BB1806C188405116FFDA50203FF121D8B99B3BE6378C43DE3
310
0FD688388DE73E4A9C93F5322A6BCF26EF521840DFCF39BA5E7204DF70896156A2332C339CC1CBF53DBD1687E292E7679284614AACEC56756E04B3A20614235C4094438C3F527CCCCB63567C922474523258E33D2FA2C11DA0F7DB932433BEE3737DFD379F93CA1EF0C2374F0C80A67EBDA9404912F2F1BF29BC7D865ED8E7
310
67D9AD5D2D3C3C340A6EB5C97CA5D66E2B8DAC75C253A368FA4832573DF344F01B0F7EC1F39AC307C554E35763D65F6FCE06F5FD4EBD3070B4CF4869D3B1765B6E5E713B37A19DA5759CEB569BFF4CAF56D73093F030E937504B03041400060808005767B65CEF6BA78605010000B201000008000000636F72652E786D6C8D
310
50C16E842014FC15F2EE28B26ADD0DB231FA093DF54685B564150CE0A6FDFBC26A93F6D6D32333F3DE0CC3AE9FCB8C1ECA796D4D0B45460029335AA9CDD4C2166EB80174E5CC591B7EC90019B1A816120C9C4DCE6EEB018DD60465126AAC540728BC5701D038C7470B7EFC508BC8C416A2C2DFB3558C7731A9ACC8761D6741
310
2F3FABA3532228099C125A6352614A5F0B7AA99A4B59BFB13C2939DB362D0F2B2DA3BBBE69E5809FBB8A0C7D45F00B6D282E1BD2E1A6A425EE877331D4A7BAAFAA8EE56999331F5CFCF37124E60CC88B47F265F94E71F66EED7C08622889AC99BF80139627E24FE86D95FF08AD4D38D1E3E0BEE1811731D09388C6A9C1389E
310
F5C699DAE6DF504B010214001400060808005767B65C0000000000000000000000003700000000000000000000000000000000006662782F36373137383934342D443034412D344341442D383832392D3644463730393344383032322F617474726962757465732E62696E504B010214001400060808005767B65C00000000
310
00000000000000003500000000000000000000000000550000006662782F36373137383934342D443034412D344341442D383832392D3644463730393344383032322F76657274696365732E62696E504B010214001400060808005767B65CF270F13306000000040000003600000000000000000000000000A80000006662
310
782F36373137383934342D443034412D344341442D383832392D3644463730393344383032322F747269616E676C65732E62696E504B010214001400060808005767B65C615CC3277D0C0000780C00004800000000000000000000000000020100006662782F36373137383934342D443034412D344341442D383832392D36
310
44463730393344383032322F7265736F75726365732F322F305F556E69666965644269746D61702E706E67504B010214001400060808005767B65CB5A795FFE3790000DE7900004200000000000000000000000000E50D00006662782F36373137383934342D443034412D344341442D383832392D36444637303933443830
310
32322F7265736F75726365732F362F305F67656E657269632E706E67504B010214001400060808005767B65C3153225BB1000000310200003600000000000000000000000000288800006662782F36373137383934342D443034412D344341442D383832392D3644463730393344383032322F6469726563746F72792E786D
310
6C504B010214001400060808005767B65C154C09B5020B00005541000034000000000000000000000000002D8900006662782F36373137383934342D443034412D344341442D383832392D3644463730393344383032322F6F626A656374732E786D6C504B010214001400060808005767B65C39A0C570E800000061010000
310
3C00000000000000000000000000819400006662782F36373137383934342D443034412D344341442D383832392D3644463730393344383032322F7265736F75726365732F322F636E782E786D6C504B010214001400060808005767B65C814DA93BE2000000550100003C00000000000000000000000000C3950000666278
310
2F36373137383934342D443034412D344341442D383832392D3644463730393344383032322F7265736F75726365732F362F636E782E786D6C504B010214001400060808005767B65CC8FDCB8462000000960000003A00000000000000000000000000FF9600006662782F36373137383934342D443034412D344341442D38
310
3832392D3644463730393344383032322F7265736F75726365732F636E782E786D6C504B010214001400060808005767B65CB8CC2B3343010000560500003000000000000000000000000000B99700006662782F36373137383934342D443034412D344341442D383832392D3644463730393344383032322F636E782E786D
310
6C504B010214001400060808005767B65C8E539C597D000000A30000000B000000000000000000000000004A9900006662782F636E782E786D6C504B010214001400060808005767B65CA6D797065F000000820000000700000000000000000000000000F0990000636E782E786D6C504B010214001400060808005767B65C
310
ECFD112DA8000000260100001300000000000000000000000000749A00005B436F6E74656E745F54797065735D2E786D6C504B010214001400060808005767B65C3DEE336E64000000790000001B000000000000000000000000004D9B00006175746F6465736B2D64657369676E2D7061636B6167652E786D6C504B010214
310
001400060808005767B65C54225191F20000008E0100003D00000000000000000000000000EA9B00006662782F36373137383934342D443034412D344341442D383832392D3644463730393344383032322F7265736F75726365732F322F636F72652E786D6C504B010214001400060808005767B65CA37C9D25F20000008E
310
0100003D00000000000000000000000000379D00006662782F36373137383934342D443034412D344341442D383832392D3644463730393344383032322F7265736F75726365732F362F636F72652E786D6C504B010214001400060808005767B65C27E5940FF7000000960100003B00000000000000000000000000849E00
310
006662782F36373137383934342D443034412D344341442D383832392D3644463730393344383032322F7265736F75726365732F636F72652E786D6C504B010214001400060808005767B65CF7595C37F2000000B10100003100000000000000000000000000D49F00006662782F36373137383934342D443034412D344341
310
442D383832392D3644463730393344383032322F636F72652E786D6C504B010214001400060808005767B65C8B8E740252010000DD0200000C0000000000000000000000000015A100006662782F636F72652E786D6C504B010214001400060808005767B65CEF6BA78605010000B201000008000000000000000000000000
310
0091A20000636F72652E786D6C504B0506000000001500150078070000BCA300000000
  0
XRECORD
  5
7F
102
{ACAD_REACTORS
330
7B
102
}
330
7B
100
AcDbXrecord
280
     1
270
     1
271
     1
  0
XRECORD
  5
81
102
{ACAD_REACTORS
330
7B
102
}
330
7B
100
AcDbXrecord
280
     1
270
     1
271
     1
  0
XRECORD
  5
82
102
{ACAD_REACTORS
330
7B
102
}
330
7B
100
AcDbXrecord
280
     1
270
     1
271
     1
  0
XRECORD
  5
80
102
{ACAD_REACTORS
330
7B
102
}
330
7B
100
AcDbXrecord
280
     1
270
     1
271
     1
  0
XRECORD
  5
BD
102
{ACAD_REACTORS
330
BC
102
}
330
BC
100
AcDbXrecord
280
     1
102
DISPLAYNAME
  1
Imperial24
102
FLAGS
 90
        0
  0
CELLSTYLEMAP
  5
BA
102
{ACAD_REACTORS
330
B9
102
}
330
B9
100
AcDbCellStyleMap
 90
        3
300
CELLSTYLE
  1
TABLEFORMAT_BEGIN
 90
        5
170
     1
 91
        0
 92
    32768
 62
   257
 93
        1
300
CONTENTFORMAT
  1
CONTENTFORMAT_BEGIN
 90
        0
 91
        0
 92
      512
 93
        0
300

 40
0.0
140
1.0
 94
        5
 62
     0
340
55
144
0.25
309
CONTENTFORMAT_END
171
     0
 94
        0
309
TABLEFORMAT_END
  1
CELLSTYLE_BEGIN
 90
        1
 91
        1
300
_TITLE
309
CELLSTYLE_END
300
CELLSTYLE
  1
TABLEFORMAT_BEGIN
 90
        5
170
     1
 91
        0
 92
        0
 62
   257
 93
        1
300
CONTENTFORMAT
  1
CONTENTFORMAT_BEGIN
 90
        0
 91
        0
 92
      512
 93
        0
300

 40
0.0
140
1.0
 94
        5
 62
     0
340
55
144
0.18
309
CONTENTFORMAT_END
171
     0
 94
        0
309
TABLEFORMAT_END
  1
CELLSTYLE_BEGIN
 90
        2
 91
        1
300
_HEADER
309
CELLSTYLE_END
300
CELLSTYLE
  1
TABLEFORMAT_BEGIN
 90
        5
170
     1
 91
        0
 92
        0
 62
   257
 93
        1
300
CONTENTFORMAT
  1
CONTENTFORMAT_BEGIN
 90
        0
 91
        0
 92
      512
 93
        0
300

 40
0.0
140
1.0
 94
        2
 62
     0
340
55
144
0.18
309
CONTENTFORMAT_END
171
     0
 94
        0
309
TABLEFORMAT_END
  1
CELLSTYLE_BEGIN
 90
        3
 91
        2
300
_DATA
309
CELLSTYLE_END
  0
ENDSEC
  0
SECTION
  2
ACDSDATA
 70
     2
 71
     8
  0
ACDSSCHEMA
 90
        0
  1
AcDb3DSolid_ASM_Data
  2
AcDbDs::ID
280
    10
 91
        8
  2
ASM_Data
280
    15
 91
        0
101
ACDSRECORD
 95
        0
 90
        1
  2
AcDbDs::TreatedAsObjectData
280
     1
291
     1
101
ACDSRECORD
 95
        0
 90
        2
  2
AcDbDs::Legacy
280
     1
291
     1
101
ACDSRECORD
  1
AcDbDs::ID
 90
        3
  2
AcDs:Indexable
280
     1
291
     1
101
ACDSRECORD
  1
AcDbDs::ID
 90
        4
  2
AcDbDs::HandleAttribute
280
     7
282
     1
  0
ACDSSCHEMA
 90
        1
  1
AcDbDs::TreatedAsObjectDataSchema
  2
AcDbDs::TreatedAsObjectData
280
     1
 91
        0
  0
ACDSSCHEMA
 90
        2
  1
AcDbDs::LegacySchema
  2
AcDbDs::Legacy
280
     1
 91
        0
  0
ACDSSCHEMA
 90
        3
  1
AcDbDs::IndexedPropertySchema
  2
AcDs:Indexable
280
     1
 91
        0
  0
ACDSSCHEMA
 90
        4
  1
AcDbDs::HandleAttributeSchema
  2
AcDbDs::HandleAttribute
280
     7
 91
        1
284
     1
  0
ACDSRECORD
 90
        0
  2
AcDbDs::ID
280
    10
320
84
  2
ASM_Data
280
    15
 94
    66358
310
414349532042696E61727946696C652855000000000000020000000C00000007104175746F6465736B204175746F434144071441534D203233322E332E302E3635353335204E540718467269204D61792032322031323A35383A34362032303236066666666666663940068DEDB5A0F7C6B03E06BBBDD7D9DF7CDB3D0D0961
310
736D6865616465720CFFFFFFFF04FFFFFFFF070D3233322E332E302E3635353335110D04626F64790C0200000004FFFFFFFF0CFFFFFFFF0C030000000CFFFFFFFF0C04000000110E0D4154545249425F435553544F4D0D066174747269620CFFFFFFFF04FFFFFFFF0C050000000CFFFFFFFF0C01000000071454696D657374
310
616D705F6174747269625F6465660401000000065C18A9315C491943110D046C756D700CFFFFFFFF04FFFFFFFF0CFFFFFFFF0CFFFFFFFF0C060000000C01000000110D097472616E73666F726D0CFFFFFFFF04FFFFFFFF14000000000000F03F00000000000000000000000000000000140000000000000000000000000000
310
F03F00000000000000001400000000000000000000000000000000000000000000F03F1400000000000000000000000000000000000000000000000006000000000000F03F0B0B0B110E0D4154545249425F435553544F4D0D066174747269620CFFFFFFFF04FFFFFFFF0CFFFFFFFF0C020000000C01000000071667656E65
310
7269635F7461675F6174747269625F6465660403000000040300000004FFFFFFFF071767656E657269635F7461675F6174747269625F64656620040100000004030000000703333031042D00000004000000000400000000110D057368656C6C0CFFFFFFFF04FFFFFFFF0CFFFFFFFF0CFFFFFFFF0CFFFFFFFF0C070000000C
310
FFFFFFFF0C03000000110D04666163650C0800000004FFFFFFFF0CFFFFFFFF0C090000000C0A0000000C060000000CFFFFFFFF0C0B0000000B0B110E0D4154545249425F435553544F4D0D066174747269620CFFFFFFFF04FFFFFFFF0CFFFFFFFF0CFFFFFFFF0C07000000071667656E657269635F7461675F617474726962
310
5F6465660403000000040300000004FFFFFFFF071767656E657269635F7461675F6174747269625F64656620040100000004020000000702343404000000000401000000042D0100000400000000110D04666163650C0C00000004FFFFFFFF0CFFFFFFFF0C0D0000000C0E0000000C060000000CFFFFFFFF0C0F0000000B0B
310
110D046C6F6F700CFFFFFFFF04FFFFFFFF0CFFFFFFFF0C100000000C110000000C07000000110E04636F6E650D07737572666163650CFFFFFFFF04FFFFFFFF0CFFFFFFFF138A10B2DC8F804D40268F7F395AA244C000000000000000001400000000000000000000000000000000000000000000F03F14000000000000F43F
310
0000000000000000000000000000000006000000000000F03F0B0B06000000000000000006000000000000F0BF06000000000000F43F0B0B0B0B0B110E0D4154545249425F435553544F4D0D066174747269620CFFFFFFFF04FFFFFFFF0CFFFFFFFF0CFFFFFFFF0C09000000071667656E657269635F7461675F6174747269
310
625F6465660403000000040300000004FFFFFFFF071767656E657269635F7461675F6174747269625F64656620040100000004020000000702343304000000000401000000042D0100000400000000110D04666163650C1200000004FFFFFFFF0CFFFFFFFF0C130000000C140000000C060000000CFFFFFFFF0C150000000B
310
0B110D046C6F6F700CFFFFFFFF04FFFFFFFF0CFFFFFFFF0C160000000C170000000C09000000110E04636F6E650D07737572666163650CFFFFFFFF04FFFFFFFF0CFFFFFFFF136EA07DEE44DE05BD3333333333D353C000000000000000001400000000000000000000000000000000000000000000F03F1400000000000003
310
400000000000000000000000000000000006000000000000F03F0B0B06000000000000000006000000000000F0BF0600000000000003400B0B0B0B0B110D046C6F6F700CFFFFFFFF04FFFFFFFF0CFFFFFFFF0CFFFFFFFF0C180000000C07000000110D06636F656467650CFFFFFFFF04FFFFFFFF0CFFFFFFFF0C110000000C
310
110000000C190000000C1A0000000A0C0A00000004000000000CFFFFFFFF110E0D4154545249425F435553544F4D0D066174747269620CFFFFFFFF04FFFFFFFF0CFFFFFFFF0CFFFFFFFF0C0D000000071667656E657269635F7461675F6174747269625F6465660403000000040300000004FFFFFFFF071767656E65726963
310
5F7461675F6174747269625F64656620040100000004020000000702343204000000000401000000042D0100000400000000110D04666163650C1B00000004FFFFFFFF0CFFFFFFFF0C1C0000000C1D0000000C060000000CFFFFFFFF0C1E0000000B0B110D046C6F6F700CFFFFFFFF04FFFFFFFF0CFFFFFFFF0C1F0000000C
310
200000000C0D000000110E04636F6E650D07737572666163650CFFFFFFFF04FFFFFFFF0CFFFFFFFF130E00000000002A401C0000000040504000000000000000001400000000000000000000000000000000000000000000F03F14140000000000F43F0000000000000000000000000000000006000000000000F03F0B0B06
310
000000000000000006000000000000F0BF06140000000000F43F0B0B0B0B0B110D046C6F6F700CFFFFFFFF04FFFFFFFF0CFFFFFFFF0CFFFFFFFF0C210000000C09000000110D06636F656467650CFFFFFFFF04FFFFFFFF0CFFFFFFFF0C170000000C170000000C220000000C230000000A0C0E00000004000000000CFFFFFF
310
FF110D06636F656467650C2400000004FFFFFFFF0CFFFFFFFF0C180000000C180000000C250000000C260000000B0C1000000004000000000CFFFFFFFF110D06636F656467650CFFFFFFFF04FFFFFFFF0CFFFFFFFF0C190000000C190000000C110000000C1A0000000B0C2700000004000000000CFFFFFFFF110D04656467
310
650CFFFFFFFF04FFFFFFFF0CFFFFFFFF0C2800000006182D4454FB2109C00C2800000006182D4454FB2109400C110000000C290000000B0707756E6B6E6F776E110E0D4154545249425F435553544F4D0D066174747269620CFFFFFFFF04FFFFFFFF0CFFFFFFFF0CFFFFFFFF0C13000000071667656E657269635F7461675F
310
6174747269625F6465660403000000040300000004FFFFFFFF071767656E657269635F7461675F6174747269625F64656620040100000004020000000702343104000000000401000000042D0100000400000000110D04666163650C2A00000004FFFFFFFF0CFFFFFFFF0C2B0000000C2C0000000C060000000CFFFFFFFF0C
310
2D0000000B0B110D046C6F6F700CFFFFFFFF04FFFFFFFF0CFFFFFFFF0C2E0000000C2F0000000C13000000110E04636F6E650D07737572666163650CFFFFFFFF04FFFFFFFF0CFFFFFFFF13A910B2DC8F804E40993CFEE5688926C000000000000000001400000000000000000000000000000000000000000000F03F140000
310
00000000F43F0000000000000000000000000000000006000000000000F03F0B0B06000000000000000006000000000000F0BF06000000000000F43F0B0B0B0B0B110D046C6F6F700CFFFFFFFF04FFFFFFFF0CFFFFFFFF0CFFFFFFFF0C300000000C0D000000110D06636F656467650CFFFFFFFF04FFFFFFFF0CFFFFFFFF0C
310
200000000C200000000C310000000C320000000A0C1400000004000000000CFFFFFFFF110D06636F656467650C3300000004FFFFFFFF0CFFFFFFFF0C210000000C210000000C340000000C350000000B0C1600000004000000000CFFFFFFFF110D06636F656467650CFFFFFFFF04FFFFFFFF0CFFFFFFFF0C220000000C2200
310
00000C170000000C230000000B0C3600000004000000000CFFFFFFFF110D04656467650CFFFFFFFF04FFFFFFFF0CFFFFFFFF0C3700000006182D4454FB2109C00C3700000006182D4454FB2109400C170000000C380000000B0707756E6B6E6F776E110E0D4154545249425F435553544F4D0D066174747269620CFFFFFFFF
310
04FFFFFFFF0CFFFFFFFF0CFFFFFFFF0C180000000711736B657463685F6174747269625F646566040100000004010000000403000000071631353120302034323934393637323935203020312031110D06636F656467650C3900000004FFFFFFFF0CFFFFFFFF0C250000000C250000000C180000000C260000000A0C3A0000
310
0004000000000CFFFFFFFF110D04656467650CFFFFFFFF04FFFFFFFF0CFFFFFFFF0C3B00000006182D4454FB2109C00C3B00000006182D4454FB2109400C180000000C3C0000000B0707756E6B6E6F776E110D046C6F6F700CFFFFFFFF04FFFFFFFF0CFFFFFFFF0CFFFFFFFF0C190000000C3D000000110D06766572746578
310
0CFFFFFFFF04FFFFFFFF0CFFFFFFFF0C1A00000004000000000C3E000000110E07656C6C697073650D0563757276650CFFFFFFFF04FFFFFFFF0CFFFFFFFF138A10B2DC8F804D40268F7F395AA244C000000000000010401400000000000000800000000000000080000000000000F0BF14000000000000F43F000000000000
310
0000000000000000000006000000000000F03F0B0B110E0D4154545249425F435553544F4D0D066174747269620CFFFFFFFF04FFFFFFFF0CFFFFFFFF0CFFFFFFFF0C1C000000071667656E657269635F7461675F6174747269625F6465660403000000040300000004FFFFFFFF071767656E657269635F7461675F61747472
310
69625F64656620040100000004020000000702343004000000000401000000042D0100000400000000110D04666163650C3F00000004FFFFFFFF0CFFFFFFFF0C400000000C410000000C060000000CFFFFFFFF0C420000000B0B110D046C6F6F700CFFFFFFFF04FFFFFFFF0CFFFFFFFF0CFFFFFFFF0C430000000C1C000000
310
110E05706C616E650D07737572666163650CFFFFFFFF04FFFFFFFF0CFFFFFFFF13000000000000394000000000000036C0000000000000000014000000000000F0BF0000000000000000000000000000000014000000000000000000000000000024C000000000000000000B0B0B0B0B110D046C6F6F700CFFFFFFFF04FFFF
310
FFFF0CFFFFFFFF0CFFFFFFFF0C440000000C13000000110D06636F656467650CFFFFFFFF04FFFFFFFF0CFFFFFFFF0C2F0000000C2F0000000C450000000C460000000A0C1D00000004000000000CFFFFFFFF110D06636F656467650C4700000004FFFFFFFF0CFFFFFFFF0C300000000C300000000C480000000C490000000B
310
0C1F00000004000000000CFFFFFFFF110D06636F656467650CFFFFFFFF04FFFFFFFF0CFFFFFFFF0C310000000C310000000C200000000C320000000B0C4A00000004000000000CFFFFFFFF110D04656467650CFFFFFFFF04FFFFFFFF0CFFFFFFFF0C4B00000006182D4454FB2109C00C4B00000006182D4454FB2109400C20
310
0000000C4C0000000B0707756E6B6E6F776E110E0D4154545249425F435553544F4D0D066174747269620CFFFFFFFF04FFFFFFFF0CFFFFFFFF0CFFFFFFFF0C210000000711736B657463685F6174747269625F646566040100000004010000000403000000071631333020302034323934393637323935203020312031110D
310
06636F656467650C4D00000004FFFFFFFF0CFFFFFFFF0C340000000C340000000C210000000C350000000A0C4E00000004000000000CFFFFFFFF110D04656467650CFFFFFFFF04FFFFFFFF0CFFFFFFFF0C4F00000006182D4454FB2109C00C4F00000006182D4454FB2109400C210000000C500000000B0707756E6B6E6F77
310
6E110D046C6F6F700CFFFFFFFF04FFFFFFFF0CFFFFFFFF0C270000000C220000000C3D000000110D067665727465780CFFFFFFFF04FFFFFFFF0CFFFFFFFF0C2300000004000000000C51000000110E07656C6C697073650D0563757276650CFFFFFFFF04FFFFFFFF0CFFFFFFFF136EA07DEE44DE05BD3333333333D353C000
310
000000000010401400000000000000800000000000000080000000000000F0BF1400000000000003400000000000000000000000000000000006000000000000F03F0B0B110E0D4154545249425F435553544F4D0D066174747269620CFFFFFFFF04FFFFFFFF0CFFFFFFFF0CFFFFFFFF0C250000000711736B657463685F61
310
74747269625F646566040100000004010000000403000000071631353120302034323934393637323935203020312031110D046C6F6F700CFFFFFFFF04FFFFFFFF0CFFFFFFFF0CFFFFFFFF0C250000000C52000000110D067665727465780CFFFFFFFF04FFFFFFFF0CFFFFFFFF0C2600000004000000000C53000000110E07
310
656C6C697073650D0563757276650CFFFFFFFF04FFFFFFFF0CFFFFFFFF138A10B2DC8F804D40268F7F395AA244C000000000000000001400000000000000800000000000000080000000000000F0BF14000000000000F43F0000000000000000000000000000000006000000000000F03F0B0B110D04666163650C54000000
310
04FFFFFFFF0CFFFFFFFF0C520000000C550000000C060000000CFFFFFFFF0C560000000B0B110D05706F696E740CFFFFFFFF04FFFFFFFF0CFFFFFFFF138A10B2DC8FE04C40268F7F395AA244C00000000000001040110E0D4154545249425F435553544F4D0D066174747269620CFFFFFFFF04FFFFFFFF0CFFFFFFFF0CFFFF
310
FFFF0C2B000000071667656E657269635F7461675F6174747269625F6465660403000000040300000004FFFFFFFF071767656E657269635F7461675F6174747269625F64656620040100000004020000000702333904000000000401000000042D0100000400000000110D04666163650C5700000004FFFFFFFF0CFFFFFFFF
310
0C580000000C590000000C060000000CFFFFFFFF0C5A0000000B0B110D046C6F6F700CFFFFFFFF04FFFFFFFF0CFFFFFFFF0CFFFFFFFF0C5B0000000C2B000000110E05706C616E650D07737572666163650CFFFFFFFF04FFFFFFFF0CFFFFFFFF13000000000000354000000000000036C00000000000000000140000000000
310
000000000000000000F0BF0000000000000000140000000000002440000000000000000000000000000000000B0B0B0B0B110D06636F656467650C5C00000004FFFFFFFF0CFFFFFFFF0C5D0000000C5E0000000C5F0000000C600000000B0C2C00000004000000000CFFFFFFFF110D06636F656467650C6100000004FFFFFF
310
FF0CFFFFFFFF0C440000000C440000000C620000000C630000000B0C2E00000004000000000CFFFFFFFF110D06636F656467650CFFFFFFFF04FFFFFFFF0CFFFFFFFF0C450000000C450000000C2F0000000C460000000B0C6400000004000000000CFFFFFFFF110D04656467650CFFFFFFFF04FFFFFFFF0CFFFFFFFF0C6500
310
000006182D4454FB2109C00C6500000006182D4454FB2109400C2F0000000C660000000B0707756E6B6E6F776E110E0D4154545249425F435553544F4D0D066174747269620CFFFFFFFF04FFFFFFFF0CFFFFFFFF0CFFFFFFFF0C300000000711736B657463685F6174747269625F6465660401000000040100000004030000
310
00071632373020302034323934393637323935203020312031110D06636F656467650C6700000004FFFFFFFF0CFFFFFFFF0C480000000C480000000C300000000C490000000A0C6800000004000000000CFFFFFFFF110D04656467650CFFFFFFFF04FFFFFFFF0CFFFFFFFF0C6900000006182D4454FB2109C00C6900000006
310
182D4454FB2109400C300000000C6A0000000B0707756E6B6E6F776E110D046C6F6F700CFFFFFFFF04FFFFFFFF0CFFFFFFFF0C360000000C310000000C3D000000110D067665727465780CFFFFFFFF04FFFFFFFF0CFFFFFFFF0C3200000004000000000C6B000000110E07656C6C697073650D0563757276650CFFFFFFFF04
310
FFFFFFFF0CFFFFFFFF130E00000000002A401C0000000040504000000000000010401400000000000000800000000000000080000000000000F0BF14140000000000F43F0000000000000000000000000000000006000000000000F03F0B0B110E0D4154545249425F435553544F4D0D066174747269620CFFFFFFFF04FFFF
310
FFFF0CFFFFFFFF0CFFFFFFFF0C340000000711736B657463685F6174747269625F646566040100000004010000000403000000071631333020302034323934393637323935203020312031110D046C6F6F700CFFFFFFFF04FFFFFFFF0CFFFFFFFF0C3A0000000C340000000C52000000110D067665727465780CFFFFFFFF04
310
FFFFFFFF0CFFFFFFFF0C3500000004000000000C6C000000110E07656C6C697073650D0563757276650CFFFFFFFF04FFFFFFFF0CFFFFFFFF136EA07DEE44DE05BD3333333333D353C000000000000000001400000000000000800000000000000080000000000000F0BF140000000000000340000000000000000000000000
310
0000000006000000000000F03F0B0B110D05706F696E740CFFFFFFFF04FFFFFFFF0CFFFFFFFF1310000000000003C03333333333D353C00000000000001040110D04666163650C6D00000004FFFFFFFF0CFFFFFFFF0CFFFFFFFF0C6E0000000C060000000CFFFFFFFF0C6F0000000A0B110D05706F696E740CFFFFFFFF04FF
310
FFFFFF0CFFFFFFFF138A10B2DC8FE04C40268F7F395AA244C00000000000000000110E0D4154545249425F435553544F4D0D066174747269620CFFFFFFFF04FFFFFFFF0CFFFFFFFF0CFFFFFFFF0C3D000000071667656E657269635F7461675F6174747269625F6465660403000000040300000004FFFFFFFF071767656E65
310
7269635F7461675F6174747269625F646566200401000000040100000007013204000000000401000000042D0100000400000000110D046C6F6F700CFFFFFFFF04FFFFFFFF0CFFFFFFFF0C700000000C710000000C3D000000110E05706C616E650D07737572666163650CFFFFFFFF04FFFFFFFF0CFFFFFFFF130000000000
310
000000000000000000000000000000000010401400000000000000000000000000000000000000000000F03F140000000000002440000000000000000000000000000000000B0B0B0B0B110E0D4154545249425F435553544F4D0D066174747269620CFFFFFFFF04FFFFFFFF0CFFFFFFFF0CFFFFFFFF0C4000000007166765
310
6E657269635F7461675F6174747269625F6465660403000000040300000004FFFFFFFF071767656E657269635F7461675F6174747269625F64656620040100000004020000000702333804000000000401000000042D0100000400000000110D04666163650C7200000004FFFFFFFF0CFFFFFFFF0C730000000C740000000C
310
060000000CFFFFFFFF0C750000000B0B110D046C6F6F700CFFFFFFFF04FFFFFFFF0CFFFFFFFF0CFFFFFFFF0C760000000C40000000110E05706C616E650D07737572666163650CFFFFFFFF04FFFFFFFF0CFFFFFFFF13000000000000354000000000000040C0000000000000000014000000000000F03F0000000000000000
310
0000000000000000140000000000000000000000000000244000000000000000000B0B0B0B0B110D06636F656467650C7700000004FFFFFFFF0CFFFFFFFF0C780000000C790000000C7A0000000C7B0000000B0C4100000004000000000CFFFFFFFF110E0D4154545249425F435553544F4D0D066174747269620CFFFFFFFF
310
04FFFFFFFF0CFFFFFFFF0CFFFFFFFF0C430000000711736B657463685F6174747269625F646566040100000004010000000403000000071632333020302034323934393637323935203020312031110D06636F656467650CFFFFFFFF04FFFFFFFF0CFFFFFFFF0C7C0000000C430000000C7D0000000C7E0000000B0C2C0000
310
0004000000000CFFFFFFFF110D06636F656467650CFFFFFFFF04FFFFFFFF0CFFFFFFFF0C430000000C7C0000000C780000000C7F0000000A0C2C00000004000000000CFFFFFFFF110D06636F656467650C8000000004FFFFFFFF0CFFFFFFFF0C7A0000000C810000000C430000000C600000000A0C8200000004000000000C
310
FFFFFFFF110D04656467650CFFFFFFFF04FFFFFFFF0CFFFFFFFF0C830000000600000000000000000C8400000006000000000000F03F0C430000000C850000000B0707756E6B6E6F776E110E0D4154545249425F435553544F4D0D066174747269620CFFFFFFFF04FFFFFFFF0CFFFFFFFF0CFFFFFFFF0C440000000711736B
310
657463685F6174747269625F646566040100000004010000000403000000071631363420302034323934393637323935203020312031110D06636F656467650C8600000004FFFFFFFF0CFFFFFFFF0C620000000C620000000C440000000C630000000A0C8700000004000000000CFFFFFFFF110D04656467650CFFFFFFFF04
310
FFFFFFFF0CFFFFFFFF0C8800000006182D4454FB2109C00C8800000006182D4454FB2109400C440000000C890000000B0707756E6B6E6F776E110D046C6F6F700CFFFFFFFF04FFFFFFFF0CFFFFFFFF0C4A0000000C450000000C3D000000110D067665727465780CFFFFFFFF04FFFFFFFF0CFFFFFFFF0C4600000004000000
310
000C8A000000110E07656C6C697073650D0563757276650CFFFFFFFF04FFFFFFFF0CFFFFFFFF13A910B2DC8F804E40993CFEE5688926C000000000000010401400000000000000800000000000000080000000000000F0BF14000000000000F43F0000000000000000000000000000000006000000000000F03F0B0B110E0D
310
4154545249425F435553544F4D0D066174747269620CFFFFFFFF04FFFFFFFF0CFFFFFFFF0CFFFFFFFF0C480000000711736B657463685F6174747269625F646566040100000004010000000403000000071632373020302034323934393637323935203020312031110D046C6F6F700CFFFFFFFF04FFFFFFFF0CFFFFFFFF0C
310
4E0000000C480000000C52000000110D067665727465780CFFFFFFFF04FFFFFFFF0CFFFFFFFF0C4900000004000000000C8B000000110E07656C6C697073650D0563757276650CFFFFFFFF04FFFFFFFF0CFFFFFFFF130E00000000002A401C0000000040504000000000000000001400000000000000800000000000000080
310
000000000000F0BF14140000000000F43F0000000000000000000000000000000006000000000000F03F0B0B110D05706F696E740CFFFFFFFF04FFFFFFFF0CFFFFFFFF130E000000008027401C000000004050400000000000001040110D05706F696E740CFFFFFFFF04FFFFFFFF0CFFFFFFFF1316000000000003C0333333
310
3333D353C00000000000000000110E0D4154545249425F435553544F4D0D066174747269620CFFFFFFFF04FFFFFFFF0CFFFFFFFF0CFFFFFFFF0C52000000071667656E657269635F7461675F6174747269625F6465660403000000040300000004FFFFFFFF071767656E657269635F7461675F6174747269625F6465662004
310
01000000040100000007013104000000000401000000042D0100000400000000110D046C6F6F700CFFFFFFFF04FFFFFFFF0CFFFFFFFF0C8C0000000C8D0000000C52000000110E05706C616E650D07737572666163650CFFFFFFFF04FFFFFFFF0CFFFFFFFF1300000000000000000000000000000000000000000000000014
310
00000000000000000000000000000000000000000000F03F140000000000002440000000000000000000000000000000000B0B0B0B0B110D046C6F6F700CFFFFFFFF04FFFFFFFF0CFFFFFFFF0C8E0000000C8F0000000C3D000000110D06636F656467650CFFFFFFFF04FFFFFFFF0CFFFFFFFF0C710000000C710000000C90
310
0000000C910000000B0C5500000004000000000CFFFFFFFF110E0D4154545249425F435553544F4D0D066174747269620CFFFFFFFF04FFFFFFFF0CFFFFFFFF0CFFFFFFFF0C58000000071667656E657269635F7461675F6174747269625F6465660403000000040300000004FFFFFFFF071767656E657269635F7461675F61
310
74747269625F64656620040100000004020000000702333704000000000401000000042D0100000400000000110D04666163650C9200000004FFFFFFFF0CFFFFFFFF0C930000000C940000000C060000000CFFFFFFFF0C950000000B0B110D046C6F6F700CFFFFFFFF04FFFFFFFF0CFFFFFFFF0CFFFFFFFF0C960000000C58
310
000000110E05706C616E650D07737572666163650CFFFFFFFF04FFFFFFFF0CFFFFFFFF13000000000000394000000000000040C00000000000000000140000000000000000000000000000F03F00000000000000001400000000000024C0000000000000000000000000000000000B0B0B0B0B110D06636F656467650C9700
310
000004FFFFFFFF0CFFFFFFFF0C980000000C990000000C9A0000000C9B0000000B0C5900000004000000000CFFFFFFFF110E0D4154545249425F435553544F4D0D066174747269620CFFFFFFFF04FFFFFFFF0CFFFFFFFF0CFFFFFFFF0C5B0000000711736B657463685F6174747269625F6465660401000000040100000004
310
03000000071632323920302034323934393637323935203020312031110D06636F656467650CFFFFFFFF04FFFFFFFF0CFFFFFFFF0C9C0000000C5B0000000C5E0000000C7F0000000B0C4100000004000000000CFFFFFFFF110D06636F656467650CFFFFFFFF04FFFFFFFF0CFFFFFFFF0C5B0000000C9C0000000C98000000
310
0C9D0000000A0C4100000004000000000CFFFFFFFF110D06636F656467650C9E00000004FFFFFFFF0CFFFFFFFF0C9A0000000C5F0000000C5B0000000C7B0000000A0C8200000004000000000CFFFFFFFF110D04656467650CFFFFFFFF04FFFFFFFF0CFFFFFFFF0C9F0000000600000000000000000C830000000698999999
310
9999D93F0C5B0000000CA00000000B0707756E6B6E6F776E110D06636F656467650CFFFFFFFF04FFFFFFFF0CFFFFFFFF0C5E0000000C5D0000000CA10000000CA20000000A0C2C00000004000000000CFFFFFFFF110D06636F656467650CFFFFFFFF04FFFFFFFF0CFFFFFFFF0C960000000CA30000000C5D0000000C7E0000
310
000A0C7400000004000000000CFFFFFFFF110D04656467650CFFFFFFFF04FFFFFFFF0CFFFFFFFF0C840000000600000000000000000CA4000000069A9999999999D93F0C7D0000000CA50000000B0707756E6B6E6F776E110D04656467650CFFFFFFFF04FFFFFFFF0CFFFFFFFF0C830000000600000000000000000CA60000
310
00069A9999999999D93F0C780000000CA70000000B0707756E6B6E6F776E110E0D4154545249425F435553544F4D0D066174747269620CFFFFFFFF04FFFFFFFF0CFFFFFFFF0CFFFFFFFF0C5F0000000711736B657463685F6174747269625F6465660401000000040100000004030000000716323330203020343239343936
310
37323935203020312031110D06636F656467650CA800000004FFFFFFFF0CFFFFFFFF0C5F0000000C9A0000000C960000000CA90000000A0C8200000004000000000CFFFFFFFF110D046C6F6F700CFFFFFFFF04FFFFFFFF0CFFFFFFFF0C870000000C810000000C52000000110D067665727465780CFFFFFFFF04FFFFFFFF0C
310
FFFFFFFF0C6000000004000000000CAA000000110D067665727465780CFFFFFFFF04FFFFFFFF0CFFFFFFFF0C6000000004010000000CAB000000110E0873747261696768740D0563757276650CFFFFFFFF04FFFFFFFF0CFFFFFFFF13000000000000394000000000000036C000000000000000001400000000000000000000
310
0000000024C000000000000000000A0600000000000000000A06000000000000F03F110E0D4154545249425F435553544F4D0D066174747269620CFFFFFFFF04FFFFFFFF0CFFFFFFFF0CFFFFFFFF0C620000000711736B657463685F6174747269625F64656604010000000401000000040300000007163136342030203432
310
3934393637323935203020312031110D046C6F6F700CFFFFFFFF04FFFFFFFF0CFFFFFFFF0C680000000C620000000C52000000110D067665727465780CFFFFFFFF04FFFFFFFF0CFFFFFFFF0C6300000004000000000CAC000000110E07656C6C697073650D0563757276650CFFFFFFFF04FFFFFFFF0CFFFFFFFF13A910B2DC
310
8F804E40993CFEE5688926C000000000000000001400000000000000800000000000000080000000000000F0BF14000000000000F43F0000000000000000000000000000000006000000000000F03F0B0B110D05706F696E740CFFFFFFFF04FFFFFFFF0CFFFFFFFF13A910B2DC8FE04D40993CFEE5688926C0000000000000
310
1040110D05706F696E740CFFFFFFFF04FFFFFFFF0CFFFFFFFF130C000000008027401C000000004050400000000000000000110D046C6F6F700CFFFFFFFF04FFFFFFFF0CFFFFFFFF0CAD0000000CAE0000000C52000000110D06636F656467650CAF00000004FFFFFFFF0CFFFFFFFF0C8D0000000C8D0000000CB00000000C
310
B10000000A0C6E00000004000000000CFFFFFFFF110D046C6F6F700CFFFFFFFF04FFFFFFFF0CFFFFFFFF0CB20000000CB30000000C3D000000110D06636F656467650CFFFFFFFF04FFFFFFFF0CFFFFFFFF0C8F0000000C8F0000000CB40000000CB50000000B0C7000000004000000000CFFFFFFFF110D06636F656467650C
310
FFFFFFFF04FFFFFFFF0CFFFFFFFF0C900000000C900000000C710000000C910000000A0CB600000004000000000CFFFFFFFF110D04656467650CFFFFFFFF04FFFFFFFF0CFFFFFFFF0CB700000006182D4454FB2109C00CB700000006182D4454FB2109400C900000000CB80000000B0707756E6B6E6F776E110E0D41545452
310
49425F435553544F4D0D066174747269620CFFFFFFFF04FFFFFFFF0CFFFFFFFF0CFFFFFFFF0C73000000071667656E657269635F7461675F6174747269625F6465660403000000040300000004FFFFFFFF071767656E657269635F7461675F6174747269625F64656620040100000004020000000702333604000000000401
310
000000042D0100000400000000110D04666163650CB900000004FFFFFFFF0CFFFFFFFF0CBA0000000CBB0000000C060000000CFFFFFFFF0CBC0000000B0B110D046C6F6F700CFFFFFFFF04FFFFFFFF0CFFFFFFFF0CFFFFFFFF0CBD0000000C73000000110E05706C616E650D07737572666163650CFFFFFFFF04FFFFFFFF0C
310
FFFFFFFF1300000000008038C000000000000036C00000000000000000140000000000000000000000000000F0BF0000000000000000140000000000002440000000000000000000000000000000000B0B0B0B0B110D06636F656467650CBE00000004FFFFFFFF0CFFFFFFFF0CBF0000000C7D0000000C810000000CA90000
310
000B0C7400000004000000000CFFFFFFFF110E0D4154545249425F435553544F4D0D066174747269620CFFFFFFFF04FFFFFFFF0CFFFFFFFF0CFFFFFFFF0C760000000711736B657463685F6174747269625F646566040100000004010000000403000000071632333220302034323934393637323935203020312031110D06
310
636F656467650CFFFFFFFF04FFFFFFFF0CFFFFFFFF0CC00000000C760000000C790000000C9D0000000B0C5900000004000000000CFFFFFFFF110D06636F656467650CFFFFFFFF04FFFFFFFF0CFFFFFFFF0C760000000CC00000000CBF0000000CC10000000A0C5900000004000000000CFFFFFFFF110D06636F656467650C
310
C200000004FFFFFFFF0CFFFFFFFF0C810000000C7A0000000C760000000C9B0000000A0C8200000004000000000CFFFFFFFF110D04656467650CFFFFFFFF04FFFFFFFF0CFFFFFFFF0CC30000000600000000000000000C9F00000006000000000000F03F0C760000000CC40000000B0707756E6B6E6F776E110D06636F6564
310
67650CFFFFFFFF04FFFFFFFF0CFFFFFFFF0C790000000C780000000CC50000000CC60000000A0C4100000004000000000CFFFFFFFF110D04656467650CFFFFFFFF04FFFFFFFF0CFFFFFFFF0C9F0000000600000000000000000CC7000000069A9999999999D93F0C980000000CC80000000B0707756E6B6E6F776E110E0D41
310
54545249425F435553544F4D0D066174747269620CFFFFFFFF04FFFFFFFF0CFFFFFFFF0CFFFFFFFF0C7A0000000711736B657463685F6174747269625F646566040100000004010000000403000000071632323920302034323934393637323935203020312031110D067665727465780CFFFFFFFF04FFFFFFFF0CFFFFFFFF
310
0C7B00000004000000000CC9000000110E0873747261696768740D0563757276650CFFFFFFFF04FFFFFFFF0CFFFFFFFF13000000000000354000000000000036C00000000000000000140000000000002440000000000000000000000000000000000A0600000000000000000A06989999999999D93F110D06636F65646765
310
0CFFFFFFFF04FFFFFFFF0CFFFFFFFF0CCA0000000CC50000000C7C0000000CA20000000B0CCB00000004000000000CFFFFFFFF110D04656467650CFFFFFFFF04FFFFFFFF0CFFFFFFFF0CA60000000600000000000000000CA400000006000000000000F03F0C7C0000000CCC0000000B0707756E6B6E6F776E110D06636F65
310
6467650CFFFFFFFF04FFFFFFFF0CFFFFFFFF0C7D0000000CBF0000000CCA0000000CCD0000000A0C7400000004000000000CFFFFFFFF110D067665727465780CFFFFFFFF04FFFFFFFF0CFFFFFFFF0C7E00000004010000000CCE000000110E0873747261696768740D0563757276650CFFFFFFFF04FFFFFFFF0CFFFFFFFF13
310
000000000000394000000000000040C00000000000000000140000000000000000000000000000000000000000000024400B0B110D067665727465780CFFFFFFFF04FFFFFFFF0CFFFFFFFF0CA200000004000000000CCF000000110E0873747261696768740D0563757276650CFFFFFFFF04FFFFFFFF0CFFFFFFFF13000000
310
000000394000000000000036C00000000000000000140000000000000000000000000000000000000000000024400B0B110E0D4154545249425F435553544F4D0D066174747269620CFFFFFFFF04FFFFFFFF0CFFFFFFFF0CFFFFFFFF0C810000000711736B657463685F6174747269625F6465660401000000040100000004
310
03000000071632333120302034323934393637323935203020312031110D04656467650CFFFFFFFF04FFFFFFFF0CFFFFFFFF0C840000000600000000000000000CC300000006989999999999D93F0C960000000CD00000000B0707756E6B6E6F776E110D05706F696E740CFFFFFFFF04FFFFFFFF0CFFFFFFFF130000000000
310
00394000000000000036C00000000000000000110D05706F696E740CFFFFFFFF04FFFFFFFF0CFFFFFFFF13000000000000394000000000000040C00000000000000000110D05706F696E740CFFFFFFFF04FFFFFFFF0CFFFFFFFF13A910B2DC8FE04D40993CFEE5688926C00000000000000000110D046C6F6F700CFFFFFFFF
310
04FFFFFFFF0CFFFFFFFF0CD10000000CD20000000C52000000110D06636F656467650CD300000004FFFFFFFF0CFFFFFFFF0CAE0000000CAE0000000CD40000000CD50000000A0C8C00000004000000000CFFFFFFFF110E0D4154545249425F435553544F4D0D066174747269620CFFFFFFFF04FFFFFFFF0CFFFFFFFF0CFFFF
310
FFFF0C8D0000000711736B657463685F6174747269625F646566040100000004010000000403000000071631333220302034323934393637323935203020312031110D06636F656467650CD600000004FFFFFFFF0CFFFFFFFF0CB00000000CB00000000C8D0000000CB10000000B0CD700000004000000000CFFFFFFFF110D
310
04656467650CFFFFFFFF04FFFFFFFF0CFFFFFFFF0CD800000006182D4454FB2109C00CD800000006182D4454FB2109400CB00000000CD90000000B0707756E6B6E6F776E110D046C6F6F700CFFFFFFFF04FFFFFFFF0CFFFFFFFF0CDA0000000CDB0000000C3D000000110D06636F656467650CFFFFFFFF04FFFFFFFF0CFFFF
310
FFFF0CB30000000CB30000000CDC0000000CDD0000000B0C8E00000004000000000CFFFFFFFF110D06636F656467650CFFFFFFFF04FFFFFFFF0CFFFFFFFF0CB40000000CB40000000C8F0000000CB50000000A0CDE00000004000000000CFFFFFFFF110D04656467650CFFFFFFFF04FFFFFFFF0CFFFFFFFF0CDF0000000618
310
2D4454FB2109C00CDF00000006182D4454FB2109400CB40000000CE00000000B0707756E6B6E6F776E110D046C6F6F700CFFFFFFFF04FFFFFFFF0CFFFFFFFF0CD70000000C900000000CE1000000110D067665727465780CFFFFFFFF04FFFFFFFF0CFFFFFFFF0C9100000004000000000CE2000000110E07656C6C69707365
310
0D0563757276650CFFFFFFFF04FFFFFFFF0CFFFFFFFF133333333333D353403333333333D313BD00000000000010401400000000000000800000000000000080000000000000F0BF1410000000000003400000000000000000000000000000000006000000000000F03F0B0B110E0D4154545249425F435553544F4D0D0661
310
74747269620CFFFFFFFF04FFFFFFFF0CFFFFFFFF0CFFFFFFFF0C93000000071667656E657269635F7461675F6174747269625F6465660403000000040300000004FFFFFFFF071767656E657269635F7461675F6174747269625F64656620040100000004020000000702333504000000000401000000042D01000004000000
310
00110D04666163650CE300000004FFFFFFFF0CFFFFFFFF0CE40000000CE50000000C060000000CFFFFFFFF0CE60000000B0B110D046C6F6F700CFFFFFFFF04FFFFFFFF0CFFFFFFFF0CFFFFFFFF0CE70000000C93000000110E05706C616E650D07737572666163650CFFFFFFFF04FFFFFFFF0CFFFFFFFF1300000000008038
310
C000000000000040C0000000000000000014000000000000F03F00000000000000000000000000000000140000000000000000000000000000244000000000000000000B0B0B0B0B110D06636F656467650CE800000004FFFFFFFF0CFFFFFFFF0CE90000000CEA0000000CEB0000000CEC0000000B0C940000000400000000
310
0CFFFFFFFF110E0D4154545249425F435553544F4D0D066174747269620CFFFFFFFF04FFFFFFFF0CFFFFFFFF0CFFFFFFFF0C960000000711736B657463685F6174747269625F646566040100000004010000000403000000071632333120302034323934393637323935203020312031110D06636F656467650CFFFFFFFF04
310
FFFFFFFF0CFFFFFFFF0CA30000000C960000000C990000000CC10000000B0C7400000004000000000CFFFFFFFF110D06636F656467650CFFFFFFFF04FFFFFFFF0CFFFFFFFF0C990000000C980000000CED0000000CEE0000000A0C5900000004000000000CFFFFFFFF110D04656467650CFFFFFFFF04FFFFFFFF0CFFFFFFFF
310
0CC30000000600000000000000000CEF000000069A9999999999D93F0CBF0000000CF00000000B0707756E6B6E6F776E110E0D4154545249425F435553544F4D0D066174747269620CFFFFFFFF04FFFFFFFF0CFFFFFFFF0CFFFFFFFF0C9A0000000711736B657463685F6174747269625F6465660401000000040100000004
310
03000000071632333220302034323934393637323935203020312031110D067665727465780CFFFFFFFF04FFFFFFFF0CFFFFFFFF0C9B00000004000000000CF1000000110E0873747261696768740D0563757276650CFFFFFFFF04FFFFFFFF0CFFFFFFFF13000000000000354000000000000040C000000000000000001400
310
00000000000000000000000000244000000000000000000A0600000000000000000A06000000000000F03F110D06636F656467650CFFFFFFFF04FFFFFFFF0CFFFFFFFF0CA10000000CED0000000C9C0000000CC60000000B0CCB00000004000000000CFFFFFFFF110D04656467650CFFFFFFFF04FFFFFFFF0CFFFFFFFF0CC7
310
0000000600000000000000000CA600000006989999999999D93F0C9C0000000CF20000000B0707756E6B6E6F776E110D067665727465780CFFFFFFFF04FFFFFFFF0CFFFFFFFF0CC600000004000000000CF3000000110E0873747261696768740D0563757276650CFFFFFFFF04FFFFFFFF0CFFFFFFFF130000000000003540
310
00000000000036C00000000000000000140000000000000000000000000000000000000000000024400B0B110D05706F696E740CFFFFFFFF04FFFFFFFF0CFFFFFFFF13000000000000354000000000000036C00000000000000000110D06636F656467650CFFFFFFFF04FFFFFFFF0CFFFFFFFF0CED0000000CA10000000CA3
310
0000000CCD0000000B0CCB00000004000000000CFFFFFFFF110D046C6F6F700CFFFFFFFF04FFFFFFFF0CFFFFFFFF0C640000000CCA0000000C3D000000110E0873747261696768740D0563757276650CFFFFFFFF04FFFFFFFF0CFFFFFFFF13000000000000394000000000000036C000000000000010401400000000000000
310
0000000000000024C000000000000000000B0B110D04656467650CFFFFFFFF04FFFFFFFF0CFFFFFFFF0CA40000000600000000000000000CEF00000006989999999999D93F0CA30000000CF40000000B0707756E6B6E6F776E110D05706F696E740CFFFFFFFF04FFFFFFFF0CFFFFFFFF130000000000003940000000000000
310
40C00000000000001040110D05706F696E740CFFFFFFFF04FFFFFFFF0CFFFFFFFF13000000000000394000000000000036C00000000000001040110E0873747261696768740D0563757276650CFFFFFFFF04FFFFFFFF0CFFFFFFFF13000000000000394000000000000040C000000000000000001400000000000024C00000
310
00000000000000000000000000000A0600000000000000000A06989999999999D93F110D046C6F6F700CFFFFFFFF04FFFFFFFF0CFFFFFFFF0CF50000000CF60000000C52000000110D06636F656467650CF700000004FFFFFFFF0CFFFFFFFF0CD20000000CD20000000CF80000000CF90000000A0CAD00000004000000000C
310
FFFFFFFF110E0D4154545249425F435553544F4D0D066174747269620CFFFFFFFF04FFFFFFFF0CFFFFFFFF0CFFFFFFFF0CAE0000000711736B657463685F6174747269625F646566040100000004010000000403000000071631313520302034323934393637323935203020312031110D06636F656467650CFA00000004FF
310
FFFFFF0CFFFFFFFF0CD40000000CD40000000CAE0000000CD50000000B0CFB00000004000000000CFFFFFFFF110D04656467650CFFFFFFFF04FFFFFFFF0CFFFFFFFF0CFC00000006182D4454FB2109C00CFC00000006182D4454FB2109400CD40000000CFD0000000B0707756E6B6E6F776E110E0D4154545249425F435553
310
544F4D0D066174747269620CFFFFFFFF04FFFFFFFF0CFFFFFFFF0CFFFFFFFF0CB00000000711736B657463685F6174747269625F646566040100000004010000000403000000071631333220302034323934393637323935203020312031110D046C6F6F700CFFFFFFFF04FFFFFFFF0CFFFFFFFF0CFFFFFFFF0CB00000000C
310
E1000000110D067665727465780CFFFFFFFF04FFFFFFFF0CFFFFFFFF0CB100000004000000000CFE000000110E07656C6C697073650D0563757276650CFFFFFFFF04FFFFFFFF0CFFFFFFFF133333333333D353403333333333D313BD00000000000000001400000000000000800000000000000080000000000000F0BF1410
310
000000000003400000000000000000000000000000000006000000000000F03F0B0B110D046C6F6F700CFFFFFFFF04FFFFFFFF0CFFFFFFFF0CFF0000000C000100000C3D000000110D06636F656467650CFFFFFFFF04FFFFFFFF0CFFFFFFFF0CDB0000000CDB0000000C010100000C020100000B0CB200000004000000000C
310
FFFFFFFF110D06636F656467650CFFFFFFFF04FFFFFFFF0CFFFFFFFF0CDC0000000CDC0000000CB30000000CDD0000000A0C0301000004000000000CFFFFFFFF110D04656467650CFFFFFFFF04FFFFFFFF0CFFFFFFFF0C0401000006182D4454FB2109C00C0401000006182D4454FB2109400CDC0000000C050100000B0707
310
756E6B6E6F776E110D046C6F6F700CFFFFFFFF04FFFFFFFF0CFFFFFFFF0CFB0000000CB40000000C06010000110D067665727465780CFFFFFFFF04FFFFFFFF0CFFFFFFFF0CB500000004000000000C07010000110E07656C6C697073650D0563757276650CFFFFFFFF04FFFFFFFF0CFFFFFFFF13778852DBA78C4CC0758852
310
DBA78C4C4000000000000010401400000000000000800000000000000080000000000000F0BF14000000000000F43F0000000000000000000000000000000006000000000000F03F0B0B110D04666163650C0801000004FFFFFFFF0CFFFFFFFF0C090100000CB60000000C060000000CFFFFFFFF0C0A0100000B0B110D0570
310
6F696E740CFFFFFFFF04FFFFFFFF0CFFFFFFFF1332333333333B5340E9D3A568082714BD0000000000001040110E0D4154545249425F435553544F4D0D066174747269620CFFFFFFFF04FFFFFFFF0CFFFFFFFF0CFFFFFFFF0CBA000000071667656E657269635F7461675F6174747269625F64656604030000000403000000
310
04FFFFFFFF071767656E657269635F7461675F6174747269625F64656620040100000004020000000702333404000000000401000000042D0100000400000000110D04666163650C0B01000004FFFFFFFF0CFFFFFFFF0C0C0100000C0D0100000C060000000CFFFFFFFF0C0E0100000B0B110D046C6F6F700CFFFFFFFF04FF
310
FFFFFF0CFFFFFFFF0CFFFFFFFF0C0F0100000CBA000000110E05706C616E650D07737572666163650CFFFFFFFF04FFFFFFFF0CFFFFFFFF1301000000008034C000000000000040C00000000000000000140000000000000000000000000000F03F00000000000000001400000000000024C000000000000000800000000000
310
0000800B0B0B0B0B110D06636F656467650C1001000004FFFFFFFF0CFFFFFFFF0C110100000C120100000C130100000C140100000B0CBB00000004000000000CFFFFFFFF110E0D4154545249425F435553544F4D0D066174747269620CFFFFFFFF04FFFFFFFF0CFFFFFFFF0CFFFFFFFF0CBD0000000711736B657463685F61
310
74747269625F646566040100000004010000000403000000071632333820302034323934393637323935203020312031110D06636F656467650CFFFFFFFF04FFFFFFFF0CFFFFFFFF0C150100000CBD0000000C160100000C170100000B0C9400000004000000000CFFFFFFFF110D06636F656467650CFFFFFFFF04FFFFFFFF
310
0CFFFFFFFF0CBD0000000C150100000C110100000C180100000A0C9400000004000000000CFFFFFFFF110D06636F656467650C1901000004FFFFFFFF0CFFFFFFFF0C130100000C1A0100000CBD0000000CEC0000000A0C1B01000004000000000CFFFFFFFF110D04656467650CFFFFFFFF04FFFFFFFF0CFFFFFFFF0C1C0100
310
0006989999999999D9BF0C1D0100000600000000000000000CBD0000000C1E0100000B0707756E6B6E6F776E110D06636F656467650CFFFFFFFF04FFFFFFFF0CFFFFFFFF0CC50000000CCA0000000CC00000000CEE0000000B0CCB00000004000000000CFFFFFFFF110D04656467650CFFFFFFFF04FFFFFFFF0CFFFFFFFF0C
310
EF0000000600000000000000000CC700000006000000000000F03F0CC00000000C1F0100000B0707756E6B6E6F776E110D067665727465780CFFFFFFFF04FFFFFFFF0CFFFFFFFF0CEE00000004000000000C20010000110E0873747261696768740D0563757276650CFFFFFFFF04FFFFFFFF0CFFFFFFFF1300000000000035
310
4000000000000040C00000000000000000140000000000000000000000000000000000000000000024400B0B110D05706F696E740CFFFFFFFF04FFFFFFFF0CFFFFFFFF13000000000000354000000000000040C00000000000000000110E0873747261696768740D0563757276650CFFFFFFFF04FFFFFFFF0CFFFFFFFF1300
310
0000000000354000000000000036C00000000000001040140000000000002440000000000000000000000000000000000B0B110D05706F696E740CFFFFFFFF04FFFFFFFF0CFFFFFFFF13FFFFFFFFFFFF344000000000000036C00000000000001040110E0873747261696768740D0563757276650CFFFFFFFF04FFFFFFFF0C
310
FFFFFFFF13000000000000394000000000000040C000000000000010401400000000000024C0000000000000000000000000000000000B0B110D046C6F6F700CFFFFFFFF04FFFFFFFF0CFFFFFFFF0C210100000C220100000C52000000110D06636F656467650C2301000004FFFFFFFF0CFFFFFFFF0CF60000000CF6000000
310
0C240100000C250100000A0CD100000004000000000CFFFFFFFF110E0D4154545249425F435553544F4D0D066174747269620CFFFFFFFF04FFFFFFFF0CFFFFFFFF0CFFFFFFFF0CD20000000711736B657463685F6174747269625F646566040100000004010000000403000000071632303320302034323934393637323935
310
203020312031110D06636F656467650C2601000004FFFFFFFF0CFFFFFFFF0CF80000000CF80000000CD20000000CF90000000B0C2701000004000000000CFFFFFFFF110D04656467650CFFFFFFFF04FFFFFFFF0CFFFFFFFF0C2801000006182D4454FB2109C00C2801000006182D4454FB2109400CF80000000C290100000B
310
0707756E6B6E6F776E110E0D4154545249425F435553544F4D0D066174747269620CFFFFFFFF04FFFFFFFF0CFFFFFFFF0CFFFFFFFF0CD40000000711736B657463685F6174747269625F646566040100000004010000000403000000071631313520302034323934393637323935203020312031110D046C6F6F700CFFFFFF
310
FF04FFFFFFFF0CFFFFFFFF0CFFFFFFFF0CD40000000C06010000110D067665727465780CFFFFFFFF04FFFFFFFF0CFFFFFFFF0CD500000004000000000C2A010000110E07656C6C697073650D0563757276650CFFFFFFFF04FFFFFFFF0CFFFFFFFF13778852DBA78C4CC0758852DBA78C4C4000000000000000001400000000
310
000000800000000000000080000000000000F0BF14000000000000F43F0000000000000000000000000000000006000000000000F03F0B0B110D05706F696E740CFFFFFFFF04FFFFFFFF0CFFFFFFFF1332333333333B5340E9D3A568082714BD0000000000000000110D046C6F6F700CFFFFFFFF04FFFFFFFF0CFFFFFFFF0C
310
2B0100000C2C0100000C3D000000110D06636F656467650CFFFFFFFF04FFFFFFFF0CFFFFFFFF0C000100000C000100000C2D0100000C2E0100000B0CDA00000004000000000CFFFFFFFF110D06636F656467650CFFFFFFFF04FFFFFFFF0CFFFFFFFF0C010100000C010100000CDB0000000C020100000A0C2F010000040000
310
00000CFFFFFFFF110D04656467650CFFFFFFFF04FFFFFFFF0CFFFFFFFF0C3001000006182D4454FB2109C00C3001000006182D4454FB2109400C010100000C310100000B0707756E6B6E6F776E110D046C6F6F700CFFFFFFFF04FFFFFFFF0CFFFFFFFF0C270100000CDC0000000C32010000110D067665727465780CFFFFFF
310
FF04FFFFFFFF0CFFFFFFFF0CDD00000004000000000C33010000110E07656C6C697073650D0563757276650CFFFFFFFF04FFFFFFFF0CFFFFFFFF135F1B13A2114244C0D5D3DF546DE6F43F00000000000010401400000000000000800000000000000080000000000000F0BF14000000000000F43F00000000000000000000
310
00000000000006000000000000F03F0B0B110D04666163650C3401000004FFFFFFFF0CFFFFFFFF0CE10000000CDE0000000C060000000CFFFFFFFF0C350100000B0B110D05706F696E740CFFFFFFFF04FFFFFFFF0CFFFFFFFF13768852DBA72C4DC0758852DBA78C4C400000000000001040110E0D4154545249425F435553
310
544F4D0D066174747269620CFFFFFFFF04FFFFFFFF0CFFFFFFFF0CFFFFFFFF0CE1000000071667656E657269635F7461675F6174747269625F6465660403000000040300000004FFFFFFFF071767656E657269635F7461675F6174747269625F646566200401000000040100000007013404000000000401000000042D0100
310
000400000000110D04666163650C3601000004FFFFFFFF0CFFFFFFFF0C3D0000000C370100000C060000000CFFFFFFFF0C380100000B0B110E04636F6E650D07737572666163650CFFFFFFFF04FFFFFFFF0CFFFFFFFF133333333333D353403333333333D313BD000000000000000014000000000000000000000000000000
310
00000000000000F03F1410000000000003400000000000000000000000000000000006000000000000F03F0B0B06000000000000000006000000000000F0BF0610000000000003400B0B0B0B0B110E0D4154545249425F435553544F4D0D066174747269620CFFFFFFFF04FFFFFFFF0CFFFFFFFF0CFFFFFFFF0CE400000007
310
1667656E657269635F7461675F6174747269625F6465660403000000040300000004FFFFFFFF071767656E657269635F7461675F6174747269625F64656620040100000004020000000702333304000000000401000000042D0100000400000000110D04666163650C3901000004FFFFFFFF0CFFFFFFFF0C3A0100000C3B01
310
00000C060000000CFFFFFFFF0C3C0100000B0B110D046C6F6F700CFFFFFFFF04FFFFFFFF0CFFFFFFFF0CFFFFFFFF0C3D0100000CE4000000110E05706C616E650D07737572666163650CFFFFFFFF04FFFFFFFF0CFFFFFFFF1301000000008034C000000000000036C0000000000000000014000000000000F0BF0000000000
310
000000000000000000000014000000000000008000000000000024C000000000000000800B0B0B0B0B110D06636F656467650C3E01000004FFFFFFFF0CFFFFFFFF0C3F0100000C400100000C410100000C420100000B0CE500000004000000000CFFFFFFFF110E0D4154545249425F435553544F4D0D066174747269620CFF
310
FFFFFF04FFFFFFFF0CFFFFFFFF0CFFFFFFFF0CE70000000711736B657463685F6174747269625F646566040100000004010000000403000000071632333920302034323934393637323935203020312031110D06636F656467650CFFFFFFFF04FFFFFFFF0CFFFFFFFF0C430100000CE70000000CEA0000000C180100000B0C
310
BB00000004000000000CFFFFFFFF110D06636F656467650CFFFFFFFF04FFFFFFFF0CFFFFFFFF0CE70000000C430100000C3F0100000C440100000A0CBB00000004000000000CFFFFFFFF110D06636F656467650C4501000004FFFFFFFF0CFFFFFFFF0C410100000CEB0000000CE70000000C140100000A0C1B010000040000
310
00000CFFFFFFFF110D04656467650CFFFFFFFF04FFFFFFFF0CFFFFFFFF0C4601000006000000000000F0BF0C1C0100000600000000000000000CE70000000C470100000B0707756E6B6E6F776E110D06636F656467650CFFFFFFFF04FFFFFFFF0CFFFFFFFF0CEA0000000CE90000000C480100000C490100000A0C94000000
310
04000000000CFFFFFFFF110D06636F656467650CFFFFFFFF04FFFFFFFF0CFFFFFFFF0C3D0100000C4A0100000CE90000000C170100000A0C0D01000004000000000CFFFFFFFF110D04656467650CFFFFFFFF04FFFFFFFF0CFFFFFFFF0C1D0100000600000000000000000C4B010000069A9999999999D93F0C160100000C4C
310
0100000B0707756E6B6E6F776E110D04656467650CFFFFFFFF04FFFFFFFF0CFFFFFFFF0C1C0100000600000000000000000C4D010000069A9999999999D93F0C110100000C4E0100000B0707756E6B6E6F776E110E0D4154545249425F435553544F4D0D066174747269620CFFFFFFFF04FFFFFFFF0CFFFFFFFF0CFFFFFFFF
310
0CEB0000000711736B657463685F6174747269625F646566040100000004010000000403000000071632333820302034323934393637323935203020312031110D06636F656467650C4F01000004FFFFFFFF0CFFFFFFFF0CEB0000000C410100000C3D0100000C500100000A0C1B01000004000000000CFFFFFFFF110D046C
310
6F6F700CFFFFFFFF04FFFFFFFF0CFFFFFFFF0C820000000C1A0100000C52000000110D067665727465780CFFFFFFFF04FFFFFFFF0CFFFFFFFF0CEC00000004000000000C51010000110D067665727465780CFFFFFFFF04FFFFFFFF0CFFFFFFFF0CEC00000004010000000C52010000110E0873747261696768740D05637572
310
76650CFFFFFFFF04FFFFFFFF0CFFFFFFFF1301000000008034C000000000000036C00000000000000000140000000000002440000000000000000000000000000000000A06989999999999D9BF0A060000000000000080110E0873747261696768740D0563757276650CFFFFFFFF04FFFFFFFF0CFFFFFFFF13000000000000
310
354000000000000040C00000000000001040140000000000000000000000000000244000000000000000000B0B110D05706F696E740CFFFFFFFF04FFFFFFFF0CFFFFFFFF13FFFFFFFFFFFF344000000000000040C00000000000001040110D046C6F6F700CFFFFFFFF04FFFFFFFF0CFFFFFFFF0C530100000C540100000C52
310
000000110D06636F656467650C5501000004FFFFFFFF0CFFFFFFFF0C220100000C220100000C560100000C570100000A0CF500000004000000000CFFFFFFFF110E0D4154545249425F435553544F4D0D066174747269620CFFFFFFFF04FFFFFFFF0CFFFFFFFF0CFFFFFFFF0CF60000000711736B657463685F617474726962
310
5F646566040100000004010000000403000000071631353620302034323934393637323935203020312031110D06636F656467650C5801000004FFFFFFFF0CFFFFFFFF0C240100000C240100000CF60000000C250100000B0C5901000004000000000CFFFFFFFF110D04656467650CFFFFFFFF04FFFFFFFF0CFFFFFFFF0C5A
310
01000006182D4454FB2109C00C5A01000006182D4454FB2109400C240100000C5B0100000B0707756E6B6E6F776E110E0D4154545249425F435553544F4D0D066174747269620CFFFFFFFF04FFFFFFFF0CFFFFFFFF0CFFFFFFFF0CF80000000711736B657463685F6174747269625F64656604010000000401000000040300
310
0000071632303320302034323934393637323935203020312031110D046C6F6F700CFFFFFFFF04FFFFFFFF0CFFFFFFFF0CFFFFFFFF0CF80000000C32010000110D067665727465780CFFFFFFFF04FFFFFFFF0CFFFFFFFF0CF900000004000000000C5C010000110E07656C6C697073650D0563757276650CFFFFFFFF04FFFF
310
FFFF0CFFFFFFFF135F1B13A2114244C0D5D3DF546DE6F43F00000000000000001400000000000000800000000000000080000000000000F0BF14000000000000F43F0000000000000000000000000000000006000000000000F03F0B0B110D05706F696E740CFFFFFFFF04FFFFFFFF0CFFFFFFFF13778852DBA72C4DC07588
310
52DBA78C4C400000000000000000110D046C6F6F700CFFFFFFFF04FFFFFFFF0CFFFFFFFF0C5D0100000C5E0100000C3D000000110D06636F656467650CFFFFFFFF04FFFFFFFF0CFFFFFFFF0C2C0100000C2C0100000C5F0100000C600100000B0CFF00000004000000000CFFFFFFFF110D06636F656467650CFFFFFFFF04FF
310
FFFFFF0CFFFFFFFF0C2D0100000C2D0100000C000100000C2E0100000A0C6101000004000000000CFFFFFFFF110D04656467650CFFFFFFFF04FFFFFFFF0CFFFFFFFF0C6201000006182D4454FB2109C00C6201000006182D4454FB2109400C2D0100000C630100000B0707756E6B6E6F776E110D046C6F6F700CFFFFFFFF04
310
FFFFFFFF0CFFFFFFFF0C590100000C010100000C64010000110D067665727465780CFFFFFFFF04FFFFFFFF0CFFFFFFFF0C0201000004000000000C65010000110E07656C6C697073650D0563757276650CFFFFFFFF04FFFFFFFF0CFFFFFFFF13A910B2DC8F004140268F7F395AA244C0000000000000104014000000000000
310
00800000000000000080000000000000F0BF14ECFFFFFFFFFFF33F0000000000000000000000000000000006000000000000F03F0B0B110D04666163650C6601000004FFFFFFFF0CFFFFFFFF0C060100000C030100000C060000000CFFFFFFFF0C670100000B0B110D05706F696E740CFFFFFFFF04FFFFFFFF0CFFFFFFFF13
310
5E1B13A211E244C0D4D3DF546DE6F43F0000000000001040110E0D4154545249425F435553544F4D0D066174747269620CFFFFFFFF04FFFFFFFF0CFFFFFFFF0CFFFFFFFF0C06010000071667656E657269635F7461675F6174747269625F6465660403000000040300000004FFFFFFFF071767656E657269635F7461675F61
310
74747269625F646566200401000000040100000007013504000000000401000000042D0100000400000000110E04636F6E650D07737572666163650CFFFFFFFF04FFFFFFFF0CFFFFFFFF13778852DBA78C4CC0758852DBA78C4C4000000000000000001400000000000000000000000000000000000000000000F03F140000
310
00000000F43F0000000000000000000000000000000006000000000000F03F0B0B06000000000000000006000000000000F0BF06000000000000F43F0B0B0B0B0B110E0D4154545249425F435553544F4D0D066174747269620CFFFFFFFF04FFFFFFFF0CFFFFFFFF0CFFFFFFFF0C09010000071667656E657269635F746167
310
5F6174747269625F6465660403000000040300000004FFFFFFFF071767656E657269635F7461675F6174747269625F646566200401000000040100000007013304000000000401000000042D0100000400000000110D046C6F6F700CFFFFFFFF04FFFFFFFF0CFFFFFFFF0C680100000C690100000C09010000110E04636F6E
310
650D07737572666163650CFFFFFFFF04FFFFFFFF0CFFFFFFFF130000000000000000000000000000000000000000000000001400000000000000000000000000000000000000000000F03F1400000000004055400000000000000000000000000000000006000000000000F03F0B0B06000000000000000006000000000000
310
F03F0600000000004055400B0B0B0B0B110E0D4154545249425F435553544F4D0D066174747269620CFFFFFFFF04FFFFFFFF0CFFFFFFFF0CFFFFFFFF0C0C010000071667656E657269635F7461675F6174747269625F6465660403000000040300000004FFFFFFFF071767656E657269635F7461675F6174747269625F6465
310
6620040100000004020000000702333204000000000401000000042D0100000400000000110D04666163650C6A01000004FFFFFFFF0CFFFFFFFF0C6B0100000C6C0100000C060000000CFFFFFFFF0C6D0100000B0B110D046C6F6F700CFFFFFFFF04FFFFFFFF0CFFFFFFFF0C6E0100000C6F0100000C0C010000110E04636F
310
6E650D07737572666163650CFFFFFFFF04FFFFFFFF0CFFFFFFFF133433333333D353C03333333333D313BD00000000000000001400000000000000000000000000000000000000000000F03F14FCFFFFFFFFFF02400000000000000000000000000000000006000000000000F03F0B0B060000000000000000060000000000
310
00F0BF06FCFFFFFFFFFF02400B0B0B0B0B110D06636F656467650C7001000004FFFFFFFF0CFFFFFFFF0C710100000C160100000C1A0100000C500100000B0C0D01000004000000000CFFFFFFFF110E0D4154545249425F435553544F4D0D066174747269620CFFFFFFFF04FFFFFFFF0CFFFFFFFF0CFFFFFFFF0C0F01000007
310
11736B657463685F6174747269625F646566040100000004010000000403000000071632343020302034323934393637323935203020312031110D06636F656467650CFFFFFFFF04FFFFFFFF0CFFFFFFFF0C720100000C0F0100000C120100000C440100000B0CE500000004000000000CFFFFFFFF110D06636F656467650C
310
FFFFFFFF04FFFFFFFF0CFFFFFFFF0C0F0100000C720100000C710100000C730100000A0CE500000004000000000CFFFFFFFF110D06636F656467650C7401000004FFFFFFFF0CFFFFFFFF0C1A0100000C130100000C0F0100000C420100000A0C1B01000004000000000CFFFFFFFF110D04656467650CFFFFFFFF04FFFFFFFF
310
0CFFFFFFFF0C7501000006989999999999D9BF0C460100000600000000000000800C0F0100000C760100000B0707756E6B6E6F776E110D06636F656467650CFFFFFFFF04FFFFFFFF0CFFFFFFFF0C120100000C110100000C770100000C780100000A0CBB00000004000000000CFFFFFFFF110D04656467650CFFFFFFFF04FF
310
FFFFFF0CFFFFFFFF0C460100000600000000000000000C79010000069A9999999999D93F0C3F0100000C7A0100000B0707756E6B6E6F776E110E0D4154545249425F435553544F4D0D066174747269620CFFFFFFFF04FFFFFFFF0CFFFFFFFF0CFFFFFFFF0C130100000711736B657463685F6174747269625F646566040100
310
000004010000000403000000071632333920302034323934393637323935203020312031110D067665727465780CFFFFFFFF04FFFFFFFF0CFFFFFFFF0C1401000004000000000C7B010000110E0873747261696768740D0563757276650CFFFFFFFF04FFFFFFFF0CFFFFFFFF1300000000008038C000000000000036C00000
310
000000000000140000000000000000000000000000244000000000000000000A06000000000000F0BF0A060000000000000080110D06636F656467650CFFFFFFFF04FFFFFFFF0CFFFFFFFF0C7C0100000C770100000C150100000C490100000B0C7D01000004000000000CFFFFFFFF110D04656467650CFFFFFFFF04FFFFFF
310
FF0CFFFFFFFF0C4D01000006989999999999D9BF0C4B0100000600000000000000800C150100000C7E0100000B0707756E6B6E6F776E110D06636F656467650CFFFFFFFF04FFFFFFFF0CFFFFFFFF0C160100000C710100000C7C0100000C7F0100000A0C0D01000004000000000CFFFFFFFF110D067665727465780CFFFFFF
310
FF04FFFFFFFF0CFFFFFFFF0C1701000004010000000C80010000110E0873747261696768740D0563757276650CFFFFFFFF04FFFFFFFF0CFFFFFFFF1301000000008034C000000000000036C00000000000000000140000000000000000000000000000000000000000000024400B0B110D067665727465780CFFFFFFFF04FF
310
FFFFFF0CFFFFFFFF0C4901000004000000000C81010000110E0873747261696768740D0563757276650CFFFFFFFF04FFFFFFFF0CFFFFFFFF1300000000008038C000000000000036C00000000000000000140000000000000000000000000000000000000000000024400B0B110E0D4154545249425F435553544F4D0D0661
310
74747269620CFFFFFFFF04FFFFFFFF0CFFFFFFFF0CFFFFFFFF0C1A0100000711736B657463685F6174747269625F646566040100000004010000000403000000071632343120302034323934393637323935203020312031110D04656467650CFFFFFFFF04FFFFFFFF0CFFFFFFFF0C1D01000006000000000000F0BF0C7501
310
00000600000000000000800C3D0100000C820100000B0707756E6B6E6F776E110D05706F696E740CFFFFFFFF04FFFFFFFF0CFFFFFFFF1300000000008038C000000000000036C00000000000000000110D05706F696E740CFFFFFFFF04FFFFFFFF0CFFFFFFFF1301000000008034C000000000000036C00000000000000000
310
110D046C6F6F700CFFFFFFFF04FFFFFFFF0CFFFFFFFF0C830100000C840100000C52000000110D06636F656467650C8501000004FFFFFFFF0CFFFFFFFF0C540100000C540100000C860100000C870100000A0C2101000004000000000CFFFFFFFF110E0D4154545249425F435553544F4D0D066174747269620CFFFFFFFF04
310
FFFFFFFF0CFFFFFFFF0CFFFFFFFF0C220100000711736B657463685F6174747269625F646566040100000004010000000403000000071631363020302034323934393637323935203020312031110D06636F656467650C8801000004FFFFFFFF0CFFFFFFFF0C560100000C560100000C220100000C570100000B0C89010000
310
04000000000CFFFFFFFF110D04656467650CFFFFFFFF04FFFFFFFF0CFFFFFFFF0C8A01000006182D4454FB2109C00C8A01000006182D4454FB2109400C560100000C8B0100000B0707756E6B6E6F776E110E0D4154545249425F435553544F4D0D066174747269620CFFFFFFFF04FFFFFFFF0CFFFFFFFF0CFFFFFFFF0C2401
310
00000711736B657463685F6174747269625F646566040100000004010000000403000000071631353620302034323934393637323935203020312031110D046C6F6F700CFFFFFFFF04FFFFFFFF0CFFFFFFFF0CFFFFFFFF0C240100000C64010000110D067665727465780CFFFFFFFF04FFFFFFFF0CFFFFFFFF0C2501000004
310
000000000C8C010000110E07656C6C697073650D0563757276650CFFFFFFFF04FFFFFFFF0CFFFFFFFF13A910B2DC8F004140268F7F395AA244C000000000000000001400000000000000800000000000000080000000000000F0BF14ECFFFFFFFFFFF33F0000000000000000000000000000000006000000000000F03F0B0B
310
110D05706F696E740CFFFFFFFF04FFFFFFFF0CFFFFFFFF135F1B13A211E244C0D4D3DF546DE6F43F0000000000000000110D046C6F6F700CFFFFFFFF04FFFFFFFF0CFFFFFFFF0C8D0100000C8E0100000C3D000000110D06636F656467650CFFFFFFFF04FFFFFFFF0CFFFFFFFF0C5E0100000C5E0100000C8F0100000C9001
310
00000B0C2B01000004000000000CFFFFFFFF110D06636F656467650CFFFFFFFF04FFFFFFFF0CFFFFFFFF0C5F0100000C5F0100000C2C0100000C600100000A0C9101000004000000000CFFFFFFFF110D04656467650CFFFFFFFF04FFFFFFFF0CFFFFFFFF0C9201000006182D4454FB2109C00C9201000006182D4454FB2109
310
400C5F0100000C930100000B0707756E6B6E6F776E110D046C6F6F700CFFFFFFFF04FFFFFFFF0CFFFFFFFF0C890100000C2D0100000C94010000110D067665727465780CFFFFFFFF04FFFFFFFF0CFFFFFFFF0C2E01000004000000000C95010000110E07656C6C697073650D0563757276650CFFFFFFFF04FFFFFFFF0CFFFF
310
FFFF13A810B2DC8F0041409A3CFEE5688926C000000000000010401400000000000000800000000000000080000000000000F0BF14000000000000F43F0000000000000000000000000000000006000000000000F03F0B0B110D04666163650C9601000004FFFFFFFF0CFFFFFFFF0C320100000C2F0100000C060000000CFF
310
FFFFFF0C970100000B0B110D05706F696E740CFFFFFFFF04FFFFFFFF0CFFFFFFFF13AA10B2DC8F604040268F7F395AA244C00000000000001040110E0D4154545249425F435553544F4D0D066174747269620CFFFFFFFF04FFFFFFFF0CFFFFFFFF0CFFFFFFFF0C32010000071667656E657269635F7461675F617474726962
310
5F6465660403000000040300000004FFFFFFFF071767656E657269635F7461675F6174747269625F646566200401000000040100000007013604000000000401000000042D0100000400000000110E04636F6E650D07737572666163650CFFFFFFFF04FFFFFFFF0CFFFFFFFF135F1B13A2114244C0D5D3DF546DE6F43F0000
310
0000000000001400000000000000000000000000000000000000000000F03F14000000000000F43F0000000000000000000000000000000006000000000000F03F0B0B06000000000000000006000000000000F0BF06000000000000F43F0B0B0B0B0B110D046C6F6F700CFFFFFFFF04FFFFFFFF0CFFFFFFFF0CFFFFFFFF0C
310
980100000C09010000110D06636F656467650CFFFFFFFF04FFFFFFFF0CFFFFFFFF0C690100000C690100000C990100000C9A0100000A0C3701000004000000000CFFFFFFFF110E0D4154545249425F435553544F4D0D066174747269620CFFFFFFFF04FFFFFFFF0CFFFFFFFF0CFFFFFFFF0C3A010000071667656E65726963
310
5F7461675F6174747269625F6465660403000000040300000004FFFFFFFF071767656E657269635F7461675F6174747269625F64656620040100000004020000000702333104000000000401000000042D0100000400000000110D04666163650C9B01000004FFFFFFFF0CFFFFFFFF0C9C0100000C9D0100000C060000000C
310
FFFFFFFF0C9E0100000B0B110D046C6F6F700CFFFFFFFF04FFFFFFFF0CFFFFFFFF0C9F0100000CA00100000C3A010000110E04636F6E650D07737572666163650CFFFFFFFF04FFFFFFFF0CFFFFFFFF13621B13A2114244C035FD4DD5664E3C4000000000000000001400000000000000000000000000000000000000000000
310
F03F14ECFFFFFFFFFFF33F0000000000000000000000000000000006000000000000F03F0B0B06000000000000000006000000000000F0BF06ECFFFFFFFFFFF33F0B0B0B0B0B110D046C6F6F700CFFFFFFFF04FFFFFFFF0CFFFFFFFF0CFFFFFFFF0CA10100000C0C010000110D06636F656467650CFFFFFFFF04FFFFFFFF0C
310
FFFFFFFF0C6F0100000C6F0100000CA20100000CA30100000A0C3B01000004000000000CFFFFFFFF110E0D4154545249425F435553544F4D0D066174747269620CFFFFFFFF04FFFFFFFF0CFFFFFFFF0CFFFFFFFF0C3D0100000711736B657463685F6174747269625F64656604010000000401000000040300000007163234
310
3120302034323934393637323935203020312031110D06636F656467650CFFFFFFFF04FFFFFFFF0CFFFFFFFF0C4A0100000C3D0100000C400100000C730100000B0C0D01000004000000000CFFFFFFFF110D06636F656467650CFFFFFFFF04FFFFFFFF0CFFFFFFFF0C400100000C3F0100000CA40100000CA50100000A0CE5
310
00000004000000000CFFFFFFFF110D04656467650CFFFFFFFF04FFFFFFFF0CFFFFFFFF0C750100000600000000000000000CA6010000069A9999999999D93F0C710100000CA70100000B0707756E6B6E6F776E110E0D4154545249425F435553544F4D0D066174747269620CFFFFFFFF04FFFFFFFF0CFFFFFFFF0CFFFFFFFF
310
0C410100000711736B657463685F6174747269625F646566040100000004010000000403000000071632343020302034323934393637323935203020312031110D067665727465780CFFFFFFFF04FFFFFFFF0CFFFFFFFF0C4201000004000000000CA8010000110E0873747261696768740D0563757276650CFFFFFFFF04FF
310
FFFFFF0CFFFFFFFF1300000000008038C000000000000040C000000000000000001400000000000024C0000000000000008000000000000000800A06989999999999D9BF0A060000000000000080110D06636F656467650CFFFFFFFF04FFFFFFFF0CFFFFFFFF0C480100000CA40100000C430100000C780100000B0C7D0100
310
0004000000000CFFFFFFFF110D04656467650CFFFFFFFF04FFFFFFFF0CFFFFFFFF0C7901000006000000000000F0BF0C4D0100000600000000000000800C430100000CA90100000B0707756E6B6E6F776E110D067665727465780CFFFFFFFF04FFFFFFFF0CFFFFFFFF0C7801000004000000000CAA010000110E0873747261
310
696768740D0563757276650CFFFFFFFF04FFFFFFFF0CFFFFFFFF1300000000008038C000000000000040C00000000000000000140000000000000000000000000000000000000000000024400B0B110D05706F696E740CFFFFFFFF04FFFFFFFF0CFFFFFFFF1300000000008038C000000000000040C0000000000000000011
310
0D06636F656467650CFFFFFFFF04FFFFFFFF0CFFFFFFFF0CA40100000C480100000C4A0100000C7F0100000B0C7D01000004000000000CFFFFFFFF110D046C6F6F700CFFFFFFFF04FFFFFFFF0CFFFFFFFF0CCB0000000C7C0100000C3D000000110E0873747261696768740D0563757276650CFFFFFFFF04FFFFFFFF0CFFFF
310
FFFF1301000000008034C000000000000036C00000000000001040140000000000002440000000000000000000000000000000000B0B110D04656467650CFFFFFFFF04FFFFFFFF0CFFFFFFFF0C4B01000006000000000000F0BF0CA60100000600000000000000800C4A0100000CAB0100000B0707756E6B6E6F776E110D05
310
706F696E740CFFFFFFFF04FFFFFFFF0CFFFFFFFF1302000000008034C000000000000036C00000000000001040110D05706F696E740CFFFFFFFF04FFFFFFFF0CFFFFFFFF13FEFFFFFFFF7F38C000000000000036C00000000000001040110E0873747261696768740D0563757276650CFFFFFFFF04FFFFFFFF0CFFFFFFFF13
310
01000000008034C000000000000040C0000000000000000014000000000000008000000000000024C000000000000000800A06000000000000F0BF0A060000000000000080110D046C6F6F700CFFFFFFFF04FFFFFFFF0CFFFFFFFF0CAC0100000CAD0100000C52000000110D06636F656467650CAE01000004FFFFFFFF0CFF
310
FFFFFF0C840100000C840100000CAF0100000CB00100000A0C5301000004000000000CFFFFFFFF110E0D4154545249425F435553544F4D0D066174747269620CFFFFFFFF04FFFFFFFF0CFFFFFFFF0CFFFFFFFF0C540100000711736B657463685F6174747269625F6465660401000000040100000004030000000716313137
310
20302034323934393637323935203020312031110D06636F656467650CB101000004FFFFFFFF0CFFFFFFFF0C860100000C860100000C540100000C870100000B0CB201000004000000000CFFFFFFFF110D04656467650CFFFFFFFF04FFFFFFFF0CFFFFFFFF0CB301000006182D4454FB2109C00CB301000006182D4454FB21
310
09400C860100000CB40100000B0707756E6B6E6F776E110E0D4154545249425F435553544F4D0D066174747269620CFFFFFFFF04FFFFFFFF0CFFFFFFFF0CFFFFFFFF0C560100000711736B657463685F6174747269625F64656604010000000401000000040300000007163136302030203432393439363732393520302031
310
2031110D046C6F6F700CFFFFFFFF04FFFFFFFF0CFFFFFFFF0CFFFFFFFF0C560100000C94010000110D067665727465780CFFFFFFFF04FFFFFFFF0CFFFFFFFF0C5701000004000000000CB5010000110E07656C6C697073650D0563757276650CFFFFFFFF04FFFFFFFF0CFFFFFFFF13A810B2DC8F0041409A3CFEE5688926C0
310
00000000000000001400000000000000800000000000000080000000000000F0BF14000000000000F43F0000000000000000000000000000000006000000000000F03F0B0B110D05706F696E740CFFFFFFFF04FFFFFFFF0CFFFFFFFF13AA10B2DC8F604040268F7F395AA244C00000000000000000110D046C6F6F700CFFFF
310
FFFF04FFFFFFFF0CFFFFFFFF0CB60100000C990100000C3D000000110D06636F656467650CFFFFFFFF04FFFFFFFF0CFFFFFFFF0C8E0100000C8E0100000CB70100000CB80100000B0C5D01000004000000000CFFFFFFFF110D06636F656467650CFFFFFFFF04FFFFFFFF0CFFFFFFFF0C8F0100000C8F0100000C5E0100000C
310
900100000A0CB901000004000000000CFFFFFFFF110D04656467650CFFFFFFFF04FFFFFFFF0CFFFFFFFF0CBA01000006182D4454FB2109C00CBA01000006182D4454FB2109400C8F0100000CBB0100000B0707756E6B6E6F776E110D046C6F6F700CFFFFFFFF04FFFFFFFF0CFFFFFFFF0CB20100000C5F0100000CBC010000
310
110D067665727465780CFFFFFFFF04FFFFFFFF0CFFFFFFFF0C6001000004000000000CBD010000110E07656C6C697073650D0563757276650CFFFFFFFF04FFFFFFFF0CFFFFFFFF13768852DBA78C4CC0748852DBA78C4CC000000000000010401400000000000000800000000000000080000000000000F0BF140000000000
310
00F43F0000000000000000000000000000000006000000000000F03F0B0B110D04666163650CBE01000004FFFFFFFF0CFFFFFFFF0C640100000C610100000C060000000CFFFFFFFF0CBF0100000B0B110D05706F696E740CFFFFFFFF04FFFFFFFF0CFFFFFFFF13A810B2DC8F6040409A3CFEE5688926C00000000000001040
310
110E0D4154545249425F435553544F4D0D066174747269620CFFFFFFFF04FFFFFFFF0CFFFFFFFF0CFFFFFFFF0C64010000071667656E657269635F7461675F6174747269625F6465660403000000040300000004FFFFFFFF071767656E657269635F7461675F6174747269625F646566200401000000040100000007013704
310
000000000401000000042D0100000400000000110E04636F6E650D07737572666163650CFFFFFFFF04FFFFFFFF0CFFFFFFFF13A910B2DC8F004140268F7F395AA244C000000000000000001400000000000000000000000000000000000000000000F03F14ECFFFFFFFFFFF33F000000000000000000000000000000000600
310
0000000000F03F0B0B06000000000000000006000000000000F0BF06ECFFFFFFFFFFF33F0B0B0B0B0B110D06636F656467650CC001000004FFFFFFFF0CFFFFFFFF0C980100000C980100000CC10100000CC20100000B0C6801000004000000000CFFFFFFFF110D06636F656467650CFFFFFFFF04FFFFFFFF0CFFFFFFFF0C99
310
0100000C990100000C690100000C9A0100000B0C8D01000004000000000CFFFFFFFF110D04656467650CFFFFFFFF04FFFFFFFF0CFFFFFFFF0CC301000006182D4454FB2109C00CC301000006182D4454FB2109400C690100000CC40100000B0707756E6B6E6F776E110E0D4154545249425F435553544F4D0D066174747269
310
620CFFFFFFFF04FFFFFFFF0CFFFFFFFF0CFFFFFFFF0C6B010000071667656E657269635F7461675F6174747269625F6465660403000000040300000004FFFFFFFF071767656E657269635F7461675F6174747269625F64656620040100000004020000000702333004000000000401000000042D0100000400000000110D04
310
666163650CC501000004FFFFFFFF0CFFFFFFFF0CC60100000CC70100000C060000000CFFFFFFFF0CC80100000B0B110D046C6F6F700CFFFFFFFF04FFFFFFFF0CFFFFFFFF0CC90100000CCA0100000C6B010000110E04636F6E650D07737572666163650CFFFFFFFF04FFFFFFFF0CFFFFFFFF13D0284AFF05E03A40A5BFAC3E
310
B2BF50C000000000000000001400000000000000000000000000000000000000000000F03F14100000000000F83F0000000000000000000000000000000006000000000000F03F0B0B06000000000000000006000000000000F0BF06100000000000F83F0B0B0B0B0B110D046C6F6F700CFFFFFFFF04FFFFFFFF0CFFFFFFFF
310
0CFFFFFFFF0CCB0100000C3A010000110D06636F656467650CFFFFFFFF04FFFFFFFF0CFFFFFFFF0CA00100000CA00100000CCC0100000CCD0100000A0C6C01000004000000000CFFFFFFFF110D06636F656467650CCE01000004FFFFFFFF0CFFFFFFFF0CA10100000CA10100000CCF0100000CD00100000B0C6E0100000400
310
0000000CFFFFFFFF110D06636F656467650CFFFFFFFF04FFFFFFFF0CFFFFFFFF0CA20100000CA20100000C6F0100000CA30100000B0CD101000004000000000CFFFFFFFF110D04656467650CFFFFFFFF04FFFFFFFF0CFFFFFFFF0CD201000006182D4454FB2109C00CD201000006182D4454FB2109400C6F0100000CD30100
310
000B0707756E6B6E6F776E110D06636F656467650CFFFFFFFF04FFFFFFFF0CFFFFFFFF0C770100000C7C0100000C720100000CA50100000B0C7D01000004000000000CFFFFFFFF110D04656467650CFFFFFFFF04FFFFFFFF0CFFFFFFFF0CA601000006989999999999D9BF0C790100000600000000000000800C720100000C
310
D40100000B0707756E6B6E6F776E110D067665727465780CFFFFFFFF04FFFFFFFF0CFFFFFFFF0CA501000004000000000CD5010000110E0873747261696768740D0563757276650CFFFFFFFF04FFFFFFFF0CFFFFFFFF1301000000008034C000000000000040C0000000000000000014000000000000000000000000000000
310
0000000000000024400B0B110D05706F696E740CFFFFFFFF04FFFFFFFF0CFFFFFFFF1301000000008034C000000000000040C00000000000000000110E0873747261696768740D0563757276650CFFFFFFFF04FFFFFFFF0CFFFFFFFF1300000000008038C000000000000036C0000000000000104014000000000000000000
310
0000000000244000000000000000000B0B110D05706F696E740CFFFFFFFF04FFFFFFFF0CFFFFFFFF13FEFFFFFFFF7F38C000000000000040C00000000000001040110E0873747261696768740D0563757276650CFFFFFFFF04FFFFFFFF0CFFFFFFFF1301000000008034C000000000000040C0000000000000104014000000
310
000000008000000000000024C000000000000000800B0B110D046C6F6F700CFFFFFFFF04FFFFFFFF0CFFFFFFFF0CD60100000CC10100000C52000000110D06636F656467650CD701000004FFFFFFFF0CFFFFFFFF0CAD0100000CAD0100000CD80100000CD90100000A0C8301000004000000000CFFFFFFFF110E0D41545452
310
49425F435553544F4D0D066174747269620CFFFFFFFF04FFFFFFFF0CFFFFFFFF0CFFFFFFFF0C840100000711736B657463685F6174747269625F646566040100000004010000000403000000071632363820302034323934393637323935203020312031110D06636F656467650CDA01000004FFFFFFFF0CFFFFFFFF0CAF01
310
00000CAF0100000C840100000CB00100000B0CDB01000004000000000CFFFFFFFF110D04656467650CFFFFFFFF04FFFFFFFF0CFFFFFFFF0CDC01000006182D4454FB2109C00CDC01000006182D4454FB2109400CAF0100000CDD0100000B0707756E6B6E6F776E110E0D4154545249425F435553544F4D0D06617474726962
310
0CFFFFFFFF04FFFFFFFF0CFFFFFFFF0CFFFFFFFF0C860100000711736B657463685F6174747269625F646566040100000004010000000403000000071631313720302034323934393637323935203020312031110D046C6F6F700CFFFFFFFF04FFFFFFFF0CFFFFFFFF0CFFFFFFFF0C860100000CBC010000110D0676657274
310
65780CFFFFFFFF04FFFFFFFF0CFFFFFFFF0C8701000004000000000CDE010000110E07656C6C697073650D0563757276650CFFFFFFFF04FFFFFFFF0CFFFFFFFF13768852DBA78C4CC0748852DBA78C4CC000000000000000001400000000000000800000000000000080000000000000F0BF14000000000000F43F00000000
310
00000000000000000000000006000000000000F03F0B0B110D05706F696E740CFFFFFFFF04FFFFFFFF0CFFFFFFFF13A810B2DC8F6040409A3CFEE5688926C00000000000000000110D046C6F6F700CFFFFFFFF04FFFFFFFF0CFFFFFFFF0CDF0100000CE00100000C3D000000110D06636F656467650CFFFFFFFF04FFFFFFFF
310
0CFFFFFFFF0CB70100000CB70100000C8E0100000CB80100000A0CE101000004000000000CFFFFFFFF110D04656467650CFFFFFFFF04FFFFFFFF0CFFFFFFFF0CE201000006182D4454FB2109C00CE201000006182D4454FB2109400CB70100000CE30100000B0707756E6B6E6F776E110D046C6F6F700CFFFFFFFF04FFFFFF
310
FF0CFFFFFFFF0CDB0100000C8F0100000CE4010000110D067665727465780CFFFFFFFF04FFFFFFFF0CFFFFFFFF0C9001000004000000000CE5010000110E07656C6C697073650D0563757276650CFFFFFFFF04FFFFFFFF0CFFFFFFFF13D0284AFF05E03A404A7F597D64FF4AC0000000000000104014000000000000008000
310
00000000000080000000000000F0BF14FCFFFFFFFFFFF73F0000000000000000000000000000000006000000000000F03F0B0B110D04666163650CE601000004FFFFFFFF0CFFFFFFFF0C940100000C910100000C060000000CFFFFFFFF0CE70100000B0B110D05706F696E740CFFFFFFFF04FFFFFFFF0CFFFFFFFF13768852
310
DBA72C4DC0748852DBA78C4CC00000000000001040110E0D4154545249425F435553544F4D0D066174747269620CFFFFFFFF04FFFFFFFF0CFFFFFFFF0CFFFFFFFF0C94010000071667656E657269635F7461675F6174747269625F6465660403000000040300000004FFFFFFFF071767656E657269635F7461675F61747472
310
69625F646566200401000000040100000007013804000000000401000000042D0100000400000000110E04636F6E650D07737572666163650CFFFFFFFF04FFFFFFFF0CFFFFFFFF13A810B2DC8F0041409A3CFEE5688926C000000000000000001400000000000000000000000000000000000000000000F03F140000000000
310
00F43F0000000000000000000000000000000006000000000000F03F0B0B06000000000000000006000000000000F0BF06000000000000F43F0B0B0B0B0B110E0D4154545249425F435553544F4D0D066174747269620CFFFFFFFF04FFFFFFFF0CFFFFFFFF0CFFFFFFFF0C980100000711736B657463685F6174747269625F
310
646566040100000004010000000403000000070D31303220302030203020312031110D06636F656467650CE801000004FFFFFFFF0CFFFFFFFF0CC10100000CC10100000C980100000CC20100000A0CAC01000004000000000CFFFFFFFF110D04656467650CFFFFFFFF04FFFFFFFF0CFFFFFFFF0CE901000006182D4454FB21
310
09C00CE901000006182D4454FB2109400C980100000CEA0100000B0707756E6B6E6F776E110D067665727465780CFFFFFFFF04FFFFFFFF0CFFFFFFFF0C9A01000004000000000CEB010000110E07656C6C697073650D0563757276650CFFFFFFFF04FFFFFFFF0CFFFFFFFF1300000000000000000000000000000000000000
310
00000010401400000000000000000000000000000000000000000000F03F1400000000004055400000000000000000000000000000000006000000000000F03F0B0B110E0D4154545249425F435553544F4D0D066174747269620CFFFFFFFF04FFFFFFFF0CFFFFFFFF0CFFFFFFFF0C9C010000071667656E657269635F7461
310
675F6174747269625F6465660403000000040300000004FFFFFFFF071767656E657269635F7461675F6174747269625F64656620040100000004020000000702323904000000000401000000042D0100000400000000110D04666163650CEC01000004FFFFFFFF0CFFFFFFFF0CED0100000CEE0100000C060000000CFFFFFF
310
FF0CEF0100000B0B110D046C6F6F700CFFFFFFFF04FFFFFFFF0CFFFFFFFF0CF00100000CF10100000C9C010000110E04636F6E650D07737572666163650CFFFFFFFF04FFFFFFFF0CFFFFFFFF1304000000000044401C0000000040504000000000000000001400000000000000000000000000000000000000000000F03F14
310
000000000000F43F0000000000000000000000000000000006000000000000F03F0B0B06000000000000000006000000000000F0BF06000000000000F43F0B0B0B0B0B110D046C6F6F700CFFFFFFFF04FFFFFFFF0CFFFFFFFF0CFFFFFFFF0CF20100000C6B010000110D06636F656467650CFFFFFFFF04FFFFFFFF0CFFFFFF
310
FF0CCA0100000CCA0100000CF30100000CF40100000A0C9D01000004000000000CFFFFFFFF110D06636F656467650CF501000004FFFFFFFF0CFFFFFFFF0CCB0100000CCB0100000CF60100000CF70100000B0C9F01000004000000000CFFFFFFFF110D06636F656467650CFFFFFFFF04FFFFFFFF0CFFFFFFFF0CCC0100000C
310
CC0100000CA00100000CCD0100000B0CF801000004000000000CFFFFFFFF110D04656467650CFFFFFFFF04FFFFFFFF0CFFFFFFFF0CF901000006182D4454FB2109C00CF901000006182D4454FB2109400CA00100000CFA0100000B0707756E6B6E6F776E110E0D4154545249425F435553544F4D0D066174747269620CFFFF
310
FFFF04FFFFFFFF0CFFFFFFFF0CFFFFFFFF0CA10100000711736B657463685F6174747269625F646566040100000004010000000403000000071631323820302034323934393637323935203020312031110D06636F656467650CFB01000004FFFFFFFF0CFFFFFFFF0CCF0100000CCF0100000CA10100000CD00100000A0CFC
310
01000004000000000CFFFFFFFF110D04656467650CFFFFFFFF04FFFFFFFF0CFFFFFFFF0CFD01000006182D4454FB2109C00CFD01000006182D4454FB2109400CA10100000CFE0100000B0707756E6B6E6F776E110D046C6F6F700CFFFFFFFF04FFFFFFFF0CFFFFFFFF0C7D0100000CA20100000C3D000000110D0676657274
310
65780CFFFFFFFF04FFFFFFFF0CFFFFFFFF0CA301000004000000000CFF010000110E07656C6C697073650D0563757276650CFFFFFFFF04FFFFFFFF0CFFFFFFFF133433333333D353C03333333333D313BD00000000000010401400000000000000800000000000000080000000000000F0BF14FCFFFFFFFFFF024000000000
310
00000000000000000000000006000000000000F03F0B0B110E0873747261696768740D0563757276650CFFFFFFFF04FFFFFFFF0CFFFFFFFF1300000000008038C000000000000040C000000000000010401400000000000024C0000000000000008000000000000000800B0B110D05706F696E740CFFFFFFFF04FFFFFFFF0C
310
FFFFFFFF1302000000008034C000000000000040C00000000000001040110D046C6F6F700CFFFFFFFF04FFFFFFFF0CFFFFFFFF0C000200000C010200000C52000000110E0D4154545249425F435553544F4D0D066174747269620CFFFFFFFF04FFFFFFFF0CFFFFFFFF0CFFFFFFFF0CAD0100000711736B657463685F617474
310
7269625F646566040100000004010000000403000000071632353320302034323934393637323935203020312031110D06636F656467650C0202000004FFFFFFFF0CFFFFFFFF0CD80100000CD80100000CAD0100000CD90100000B0C0302000004000000000CFFFFFFFF110D04656467650CFFFFFFFF04FFFFFFFF0CFFFFFF
310
FF0C0402000006182D4454FB2109C00C0402000006182D4454FB2109400CD80100000C050200000B0707756E6B6E6F776E110E0D4154545249425F435553544F4D0D066174747269620CFFFFFFFF04FFFFFFFF0CFFFFFFFF0CFFFFFFFF0CAF0100000711736B657463685F6174747269625F64656604010000000401000000
310
0403000000071632363820302034323934393637323935203020312031110D046C6F6F700CFFFFFFFF04FFFFFFFF0CFFFFFFFF0CFFFFFFFF0CAF0100000CE4010000110D067665727465780CFFFFFFFF04FFFFFFFF0CFFFFFFFF0CB001000004000000000C06020000110E07656C6C697073650D0563757276650CFFFFFFFF
310
04FFFFFFFF0CFFFFFFFF13D0284AFF05E03A404A7F597D64FF4AC000000000000000001400000000000000800000000000000080000000000000F0BF14FCFFFFFFFFFFF73F0000000000000000000000000000000006000000000000F03F0B0B110D05706F696E740CFFFFFFFF04FFFFFFFF0CFFFFFFFF13768852DBA72C4D
310
C0748852DBA78C4CC00000000000000000110D046C6F6F700CFFFFFFFF04FFFFFFFF0CFFFFFFFF0C070200000C080200000C3D000000110D06636F656467650CFFFFFFFF04FFFFFFFF0CFFFFFFFF0C090200000C0A0200000C0B0200000C0C0200000B0CB601000004000000000CFFFFFFFF110D046C6F6F700CFFFFFFFF04
310
FFFFFFFF0CFFFFFFFF0C030200000CB70100000C0D020000110D067665727465780CFFFFFFFF04FFFFFFFF0CFFFFFFFF0CB801000004000000000C0E020000110E07656C6C697073650D0563757276650CFFFFFFFF04FFFFFFFF0CFFFFFFFF13830E6511D5B849404A47CA27F8794440000000000000104014000000000000
310
00000000000000000000000000000000F0BF148839422EDCC8F43F100000000000E83F000000000000000006000000000000F03F0B0B110D04666163650C0F02000004FFFFFFFF0CFFFFFFFF0CBC0100000CB90100000C060000000CFFFFFFFF0C100200000B0B110D05706F696E740CFFFFFFFF04FFFFFFFF0CFFFFFFFF13
310
D2284AFF056039404A7F597D64FF4AC00000000000001040110E0D4154545249425F435553544F4D0D066174747269620CFFFFFFFF04FFFFFFFF0CFFFFFFFF0CFFFFFFFF0CBC010000071667656E657269635F7461675F6174747269625F6465660403000000040300000004FFFFFFFF071767656E657269635F7461675F61
310
74747269625F646566200401000000040100000007013904000000000401000000042D0100000400000000110E04636F6E650D07737572666163650CFFFFFFFF04FFFFFFFF0CFFFFFFFF13768852DBA78C4CC0748852DBA78C4CC000000000000000001400000000000000000000000000000000000000000000F03F140000
310
00000000F43F0000000000000000000000000000000006000000000000F03F0B0B06000000000000000006000000000000F0BF06000000000000F43F0B0B0B0B0B110E0D4154545249425F435553544F4D0D066174747269620CFFFFFFFF04FFFFFFFF0CFFFFFFFF0CFFFFFFFF0CC10100000711736B657463685F61747472
310
69625F646566040100000004010000000403000000070D31303220302030203020312031110D067665727465780CFFFFFFFF04FFFFFFFF0CFFFFFFFF0CC201000004000000000C11020000110E07656C6C697073650D0563757276650CFFFFFFFF04FFFFFFFF0CFFFFFFFF1300000000000000000000000000000000000000
310
00000000001400000000000000000000000000000000000000000000F03F1400000000004055400000000000000000000000000000000006000000000000F03F0B0B110D05706F696E740CFFFFFFFF04FFFFFFFF0CFFFFFFFF1300000000004055C0390AD7BBAA7007BD0000000000001040110E0D4154545249425F435553
310
544F4D0D066174747269620CFFFFFFFF04FFFFFFFF0CFFFFFFFF0CFFFFFFFF0CC6010000071667656E657269635F7461675F6174747269625F6465660403000000040300000004FFFFFFFF071767656E657269635F7461675F6174747269625F64656620040100000004020000000702323804000000000401000000042D01
310
00000400000000110D04666163650C1202000004FFFFFFFF0CFFFFFFFF0C130200000C140200000C060000000CFFFFFFFF0C150200000B0B110D046C6F6F700CFFFFFFFF04FFFFFFFF0CFFFFFFFF0C160200000C170200000CC6010000110E04636F6E650D07737572666163650CFFFFFFFF04FFFFFFFF0CFFFFFFFF137588
310
52DBA78C4C40758852DBA78C4C4000000000000000001400000000000000000000000000000000000000000000F03F14000000000000F43F0000000000000000000000000000000006000000000000F03F0B0B06000000000000000006000000000000F0BF06000000000000F43F0B0B0B0B0B110D046C6F6F700CFFFFFFFF
310
04FFFFFFFF0CFFFFFFFF0CFFFFFFFF0C180200000C9C010000110D06636F656467650CFFFFFFFF04FFFFFFFF0CFFFFFFFF0CF10100000CF10100000C190200000C1A0200000A0CC701000004000000000CFFFFFFFF110D06636F656467650C1B02000004FFFFFFFF0CFFFFFFFF0CF20100000CF20100000C1C0200000C1D02
310
00000B0CC901000004000000000CFFFFFFFF110D06636F656467650CFFFFFFFF04FFFFFFFF0CFFFFFFFF0CF30100000CF30100000CCA0100000CF40100000B0C1E02000004000000000CFFFFFFFF110D04656467650CFFFFFFFF04FFFFFFFF0CFFFFFFFF0C1F02000006182D4454FB2109C00C1F02000006182D4454FB2109
310
400CCA0100000C200200000B0707756E6B6E6F776E110E0D4154545249425F435553544F4D0D066174747269620CFFFFFFFF04FFFFFFFF0CFFFFFFFF0CFFFFFFFF0CCB0100000711736B657463685F6174747269625F6465660401000000040100000004030000000716313938203020343239343936373239352030203120
310
31110D06636F656467650C2102000004FFFFFFFF0CFFFFFFFF0CF60100000CF60100000CCB0100000CF70100000A0C2202000004000000000CFFFFFFFF110D04656467650CFFFFFFFF04FFFFFFFF0CFFFFFFFF0C2302000006182D4454FB2109C00C2302000006182D4454FB2109400CCB0100000C240200000B0707756E6B
310
6E6F776E110D046C6F6F700CFFFFFFFF04FFFFFFFF0CFFFFFFFF0CD10100000CCC0100000C3D000000110D067665727465780CFFFFFFFF04FFFFFFFF0CFFFFFFFF0CCD01000004000000000C25020000110E07656C6C697073650D0563757276650CFFFFFFFF04FFFFFFFF0CFFFFFFFF13621B13A2114244C035FD4DD5664E
310
3C4000000000000010401400000000000000800000000000000080000000000000F0BF14ECFFFFFFFFFFF33F0000000000000000000000000000000006000000000000F03F0B0B110E0D4154545249425F435553544F4D0D066174747269620CFFFFFFFF04FFFFFFFF0CFFFFFFFF0CFFFFFFFF0CCF0100000711736B657463
310
685F6174747269625F646566040100000004010000000403000000071631323820302034323934393637323935203020312031110D046C6F6F700CFFFFFFFF04FFFFFFFF0CFFFFFFFF0C1B0100000CCF0100000C52000000110D067665727465780CFFFFFFFF04FFFFFFFF0CFFFFFFFF0CD001000004000000000C26020000
310
110E07656C6C697073650D0563757276650CFFFFFFFF04FFFFFFFF0CFFFFFFFF133433333333D353C03333333333D313BD00000000000000001400000000000000800000000000000080000000000000F0BF14FCFFFFFFFFFF02400000000000000000000000000000000006000000000000F03F0B0B110D05706F696E740C
310
FFFFFFFF04FFFFFFFF0CFFFFFFFF1334333333336B54C0E8D3A568082714BD0000000000001040110D046C6F6F700CFFFFFFFF04FFFFFFFF0CFFFFFFFF0C270200000C280200000C52000000110D06636F656467650C2902000004FFFFFFFF0CFFFFFFFF0C2A0200000C2B0200000C2C0200000C2D0200000A0CD601000004
310
000000000CFFFFFFFF110E0D4154545249425F435553544F4D0D066174747269620CFFFFFFFF04FFFFFFFF0CFFFFFFFF0CFFFFFFFF0CD80100000711736B657463685F6174747269625F646566040100000004010000000403000000071632353320302034323934393637323935203020312031110D046C6F6F700CFFFFFF
310
FF04FFFFFFFF0CFFFFFFFF0CFFFFFFFF0CD80100000C0D020000110D067665727465780CFFFFFFFF04FFFFFFFF0CFFFFFFFF0CD901000004000000000C2E020000110E07656C6C697073650D0563757276650CFFFFFFFF04FFFFFFFF0CFFFFFFFF13830E6511D5B849404A47CA27F879444000000000000000001400000000
310
000000000000000000000000000000000000F0BF148839422EDCC8F43F100000000000E83F000000000000000006000000000000F03F0B0B110D05706F696E740CFFFFFFFF04FFFFFFFF0CFFFFFFFF13D1284AFF056039404A7F597D64FF4AC00000000000000000110D046C6F6F700CFFFFFFFF04FFFFFFFF0CFFFFFFFF0C
310
2F0200000C300200000C3D000000110D06636F656467650CFFFFFFFF04FFFFFFFF0CFFFFFFFF0C080200000C080200000C310200000C320200000B0CDF01000004000000000CFFFFFFFF110D06636F656467650CFFFFFFFF04FFFFFFFF0CFFFFFFFF0C330200000CE00100000C340200000C350200000B0CB6010000040000
310
00000CFFFFFFFF110D06636F656467650CFFFFFFFF04FFFFFFFF0CFFFFFFFF0CE00100000C360200000C370200000C380200000B0CB601000004000000000CFFFFFFFF110D06636F656467650CFFFFFFFF04FFFFFFFF0CFFFFFFFF0C390200000C3A0200000CE00100000C0C0200000A0C3B02000004000000000CFFFFFFFF
310
110D04656467650CFFFFFFFF04FFFFFFFF0CFFFFFFFF0C3C02000006000000000000F0BF0C3D0200000600000000000000800C0B0200000C3E0200000B0707756E6B6E6F776E110D04666163650C3F02000004FFFFFFFF0CFFFFFFFF0CE40100000CE10100000C060000000CFFFFFFFF0C400200000B0B110D05706F696E74
310
0CFFFFFFFF04FFFFFFFF0CFFFFFFFF13B7FCF22F8E1249404A47CA27F81944400000000000001040110E0D4154545249425F435553544F4D0D066174747269620CFFFFFFFF04FFFFFFFF0CFFFFFFFF0CFFFFFFFF0CE4010000071667656E657269635F7461675F6174747269625F6465660403000000040300000004FFFFFF
310
FF071767656E657269635F7461675F6174747269625F64656620040100000004020000000702313004000000000401000000042D0100000400000000110E04636F6E650D07737572666163650CFFFFFFFF04FFFFFFFF0CFFFFFFFF13D0284AFF05E03A404A7F597D64FF4AC000000000000000001400000000000000000000
310
000000000000000000000000F03F14FCFFFFFFFFFFF73F0000000000000000000000000000000006000000000000F03F0B0B06000000000000000006000000000000F0BF06FCFFFFFFFFFFF73F0B0B0B0B0B110D05706F696E740CFFFFFFFF04FFFFFFFF0CFFFFFFFF1300000000004055C0390AD7BBAA7007BD0000000000
310
000000110E0D4154545249425F435553544F4D0D066174747269620CFFFFFFFF04FFFFFFFF0CFFFFFFFF0CFFFFFFFF0CED010000071667656E657269635F7461675F6174747269625F6465660403000000040300000004FFFFFFFF071767656E657269635F7461675F6174747269625F646566200401000000040200000007
310
02323704000000000401000000042D0100000400000000110D04666163650C4102000004FFFFFFFF0CFFFFFFFF0C420200000C430200000C060000000CFFFFFFFF0C440200000B0B110D046C6F6F700CFFFFFFFF04FFFFFFFF0CFFFFFFFF0C450200000C460200000CED010000110E04636F6E650D07737572666163650CFF
310
FFFFFF04FFFFFFFF0CFFFFFFFF130000000000000000000000000000000000000000000000001400000000000000000000000000000000000000000000F03F1400000000008013400000000000000000000000000000000006000000000000F03F0B0B06000000000000000006000000000000F0BF0600000000008013400B
310
0B0B0B0B110D046C6F6F700CFFFFFFFF04FFFFFFFF0CFFFFFFFF0CFFFFFFFF0C470200000CC6010000110D06636F656467650CFFFFFFFF04FFFFFFFF0CFFFFFFFF0C170200000C170200000C480200000C490200000A0CEE01000004000000000CFFFFFFFF110D06636F656467650C4A02000004FFFFFFFF0CFFFFFFFF0C18
310
0200000C180200000C4B0200000C4C0200000B0CF001000004000000000CFFFFFFFF110D06636F656467650CFFFFFFFF04FFFFFFFF0CFFFFFFFF0C190200000C190200000CF10100000C1A0200000B0C4D02000004000000000CFFFFFFFF110D04656467650CFFFFFFFF04FFFFFFFF0CFFFFFFFF0C4E02000006182D4454FB
310
2109C00C4E02000006182D4454FB2109400CF10100000C4F0200000B0707756E6B6E6F776E110E0D4154545249425F435553544F4D0D066174747269620CFFFFFFFF04FFFFFFFF0CFFFFFFFF0CFFFFFFFF0CF20100000711736B657463685F6174747269625F64656604010000000401000000040300000007163236332030
310
2034323934393637323935203020312031110D06636F656467650C5002000004FFFFFFFF0CFFFFFFFF0C1C0200000C1C0200000CF20100000C1D0200000A0C5102000004000000000CFFFFFFFF110D04656467650CFFFFFFFF04FFFFFFFF0CFFFFFFFF0C5202000006182D4454FB2109C00C5202000006182D4454FB210940
310
0CF20100000C530200000B0707756E6B6E6F776E110D046C6F6F700CFFFFFFFF04FFFFFFFF0CFFFFFFFF0CF80100000CF30100000C3D000000110D067665727465780CFFFFFFFF04FFFFFFFF0CFFFFFFFF0CF401000004000000000C54020000110E07656C6C697073650D0563757276650CFFFFFFFF04FFFFFFFF0CFFFFFF
310
FF13D0284AFF05E03A40A5BFAC3EB2BF50C000000000000010401400000000000000800000000000000080000000000000F0BF14100000000000F83F0000000000000000000000000000000006000000000000F03F0B0B110E0D4154545249425F435553544F4D0D066174747269620CFFFFFFFF04FFFFFFFF0CFFFFFFFF0C
310
FFFFFFFF0CF60100000711736B657463685F6174747269625F646566040100000004010000000403000000071631393820302034323934393637323935203020312031110D046C6F6F700CFFFFFFFF04FFFFFFFF0CFFFFFFFF0CFC0100000CF60100000C52000000110D067665727465780CFFFFFFFF04FFFFFFFF0CFFFFFF
310
FF0CF701000004000000000C55020000110E07656C6C697073650D0563757276650CFFFFFFFF04FFFFFFFF0CFFFFFFFF13621B13A2114244C035FD4DD5664E3C4000000000000000001400000000000000800000000000000080000000000000F0BF14ECFFFFFFFFFFF33F0000000000000000000000000000000006000000
310
000000F03F0B0B110D05706F696E740CFFFFFFFF04FFFFFFFF0CFFFFFFFF13601B13A211E244C035FD4DD5664E3C400000000000001040110D05706F696E740CFFFFFFFF04FFFFFFFF0CFFFFFFFF1334333333336B54C0E8D3A568082714BD0000000000000000110D046C6F6F700CFFFFFFFF04FFFFFFFF0CFFFFFFFF0C56
310
0200000C570200000C52000000110D06636F656467650C5802000004FFFFFFFF0CFFFFFFFF0C280200000C280200000C590200000C5A0200000A0C0002000004000000000CFFFFFFFF110E0D4154545249425F435553544F4D0D066174747269620CFFFFFFFF04FFFFFFFF0CFFFFFFFF0CFFFFFFFF0C010200000711736B65
310
7463685F6174747269625F646566040100000004010000000403000000071632313120302034323934393637323935203020312031110D06636F656467650C5B02000004FFFFFFFF0CFFFFFFFF0C5C0200000C010200000C5D0200000C5E0200000A0CD601000004000000000CFFFFFFFF110D06636F656467650C5F020000
310
04FFFFFFFF0CFFFFFFFF0C010200000C600200000C610200000C620200000A0CD601000004000000000CFFFFFFFF110D06636F656467650C6302000004FFFFFFFF0CFFFFFFFF0C3A0200000C390200000C010200000C2D0200000B0C3B02000004000000000CFFFFFFFF110D04656467650CFFFFFFFF04FFFFFFFF0CFFFFFF
310
FF0C6402000006000000000000F0BF0C650200000600000000000000800C2C0200000C660200000B0707756E6B6E6F776E110D05706F696E740CFFFFFFFF04FFFFFFFF0CFFFFFFFF13B7FCF22F8E1249404A47CA27F81944400000000000000000110D046C6F6F700CFFFFFFFF04FFFFFFFF0CFFFFFFFF0C670200000C6802
310
00000C3D000000110D06636F656467650CFFFFFFFF04FFFFFFFF0CFFFFFFFF0C300200000C300200000C690200000C6A0200000B0C0702000004000000000CFFFFFFFF110D06636F656467650CFFFFFFFF04FFFFFFFF0CFFFFFFFF0C310200000C310200000C080200000C320200000A0C6B02000004000000000CFFFFFFFF
310
110D04656467650CFFFFFFFF04FFFFFFFF0CFFFFFFFF0C6C02000006182D4454FB2109C00C6C02000006182D4454FB2109400C310200000C6D0200000B0707756E6B6E6F776E110D06636F656467650CFFFFFFFF04FFFFFFFF0CFFFFFFFF0C6E0200000C090200000C6F0200000C700200000B0CB601000004000000000CFF
310
FFFFFF110D06636F656467650CFFFFFFFF04FFFFFFFF0CFFFFFFFF0C710200000C720200000C090200000C350200000A0C7302000004000000000CFFFFFFFF110D04656467650CFFFFFFFF04FFFFFFFF0CFFFFFFFF0C3D020000069C9999999999D9BF0C740200000600000000000000800C340200000C750200000B070775
310
6E6B6E6F776E110D06636F656467650CFFFFFFFF04FFFFFFFF0CFFFFFFFF0C0A0200000C760200000C770200000C780200000B0CB601000004000000000CFFFFFFFF110D06636F656467650CFFFFFFFF04FFFFFFFF0CFFFFFFFF0C790200000C7A0200000C0A0200000C380200000A0C7B02000004000000000CFFFFFFFF11
310
0D04656467650CFFFFFFFF04FFFFFFFF0CFFFFFFFF0C7C020000069C9999999999D9BF0C3C0200000600000000000000800C370200000C7D0200000B0707756E6B6E6F776E110D06636F656467650CFFFFFFFF04FFFFFFFF0CFFFFFFFF0C2C0200000C0B0200000C7A0200000C7E0200000A0C3B02000004000000000CFFFF
310
FFFF110D06636F656467650CFFFFFFFF04FFFFFFFF0CFFFFFFFF0C0B0200000C2C0200000C710200000C7F0200000B0C3B02000004000000000CFFFFFFFF110D046C6F6F700CFFFFFFFF04FFFFFFFF0CFFFFFFFF0CFFFFFFFF0C2C0200000C80020000110D067665727465780CFFFFFFFF04FFFFFFFF0CFFFFFFFF0C7E0200
310
0004010000000C81020000110D067665727465780CFFFFFFFF04FFFFFFFF0CFFFFFFFF0C3502000004000000000C82020000110E0873747261696768740D0563757276650CFFFFFFFF04FFFFFFFF0CFFFFFFFF130000000000002EC000000000000036C000000000000010401400000000000024C000000000000000800000
310
0000000000800B0B110E0D4154545249425F435553544F4D0D066174747269620CFFFFFFFF04FFFFFFFF0CFFFFFFFF0CFFFFFFFF0C0D020000071667656E657269635F7461675F6174747269625F6465660403000000040300000004FFFFFFFF071767656E657269635F7461675F6174747269625F64656620040100000004
310
020000000702313104000000000401000000042D0100000400000000110E04636F6E650D07737572666163650CFFFFFFFF04FFFFFFFF0CFFFFFFFF13830E6511D5B849404A47CA27F879444000000000000000001400000000000000000000000000000000000000000000F03F148839422EDCC8F43F100000000000E83F00
310
0000000000000006000000000000F03F0B0B06000000000000000006000000000000F0BF060B0000000000F83F0B0B0B0B0B110E0D4154545249425F435553544F4D0D066174747269620CFFFFFFFF04FFFFFFFF0CFFFFFFFF0CFFFFFFFF0C13020000071667656E657269635F7461675F6174747269625F64656604030000
310
00040300000004FFFFFFFF071767656E657269635F7461675F6174747269625F64656620040100000004020000000702323604000000000401000000042D0100000400000000110D04666163650C8302000004FFFFFFFF0CFFFFFFFF0C840200000C850200000C060000000CFFFFFFFF0C860200000B0B110D046C6F6F700C
310
FFFFFFFF04FFFFFFFF0CFFFFFFFF0C870200000C880200000C13020000110E04636F6E650D07737572666163650CFFFFFFFF04FFFFFFFF0CFFFFFFFF1300000000000000003333333333D3534000000000000000001400000000000000000000000000000000000000000000F03F1400000000000003400000000000000000
310
000000000000000006000000000000F03F0B0B06000000000000000006000000000000F0BF0600000000000003400B0B0B0B0B110D046C6F6F700CFFFFFFFF04FFFFFFFF0CFFFFFFFF0CFFFFFFFF0C890200000CED010000110D06636F656467650CFFFFFFFF04FFFFFFFF0CFFFFFFFF0C460200000C460200000C8A020000
310
0C8B0200000A0C1402000004000000000CFFFFFFFF110D06636F656467650C8C02000004FFFFFFFF0CFFFFFFFF0C470200000C470200000C8D0200000C8E0200000B0C1602000004000000000CFFFFFFFF110D06636F656467650CFFFFFFFF04FFFFFFFF0CFFFFFFFF0C480200000C480200000C170200000C490200000B0C
310
8F02000004000000000CFFFFFFFF110D04656467650CFFFFFFFF04FFFFFFFF0CFFFFFFFF0C9002000006182D4454FB2109C00C9002000006182D4454FB2109400C170200000C910200000B0707756E6B6E6F776E110E0D4154545249425F435553544F4D0D066174747269620CFFFFFFFF04FFFFFFFF0CFFFFFFFF0CFFFFFF
310
FF0C180200000711736B657463685F6174747269625F646566040100000004010000000403000000071632373520302034323934393637323935203020312031110D06636F656467650C9202000004FFFFFFFF0CFFFFFFFF0C4B0200000C4B0200000C180200000C4C0200000A0C9302000004000000000CFFFFFFFF110D04
310
656467650CFFFFFFFF04FFFFFFFF0CFFFFFFFF0C9402000006182D4454FB2109C00C9402000006182D4454FB2109400C180200000C950200000B0707756E6B6E6F776E110D046C6F6F700CFFFFFFFF04FFFFFFFF0CFFFFFFFF0C1E0200000C190200000C3D000000110D067665727465780CFFFFFFFF04FFFFFFFF0CFFFFFF
310
FF0C1A02000004000000000C96020000110E07656C6C697073650D0563757276650CFFFFFFFF04FFFFFFFF0CFFFFFFFF1304000000000044401C0000000040504000000000000010401400000000000000800000000000000080000000000000F0BF14000000000000F43F0000000000000000000000000000000006000000
310
000000F03F0B0B110E0D4154545249425F435553544F4D0D066174747269620CFFFFFFFF04FFFFFFFF0CFFFFFFFF0CFFFFFFFF0C1C0200000711736B657463685F6174747269625F646566040100000004010000000403000000071632363320302034323934393637323935203020312031110D046C6F6F700CFFFFFFFF04
310
FFFFFFFF0CFFFFFFFF0C220200000C1C0200000C52000000110D067665727465780CFFFFFFFF04FFFFFFFF0CFFFFFFFF0C1D02000004000000000C97020000110E07656C6C697073650D0563757276650CFFFFFFFF04FFFFFFFF0CFFFFFFFF13D0284AFF05E03A40A5BFAC3EB2BF50C0000000000000000014000000000000
310
00800000000000000080000000000000F0BF14100000000000F83F0000000000000000000000000000000006000000000000F03F0B0B110D05706F696E740CFFFFFFFF04FFFFFFFF0CFFFFFFFF13D0284AFF05603940A5BFAC3EB2BF50C00000000000001040110D05706F696E740CFFFFFFFF04FFFFFFFF0CFFFFFFFF1360
310
1B13A211E244C035FD4DD5664E3C400000000000000000110D046C6F6F700CFFFFFFFF04FFFFFFFF0CFFFFFFFF0C980200000C990200000C52000000110D06636F656467650C9A02000004FFFFFFFF0CFFFFFFFF0C570200000C570200000C9B0200000C9C0200000A0C2702000004000000000CFFFFFFFF110E0D41545452
310
49425F435553544F4D0D066174747269620CFFFFFFFF04FFFFFFFF0CFFFFFFFF0CFFFFFFFF0C280200000711736B657463685F6174747269625F646566040100000004010000000403000000071631313920302034323934393637323935203020312031110D06636F656467650C9D02000004FFFFFFFF0CFFFFFFFF0C5902
310
00000C590200000C280200000C5A0200000B0C9E02000004000000000CFFFFFFFF110D04656467650CFFFFFFFF04FFFFFFFF0CFFFFFFFF0C9F02000006182D4454FB2109C00C9F02000006182D4454FB2109400C590200000CA00200000B0707756E6B6E6F776E110E0D4154545249425F435553544F4D0D06617474726962
310
0CFFFFFFFF04FFFFFFFF0CFFFFFFFF0CFFFFFFFF0C2A0200000711736B657463685F6174747269625F646566040100000004010000000403000000071632313220302034323934393637323935203020312031110D06636F656467650CA102000004FFFFFFFF0CFFFFFFFF0CA20200000C2A0200000CA30200000CA4020000
310
0A0CD601000004000000000CFFFFFFFF110D06636F656467650CA502000004FFFFFFFF0CFFFFFFFF0C7A0200000C790200000C2A0200000C5E0200000B0C7B02000004000000000CFFFFFFFF110D04656467650CFFFFFFFF04FFFFFFFF0CFFFFFFFF0CA6020000069C9999999999D9BF0C640200000600000000000000800C
310
5D0200000CA70200000B0707756E6B6E6F776E110E0D4154545249425F435553544F4D0D066174747269620CFFFFFFFF04FFFFFFFF0CFFFFFFFF0CFFFFFFFF0C2B0200000711736B657463685F6174747269625F64656604010000000401000000040300000007163231302030203432393439363732393520302031203111
310
0D06636F656467650CA802000004FFFFFFFF0CFFFFFFFF0C2B0200000CA90200000CAA0200000CAB0200000A0CD601000004000000000CFFFFFFFF110D06636F656467650CAC02000004FFFFFFFF0CFFFFFFFF0C720200000C710200000C2B0200000C620200000B0C7302000004000000000CFFFFFFFF110D04656467650C
310
FFFFFFFF04FFFFFFFF0CFFFFFFFF0C65020000069C9999999999D9BF0CAD0200000600000000000000000C610200000CAE0200000B0707756E6B6E6F776E110E0D4154545249425F435553544F4D0D066174747269620CFFFFFFFF04FFFFFFFF0CFFFFFFFF0CFFFFFFFF0C2C0200000711736B657463685F6174747269625F
310
646566040100000004010000000403000000071632313120302034323934393637323935203020312031110D067665727465780CFFFFFFFF04FFFFFFFF0CFFFFFFFF0C5E02000004010000000CAF020000110D067665727465780CFFFFFFFF04FFFFFFFF0CFFFFFFFF0C6202000004000000000CB0020000110E0873747261
310
696768740D0563757276650CFFFFFFFF04FFFFFFFF0CFFFFFFFF130000000000002EC000000000000036C000000000000000001400000000000024C0000000000000008000000000000000800A06000000000000F0BF0A060000000000000080110D046C6F6F700CFFFFFFFF04FFFFFFFF0CFFFFFFFF0C8F0200000C8A0200
310
000C3D000000110D06636F656467650CFFFFFFFF04FFFFFFFF0CFFFFFFFF0C680200000C680200000C880200000CB10200000B0C2F02000004000000000CFFFFFFFF110D06636F656467650CFFFFFFFF04FFFFFFFF0CFFFFFFFF0C690200000C690200000C300200000C6A0200000A0C8502000004000000000CFFFFFFFF11
310
0D04656467650CFFFFFFFF04FFFFFFFF0CFFFFFFFF0CB202000006182D4454FB2109C00CB202000006182D4454FB2109400C690200000CB30200000B0707756E6B6E6F776E110D046C6F6F700CFFFFFFFF04FFFFFFFF0CFFFFFFFF0C9E0200000C310200000C84020000110D067665727465780CFFFFFFFF04FFFFFFFF0CFF
310
FFFFFF0C3202000004000000000CB4020000110E07656C6C697073650D0563757276650CFFFFFFFF04FFFFFFFF0CFFFFFFFF13748852DBA78C4C40768852DBA78C4CC000000000000010401400000000000000800000000000000080000000000000F0BF14000000000000F43F000000000000000000000000000000000600
310
0000000000F03F0B0B110D06636F656467650CFFFFFFFF04FFFFFFFF0CFFFFFFFF0CB50200000C330200000CB60200000CB70200000B0CB601000004000000000CFFFFFFFF110D06636F656467650CFFFFFFFF04FFFFFFFF0CFFFFFFFF0CB80200000CB90200000C330200000C700200000A0CBA02000004000000000CFFFF
310
FFFF110D04656467650CFFFFFFFF04FFFFFFFF0CFFFFFFFF0C740200000600000000000000000CBB020000069C9999999999E13F0C6F0200000CBC0200000B0707756E6B6E6F776E110D06636F656467650CFFFFFFFF04FFFFFFFF0CFFFFFFFF0C610200000C340200000C3A0200000C7F0200000A0C730200000400000000
310
0CFFFFFFFF110D06636F656467650CFFFFFFFF04FFFFFFFF0CFFFFFFFF0C340200000C610200000CB80200000CBD0200000B0C7302000004000000000CFFFFFFFF110D046C6F6F700CFFFFFFFF04FFFFFFFF0CFFFFFFFF0CFFFFFFFF0C610200000CBE020000110D067665727465780CFFFFFFFF04FFFFFFFF0CFFFFFFFF0C
310
7002000004000000000CBF020000110E0873747261696768740D0563757276650CFFFFFFFF04FFFFFFFF0CFFFFFFFF130000000000002EC000000000000032C00000000000001040140000000000000000000000000000244000000000000000000B0B110D06636F656467650CFFFFFFFF04FFFFFFFF0CFFFFFFFF0C360200
310
000CC00200000CC10200000CC20200000B0CB601000004000000000CFFFFFFFF110D06636F656467650CFFFFFFFF04FFFFFFFF0CFFFFFFFF0CC30200000CC40200000C360200000C780200000A0CC502000004000000000CFFFFFFFF110D04656467650CFFFFFFFF04FFFFFFFF0CFFFFFFFF0CC602000006000000000000E0
310
BF0C7C02000006000000000000E03F0C770200000CC70200000B0707756E6B6E6F776E110D06636F656467650CFFFFFFFF04FFFFFFFF0CFFFFFFFF0C5D0200000C370200000CC40200000CC80200000A0C7B02000004000000000CFFFFFFFF110D06636F656467650CFFFFFFFF04FFFFFFFF0CFFFFFFFF0C370200000C5D02
310
00000C390200000C7E0200000B0C7B02000004000000000CFFFFFFFF110D046C6F6F700CFFFFFFFF04FFFFFFFF0CFFFFFFFF0CFFFFFFFF0C5D0200000CC9020000110D067665727465780CFFFFFFFF04FFFFFFFF0CFFFFFFFF0C3802000004000000000CCA020000110E0873747261696768740D0563757276650CFFFFFFFF
310
04FFFFFFFF0CFFFFFFFF1300000000000014C000000000000036C0000000000000104014000000000000008000000000000024C000000000000000800B0B110D04656467650CFFFFFFFF04FFFFFFFF0CFFFFFFFF0C640200000600000000000000000C3C020000069A9999999999D93F0C390200000CCB0200000B0707756E
310
6B6E6F776E110D04656467650CFFFFFFFF04FFFFFFFF0CFFFFFFFF0C650200000600000000000000000C3D020000069A9999999999D93F0C3A0200000CCC0200000B0707756E6B6E6F776E110D04666163650CCD02000004FFFFFFFF0CFFFFFFFF0C0D0200000C3B0200000C060000000CFFFFFFFF0CCE0200000B0B110D05
310
706F696E740CFFFFFFFF04FFFFFFFF0CFFFFFFFF1300000000000014C000000000000036C00000000000001040110D05706F696E740CFFFFFFFF04FFFFFFFF0CFFFFFFFF130000000000002EC000000000000036C00000000000001040110E0D4154545249425F435553544F4D0D066174747269620CFFFFFFFF04FFFFFFFF
310
0CFFFFFFFF0CFFFFFFFF0C42020000071667656E657269635F7461675F6174747269625F6465660403000000040300000004FFFFFFFF071767656E657269635F7461675F6174747269625F64656620040100000004020000000702323504000000000401000000042D0100000400000000110D04666163650CCF02000004FF
310
FFFFFF0CFFFFFFFF0CC90200000C6B0200000C060000000CFFFFFFFF0CD00200000B0B110D046C6F6F700CFFFFFFFF04FFFFFFFF0CFFFFFFFF0CD10200000C690200000C42020000110E04636F6E650D07737572666163650CFFFFFFFF04FFFFFFFF0CFFFFFFFF135AFB4E57366B4A403C9681A80C281A4000000000000000
310
001400000000000000000000000000000000000000000000F03F148839422EDCC8F43F060000000000E83F000000000000000006000000000000F03F0B0B06000000000000000006000000000000F0BF06080000000000F83F0B0B0B0B0B110D046C6F6F700CFFFFFFFF04FFFFFFFF0CFFFFFFFF0CFFFFFFFF0CD20200000C
310
13020000110D06636F656467650CFFFFFFFF04FFFFFFFF0CFFFFFFFF0C880200000C880200000C680200000CB10200000A0C4302000004000000000CFFFFFFFF110D06636F656467650CD302000004FFFFFFFF0CFFFFFFFF0C890200000C890200000CD40200000CD50200000B0C4502000004000000000CFFFFFFFF110D06
310
636F656467650CFFFFFFFF04FFFFFFFF0CFFFFFFFF0C8A0200000C8A0200000C460200000C8B0200000B0C6702000004000000000CFFFFFFFF110D04656467650CFFFFFFFF04FFFFFFFF0CFFFFFFFF0CD602000006182D4454FB2109C00CD602000006182D4454FB2109400C460200000CD70200000B0707756E6B6E6F776E
310
110E0D4154545249425F435553544F4D0D066174747269620CFFFFFFFF04FFFFFFFF0CFFFFFFFF0CFFFFFFFF0C470200000711736B657463685F6174747269625F646566040100000004010000000403000000071631313320302034323934393637323935203020312031110D06636F656467650CD802000004FFFFFFFF0C
310
FFFFFFFF0C8D0200000C8D0200000C470200000C8E0200000A0CD902000004000000000CFFFFFFFF110D04656467650CFFFFFFFF04FFFFFFFF0CFFFFFFFF0CDA02000006182D4454FB2109C00CDA02000006182D4454FB2109400C470200000CDB0200000B0707756E6B6E6F776E110D046C6F6F700CFFFFFFFF04FFFFFFFF
310
0CFFFFFFFF0C4D0200000C480200000C3D000000110D067665727465780CFFFFFFFF04FFFFFFFF0CFFFFFFFF0C4902000004000000000CDC020000110E07656C6C697073650D0563757276650CFFFFFFFF04FFFFFFFF0CFFFFFFFF13758852DBA78C4C40758852DBA78C4C4000000000000010401400000000000000800000
310
000000000080000000000000F0BF14000000000000F43F0000000000000000000000000000000006000000000000F03F0B0B110E0D4154545249425F435553544F4D0D066174747269620CFFFFFFFF04FFFFFFFF0CFFFFFFFF0CFFFFFFFF0C4B0200000711736B657463685F6174747269625F646566040100000004010000
310
000403000000071632373520302034323934393637323935203020312031110D046C6F6F700CFFFFFFFF04FFFFFFFF0CFFFFFFFF0C510200000C4B0200000C52000000110D067665727465780CFFFFFFFF04FFFFFFFF0CFFFFFFFF0C4C02000004000000000CDD020000110E07656C6C697073650D0563757276650CFFFFFF
310
FF04FFFFFFFF0CFFFFFFFF1304000000000044401C0000000040504000000000000000001400000000000000800000000000000080000000000000F0BF14000000000000F43F0000000000000000000000000000000006000000000000F03F0B0B110D05706F696E740CFFFFFFFF04FFFFFFFF0CFFFFFFFF13040000000060
310
43401C000000004050400000000000001040110D05706F696E740CFFFFFFFF04FFFFFFFF0CFFFFFFFF13D0284AFF05603940A5BFAC3EB2BF50C00000000000000000110D046C6F6F700CFFFFFFFF04FFFFFFFF0CFFFFFFFF0CD90200000CD40200000C52000000110D06636F656467650CDE02000004FFFFFFFF0CFFFFFFFF
310
0C990200000C990200000CD20200000CDF0200000A0C5602000004000000000CFFFFFFFF110E0D4154545249425F435553544F4D0D066174747269620CFFFFFFFF04FFFFFFFF0CFFFFFFFF0CFFFFFFFF0C570200000711736B657463685F6174747269625F6465660401000000040100000004030000000716323531203020
310
34323934393637323935203020312031110D06636F656467650CE002000004FFFFFFFF0CFFFFFFFF0C9B0200000C9B0200000C570200000C9C0200000B0CD102000004000000000CFFFFFFFF110D04656467650CFFFFFFFF04FFFFFFFF0CFFFFFFFF0CE102000006182D4454FB2109C00CE102000006182D4454FB2109400C
310
9B0200000CE20200000B0707756E6B6E6F776E110E0D4154545249425F435553544F4D0D066174747269620CFFFFFFFF04FFFFFFFF0CFFFFFFFF0CFFFFFFFF0C590200000711736B657463685F6174747269625F64656604010000000401000000040300000007163131392030203432393439363732393520302031203111
310
0D046C6F6F700CFFFFFFFF04FFFFFFFF0CFFFFFFFF0CFFFFFFFF0C590200000C84020000110D067665727465780CFFFFFFFF04FFFFFFFF0CFFFFFFFF0C5A02000004000000000CE3020000110E07656C6C697073650D0563757276650CFFFFFFFF04FFFFFFFF0CFFFFFFFF13748852DBA78C4C40768852DBA78C4CC0000000
310
00000000001400000000000000800000000000000080000000000000F0BF14000000000000F43F0000000000000000000000000000000006000000000000F03F0B0B110E0D4154545249425F435553544F4D0D066174747269620CFFFFFFFF04FFFFFFFF0CE40200000CFFFFFFFF0C5C0200000711736B657463685F617474
310
7269625F646566040100000004010000000403000000071632303520302034323934393637323935203020312031110D06636F656467650CE502000004FFFFFFFF0CFFFFFFFF0CE60200000C5C0200000CE70200000CE80200000A0CD601000004000000000CFFFFFFFF110D06636F656467650CE902000004FFFFFFFF0CFF
310
FFFFFF0CC40200000CC30200000C5C0200000CA40200000B0CC502000004000000000CFFFFFFFF110D04656467650CFFFFFFFF04FFFFFFFF0CFFFFFFFF0CEA02000006000000000000E0BF0CA602000006000000000000E03F0CA30200000CEB0200000B0707756E6B6E6F776E110E0D4154545249425F435553544F4D0D06
310
6174747269620CFFFFFFFF04FFFFFFFF0CFFFFFFFF0CFFFFFFFF0C5D0200000711736B657463685F6174747269625F646566040100000004010000000403000000071632313220302034323934393637323935203020312031110D067665727465780CFFFFFFFF04FFFFFFFF0CFFFFFFFF0C5E02000004000000000CEC0200
310
00110E0873747261696768740D0563757276650CFFFFFFFF04FFFFFFFF0CFFFFFFFF1300000000000014C000000000000036C0000000000000000014000000000000008000000000000024C000000000000000800A069C9999999999D9BF0A060000000000000080110E0D4154545249425F435553544F4D0D066174747269
310
620CFFFFFFFF04FFFFFFFF0CFFFFFFFF0CFFFFFFFF0C600200000711736B657463685F6174747269625F646566040100000004010000000403000000071632323320302034323934393637323935203020312031110D06636F656467650CED02000004FFFFFFFF0CFFFFFFFF0C600200000CEE0200000CEF0200000CF00200
310
000A0CD601000004000000000CFFFFFFFF110D06636F656467650CF102000004FFFFFFFF0CFFFFFFFF0CB90200000CB80200000C600200000CAB0200000B0CBA02000004000000000CFFFFFFFF110D04656467650CFFFFFFFF04FFFFFFFF0CFFFFFFFF0CAD0200000600000000000000000CF2020000069C9999999999E13F
310
0CAA0200000CF30200000B0707756E6B6E6F776E110E0D4154545249425F435553544F4D0D066174747269620CFFFFFFFF04FFFFFFFF0CFFFFFFFF0CFFFFFFFF0C610200000711736B657463685F6174747269625F646566040100000004010000000403000000071632313020302034323934393637323935203020312031
310
110D067665727465780CFFFFFFFF04FFFFFFFF0CFFFFFFFF0CAB02000004000000000CF4020000110E0873747261696768740D0563757276650CFFFFFFFF04FFFFFFFF0CFFFFFFFF130000000000002EC000000000000032C00000000000000000140000000000000000000000000000244000000000000000000A069C9999
310
999999D9BF0A060000000000000080110D05706F696E740CFFFFFFFF04FFFFFFFF0CFFFFFFFF1300000000000014C000000000000036C00000000000000000110D05706F696E740CFFFFFFFF04FFFFFFFF0CFFFFFFFF130000000000002EC000000000000036C00000000000000000110D04656467650CFFFFFFFF04FFFFFF
310
FF0CFFFFFFFF0CF502000006182D4454FB2109C00CF502000006182D4454FB2109400C880200000CF60200000B0707756E6B6E6F776E110D067665727465780CFFFFFFFF04FFFFFFFF0CFFFFFFFF0C6A02000004000000000CF7020000110E07656C6C697073650D0563757276650CFFFFFFFF04FFFFFFFF0CFFFFFFFF135A
310
FB4E57366B4A403C9681A80C281A4000000000000010401400000000000000000000000000000000000000000000F0BF148839422EDCC8F43F060000000000E83F000000000000000006000000000000F03F0B0B110D05706F696E740CFFFFFFFF04FFFFFFFF0CFFFFFFFF13748852DBA7EC4B40768852DBA78C4CC0000000
310
0000001040110D06636F656467650CFFFFFFFF04FFFFFFFF0CFFFFFFFF0CF80200000C6E0200000CF90200000CFA0200000B0CB601000004000000000CFFFFFFFF110D06636F656467650CFFFFFFFF04FFFFFFFF0CFFFFFFFF0CFB0200000CFC0200000C6E0200000CB70200000A0CFD02000004000000000CFFFFFFFF110D
310
04656467650CFFFFFFFF04FFFFFFFF0CFFFFFFFF0CBB02000006CDCCCCCCCCCCECBF0CFE0200000600000000000000800CB60200000CFF0200000B0707756E6B6E6F776E110D06636F656467650CFFFFFFFF04FFFFFFFF0CFFFFFFFF0CAA0200000C6F0200000C720200000CBD0200000A0CBA02000004000000000CFFFFFF
310
FF110D06636F656467650CFFFFFFFF04FFFFFFFF0CFFFFFFFF0C6F0200000CAA0200000CFB0200000C000300000B0CBA02000004000000000CFFFFFFFF110D046C6F6F700CFFFFFFFF04FFFFFFFF0CFFFFFFFF0CFFFFFFFF0CAA0200000C01030000110D067665727465780CFFFFFFFF04FFFFFFFF0CFFFFFFFF0CB7020000
310
04000000000C02030000110E0873747261696768740D0563757276650CFFFFFFFF04FFFFFFFF0CFFFFFFFF130000000000002EC000000000000032C000000000000010401400000000000024C0000000000000000000000000000000000B0B110D04656467650CFFFFFFFF04FFFFFFFF0CFFFFFFFF0CAD0200000600000000
310
000000000C74020000069A9999999999D93F0C720200000C030300000B0707756E6B6E6F776E110D04666163650C0403000004FFFFFFFF0CFFFFFFFF0C800200000C730200000C060000000CFFFFFFFF0C050300000B0B110D05706F696E740CFFFFFFFF04FFFFFFFF0CFFFFFFFF130000000000002EC000000000000032C0
310
0000000000001040110D06636F656467650CFFFFFFFF04FFFFFFFF0CFFFFFFFF0C760200000C060300000C070300000C080300000B0CB601000004000000000CFFFFFFFF110D06636F656467650CFFFFFFFF04FFFFFFFF0CFFFFFFFF0C090300000C0A0300000C760200000CC20200000A0C0B03000004000000000CFFFFFF
310
FF110D04656467650CFFFFFFFF04FFFFFFFF0CFFFFFFFF0C0C0300000600000000000000000CC6020000069C9999999999D93F0CC10200000C0D0300000B0707756E6B6E6F776E110D06636F656467650CFFFFFFFF04FFFFFFFF0CFFFFFFFF0CA30200000C770200000C0A0300000C0E0300000A0CC502000004000000000C
310
FFFFFFFF110D06636F656467650CFFFFFFFF04FFFFFFFF0CFFFFFFFF0C770200000CA30200000C790200000CC80200000B0CC502000004000000000CFFFFFFFF110D046C6F6F700CFFFFFFFF04FFFFFFFF0CFFFFFFFF0CFFFFFFFF0CA30200000C0F030000110D067665727465780CFFFFFFFF04FFFFFFFF0CFFFFFFFF0C78
310
02000004000000000C10030000110E0873747261696768740D0563757276650CFFFFFFFF04FFFFFFFF0CFFFFFFFF13000000000000000000000000000032C000000000000010401400000000000024C0000000000000000000000000000000000B0B110D04656467650CFFFFFFFF04FFFFFFFF0CFFFFFFFF0CA60200000600
310
000000000000000C7C020000069A9999999999D93F0CC40200000C110300000B0707756E6B6E6F776E110D04666163650C1203000004FFFFFFFF0CFFFFFFFF0C0F0300000C7B0200000C060000000CFFFFFFFF0C130300000B0B110D05706F696E740CFFFFFFFF04FFFFFFFF0CFFFFFFFF1300000000000014C00000000000
310
0032C00000000000001040110E0873747261696768740D0563757276650CFFFFFFFF04FFFFFFFF0CFFFFFFFF1300000000000014C000000000000036C00000000000000000140000000000000000000000000000000000000000000024400B0B110E0873747261696768740D0563757276650CFFFFFFFF04FFFFFFFF0CFFFF
310
FFFF130000000000002EC000000000000036C00000000000000000140000000000000000000000000000000000000000000024400B0B110E0D4154545249425F435553544F4D0D066174747269620CFFFFFFFF04FFFFFFFF0CFFFFFFFF0CFFFFFFFF0C80020000071667656E657269635F7461675F6174747269625F646566
310
0403000000040300000004FFFFFFFF071767656E657269635F7461675F6174747269625F64656620040100000004020000000702313204000000000401000000042D0100000400000000110E05706C616E650D07737572666163650CFFFFFFFF04FFFFFFFF0CFFFFFFFF1300000000000014C000000000000036C000000000
310
00000000140000000000000000000000000000F03F00000000000000001400000000000024C0000000000000008000000000000000800B0B0B0B0B110E0D4154545249425F435553544F4D0D066174747269620CFFFFFFFF04FFFFFFFF0CFFFFFFFF0CFFFFFFFF0C84020000071667656E657269635F7461675F6174747269
310
625F6465660403000000040300000004FFFFFFFF071767656E657269635F7461675F6174747269625F64656620040100000004020000000702323404000000000401000000042D0100000400000000110E04636F6E650D07737572666163650CFFFFFFFF04FFFFFFFF0CFFFFFFFF13748852DBA78C4C40768852DBA78C4CC0
310
00000000000000001400000000000000000000000000000000000000000000F03F14000000000000F43F0000000000000000000000000000000006000000000000F03F0B0B06000000000000000006000000000000F0BF06000000000000F43F0B0B0B0B0B110D046C6F6F700CFFFFFFFF04FFFFFFFF0CFFFFFFFF0CFFFFFF
310
FF0C9B0200000C42020000110D06636F656467650C1403000004FFFFFFFF0CFFFFFFFF0CD20200000CD20200000C990200000CDF0200000B0C8702000004000000000CFFFFFFFF110E0D4154545249425F435553544F4D0D066174747269620CFFFFFFFF04FFFFFFFF0CFFFFFFFF0CFFFFFFFF0C890200000711736B657463
310
685F6174747269625F646566040100000004010000000403000000071631303420302034323934393637323935203020312031110D06636F656467650C1503000004FFFFFFFF0CFFFFFFFF0CD40200000CD40200000C890200000CD50200000A0C9802000004000000000CFFFFFFFF110D04656467650CFFFFFFFF04FFFFFF
310
FF0CFFFFFFFF0C1603000006182D4454FB2109C00C1603000006182D4454FB2109400C890200000C170300000B0707756E6B6E6F776E110D067665727465780CFFFFFFFF04FFFFFFFF0CFFFFFFFF0C8B02000004000000000C18030000110E07656C6C697073650D0563757276650CFFFFFFFF04FFFFFFFF0CFFFFFFFF1300
310
00000000000000000000000000000000000000000010401400000000000000800000000000000080000000000000F0BF1400000000008013400000000000000000000000000000000006000000000000F03F0B0B110E0D4154545249425F435553544F4D0D066174747269620CFFFFFFFF04FFFFFFFF0CFFFFFFFF0CFFFFFF
310
FF0C8D0200000711736B657463685F6174747269625F646566040100000004010000000403000000071631313320302034323934393637323935203020312031110D046C6F6F700CFFFFFFFF04FFFFFFFF0CFFFFFFFF0C930200000C8D0200000C52000000110D067665727465780CFFFFFFFF04FFFFFFFF0CFFFFFFFF0C8E
310
02000004000000000C19030000110E07656C6C697073650D0563757276650CFFFFFFFF04FFFFFFFF0CFFFFFFFF13758852DBA78C4C40758852DBA78C4C4000000000000000001400000000000000800000000000000080000000000000F0BF14000000000000F43F0000000000000000000000000000000006000000000000
310
F03F0B0B110D05706F696E740CFFFFFFFF04FFFFFFFF0CFFFFFFFF13758852DBA7EC4B40758852DBA78C4C400000000000001040110D05706F696E740CFFFFFFFF04FFFFFFFF0CFFFFFFFF1304000000006043401C000000004050400000000000000000110E0D4154545249425F435553544F4D0D066174747269620CFFFF
310
FFFF04FFFFFFFF0CFFFFFFFF0CFFFFFFFF0C990200000711736B657463685F6174747269625F646566040100000004010000000403000000071631323620302034323934393637323935203020312031110D04656467650CFFFFFFFF04FFFFFFFF0CFFFFFFFF0C1A03000006182D4454FB2109C00C1A03000006182D4454FB
310
2109400CD20200000C1B0300000B0707756E6B6E6F776E110E0D4154545249425F435553544F4D0D066174747269620CFFFFFFFF04FFFFFFFF0CFFFFFFFF0CFFFFFFFF0C9B0200000711736B657463685F6174747269625F646566040100000004010000000403000000071632353120302034323934393637323935203020
310
312031110D067665727465780CFFFFFFFF04FFFFFFFF0CFFFFFFFF0C9C02000004000000000C1C030000110E07656C6C697073650D0563757276650CFFFFFFFF04FFFFFFFF0CFFFFFFFF135AFB4E57366B4A403C9681A80C281A4000000000000000001400000000000000000000000000000000000000000000F0BF148839
310
422EDCC8F43F060000000000E83F000000000000000006000000000000F03F0B0B110D05706F696E740CFFFFFFFF04FFFFFFFF0CFFFFFFFF13748852DBA7EC4B40768852DBA78C4CC00000000000000000110E0D4154545249425F435553544F4D0D066174747269620CFFFFFFFF04FFFFFFFF0CFFFFFFFF0CA10200000C5C
310
0200000711736B657463685F6174747269625F646566040100000004010000000403000000071632313420302034323934393637323935203020312031110E0D4154545249425F435553544F4D0D066174747269620CFFFFFFFF04FFFFFFFF0CFFFFFFFF0CFFFFFFFF0CA20200000711736B657463685F6174747269625F64
310
6566040100000004010000000403000000071632323120302034323934393637323935203020312031110D06636F656467650C1D03000004FFFFFFFF0CFFFFFFFF0C1E0300000CA20200000C1F0300000C200300000A0CD601000004000000000CFFFFFFFF110D06636F656467650C2103000004FFFFFFFF0CFFFFFFFF0C0A
310
0300000C090300000CA20200000CE80200000B0C0B03000004000000000CFFFFFFFF110D04656467650CFFFFFFFF04FFFFFFFF0CFFFFFFFF0C220300000600000000000000000CEA020000069C9999999999D93F0CE70200000C230300000B0707756E6B6E6F776E110E0D4154545249425F435553544F4D0D066174747269
310
620CFFFFFFFF04FFFFFFFF0C240300000CFFFFFFFF0CA30200000711736B657463685F6174747269625F646566040100000004010000000403000000071632313420302034323934393637323935203020312031110D067665727465780CFFFFFFFF04FFFFFFFF0CFFFFFFFF0CA402000004000000000C25030000110E0873
310
747261696768740D0563757276650CFFFFFFFF04FFFFFFFF0CFFFFFFFF13000000000000000000000000000032C000000000000000001400000000000024C0000000000000000000000000000000000A06000000000000E0BF0A06000000000000E03F110D05706F696E740CFFFFFFFF04FFFFFFFF0CFFFFFFFF1300000000
310
000014C000000000000032C00000000000000000110E0D4154545249425F435553544F4D0D066174747269620CFFFFFFFF04FFFFFFFF0CFFFFFFFF0CFFFFFFFF0CA90200000711736B657463685F6174747269625F646566040100000004010000000403000000071631343720302034323934393637323935203020312031
310
110D06636F656467650C2603000004FFFFFFFF0CFFFFFFFF0CA90200000C270300000C280300000C290300000A0CD601000004000000000CFFFFFFFF110D06636F656467650C2A03000004FFFFFFFF0CFFFFFFFF0CFC0200000CFB0200000CA90200000CF00200000B0CFD02000004000000000CFFFFFFFF110D0465646765
310
0CFFFFFFFF04FFFFFFFF0CFFFFFFFF0CF202000006CDCCCCCCCCCCECBF0C2B0300000600000000000000000CEF0200000C2C0300000B0707756E6B6E6F776E110E0D4154545249425F435553544F4D0D066174747269620CFFFFFFFF04FFFFFFFF0CFFFFFFFF0CFFFFFFFF0CAA0200000711736B657463685F617474726962
310
5F646566040100000004010000000403000000071632323320302034323934393637323935203020312031110D067665727465780CFFFFFFFF04FFFFFFFF0CFFFFFFFF0CF002000004000000000C2D030000110E0873747261696768740D0563757276650CFFFFFFFF04FFFFFFFF0CFFFFFFFF130000000000002EC0000000
310
00000032C000000000000000001400000000000024C0000000000000000000000000000000000A0600000000000000000A069C9999999999E13F110D05706F696E740CFFFFFFFF04FFFFFFFF0CFFFFFFFF130000000000002EC000000000000032C00000000000000000110D067665727465780CFFFFFFFF04FFFFFFFF0CFF
310
FFFFFF0CB102000004000000000C2E030000110E07656C6C697073650D0563757276650CFFFFFFFF04FFFFFFFF0CFFFFFFFF1300000000000000003333333333D3534000000000000010401400000000000000800000000000000080000000000000F0BF140000000000000340000000000000000000000000000000000600
310
0000000000F03F0B0B110D05706F696E740CFFFFFFFF04FFFFFFFF0CFFFFFFFF138DE9DC75EFC449403B9681A80C2817400000000000001040110D06636F656467650CFFFFFFFF04FFFFFFFF0CFFFFFFFF0C2F0300000CB50200000C300300000C310300000B0CB601000004000000000CFFFFFFFF110D06636F656467650C
310
FFFFFFFF04FFFFFFFF0CFFFFFFFF0C320300000C330300000CB50200000CFA0200000A0C3403000004000000000CFFFFFFFF110D04656467650CFFFFFFFF04FFFFFFFF0CFFFFFFFF0CFE0200000667666666666600C00C3503000006CDCCCCCCCCCC00400CF90200000C360300000B0707756E6B6E6F776E110D06636F6564
310
67650CFFFFFFFF04FFFFFFFF0CFFFFFFFF0CEF0200000CB60200000CB90200000C000300000A0CFD02000004000000000CFFFFFFFF110D06636F656467650CFFFFFFFF04FFFFFFFF0CFFFFFFFF0CB60200000CEF0200000C320300000C370300000B0CFD02000004000000000CFFFFFFFF110D046C6F6F700CFFFFFFFF04FF
310
FFFFFF0CFFFFFFFF0CFFFFFFFF0CEF0200000C38030000110D067665727465780CFFFFFFFF04FFFFFFFF0CFFFFFFFF0CFA02000004000000000C39030000110E0873747261696768740D0563757276650CFFFFFFFF04FFFFFFFF0CFFFFFFFF1301000000008034C000000000000022C0000000000000104014000000000000
310
0000000000000000244000000000000000000B0B110D04656467650CFFFFFFFF04FFFFFFFF0CFFFFFFFF0CF20200000600000000000000000CBB020000069A9999999999D93F0CB90200000C3A0300000B0707756E6B6E6F776E110D04666163650C3B03000004FFFFFFFF0CFFFFFFFF0CBE0200000CBA0200000C06000000
310
0CFFFFFFFF0C3C0300000B0B110D05706F696E740CFFFFFFFF04FFFFFFFF0CFFFFFFFF1302000000008034C000000000000032C00000000000001040110E0873747261696768740D0563757276650CFFFFFFFF04FFFFFFFF0CFFFFFFFF130000000000002EC000000000000032C00000000000000000140000000000000000
310
000000000000000000000000000024400B0B110E0D4154545249425F435553544F4D0D066174747269620CFFFFFFFF04FFFFFFFF0CFFFFFFFF0CFFFFFFFF0CBE020000071667656E657269635F7461675F6174747269625F6465660403000000040300000004FFFFFFFF071767656E657269635F7461675F6174747269625F
310
64656620040100000004020000000702313304000000000401000000042D0100000400000000110E05706C616E650D07737572666163650CFFFFFFFF04FFFFFFFF0CFFFFFFFF130000000000002EC000000000000036C0000000000000000014000000000000F03F0000000000000000000000000000000014000000000000
310
0000000000000000244000000000000000000B0B0B0B0B110D06636F656467650CFFFFFFFF04FFFFFFFF0CFFFFFFFF0CC00200000C2F0300000C3D0300000C3E0300000B0CB601000004000000000CFFFFFFFF110D06636F656467650CFFFFFFFF04FFFFFFFF0CFFFFFFFF0C3F0300000C400300000CC00200000C08030000
310
0A0C4103000004000000000CFFFFFFFF110D04656467650CFFFFFFFF04FFFFFFFF0CFFFFFFFF0C420300000600000000000000000C0C03000006000000000000F03F0C070300000C430300000B0707756E6B6E6F776E110D06636F656467650CFFFFFFFF04FFFFFFFF0CFFFFFFFF0CE70200000CC10200000C400300000C44
310
0300000A0C0B03000004000000000CFFFFFFFF110D06636F656467650CFFFFFFFF04FFFFFFFF0CFFFFFFFF0CC10200000CE70200000CC30200000C0E0300000B0C0B03000004000000000CFFFFFFFF110D046C6F6F700CFFFFFFFF04FFFFFFFF0CFFFFFFFF0CFFFFFFFF0CE70200000C45030000110D067665727465780CFF
310
FFFFFF04FFFFFFFF0CFFFFFFFF0CC202000004000000000C46030000110E0873747261696768740D0563757276650CFFFFFFFF04FFFFFFFF0CFFFFFFFF13000000000000144000000000000036C00000000000001040140000000000000000000000000000244000000000000000000B0B110D04656467650CFFFFFFFF04FF
310
FFFFFF0CFFFFFFFF0CEA0200000600000000000000000CC6020000069A9999999999D93F0C0A0300000C470300000B0707756E6B6E6F776E110D04666163650C4803000004FFFFFFFF0CFFFFFFFF0C450300000CC50200000C060000000CFFFFFFFF0C490300000B0B110D05706F696E740CFFFFFFFF04FFFFFFFF0CFFFFFF
310
FF13000000000000144000000000000032C00000000000001040110E0873747261696768740D0563757276650CFFFFFFFF04FFFFFFFF0CFFFFFFFF1300000000000014C000000000000032C00000000000000000140000000000000000000000000000000000000000000024400B0B110E0D4154545249425F435553544F4D
310
0D066174747269620CFFFFFFFF04FFFFFFFF0CFFFFFFFF0CFFFFFFFF0CC9020000071667656E657269635F7461675F6174747269625F6465660403000000040300000004FFFFFFFF071767656E657269635F7461675F6174747269625F64656620040100000004020000000702323304000000000401000000042D01000004
310
00000000110E05706C616E650D07737572666163650CFFFFFFFF04FFFFFFFF0CFFFFFFFF1300000000000014C000000000000032C0000000000000000014000000000000F0BF0000000000000000000000000000000014000000000000008000000000000024C000000000000000800B0B0B0B0B110E0D4154545249425F43
310
5553544F4D0D066174747269620CFFFFFFFF04FFFFFFFF0CFFFFFFFF0CFFFFFFFF0CD20200000711736B657463685F6174747269625F646566040100000004010000000403000000071631323620302034323934393637323935203020312031110E0D4154545249425F435553544F4D0D066174747269620CFFFFFFFF04FF
310
FFFFFF0CFFFFFFFF0CFFFFFFFF0CD40200000711736B657463685F6174747269625F646566040100000004010000000403000000071631303420302034323934393637323935203020312031110D067665727465780CFFFFFFFF04FFFFFFFF0CFFFFFFFF0CD502000004000000000C4A030000110E07656C6C697073650D05
310
63757276650CFFFFFFFF04FFFFFFFF0CFFFFFFFF130000000000000000000000000000000000000000000000001400000000000000800000000000000080000000000000F0BF1400000000008013400000000000000000000000000000000006000000000000F03F0B0B110D05706F696E740CFFFFFFFF04FFFFFFFF0CFFFF
310
FFFF1308000000008013C02CD0408E7E82C5BC0000000000001040110D05706F696E740CFFFFFFFF04FFFFFFFF0CFFFFFFFF13758852DBA7EC4B40758852DBA78C4C400000000000000000110D067665727465780CFFFFFFFF04FFFFFFFF0CFFFFFFFF0CDF02000004000000000C4B030000110E07656C6C697073650D0563
310
757276650CFFFFFFFF04FFFFFFFF0CFFFFFFFF1300000000000000003333333333D3534000000000000000001400000000000000800000000000000080000000000000F0BF1400000000000003400000000000000000000000000000000006000000000000F03F0B0B110D05706F696E740CFFFFFFFF04FFFFFFFF0CFFFFFF
310
FF138DE9DC75EFC449403B9681A80C2817400000000000000000110E0D4154545249425F435553544F4D0D066174747269620CFFFFFFFF04FFFFFFFF0CFFFFFFFF0CFFFFFFFF0CE60200000711736B657463685F6174747269625F646566040100000004010000000403000000071632323020302034323934393637323935
310
203020312031110D06636F656467650C4C03000004FFFFFFFF0CFFFFFFFF0C4D0300000CE60200000C4E0300000C4F0300000A0CD601000004000000000CFFFFFFFF110D06636F656467650C5003000004FFFFFFFF0CFFFFFFFF0C400300000C3F0300000CE60200000C200300000B0C4103000004000000000CFFFFFFFF11
310
0D04656467650CFFFFFFFF04FFFFFFFF0CFFFFFFFF0C510300000600000000000000000C2203000006000000000000F03F0C1F0300000C520300000B0707756E6B6E6F776E110E0D4154545249425F435553544F4D0D066174747269620CFFFFFFFF04FFFFFFFF0CFFFFFFFF0CFFFFFFFF0CE70200000711736B657463685F
310
6174747269625F646566040100000004010000000403000000071632323120302034323934393637323935203020312031110D067665727465780CFFFFFFFF04FFFFFFFF0CFFFFFFFF0CE802000004000000000C53030000110E0873747261696768740D0563757276650CFFFFFFFF04FFFFFFFF0CFFFFFFFF130000000000
310
00144000000000000036C00000000000000000140000000000000000000000000000244000000000000000000A0600000000000000000A069C9999999999D93F110E0D4154545249425F435553544F4D0D066174747269620CFFFFFFFF04FFFFFFFF0CFFFFFFFF0CE90200000CA30200000711736B657463685F6174747269
310
625F646566040100000004010000000403000000071632303520302034323934393637323935203020312031110D05706F696E740CFFFFFFFF04FFFFFFFF0CFFFFFFFF13000000000000144000000000000032C00000000000000000110E0D4154545249425F435553544F4D0D066174747269620CFFFFFFFF04FFFFFFFF0C
310
540300000CFFFFFFFF0CEE0200000711736B657463685F6174747269625F646566040100000004010000000403000000071631333920302034323934393637323935203020312031110D06636F656467650C5503000004FFFFFFFF0CFFFFFFFF0CEE0200000C4D0300000C560300000C570300000A0CD60100000400000000
310
0CFFFFFFFF110D06636F656467650C5803000004FFFFFFFF0CFFFFFFFF0C330300000C320300000CEE0200000C290300000B0C3403000004000000000CFFFFFFFF110D04656467650CFFFFFFFF04FFFFFFFF0CFFFFFFFF0C2B0300000667666666666600C00C5903000006CDCCCCCCCCCC00400C280300000C5A0300000B07
310
07756E6B6E6F776E110E0D4154545249425F435553544F4D0D066174747269620CFFFFFFFF04FFFFFFFF0CFFFFFFFF0CFFFFFFFF0CEF0200000711736B657463685F6174747269625F646566040100000004010000000403000000071631343720302034323934393637323935203020312031110D067665727465780CFFFF
310
FFFF04FFFFFFFF0CFFFFFFFF0C2903000004000000000C5B030000110E0873747261696768740D0563757276650CFFFFFFFF04FFFFFFFF0CFFFFFFFF1301000000008034C000000000000022C00000000000000000140000000000000000000000000000244000000000000000000A06CDCCCCCCCCCCECBF0A060000000000
310
000080110D05706F696E740CFFFFFFFF04FFFFFFFF0CFFFFFFFF1301000000008034C000000000000032C00000000000000000110D05706F696E740CFFFFFFFF04FFFFFFFF0CFFFFFFFF13FCFFFFFFFFFF02C03333333333D353400000000000001040110D06636F656467650CFFFFFFFF04FFFFFFFF0CFFFFFFFF0C060300
310
000CF80200000C5C0300000C5D0300000B0CB601000004000000000CFFFFFFFF110D06636F656467650CFFFFFFFF04FFFFFFFF0CFFFFFFFF0C5E0300000C5F0300000CF80200000C310300000A0C6003000004000000000CFFFFFFFF110D04656467650CFFFFFFFF04FFFFFFFF0CFFFFFFFF0C350300000600000000000000
310
000C6103000006CDCCCCCCCCCCEC3F0C300300000C620300000B0707756E6B6E6F776E110D06636F656467650CFFFFFFFF04FFFFFFFF0CFFFFFFFF0C280300000CF90200000CFC0200000C370300000A0C3403000004000000000CFFFFFFFF110D06636F656467650CFFFFFFFF04FFFFFFFF0CFFFFFFFF0CF90200000C2803
310
00000C5E0300000C630300000B0C3403000004000000000CFFFFFFFF110D046C6F6F700CFFFFFFFF04FFFFFFFF0CFFFFFFFF0CFFFFFFFF0C280300000C64030000110D067665727465780CFFFFFFFF04FFFFFFFF0CFFFFFFFF0C3103000004000000000C65030000110E0873747261696768740D0563757276650CFFFFFFFF
310
04FFFFFFFF0CFFFFFFFF13000000000000000000000000000022C00000000000001040140000000000002440000000000000000000000000000000000B0B110D04656467650CFFFFFFFF04FFFFFFFF0CFFFFFFFF0C2B0300000600000000000000000CFE020000069A9999999999D93F0CFC0200000C660300000B0707756E
310
6B6E6F776E110D04666163650C6703000004FFFFFFFF0CFFFFFFFF0C010300000CFD0200000C060000000CFFFFFFFF0C680300000B0B110D05706F696E740CFFFFFFFF04FFFFFFFF0CFFFFFFFF1302000000008034C000000000000022C00000000000001040110E0873747261696768740D0563757276650CFFFFFFFF04FF
310
FFFFFF0CFFFFFFFF1301000000008034C000000000000032C00000000000000000140000000000000000000000000000000000000000000024400B0B110E0D4154545249425F435553544F4D0D066174747269620CFFFFFFFF04FFFFFFFF0CFFFFFFFF0CFFFFFFFF0C01030000071667656E657269635F7461675F61747472
310
69625F6465660403000000040300000004FFFFFFFF071767656E657269635F7461675F6174747269625F64656620040100000004020000000702313404000000000401000000042D0100000400000000110E05706C616E650D07737572666163650CFFFFFFFF04FFFFFFFF0CFFFFFFFF130000000000002EC0000000000000
310
32C00000000000000000140000000000000000000000000000F03F00000000000000001400000000000024C0000000000000000000000000000000000B0B0B0B0B110D06636F656467650CFFFFFFFF04FFFFFFFF0CFFFFFFFF0C690300000C6A0300000C060300000C3E0300000A0C6B03000004000000000CFFFFFFFF110D
310
04656467650CFFFFFFFF04FFFFFFFF0CFFFFFFFF0C6C0300000600000000000000000C42030000069C9999999999D93F0C3D0300000C6D0300000B0707756E6B6E6F776E110D06636F656467650CFFFFFFFF04FFFFFFFF0CFFFFFFFF0C1F0300000C070300000C6A0300000C6E0300000A0C4103000004000000000CFFFFFF
310
FF110D06636F656467650CFFFFFFFF04FFFFFFFF0CFFFFFFFF0C070300000C1F0300000C090300000C440300000B0C4103000004000000000CFFFFFFFF110D046C6F6F700CFFFFFFFF04FFFFFFFF0CFFFFFFFF0CFFFFFFFF0C1F0300000C6F030000110D067665727465780CFFFFFFFF04FFFFFFFF0CFFFFFFFF0C08030000
310
04000000000C70030000110E0873747261696768740D0563757276650CFFFFFFFF04FFFFFFFF0CFFFFFFFF130000000000002E4000000000000036C000000000000010401400000000000024C0000000000000000000000000000000000B0B110D04656467650CFFFFFFFF04FFFFFFFF0CFFFFFFFF0C220300000600000000
310
000000000C0C030000069A9999999999D93F0C400300000C710300000B0707756E6B6E6F776E110D04666163650C7203000004FFFFFFFF0CFFFFFFFF0C6F0300000C0B0300000C060000000CFFFFFFFF0C730300000B0B110D05706F696E740CFFFFFFFF04FFFFFFFF0CFFFFFFFF13000000000000144000000000000036C0
310
0000000000001040110E0873747261696768740D0563757276650CFFFFFFFF04FFFFFFFF0CFFFFFFFF13000000000000144000000000000032C00000000000000000140000000000000000000000000000000000000000000024400B0B110E0D4154545249425F435553544F4D0D066174747269620CFFFFFFFF04FFFFFFFF
310
0CFFFFFFFF0CFFFFFFFF0C0F030000071667656E657269635F7461675F6174747269625F6465660403000000040300000004FFFFFFFF071767656E657269635F7461675F6174747269625F64656620040100000004020000000702323204000000000401000000042D0100000400000000110E05706C616E650D0773757266
310
6163650CFFFFFFFF04FFFFFFFF0CFFFFFFFF13000000000000144000000000000032C00000000000000000140000000000000000000000000000F03F00000000000000001400000000000024C0000000000000000000000000000000000B0B0B0B0B110D05706F696E740CFFFFFFFF04FFFFFFFF0CFFFFFFFF130000000000
310
8013C02AD0408E7E82C5BC0000000000000000110D05706F696E740CFFFFFFFF04FFFFFFFF0CFFFFFFFF1300000000000003C03333333333D353400000000000000000110E0D4154545249425F435553544F4D0D066174747269620CFFFFFFFF04FFFFFFFF0CFFFFFFFF0CFFFFFFFF0C1E0300000711736B657463685F6174
310
747269625F646566040100000004010000000403000000071632313920302034323934393637323935203020312031110D06636F656467650C7403000004FFFFFFFF0CFFFFFFFF0C270300000C1E0300000C750300000C760300000A0CD601000004000000000CFFFFFFFF110D06636F656467650C7703000004FFFFFFFF0C
310
FFFFFFFF0C6A0300000C690300000C1E0300000C4F0300000B0C6B03000004000000000CFFFFFFFF110D04656467650CFFFFFFFF04FFFFFFFF0CFFFFFFFF0C780300000600000000000000000C51030000069C9999999999D93F0C4E0300000C790300000B0707756E6B6E6F776E110E0D4154545249425F435553544F4D0D
310
066174747269620CFFFFFFFF04FFFFFFFF0CFFFFFFFF0CFFFFFFFF0C1F0300000711736B657463685F6174747269625F646566040100000004010000000403000000071632323020302034323934393637323935203020312031110D067665727465780CFFFFFFFF04FFFFFFFF0CFFFFFFFF0C2003000004000000000C7A03
310
0000110E0873747261696768740D0563757276650CFFFFFFFF04FFFFFFFF0CFFFFFFFF130000000000002E4000000000000036C000000000000000001400000000000024C0000000000000000000000000000000000A0600000000000000000A06000000000000F03F110D05706F696E740CFFFFFFFF04FFFFFFFF0CFFFFFF
310
FF13000000000000144000000000000036C00000000000000000110E0D4154545249425F435553544F4D0D066174747269620CFFFFFFFF04FFFFFFFF0CFFFFFFFF0C260300000CEE0200000711736B657463685F6174747269625F646566040100000004010000000403000000071631343620302034323934393637323935
310
203020312031110E0D4154545249425F435553544F4D0D066174747269620CFFFFFFFF04FFFFFFFF0CFFFFFFFF0CFFFFFFFF0C270300000711736B657463685F6174747269625F646566040100000004010000000403000000071631343020302034323934393637323935203020312031110D06636F656467650C7B030000
310
04FFFFFFFF0CFFFFFFFF0C5F0300000C5E0300000C270300000C570300000B0C6003000004000000000CFFFFFFFF110D04656467650CFFFFFFFF04FFFFFFFF0CFFFFFFFF0C590300000600000000000000000C7C03000006CDCCCCCCCCCCEC3F0C560300000C7D0300000B0707756E6B6E6F776E110E0D4154545249425F43
310
5553544F4D0D066174747269620CFFFFFFFF04FFFFFFFF0C7E0300000CFFFFFFFF0C280300000711736B657463685F6174747269625F646566040100000004010000000403000000071631343620302034323934393637323935203020312031110D067665727465780CFFFFFFFF04FFFFFFFF0CFFFFFFFF0C570300000400
310
0000000C7F030000110E0873747261696768740D0563757276650CFFFFFFFF04FFFFFFFF0CFFFFFFFF13000000000000000000000000000022C00000000000000000140000000000002440000000000000000000000000000000000A0667666666666600C00A06CDCCCCCCCCCC0040110D05706F696E740CFFFFFFFF04FFFF
310
FFFF0CFFFFFFFF1301000000008034C000000000000022C00000000000000000110D06636F656467650CFFFFFFFF04FFFFFFFF0CFFFFFFFF0C800300000C810300000C2F0300000C5D0300000A0C8203000004000000000CFFFFFFFF110D04656467650CFFFFFFFF04FFFFFFFF0CFFFFFFFF0C6103000006343333333333E3
310
BF0C6C0300000600000000000000800C5C0300000C830300000B0707756E6B6E6F776E110D06636F656467650CFFFFFFFF04FFFFFFFF0CFFFFFFFF0C560300000C300300000C330300000C630300000A0C6003000004000000000CFFFFFFFF110D06636F656467650CFFFFFFFF04FFFFFFFF0CFFFFFFFF0C300300000C5603
310
00000C800300000C840300000B0C6003000004000000000CFFFFFFFF110D046C6F6F700CFFFFFFFF04FFFFFFFF0CFFFFFFFF0CFFFFFFFF0C560300000C85030000110D067665727465780CFFFFFFFF04FFFFFFFF0CFFFFFFFF0C5D03000004000000000C86030000110E0873747261696768740D0563757276650CFFFFFFFF
310
04FFFFFFFF0CFFFFFFFF13000000000000354000000000000022C0000000000000104014000000000000000000000000000024C000000000000000000B0B110D04656467650CFFFFFFFF04FFFFFFFF0CFFFFFFFF0C590300000600000000000000000C35030000069A9999999999D93F0C330300000C870300000B0707756E
310
6B6E6F776E110D04666163650C8803000004FFFFFFFF0CFFFFFFFF0C380300000C340300000C060000000CFFFFFFFF0C890300000B0B110D05706F696E740CFFFFFFFF04FFFFFFFF0CFFFFFFFF13FFFFFFFFFFFF344000000000000022C00000000000001040110E0873747261696768740D0563757276650CFFFFFFFF04FF
310
FFFFFF0CFFFFFFFF1301000000008034C000000000000022C00000000000000000140000000000000000000000000000000000000000000024400B0B110E0D4154545249425F435553544F4D0D066174747269620CFFFFFFFF04FFFFFFFF0CFFFFFFFF0CFFFFFFFF0C38030000071667656E657269635F7461675F61747472
310
69625F6465660403000000040300000004FFFFFFFF071767656E657269635F7461675F6174747269625F64656620040100000004020000000702313504000000000401000000042D0100000400000000110E05706C616E650D07737572666163650CFFFFFFFF04FFFFFFFF0CFFFFFFFF1301000000008034C0000000000000
310
32C0000000000000000014000000000000F03F00000000000000000000000000000000140000000000000000000000000000244000000000000000000B0B0B0B0B110D06636F656467650CFFFFFFFF04FFFFFFFF0CFFFFFFFF0C4E0300000C3D0300000C810300000C8A0300000A0C6B03000004000000000CFFFFFFFF110D
310
06636F656467650CFFFFFFFF04FFFFFFFF0CFFFFFFFF0C3D0300000C4E0300000C3F0300000C6E0300000B0C6B03000004000000000CFFFFFFFF110D046C6F6F700CFFFFFFFF04FFFFFFFF0CFFFFFFFF0CFFFFFFFF0C4E0300000C8B030000110D067665727465780CFFFFFFFF04FFFFFFFF0CFFFFFFFF0C3E030000040000
310
00000C8C030000110E0873747261696768740D0563757276650CFFFFFFFF04FFFFFFFF0CFFFFFFFF130000000000002E4000000000000032C0000000000000104014000000000000000000000000000024C000000000000000000B0B110D04656467650CFFFFFFFF04FFFFFFFF0CFFFFFFFF0C510300000600000000000000
310
000C42030000069A9999999999D93F0C6A0300000C8D0300000B0707756E6B6E6F776E110D04666163650C8E03000004FFFFFFFF0CFFFFFFFF0C8B0300000C410300000C060000000CFFFFFFFF0C8F0300000B0B110D05706F696E740CFFFFFFFF04FFFFFFFF0CFFFFFFFF130000000000002E4000000000000036C0000000
310
0000001040110E0873747261696768740D0563757276650CFFFFFFFF04FFFFFFFF0CFFFFFFFF13000000000000144000000000000036C00000000000000000140000000000000000000000000000000000000000000024400B0B110E0D4154545249425F435553544F4D0D066174747269620CFFFFFFFF04FFFFFFFF0CFFFF
310
FFFF0CFFFFFFFF0C45030000071667656E657269635F7461675F6174747269625F6465660403000000040300000004FFFFFFFF071767656E657269635F7461675F6174747269625F64656620040100000004020000000702323104000000000401000000042D0100000400000000110E05706C616E650D0773757266616365
310
0CFFFFFFFF04FFFFFFFF0CFFFFFFFF13000000000000144000000000000036C0000000000000000014000000000000F03F00000000000000000000000000000000140000000000000000000000000000244000000000000000000B0B0B0B0B110E0D4154545249425F435553544F4D0D066174747269620CFFFFFFFF04FFFF
310
FFFF0CFFFFFFFF0CFFFFFFFF0C4D0300000711736B657463685F6174747269625F646566040100000004010000000403000000071632323220302034323934393637323935203020312031110D06636F656467650C9003000004FFFFFFFF0CFFFFFFFF0C810300000C800300000C4D0300000C760300000B0C820300000400
310
0000000CFFFFFFFF110D04656467650CFFFFFFFF04FFFFFFFF0CFFFFFFFF0C7C03000006343333333333E3BF0C780300000600000000000000800C750300000C910300000B0707756E6B6E6F776E110E0D4154545249425F435553544F4D0D066174747269620CFFFFFFFF04FFFFFFFF0CFFFFFFFF0CFFFFFFFF0C4E030000
310
0711736B657463685F6174747269625F646566040100000004010000000403000000071632313920302034323934393637323935203020312031110D067665727465780CFFFFFFFF04FFFFFFFF0CFFFFFFFF0C4F03000004000000000C92030000110E0873747261696768740D0563757276650CFFFFFFFF04FFFFFFFF0CFF
310
FFFFFF130000000000002E4000000000000032C0000000000000000014000000000000000000000000000024C000000000000000000A0600000000000000000A069C9999999999D93F110D05706F696E740CFFFFFFFF04FFFFFFFF0CFFFFFFFF130000000000002E4000000000000036C00000000000000000110E0D415454
310
5249425F435553544F4D0D066174747269620CFFFFFFFF04FFFFFFFF0CFFFFFFFF0CFFFFFFFF0C560300000711736B657463685F6174747269625F646566040100000004010000000403000000071631343020302034323934393637323935203020312031110D067665727465780CFFFFFFFF04FFFFFFFF0CFFFFFFFF0C76
310
03000004000000000C93030000110E0873747261696768740D0563757276650CFFFFFFFF04FFFFFFFF0CFFFFFFFF13000000000000354000000000000022C0000000000000000014000000000000000000000000000024C000000000000000000A0600000000000000000A06CDCCCCCCCCCCEC3F110E0D4154545249425F43
310
5553544F4D0D066174747269620CFFFFFFFF04FFFFFFFF0CFFFFFFFF0C580300000C280300000711736B657463685F6174747269625F646566040100000004010000000403000000071631333920302034323934393637323935203020312031110D05706F696E740CFFFFFFFF04FFFFFFFF0CFFFFFFFF1300000000000035
310
4000000000000022C00000000000000000110D06636F656467650CFFFFFFFF04FFFFFFFF0CFFFFFFFF0C750300000C5C0300000C5F0300000C840300000A0C8203000004000000000CFFFFFFFF110D06636F656467650CFFFFFFFF04FFFFFFFF0CFFFFFFFF0C5C0300000C750300000C690300000C8A0300000B0C82030000
310
04000000000CFFFFFFFF110D046C6F6F700CFFFFFFFF04FFFFFFFF0CFFFFFFFF0CFFFFFFFF0C750300000C94030000110E0873747261696768740D0563757276650CFFFFFFFF04FFFFFFFF0CFFFFFFFF130000000000002E4000000000000032C000000000000010401400000000000024C000000000000000800000000000
310
0000800B0B110D04656467650CFFFFFFFF04FFFFFFFF0CFFFFFFFF0C7C0300000600000000000000000C61030000069A9999999999D93F0C5F0300000C950300000B0707756E6B6E6F776E110D04666163650C9603000004FFFFFFFF0CFFFFFFFF0C640300000C600300000C060000000CFFFFFFFF0C970300000B0B110D05
310
706F696E740CFFFFFFFF04FFFFFFFF0CFFFFFFFF13FFFFFFFFFFFF344000000000000032C00000000000001040110E0873747261696768740D0563757276650CFFFFFFFF04FFFFFFFF0CFFFFFFFF13000000000000354000000000000022C00000000000000000140000000000000000000000000000000000000000000024
310
400B0B110E0D4154545249425F435553544F4D0D066174747269620CFFFFFFFF04FFFFFFFF0CFFFFFFFF0CFFFFFFFF0C64030000071667656E657269635F7461675F6174747269625F6465660403000000040300000004FFFFFFFF071767656E657269635F7461675F6174747269625F646566200401000000040200000007
310
02313604000000000401000000042D0100000400000000110E05706C616E650D07737572666163650CFFFFFFFF04FFFFFFFF0CFFFFFFFF1301000000008034C000000000000022C00000000000000000140000000000000000000000000000F0BF000000000000000014000000000000244000000000000000000000000000
310
0000000B0B0B0B0B110D04656467650CFFFFFFFF04FFFFFFFF0CFFFFFFFF0C780300000600000000000000000C6C030000069A9999999999D93F0C810300000C980300000B0707756E6B6E6F776E110D04666163650C9903000004FFFFFFFF0CFFFFFFFF0C940300000C6B0300000C060000000CFFFFFFFF0C9A0300000B0B
310
110D05706F696E740CFFFFFFFF04FFFFFFFF0CFFFFFFFF130000000000002E4000000000000032C00000000000001040110E0873747261696768740D0563757276650CFFFFFFFF04FFFFFFFF0CFFFFFFFF130000000000002E4000000000000036C00000000000000000140000000000000000000000000000000000000000
310
000024400B0B110E0D4154545249425F435553544F4D0D066174747269620CFFFFFFFF04FFFFFFFF0CFFFFFFFF0CFFFFFFFF0C6F030000071667656E657269635F7461675F6174747269625F6465660403000000040300000004FFFFFFFF071767656E657269635F7461675F6174747269625F646566200401000000040200
310
00000702323004000000000401000000042D0100000400000000110E05706C616E650D07737572666163650CFFFFFFFF04FFFFFFFF0CFFFFFFFF130000000000002E4000000000000036C00000000000000000140000000000000000000000000000F03F00000000000000001400000000000024C000000000000000000000
310
0000000000000B0B0B0B0B110E0D4154545249425F435553544F4D0D066174747269620CFFFFFFFF04FFFFFFFF0CFFFFFFFF0CFFFFFFFF0C750300000711736B657463685F6174747269625F646566040100000004010000000403000000071632323220302034323934393637323935203020312031110E08737472616967
310
68740D0563757276650CFFFFFFFF04FFFFFFFF0CFFFFFFFF130000000000002E4000000000000032C000000000000000001400000000000024C0000000000000008000000000000000800A06343333333333E3BF0A060000000000000080110D05706F696E740CFFFFFFFF04FFFFFFFF0CFFFFFFFF130000000000002E4000
310
000000000032C00000000000000000110D05706F696E740CFFFFFFFF04FFFFFFFF0CFFFFFFFF13000000000000354000000000000032C00000000000000000110D04666163650C9B03000004FFFFFFFF0CFFFFFFFF0C850300000C820300000C060000000CFFFFFFFF0C9C0300000B0B110E0873747261696768740D056375
310
7276650CFFFFFFFF04FFFFFFFF0CFFFFFFFF13000000000000354000000000000032C00000000000000000140000000000000000000000000000000000000000000024400B0B110E0D4154545249425F435553544F4D0D066174747269620CFFFFFFFF04FFFFFFFF0CFFFFFFFF0CFFFFFFFF0C85030000071667656E657269
310
635F7461675F6174747269625F6465660403000000040300000004FFFFFFFF071767656E657269635F7461675F6174747269625F64656620040100000004020000000702313704000000000401000000042D0100000400000000110E05706C616E650D07737572666163650CFFFFFFFF04FFFFFFFF0CFFFFFFFF1300000000
310
0000354000000000000022C0000000000000000014000000000000F0BF0000000000000000000000000000000014000000000000000000000000000024C000000000000000000B0B0B0B0B110E0873747261696768740D0563757276650CFFFFFFFF04FFFFFFFF0CFFFFFFFF130000000000002E4000000000000032C00000
310
000000000000140000000000000000000000000000000000000000000024400B0B110E0D4154545249425F435553544F4D0D066174747269620CFFFFFFFF04FFFFFFFF0CFFFFFFFF0CFFFFFFFF0C8B030000071667656E657269635F7461675F6174747269625F6465660403000000040300000004FFFFFFFF071767656E65
310
7269635F7461675F6174747269625F64656620040100000004020000000702313904000000000401000000042D0100000400000000110E05706C616E650D07737572666163650CFFFFFFFF04FFFFFFFF0CFFFFFFFF130000000000002E4000000000000032C0000000000000000014000000000000F0BF0000000000000000
310
000000000000000014000000000000000000000000000024C000000000000000000B0B0B0B0B110E0D4154545249425F435553544F4D0D066174747269620CFFFFFFFF04FFFFFFFF0CFFFFFFFF0CFFFFFFFF0C94030000071667656E657269635F7461675F6174747269625F6465660403000000040300000004FFFFFFFF07
310
1767656E657269635F7461675F6174747269625F64656620040100000004020000000702313804000000000401000000042D0100000400000000110E05706C616E650D07737572666163650CFFFFFFFF04FFFFFFFF0CFFFFFFFF13000000000000354000000000000032C00000000000000000140000000000000000000000
310
000000F03F00000000000000001400000000000024C0000000000000008000000000000000800B0B0B0B0B110E03456E640E026F660E0341534D0D0464617461
  0
ENDSEC
  0
EOF
