solid CATIA STL
  facet normal -8.872281e-001  4.611080e-001  1.434657e-002
    outer loop
      vertex -1.595542e+002  7.999457e+001  2.361653e+000
      vertex -1.591511e+002  8.082608e+001  5.635580e-001
      vertex -1.592565e+002  8.061629e+001  7.875184e-001
    endloop
  endfacet
  facet normal -8.912053e-001  4.534768e-001  1.058045e-002
    outer loop
      vertex -1.592565e+002  8.061629e+001  7.875184e-001
      vertex -1.593866e+002  8.035732e+001  9.339803e-001
      vertex -1.595542e+002  7.999457e+001  2.361653e+000
    endloop
  endfacet
  facet normal -8.930076e-001  4.499418e-001  9.470645e-003
    outer loop
      vertex -1.593866e+002  8.035732e+001  9.339803e-001
      vertex -1.595458e+002  8.003993e+001  9.992024e-001
      vertex -1.595542e+002  7.999457e+001  2.361653e+000
    endloop
  endfacet
  facet normal -8.950430e-001  4.428313e-001  5.289853e-002
    outer loop
      vertex -1.600550e+002  7.813715e+001  1.180000e+001
      vertex -1.594425e+002  7.993856e+001  7.083307e+000
      vertex -1.602795e+002  7.824676e+001  7.083307e+000
    endloop
  endfacet
  facet normal -9.143689e-001  4.046475e-001  1.378203e-002
    outer loop
      vertex -1.641869e+002  6.999517e+001  2.361653e+000
      vertex -1.638501e+002  7.081708e+001  5.765284e-001
      vertex -1.639435e+002  7.059848e+001  8.011383e-001
    endloop
  endfacet
  facet normal -9.176512e-001  3.972507e-001  1.041023e-002
    outer loop
      vertex -1.639435e+002  7.059848e+001  8.011383e-001
      vertex -1.640589e+002  7.032803e+001  9.446672e-001
      vertex -1.641869e+002  6.999517e+001  2.361653e+000
    endloop
  endfacet
  facet normal -9.192142e-001  3.936449e-001  9.421987e-003
    outer loop
      vertex -1.640589e+002  7.032803e+001  9.446672e-001
      vertex -1.641963e+002  7.000581e+001  9.999831e-001
      vertex -1.641869e+002  6.999517e+001  2.361653e+000
    endloop
  endfacet
  facet normal -9.200898e-001  3.881193e-001  5.289759e-002
    outer loop
      vertex -1.643682e+002  6.860112e+001  1.180000e+001
      vertex -1.640720e+002  6.994616e+001  7.083307e+000
      vertex -1.645988e+002  6.869736e+001  7.083307e+000
    endloop
  endfacet
  facet normal -8.893759e-001  4.564105e-001 -2.645648e-002
    outer loop
      vertex -1.580220e+002  8.298026e+001 -2.361653e+000
      vertex -1.579113e+002  8.292216e+001 -7.083306e+000
      vertex -1.594425e+002  7.993856e+001 -7.083306e+000
    endloop
  endfacet
  facet normal -8.893747e-001  4.564130e-001 -2.645848e-002
    outer loop
      vertex -1.580220e+002  8.298026e+001 -2.361653e+000
      vertex -1.594425e+002  7.993856e+001 -7.083306e+000
      vertex -1.595542e+002  7.999457e+001 -2.361653e+000
    endloop
  endfacet
  facet normal -8.896464e-001  4.565524e-001 -9.450924e-003
    outer loop
      vertex -1.580220e+002  8.298026e+001 -2.361653e+000
      vertex -1.595542e+002  7.999457e+001 -2.361653e+000
      vertex -1.595632e+002  8.000527e+001 -9.999861e-001
    endloop
  endfacet
  facet normal -8.919858e-001  4.514671e-001 -2.320927e-002
    outer loop
      vertex -1.580220e+002  8.298026e+001 -2.361653e+000
      vertex -1.595632e+002  8.000527e+001 -9.999861e-001
      vertex -1.593994e+002  8.033182e+001 -9.433447e-001
    endloop
  endfacet
  facet normal -8.902861e-001  4.551659e-001 -1.465177e-002
    outer loop
      vertex -1.580220e+002  8.298026e+001 -2.361653e+000
      vertex -1.593994e+002  8.033182e+001 -9.433447e-001
      vertex -1.592509e+002  8.062743e+001 -7.786781e-001
    endloop
  endfacet
  facet normal -8.889994e-001  4.578050e-001 -9.730177e-003
    outer loop
      vertex -1.580220e+002  8.298026e+001 -2.361653e+000
      vertex -1.592509e+002  8.062743e+001 -7.786781e-001
      vertex -1.591387e+002  8.085074e+001 -5.255938e-001
    endloop
  endfacet
  facet normal -8.877663e-001  4.602535e-001 -6.140319e-003
    outer loop
      vertex -1.580220e+002  8.298026e+001 -2.361653e+000
      vertex -1.591387e+002  8.085074e+001 -5.255938e-001
      vertex -1.590831e+002  8.096130e+001 -2.755163e-001
    endloop
  endfacet
  facet normal -8.862215e-001  4.632552e-001 -2.449476e-003
    outer loop
      vertex -1.580220e+002  8.298026e+001 -2.361653e+000
      vertex -1.590831e+002  8.096130e+001 -2.755163e-001
      vertex -1.590637e+002  8.100000e+001  0.000000e+000
    endloop
  endfacet
  facet normal -8.831657e-001  4.690461e-001  3.754012e-003
    outer loop
      vertex -1.580220e+002  8.298026e+001 -2.361653e+000
      vertex -1.590637e+002  8.100000e+001  0.000000e+000
      vertex -1.590865e+002  8.095464e+001  2.977691e-001
    endloop
  endfacet
  facet normal -8.703241e-001  4.917813e-001  2.621105e-002
    outer loop
      vertex -1.580220e+002  8.298026e+001 -2.361653e+000
      vertex -1.590865e+002  8.095464e+001  2.977691e-001
      vertex -1.591511e+002  8.082608e+001  5.635580e-001
    endloop
  endfacet
  facet normal -8.602494e-001  5.081291e-001  4.213885e-002
    outer loop
      vertex -1.580220e+002  8.298026e+001 -2.361653e+000
      vertex -1.591511e+002  8.082608e+001  5.635580e-001
      vertex -1.595542e+002  7.999457e+001  2.361653e+000
    endloop
  endfacet
  facet normal -8.896860e-001  4.565728e-001  0.000000e+000
    outer loop
      vertex -1.580220e+002  8.298026e+001 -2.361653e+000
      vertex -1.595542e+002  7.999457e+001  2.361653e+000
      vertex -1.580220e+002  8.298026e+001  2.361653e+000
    endloop
  endfacet
  facet normal -9.165701e-001  3.997926e-001  8.067195e-003
    outer loop
      vertex -1.603918e+002  7.830158e+001 -2.361653e+000
      vertex -1.600476e+002  7.903768e+001  2.719162e-001
      vertex -1.600664e+002  7.900000e+001  1.224647e-016
    endloop
  endfacet
  facet normal -9.020286e-001  4.316632e-001 -3.361735e-003
    outer loop
      vertex -1.603918e+002  7.830158e+001 -2.361653e+000
      vertex -1.600664e+002  7.900000e+001  1.224647e-016
      vertex -1.600366e+002  7.905962e+001 -3.401402e-001
    endloop
  endfacet
  facet normal -8.989666e-001  4.379724e-001 -6.265668e-003
    outer loop
      vertex -1.603918e+002  7.830158e+001 -2.361653e+000
      vertex -1.600366e+002  7.905962e+001 -3.401402e-001
      vertex -1.599640e+002  7.920490e+001 -6.064761e-001
    endloop
  endfacet
  facet normal -8.974624e-001  4.410148e-001 -8.198144e-003
    outer loop
      vertex -1.603918e+002  7.830158e+001 -2.361653e+000
      vertex -1.599640e+002  7.920490e+001 -6.064761e-001
      vertex -1.598586e+002  7.941553e+001 -8.114125e-001
    endloop
  endfacet
  facet normal -8.962264e-001  4.434752e-001 -1.039119e-002
    outer loop
      vertex -1.603918e+002  7.830158e+001 -2.361653e+000
      vertex -1.598586e+002  7.941553e+001 -8.114125e-001
      vertex -1.597171e+002  7.969818e+001 -9.533658e-001
    endloop
  endfacet
  facet normal -8.947709e-001  4.463091e-001 -1.389897e-002
    outer loop
      vertex -1.603918e+002  7.830158e+001 -2.361653e+000
      vertex -1.597171e+002  7.969818e+001 -9.533658e-001
      vertex -1.595632e+002  8.000527e+001 -9.999861e-001
    endloop
  endfacet
  facet normal -8.962595e-001  4.434304e-001 -9.391347e-003
    outer loop
      vertex -1.603918e+002  7.830158e+001 -2.361653e+000
      vertex -1.595632e+002  8.000527e+001 -9.999861e-001
      vertex -1.595542e+002  7.999457e+001 -2.361653e+000
    endloop
  endfacet
  facet normal -8.959852e-001  4.432947e-001 -2.645929e-002
    outer loop
      vertex -1.603918e+002  7.830158e+001 -2.361653e+000
      vertex -1.595542e+002  7.999457e+001 -2.361653e+000
      vertex -1.594425e+002  7.993856e+001 -7.083306e+000
    endloop
  endfacet
  facet normal -8.959842e-001  4.432970e-001 -2.645830e-002
    outer loop
      vertex -1.603918e+002  7.830158e+001 -2.361653e+000
      vertex -1.594425e+002  7.993856e+001 -7.083306e+000
      vertex -1.602795e+002  7.824676e+001 -7.083306e+000
    endloop
  endfacet
  facet normal -8.959842e-001  4.432970e-001  2.645830e-002
    outer loop
      vertex -1.603918e+002  7.830158e+001  2.361653e+000
      vertex -1.602795e+002  7.824676e+001  7.083307e+000
      vertex -1.594425e+002  7.993856e+001  7.083307e+000
    endloop
  endfacet
  facet normal -8.959854e-001  4.432948e-001  2.645929e-002
    outer loop
      vertex -1.603918e+002  7.830158e+001  2.361653e+000
      vertex -1.594425e+002  7.993856e+001  7.083307e+000
      vertex -1.595542e+002  7.999457e+001  2.361653e+000
    endloop
  endfacet
  facet normal -8.962609e-001  4.434311e-001  9.233786e-003
    outer loop
      vertex -1.603918e+002  7.830158e+001  2.361653e+000
      vertex -1.595542e+002  7.999457e+001  2.361653e+000
      vertex -1.595458e+002  8.003993e+001  9.992024e-001
    endloop
  endfacet
  facet normal -8.946218e-001  4.465955e-001  1.428900e-002
    outer loop
      vertex -1.603918e+002  7.830158e+001  2.361653e+000
      vertex -1.595458e+002  8.003993e+001  9.992024e-001
      vertex -1.597066e+002  7.971909e+001  9.597328e-001
    endloop
  endfacet
  facet normal -8.961755e-001  4.435762e-001  1.047668e-002
    outer loop
      vertex -1.603918e+002  7.830158e+001  2.361653e+000
      vertex -1.597066e+002  7.971909e+001  9.597328e-001
      vertex -1.598586e+002  7.941545e+001  8.113564e-001
    endloop
  endfacet
  facet normal -8.975534e-001  4.408326e-001  8.031642e-003
    outer loop
      vertex -1.603918e+002  7.830158e+001  2.361653e+000
      vertex -1.598586e+002  7.941545e+001  8.113564e-001
      vertex -1.599772e+002  7.917842e+001  5.700905e-001
    endloop
  endfacet
  facet normal -8.993208e-001  4.372501e-001  5.869213e-003
    outer loop
      vertex -1.603918e+002  7.830158e+001  2.361653e+000
      vertex -1.599772e+002  7.917842e+001  5.700905e-001
      vertex -1.600476e+002  7.903768e+001  2.719162e-001
    endloop
  endfacet
  facet normal -9.058336e-001  4.236337e-001  0.000000e+000
    outer loop
      vertex -1.603918e+002  7.830158e+001  2.361653e+000
      vertex -1.600476e+002  7.903768e+001  2.719162e-001
      vertex -1.603918e+002  7.830158e+001 -2.361653e+000
    endloop
  endfacet
  facet normal -9.152482e-001  4.020210e-001 -2.645569e-002
    outer loop
      vertex -1.626232e+002  7.355529e+001 -2.361653e+000
      vertex -1.625093e+002  7.350379e+001 -7.083306e+000
      vertex -1.640720e+002  6.994616e+001 -7.083306e+000
    endloop
  endfacet
  facet normal -9.152476e-001  4.020223e-001 -2.645688e-002
    outer loop
      vertex -1.626232e+002  7.355529e+001 -2.361653e+000
      vertex -1.640720e+002  6.994616e+001 -7.083306e+000
      vertex -1.641869e+002  6.999517e+001 -2.361653e+000
    endloop
  endfacet
  facet normal -9.155214e-001  4.021425e-001 -1.010330e-002
    outer loop
      vertex -1.626232e+002  7.355529e+001 -2.361653e+000
      vertex -1.641869e+002  6.999517e+001 -2.361653e+000
      vertex -1.641633e+002  7.008338e+001 -9.965176e-001
    endloop
  endfacet
  facet normal -9.173182e-001  3.974226e-001 -2.413454e-002
    outer loop
      vertex -1.626232e+002  7.355529e+001 -2.361653e+000
      vertex -1.641633e+002  7.008338e+001 -9.965176e-001
      vertex -1.640269e+002  7.040305e+001 -9.151806e-001
    endloop
  endfacet
  facet normal -9.159549e-001  4.010003e-001 -1.501481e-002
    outer loop
      vertex -1.626232e+002  7.355529e+001 -2.361653e+000
      vertex -1.640269e+002  7.040305e+001 -9.151806e-001
      vertex -1.639066e+002  7.068481e+001 -7.287170e-001
    endloop
  endfacet
  facet normal -9.148974e-001  4.035707e-001 -9.665290e-003
    outer loop
      vertex -1.626232e+002  7.355529e+001 -2.361653e+000
      vertex -1.639066e+002  7.068481e+001 -7.287170e-001
      vertex -1.638201e+002  7.088721e+001 -4.613534e-001
    endloop
  endfacet
  facet normal -9.138994e-001  4.058999e-001 -5.766384e-003
    outer loop
      vertex -1.626232e+002  7.355529e+001 -2.361653e+000
      vertex -1.638201e+002  7.088721e+001 -4.613534e-001
      vertex -1.637843e+002  7.097112e+001 -2.386081e-001
    endloop
  endfacet
  facet normal -9.128265e-001  4.083419e-001 -2.207174e-003
    outer loop
      vertex -1.626232e+002  7.355529e+001 -2.361653e+000
      vertex -1.637843e+002  7.097112e+001 -2.386081e-001
      vertex -1.637719e+002  7.100000e+001  0.000000e+000
    endloop
  endfacet
  facet normal -9.107922e-001  4.128488e-001  3.658816e-003
    outer loop
      vertex -1.626232e+002  7.355529e+001 -2.361653e+000
      vertex -1.637719e+002  7.100000e+001  0.000000e+000
      vertex -1.637923e+002  7.095246e+001  3.046706e-001
    endloop
  endfacet
  facet normal -9.041529e-001  4.267346e-001  2.012516e-002
    outer loop
      vertex -1.626232e+002  7.355529e+001 -2.361653e+000
      vertex -1.637923e+002  7.095246e+001  3.046706e-001
      vertex -1.638501e+002  7.081708e+001  5.765284e-001
    endloop
  endfacet
  facet normal -8.991538e-001  4.365103e-001  3.132311e-002
    outer loop
      vertex -1.626232e+002  7.355529e+001 -2.361653e+000
      vertex -1.638501e+002  7.081708e+001  5.765284e-001
      vertex -1.641869e+002  6.999517e+001  2.361653e+000
    endloop
  endfacet
  facet normal -9.155681e-001  4.021630e-001  0.000000e+000
    outer loop
      vertex -1.626232e+002  7.355529e+001 -2.361653e+000
      vertex -1.641869e+002  6.999517e+001  2.361653e+000
      vertex -1.626232e+002  7.355529e+001  2.361653e+000
    endloop
  endfacet
  facet normal -9.371695e-001  3.488682e-001 -2.077306e-003
    outer loop
      vertex -1.647141e+002  6.874549e+001 -2.361653e+000
      vertex -1.646246e+002  6.900000e+001  1.224647e-016
      vertex -1.646232e+002  6.900321e+001 -8.012797e-002
    endloop
  endfacet
  facet normal -9.278288e-001  3.729702e-001 -5.171934e-003
    outer loop
      vertex -1.647141e+002  6.874549e+001 -2.361653e+000
      vertex -1.646232e+002  6.900321e+001 -8.012797e-002
      vertex -1.645923e+002  6.907593e+001 -3.822148e-001
    endloop
  endfacet
  facet normal -9.242227e-001  3.817921e-001 -6.866495e-003
    outer loop
      vertex -1.647141e+002  6.874549e+001 -2.361653e+000
      vertex -1.645923e+002  6.907593e+001 -3.822148e-001
      vertex -1.645250e+002  6.923417e+001 -6.430395e-001
    endloop
  endfacet
  facet normal -9.226244e-001  3.856138e-001 -8.129051e-003
    outer loop
      vertex -1.647141e+002  6.874549e+001 -2.361653e+000
      vertex -1.645250e+002  6.923417e+001 -6.430395e-001
      vertex -1.644237e+002  6.947220e+001 -8.493677e-001
    endloop
  endfacet
  facet normal -9.214559e-001  3.883625e-001 -9.674287e-003
    outer loop
      vertex -1.647141e+002  6.874549e+001 -2.361653e+000
      vertex -1.644237e+002  6.947220e+001 -8.493677e-001
      vertex -1.643028e+002  6.975594e+001 -9.697588e-001
    endloop
  endfacet
  facet normal -9.202077e-001  3.912422e-001 -1.213357e-002
    outer loop
      vertex -1.647141e+002  6.874549e+001 -2.361653e+000
      vertex -1.643028e+002  6.975594e+001 -9.697588e-001
      vertex -1.641633e+002  7.008338e+001 -9.965176e-001
    endloop
  endfacet
  facet normal -9.213424e-001  3.886448e-001 -9.130130e-003
    outer loop
      vertex -1.647141e+002  6.874549e+001 -2.361653e+000
      vertex -1.641633e+002  7.008338e+001 -9.965176e-001
      vertex -1.641869e+002  6.999517e+001 -2.361653e+000
    endloop
  endfacet
  facet normal -9.210583e-001  3.885249e-001 -2.645825e-002
    outer loop
      vertex -1.647141e+002  6.874549e+001 -2.361653e+000
      vertex -1.641869e+002  6.999517e+001 -2.361653e+000
      vertex -1.640720e+002  6.994616e+001 -7.083306e+000
    endloop
  endfacet
  facet normal -9.210572e-001  3.885273e-001 -2.645749e-002
    outer loop
      vertex -1.647141e+002  6.874549e+001 -2.361653e+000
      vertex -1.640720e+002  6.994616e+001 -7.083306e+000
      vertex -1.645988e+002  6.869736e+001 -7.083306e+000
    endloop
  endfacet
  facet normal -9.210573e-001  3.885274e-001  2.645749e-002
    outer loop
      vertex -1.647141e+002  6.874549e+001  2.361653e+000
      vertex -1.645988e+002  6.869736e+001  7.083307e+000
      vertex -1.640720e+002  6.994616e+001  7.083307e+000
    endloop
  endfacet
  facet normal -9.210584e-001  3.885249e-001  2.645825e-002
    outer loop
      vertex -1.647141e+002  6.874549e+001  2.361653e+000
      vertex -1.640720e+002  6.994616e+001  7.083307e+000
      vertex -1.641869e+002  6.999517e+001  2.361653e+000
    endloop
  endfacet
  facet normal -9.213402e-001  3.886438e-001  9.397574e-003
    outer loop
      vertex -1.647141e+002  6.874549e+001  2.361653e+000
      vertex -1.641869e+002  6.999517e+001  2.361653e+000
      vertex -1.641963e+002  7.000581e+001  9.999831e-001
    endloop
  endfacet
  facet normal -9.205556e-001  3.904461e-001  1.136410e-002
    outer loop
      vertex -1.647141e+002  6.874549e+001  2.361653e+000
      vertex -1.641963e+002  7.000581e+001  9.999831e-001
      vertex -1.643339e+002  6.968303e+001  9.484359e-001
    endloop
  endfacet
  facet normal -9.217671e-001  3.876355e-001  9.173545e-003
    outer loop
      vertex -1.647141e+002  6.874549e+001  2.361653e+000
      vertex -1.643339e+002  6.968303e+001  9.484359e-001
      vertex -1.644589e+002  6.938942e+001  7.919528e-001
    endloop
  endfacet
  facet normal -9.231209e-001  3.844337e-001  7.640023e-003
    outer loop
      vertex -1.647141e+002  6.874549e+001  2.361653e+000
      vertex -1.644589e+002  6.938942e+001  7.919528e-001
      vertex -1.645571e+002  6.915864e+001  5.404716e-001
    endloop
  endfacet
  facet normal -9.251274e-001  3.796034e-001  6.371277e-003
    outer loop
      vertex -1.647141e+002  6.874549e+001  2.361653e+000
      vertex -1.645571e+002  6.915864e+001  5.404716e-001
      vertex -1.646071e+002  6.904102e+001  2.834470e-001
    endloop
  endfacet
  facet normal -9.304332e-001  3.664373e-001  4.225981e-003
    outer loop
      vertex -1.647141e+002  6.874549e+001  2.361653e+000
      vertex -1.646071e+002  6.904102e+001  2.834470e-001
      vertex -1.646246e+002  6.900000e+001  1.224647e-016
    endloop
  endfacet
  facet normal -9.433604e-001  3.317697e-001  0.000000e+000
    outer loop
      vertex -1.647141e+002  6.874549e+001  2.361653e+000
      vertex -1.646246e+002  6.900000e+001  1.224647e-016
      vertex -1.647141e+002  6.874549e+001 -2.361653e+000
    endloop
  endfacet
  facet normal -9.158058e-001  3.981235e-001 -5.289228e-002
    outer loop
      vertex -1.643682e+002  6.860112e+001 -1.180000e+001
      vertex -1.645988e+002  6.869736e+001 -7.083306e+000
      vertex -1.622816e+002  7.340082e+001 -1.180000e+001
    endloop
  endfacet
  facet normal -9.194357e-001  3.878434e-001 -6.492680e-002
    outer loop
      vertex -1.622816e+002  7.340082e+001 -1.180000e+001
      vertex -1.645988e+002  6.869736e+001 -7.083306e+000
      vertex -1.640720e+002  6.994616e+001 -7.083306e+000
    endloop
  endfacet
  facet normal -9.142868e-001  4.015987e-001 -5.289758e-002
    outer loop
      vertex -1.622816e+002  7.340082e+001 -1.180000e+001
      vertex -1.640720e+002  6.994616e+001 -7.083306e+000
      vertex -1.625093e+002  7.350379e+001 -7.083306e+000
    endloop
  endfacet
  facet normal -9.156498e-001  3.980557e-001  5.600996e-002
    outer loop
      vertex -1.643682e+002  6.860112e+001  1.180000e+001
      vertex -1.622816e+002  7.340082e+001  1.180000e+001
      vertex -1.640720e+002  6.994616e+001  7.083307e+000
    endloop
  endfacet
  facet normal -9.142868e-001  4.015987e-001  5.289758e-002
    outer loop
      vertex -1.640720e+002  6.994616e+001  7.083307e+000
      vertex -1.622816e+002  7.340082e+001  1.180000e+001
      vertex -1.625093e+002  7.350379e+001  7.083307e+000
    endloop
  endfacet
  facet normal -9.152481e-001  4.020210e-001  2.645690e-002
    outer loop
      vertex -1.640720e+002  6.994616e+001  7.083307e+000
      vertex -1.625093e+002  7.350379e+001  7.083307e+000
      vertex -1.641869e+002  6.999517e+001  2.361653e+000
    endloop
  endfacet
  facet normal -9.152476e-001  4.020223e-001  2.645569e-002
    outer loop
      vertex -1.641869e+002  6.999517e+001  2.361653e+000
      vertex -1.625093e+002  7.350379e+001  7.083307e+000
      vertex -1.626232e+002  7.355529e+001  2.361653e+000
    endloop
  endfacet
  facet normal -8.908409e-001  4.512258e-001 -5.289357e-002
    outer loop
      vertex -1.600550e+002  7.813715e+001 -1.180000e+001
      vertex -1.602795e+002  7.824676e+001 -7.083306e+000
      vertex -1.576901e+002  8.280600e+001 -1.180000e+001
    endloop
  endfacet
  facet normal -8.945019e-001  4.425635e-001 -6.327651e-002
    outer loop
      vertex -1.576901e+002  8.280600e+001 -1.180000e+001
      vertex -1.602795e+002  7.824676e+001 -7.083306e+000
      vertex -1.594425e+002  7.993856e+001 -7.083306e+000
    endloop
  endfacet
  facet normal -8.884417e-001  4.559310e-001 -5.289852e-002
    outer loop
      vertex -1.576901e+002  8.280600e+001 -1.180000e+001
      vertex -1.594425e+002  7.993856e+001 -7.083306e+000
      vertex -1.579113e+002  8.292216e+001 -7.083306e+000
    endloop
  endfacet
  facet normal -8.906576e-001  4.511331e-001  5.663864e-002
    outer loop
      vertex -1.600550e+002  7.813715e+001  1.180000e+001
      vertex -1.576901e+002  8.280600e+001  1.180000e+001
      vertex -1.594425e+002  7.993856e+001  7.083307e+000
    endloop
  endfacet
  facet normal -8.884417e-001  4.559310e-001  5.289852e-002
    outer loop
      vertex -1.594425e+002  7.993856e+001  7.083307e+000
      vertex -1.576901e+002  8.280600e+001  1.180000e+001
      vertex -1.579113e+002  8.292216e+001  7.083307e+000
    endloop
  endfacet
  facet normal -8.893759e-001  4.564104e-001  2.645846e-002
    outer loop
      vertex -1.594425e+002  7.993856e+001  7.083307e+000
      vertex -1.579113e+002  8.292216e+001  7.083307e+000
      vertex -1.595542e+002  7.999457e+001  2.361653e+000
    endloop
  endfacet
  facet normal -8.893746e-001  4.564129e-001  2.645647e-002
    outer loop
      vertex -1.595542e+002  7.999457e+001  2.361653e+000
      vertex -1.579113e+002  8.292216e+001  7.083307e+000
      vertex -1.580220e+002  8.298026e+001  2.361653e+000
    endloop
  endfacet
  facet normal -9.372271e-001  3.435016e-001  6.010120e-002
    outer loop
      vertex -1.681138e+002  5.882822e+001  1.180000e+001
      vertex -1.663128e+002  6.374219e+001  1.180000e+001
      vertex -1.681138e+002  5.933993e+001  8.875419e+000
    endloop
  endfacet
  facet normal -9.360699e-001  3.478149e-001  5.289579e-002
    outer loop
      vertex -1.681138e+002  5.933993e+001  8.875419e+000
      vertex -1.663128e+002  6.374219e+001  1.180000e+001
      vertex -1.665461e+002  6.383161e+001  7.083307e+000
    endloop
  endfacet
  facet normal -9.378393e-001  3.444170e-001  4.283146e-002
    outer loop
      vertex -1.681138e+002  5.933993e+001  8.875419e+000
      vertex -1.665461e+002  6.383161e+001  7.083307e+000
      vertex -1.681138e+002  5.970634e+001  5.929043e+000
    endloop
  endfacet
  facet normal -9.368501e-001  3.487680e-001  2.593803e-002
    outer loop
      vertex -1.681138e+002  5.970634e+001  5.929043e+000
      vertex -1.665461e+002  6.383161e+001  7.083307e+000
      vertex -1.681138e+002  5.992654e+001  2.968145e+000
    endloop
  endfacet
  facet normal -9.370148e-001  3.482859e-001  2.645827e-002
    outer loop
      vertex -1.681138e+002  5.992654e+001  2.968145e+000
      vertex -1.665461e+002  6.383161e+001  7.083307e+000
      vertex -1.666628e+002  6.387634e+001  2.361653e+000
    endloop
  endfacet
  facet normal -9.382046e-001  3.459750e-001  8.562658e-003
    outer loop
      vertex -1.681138e+002  5.992654e+001  2.968145e+000
      vertex -1.666628e+002  6.387634e+001  2.361653e+000
      vertex -1.681138e+002  6.000000e+001  0.000000e+000
    endloop
  endfacet
  facet normal -9.365374e-001  3.505678e-001  0.000000e+000
    outer loop
      vertex -1.681138e+002  6.000000e+001  0.000000e+000
      vertex -1.666628e+002  6.387634e+001  2.361653e+000
      vertex -1.666628e+002  6.387634e+001 -2.361653e+000
    endloop
  endfacet
  facet normal -9.382046e-001  3.459750e-001 -8.562658e-003
    outer loop
      vertex -1.681138e+002  6.000000e+001  0.000000e+000
      vertex -1.666628e+002  6.387634e+001 -2.361653e+000
      vertex -1.681138e+002  5.992654e+001 -2.968145e+000
    endloop
  endfacet
  facet normal -9.370568e-001  3.482151e-001 -2.589694e-002
    outer loop
      vertex -1.681138e+002  5.992654e+001 -2.968145e+000
      vertex -1.666628e+002  6.387634e+001 -2.361653e+000
      vertex -1.681138e+002  5.970634e+001 -5.929043e+000
    endloop
  endfacet
  facet normal -9.368849e-001  3.486356e-001 -2.645838e-002
    outer loop
      vertex -1.681138e+002  5.970634e+001 -5.929043e+000
      vertex -1.666628e+002  6.387634e+001 -2.361653e+000
      vertex -1.665461e+002  6.383161e+001 -7.083306e+000
    endloop
  endfacet
  facet normal -9.378393e-001  3.444170e-001 -4.283146e-002
    outer loop
      vertex -1.681138e+002  5.970634e+001 -5.929043e+000
      vertex -1.665461e+002  6.383161e+001 -7.083306e+000
      vertex -1.681138e+002  5.933993e+001 -8.875419e+000
    endloop
  endfacet
  facet normal -9.372271e-001  3.435016e-001 -6.010123e-002
    outer loop
      vertex -1.681138e+002  5.882822e+001 -1.180000e+001
      vertex -1.681138e+002  5.933993e+001 -8.875419e+000
      vertex -1.663128e+002  6.374219e+001 -1.180000e+001
    endloop
  endfacet
  facet normal -9.360699e-001  3.478150e-001 -5.289580e-002
    outer loop
      vertex -1.663128e+002  6.374219e+001 -1.180000e+001
      vertex -1.681138e+002  5.933993e+001 -8.875419e+000
      vertex -1.665461e+002  6.383161e+001 -7.083306e+000
    endloop
  endfacet
  facet normal -1.467081e-002  9.984924e-001  5.289448e-002
    outer loop
      vertex -5.233051e+000  1.780327e+002  1.180000e+001
      vertex  1.090606e-014  1.781095e+002  1.180000e+001
      vertex -5.240392e+000  1.782824e+002  7.083307e+000
    endloop
  endfacet
  facet normal -1.467061e-002  9.984924e-001  5.289425e-002
    outer loop
      vertex -5.240392e+000  1.782824e+002  7.083307e+000
      vertex  1.090606e-014  1.781095e+002  1.180000e+001
      vertex  1.092136e-014  1.783594e+002  7.083307e+000
    endloop
  endfacet
  facet normal -1.468604e-002  9.995422e-001  2.645370e-002
    outer loop
      vertex -5.240392e+000  1.782824e+002  7.083307e+000
      vertex  1.092136e-014  1.783594e+002  7.083307e+000
      vertex -5.244064e+000  1.784073e+002  2.361653e+000
    endloop
  endfacet
  facet normal -1.468739e-002  9.995421e-001  2.645519e-002
    outer loop
      vertex -5.244064e+000  1.784073e+002  2.361653e+000
      vertex  1.092136e-014  1.783594e+002  7.083307e+000
      vertex  1.092902e-014  1.784844e+002  2.361653e+000
    endloop
  endfacet
  facet normal -1.469253e-002  9.998921e-001  0.000000e+000
    outer loop
      vertex -5.244064e+000  1.784073e+002  2.361653e+000
      vertex  1.092902e-014  1.784844e+002  2.361653e+000
      vertex -5.244064e+000  1.784073e+002 -2.361653e+000
    endloop
  endfacet
  facet normal -1.469253e-002  9.998921e-001  0.000000e+000
    outer loop
      vertex -5.244064e+000  1.784073e+002 -2.361653e+000
      vertex  1.092902e-014  1.784844e+002  2.361653e+000
      vertex  1.092902e-014  1.784844e+002 -2.361653e+000
    endloop
  endfacet
  facet normal -1.468739e-002  9.995421e-001 -2.645370e-002
    outer loop
      vertex -5.244064e+000  1.784073e+002 -2.361653e+000
      vertex  1.092902e-014  1.784844e+002 -2.361653e+000
      vertex -5.240392e+000  1.782824e+002 -7.083306e+000
    endloop
  endfacet
  facet normal -1.468604e-002  9.995421e-001 -2.645520e-002
    outer loop
      vertex -5.240392e+000  1.782824e+002 -7.083306e+000
      vertex  1.092902e-014  1.784844e+002 -2.361653e+000
      vertex  1.092136e-014  1.783594e+002 -7.083306e+000
    endloop
  endfacet
  facet normal -1.467061e-002  9.984924e-001 -5.289447e-002
    outer loop
      vertex -5.240392e+000  1.782824e+002 -7.083306e+000
      vertex  1.092136e-014  1.783594e+002 -7.083306e+000
      vertex -5.233051e+000  1.780327e+002 -1.180000e+001
    endloop
  endfacet
  facet normal -1.467081e-002  9.984923e-001 -5.289424e-002
    outer loop
      vertex -5.233051e+000  1.780327e+002 -1.180000e+001
      vertex  1.092136e-014  1.783594e+002 -7.083306e+000
      vertex  9.000259e-014  1.781095e+002 -1.180000e+001
    endloop
  endfacet
  facet normal -4.400370e-002  9.976301e-001  5.289512e-002
    outer loop
      vertex -1.046158e+001  1.778020e+002  1.180000e+001
      vertex -5.233051e+000  1.780327e+002  1.180000e+001
      vertex -1.047626e+001  1.780515e+002  7.083307e+000
    endloop
  endfacet
  facet normal -4.400312e-002  9.976302e-001  5.289447e-002
    outer loop
      vertex -1.047626e+001  1.780515e+002  7.083307e+000
      vertex -5.233051e+000  1.780327e+002  1.180000e+001
      vertex -5.240392e+000  1.782824e+002  7.083307e+000
    endloop
  endfacet
  facet normal -4.404938e-002  9.986790e-001  2.645565e-002
    outer loop
      vertex -1.047626e+001  1.780515e+002  7.083307e+000
      vertex -5.240392e+000  1.782824e+002  7.083307e+000
      vertex -1.048360e+001  1.781762e+002  2.361653e+000
    endloop
  endfacet
  facet normal -4.404763e-002  9.986792e-001  2.645370e-002
    outer loop
      vertex -1.048360e+001  1.781762e+002  2.361653e+000
      vertex -5.240392e+000  1.782824e+002  7.083307e+000
      vertex -5.244064e+000  1.784073e+002  2.361653e+000
    endloop
  endfacet
  facet normal -4.406305e-002  9.990288e-001  0.000000e+000
    outer loop
      vertex -1.048360e+001  1.781762e+002  2.361653e+000
      vertex -5.244064e+000  1.784073e+002  2.361653e+000
      vertex -1.048360e+001  1.781762e+002 -2.361653e+000
    endloop
  endfacet
  facet normal -4.406305e-002  9.990288e-001  0.000000e+000
    outer loop
      vertex -1.048360e+001  1.781762e+002 -2.361653e+000
      vertex -5.244064e+000  1.784073e+002  2.361653e+000
      vertex -5.244064e+000  1.784073e+002 -2.361653e+000
    endloop
  endfacet
  facet normal -4.404762e-002  9.986790e-001 -2.645564e-002
    outer loop
      vertex -1.048360e+001  1.781762e+002 -2.361653e+000
      vertex -5.244064e+000  1.784073e+002 -2.361653e+000
      vertex -1.047626e+001  1.780515e+002 -7.083306e+000
    endloop
  endfacet
  facet normal -4.404938e-002  9.986790e-001 -2.645370e-002
    outer loop
      vertex -1.047626e+001  1.780515e+002 -7.083306e+000
      vertex -5.244064e+000  1.784073e+002 -2.361653e+000
      vertex -5.240392e+000  1.782824e+002 -7.083306e+000
    endloop
  endfacet
  facet normal -4.400311e-002  9.976301e-001 -5.289511e-002
    outer loop
      vertex -1.047626e+001  1.780515e+002 -7.083306e+000
      vertex -5.240392e+000  1.782824e+002 -7.083306e+000
      vertex -1.046158e+001  1.778020e+002 -1.180000e+001
    endloop
  endfacet
  facet normal -4.400371e-002  9.976301e-001 -5.289447e-002
    outer loop
      vertex -1.046158e+001  1.778020e+002 -1.180000e+001
      vertex -5.240392e+000  1.782824e+002 -7.083306e+000
      vertex -5.233051e+000  1.780327e+002 -1.180000e+001
    endloop
  endfacet
  facet normal -7.329294e-002  9.959069e-001  5.289292e-002
    outer loop
      vertex -1.568108e+001  1.774179e+002  1.180000e+001
      vertex -1.046158e+001  1.778020e+002  1.180000e+001
      vertex -1.570308e+001  1.776668e+002  7.083307e+000
    endloop
  endfacet
  facet normal -7.329492e-002  9.959066e-001  5.289512e-002
    outer loop
      vertex -1.570308e+001  1.776668e+002  7.083307e+000
      vertex -1.046158e+001  1.778020e+002  1.180000e+001
      vertex -1.047626e+001  1.780515e+002  7.083307e+000
    endloop
  endfacet
  facet normal -7.337198e-002  9.969538e-001  2.645456e-002
    outer loop
      vertex -1.570308e+001  1.776668e+002  7.083307e+000
      vertex -1.047626e+001  1.780515e+002  7.083307e+000
      vertex -1.571408e+001  1.777913e+002  2.361653e+000
    endloop
  endfacet
  facet normal -7.337295e-002  9.969535e-001  2.645564e-002
    outer loop
      vertex -1.571408e+001  1.777913e+002  2.361653e+000
      vertex -1.047626e+001  1.780515e+002  7.083307e+000
      vertex -1.048360e+001  1.781762e+002  2.361653e+000
    endloop
  endfacet
  facet normal -7.339863e-002  9.973027e-001  0.000000e+000
    outer loop
      vertex -1.571408e+001  1.777913e+002  2.361653e+000
      vertex -1.048360e+001  1.781762e+002  2.361653e+000
      vertex -1.571408e+001  1.777913e+002 -2.361653e+000
    endloop
  endfacet
  facet normal -7.339863e-002  9.973027e-001  0.000000e+000
    outer loop
      vertex -1.571408e+001  1.777913e+002 -2.361653e+000
      vertex -1.048360e+001  1.781762e+002  2.361653e+000
      vertex -1.048360e+001  1.781762e+002 -2.361653e+000
    endloop
  endfacet
  facet normal -7.337295e-002  9.969537e-001 -2.645456e-002
    outer loop
      vertex -1.571408e+001  1.777913e+002 -2.361653e+000
      vertex -1.048360e+001  1.781762e+002 -2.361653e+000
      vertex -1.570308e+001  1.776668e+002 -7.083306e+000
    endloop
  endfacet
  facet normal -7.337198e-002  9.969537e-001 -2.645565e-002
    outer loop
      vertex -1.570308e+001  1.776668e+002 -7.083306e+000
      vertex -1.048360e+001  1.781762e+002 -2.361653e+000
      vertex -1.047626e+001  1.780515e+002 -7.083306e+000
    endloop
  endfacet
  facet normal -7.329492e-002  9.959067e-001 -5.289293e-002
    outer loop
      vertex -1.570308e+001  1.776668e+002 -7.083306e+000
      vertex -1.047626e+001  1.780515e+002 -7.083306e+000
      vertex -1.568108e+001  1.774179e+002 -1.180000e+001
    endloop
  endfacet
  facet normal -7.329293e-002  9.959068e-001 -5.289512e-002
    outer loop
      vertex -1.568108e+001  1.774179e+002 -1.180000e+001
      vertex -1.047626e+001  1.780515e+002 -7.083306e+000
      vertex -1.046158e+001  1.778020e+002 -1.180000e+001
    endloop
  endfacet
  facet normal -1.025239e-001  9.933233e-001  5.289420e-002
    outer loop
      vertex -2.088704e+001  1.768806e+002  1.180000e+001
      vertex -1.568108e+001  1.774179e+002  1.180000e+001
      vertex -2.091634e+001  1.771287e+002  7.083307e+000
    endloop
  endfacet
  facet normal -1.025228e-001  9.933234e-001  5.289293e-002
    outer loop
      vertex -2.091634e+001  1.771287e+002  7.083307e+000
      vertex -1.568108e+001  1.774179e+002  1.180000e+001
      vertex -1.570308e+001  1.776668e+002  7.083307e+000
    endloop
  endfacet
  facet normal -1.026306e-001  9.943677e-001  2.645364e-002
    outer loop
      vertex -2.091634e+001  1.771287e+002  7.083307e+000
      vertex -1.570308e+001  1.776668e+002  7.083307e+000
      vertex -2.093100e+001  1.772528e+002  2.361653e+000
    endloop
  endfacet
  facet normal -1.026314e-001  9.943676e-001  2.645456e-002
    outer loop
      vertex -2.093100e+001  1.772528e+002  2.361653e+000
      vertex -1.570308e+001  1.776668e+002  7.083307e+000
      vertex -1.571408e+001  1.777913e+002  2.361653e+000
    endloop
  endfacet
  facet normal -1.026673e-001  9.947158e-001  0.000000e+000
    outer loop
      vertex -2.093100e+001  1.772528e+002  2.361653e+000
      vertex -1.571408e+001  1.777913e+002  2.361653e+000
      vertex -2.093100e+001  1.772528e+002 -2.361653e+000
    endloop
  endfacet
  facet normal -1.026673e-001  9.947158e-001  0.000000e+000
    outer loop
      vertex -2.093100e+001  1.772528e+002 -2.361653e+000
      vertex -1.571408e+001  1.777913e+002  2.361653e+000
      vertex -1.571408e+001  1.777913e+002 -2.361653e+000
    endloop
  endfacet
  facet normal -1.026314e-001  9.943676e-001 -2.645365e-002
    outer loop
      vertex -2.093100e+001  1.772528e+002 -2.361653e+000
      vertex -1.571408e+001  1.777913e+002 -2.361653e+000
      vertex -2.091634e+001  1.771287e+002 -7.083306e+000
    endloop
  endfacet
  facet normal -1.026306e-001  9.943677e-001 -2.645457e-002
    outer loop
      vertex -2.091634e+001  1.771287e+002 -7.083306e+000
      vertex -1.571408e+001  1.777913e+002 -2.361653e+000
      vertex -1.570308e+001  1.776668e+002 -7.083306e+000
    endloop
  endfacet
  facet normal -1.025228e-001  9.933233e-001 -5.289418e-002
    outer loop
      vertex -2.091634e+001  1.771287e+002 -7.083306e+000
      vertex -1.570308e+001  1.776668e+002 -7.083306e+000
      vertex -2.088704e+001  1.768806e+002 -1.180000e+001
    endloop
  endfacet
  facet normal -1.025239e-001  9.933233e-001 -5.289292e-002
    outer loop
      vertex -2.088704e+001  1.768806e+002 -1.180000e+001
      vertex -1.570308e+001  1.776668e+002 -7.083306e+000
      vertex -1.568108e+001  1.774179e+002 -1.180000e+001
    endloop
  endfacet
  facet normal -1.316647e-001  9.898823e-001  5.289242e-002
    outer loop
      vertex -2.607497e+001  1.761905e+002  1.180000e+001
      vertex -2.088704e+001  1.768806e+002  1.180000e+001
      vertex -2.611155e+001  1.764377e+002  7.083307e+000
    endloop
  endfacet
  facet normal -1.316662e-001  9.898819e-001  5.289419e-002
    outer loop
      vertex -2.611155e+001  1.764377e+002  7.083307e+000
      vertex -2.088704e+001  1.768806e+002  1.180000e+001
      vertex -2.091634e+001  1.771287e+002  7.083307e+000
    endloop
  endfacet
  facet normal -1.318047e-001  9.909225e-001  2.645596e-002
    outer loop
      vertex -2.611155e+001  1.764377e+002  7.083307e+000
      vertex -2.091634e+001  1.771287e+002  7.083307e+000
      vertex -2.612984e+001  1.765613e+002  2.361653e+000
    endloop
  endfacet
  facet normal -1.318026e-001  9.909229e-001  2.645364e-002
    outer loop
      vertex -2.612984e+001  1.765613e+002  2.361653e+000
      vertex -2.091634e+001  1.771287e+002  7.083307e+000
      vertex -2.093100e+001  1.772528e+002  2.361653e+000
    endloop
  endfacet
  facet normal -1.318488e-001  9.912698e-001  0.000000e+000
    outer loop
      vertex -2.612984e+001  1.765613e+002  2.361653e+000
      vertex -2.093100e+001  1.772528e+002  2.361653e+000
      vertex -2.612984e+001  1.765613e+002 -2.361653e+000
    endloop
  endfacet
  facet normal -1.318488e-001  9.912698e-001  0.000000e+000
    outer loop
      vertex -2.612984e+001  1.765613e+002 -2.361653e+000
      vertex -2.093100e+001  1.772528e+002  2.361653e+000
      vertex -2.093100e+001  1.772528e+002 -2.361653e+000
    endloop
  endfacet
  facet normal -1.318026e-001  9.909229e-001 -2.645596e-002
    outer loop
      vertex -2.612984e+001  1.765613e+002 -2.361653e+000
      vertex -2.093100e+001  1.772528e+002 -2.361653e+000
      vertex -2.611155e+001  1.764377e+002 -7.083306e+000
    endloop
  endfacet
  facet normal -1.318047e-001  9.909226e-001 -2.645365e-002
    outer loop
      vertex -2.611155e+001  1.764377e+002 -7.083306e+000
      vertex -2.093100e+001  1.772528e+002 -2.361653e+000
      vertex -2.091634e+001  1.771287e+002 -7.083306e+000
    endloop
  endfacet
  facet normal -1.316662e-001  9.898820e-001 -5.289240e-002
    outer loop
      vertex -2.611155e+001  1.764377e+002 -7.083306e+000
      vertex -2.091634e+001  1.771287e+002 -7.083306e+000
      vertex -2.607497e+001  1.761905e+002 -1.180000e+001
    endloop
  endfacet
  facet normal -1.316646e-001  9.898822e-001 -5.289418e-002
    outer loop
      vertex -2.607497e+001  1.761905e+002 -1.180000e+001
      vertex -2.091634e+001  1.771287e+002 -7.083306e+000
      vertex -2.088704e+001  1.768806e+002 -1.180000e+001
    endloop
  endfacet
  facet normal -1.606918e-001  9.855863e-001  5.289377e-002
    outer loop
      vertex -3.124038e+001  1.753484e+002  1.180000e+001
      vertex -2.607497e+001  1.761905e+002  1.180000e+001
      vertex -3.128420e+001  1.755943e+002  7.083307e+000
    endloop
  endfacet
  facet normal -1.606907e-001  9.855866e-001  5.289241e-002
    outer loop
      vertex -3.128420e+001  1.755943e+002  7.083307e+000
      vertex -2.607497e+001  1.761905e+002  1.180000e+001
      vertex -2.611155e+001  1.764377e+002  7.083307e+000
    endloop
  endfacet
  facet normal -1.608596e-001  9.866226e-001  2.645514e-002
    outer loop
      vertex -3.128420e+001  1.755943e+002  7.083307e+000
      vertex -2.611155e+001  1.764377e+002  7.083307e+000
      vertex -3.130613e+001  1.757174e+002  2.361653e+000
    endloop
  endfacet
  facet normal -1.608603e-001  9.866225e-001  2.645597e-002
    outer loop
      vertex -3.130613e+001  1.757174e+002  2.361653e+000
      vertex -2.611155e+001  1.764377e+002  7.083307e+000
      vertex -2.612984e+001  1.765613e+002  2.361653e+000
    endloop
  endfacet
  facet normal -1.609166e-001  9.869680e-001  0.000000e+000
    outer loop
      vertex -3.130613e+001  1.757174e+002  2.361653e+000
      vertex -2.612984e+001  1.765613e+002  2.361653e+000
      vertex -3.130613e+001  1.757174e+002 -2.361653e+000
    endloop
  endfacet
  facet normal -1.609166e-001  9.869680e-001  0.000000e+000
    outer loop
      vertex -3.130613e+001  1.757174e+002 -2.361653e+000
      vertex -2.612984e+001  1.765613e+002  2.361653e+000
      vertex -2.612984e+001  1.765613e+002 -2.361653e+000
    endloop
  endfacet
  facet normal -1.608603e-001  9.866225e-001 -2.645515e-002
    outer loop
      vertex -3.130613e+001  1.757174e+002 -2.361653e+000
      vertex -2.612984e+001  1.765613e+002 -2.361653e+000
      vertex -3.128420e+001  1.755943e+002 -7.083306e+000
    endloop
  endfacet
  facet normal -1.608596e-001  9.866226e-001 -2.645597e-002
    outer loop
      vertex -3.128420e+001  1.755943e+002 -7.083306e+000
      vertex -2.612984e+001  1.765613e+002 -2.361653e+000
      vertex -2.611155e+001  1.764377e+002 -7.083306e+000
    endloop
  endfacet
  facet normal -1.606907e-001  9.855866e-001 -5.289377e-002
    outer loop
      vertex -3.128420e+001  1.755943e+002 -7.083306e+000
      vertex -2.611155e+001  1.764377e+002 -7.083306e+000
      vertex -3.124038e+001  1.753484e+002 -1.180000e+001
    endloop
  endfacet
  facet normal -1.606919e-001  9.855864e-001 -5.289240e-002
    outer loop
      vertex -3.124038e+001  1.753484e+002 -1.180000e+001
      vertex -2.611155e+001  1.764377e+002 -7.083306e+000
      vertex -2.607497e+001  1.761905e+002 -1.180000e+001
    endloop
  endfacet
  facet normal -1.895792e-001  9.804397e-001  5.289484e-002
    outer loop
      vertex -3.637882e+001  1.743548e+002  1.180000e+001
      vertex -3.124038e+001  1.753484e+002  1.180000e+001
      vertex -3.642985e+001  1.745994e+002  7.083307e+000
    endloop
  endfacet
  facet normal -1.895783e-001  9.804399e-001  5.289377e-002
    outer loop
      vertex -3.642985e+001  1.745994e+002  7.083307e+000
      vertex -3.124038e+001  1.753484e+002  1.180000e+001
      vertex -3.128420e+001  1.755943e+002  7.083307e+000
    endloop
  endfacet
  facet normal -1.897776e-001  9.814706e-001  2.645406e-002
    outer loop
      vertex -3.642985e+001  1.745994e+002  7.083307e+000
      vertex -3.128420e+001  1.755943e+002  7.083307e+000
      vertex -3.645538e+001  1.747217e+002  2.361653e+000
    endloop
  endfacet
  facet normal -1.897786e-001  9.814705e-001  2.645514e-002
    outer loop
      vertex -3.645538e+001  1.747217e+002  2.361653e+000
      vertex -3.128420e+001  1.755943e+002  7.083307e+000
      vertex -3.130613e+001  1.757174e+002  2.361653e+000
    endloop
  endfacet
  facet normal -1.898450e-001  9.818141e-001  0.000000e+000
    outer loop
      vertex -3.645538e+001  1.747217e+002  2.361653e+000
      vertex -3.130613e+001  1.757174e+002  2.361653e+000
      vertex -3.645538e+001  1.747217e+002 -2.361653e+000
    endloop
  endfacet
  facet normal -1.898450e-001  9.818141e-001  0.000000e+000
    outer loop
      vertex -3.645538e+001  1.747217e+002 -2.361653e+000
      vertex -3.130613e+001  1.757174e+002  2.361653e+000
      vertex -3.130613e+001  1.757174e+002 -2.361653e+000
    endloop
  endfacet
  facet normal -1.897786e-001  9.814705e-001 -2.645407e-002
    outer loop
      vertex -3.645538e+001  1.747217e+002 -2.361653e+000
      vertex -3.130613e+001  1.757174e+002 -2.361653e+000
      vertex -3.642985e+001  1.745994e+002 -7.083306e+000
    endloop
  endfacet
  facet normal -1.897776e-001  9.814706e-001 -2.645516e-002
    outer loop
      vertex -3.642985e+001  1.745994e+002 -7.083306e+000
      vertex -3.130613e+001  1.757174e+002 -2.361653e+000
      vertex -3.128420e+001  1.755943e+002 -7.083306e+000
    endloop
  endfacet
  facet normal -1.895783e-001  9.804397e-001 -5.289483e-002
    outer loop
      vertex -3.642985e+001  1.745994e+002 -7.083306e+000
      vertex -3.128420e+001  1.755943e+002 -7.083306e+000
      vertex -3.637882e+001  1.743548e+002 -1.180000e+001
    endloop
  endfacet
  facet normal -1.895792e-001  9.804397e-001 -5.289378e-002
    outer loop
      vertex -3.637882e+001  1.743548e+002 -1.180000e+001
      vertex -3.128420e+001  1.755943e+002 -7.083306e+000
      vertex -3.124038e+001  1.753484e+002 -1.180000e+001
    endloop
  endfacet
  facet normal -2.183037e-001  9.744462e-001  5.289541e-002
    outer loop
      vertex -4.148584e+001  1.732107e+002  1.180000e+001
      vertex -3.637882e+001  1.743548e+002  1.180000e+001
      vertex -4.154404e+001  1.734537e+002  7.083307e+000
    endloop
  endfacet
  facet normal -2.183033e-001  9.744465e-001  5.289483e-002
    outer loop
      vertex -4.154404e+001  1.734537e+002  7.083307e+000
      vertex -3.637882e+001  1.743548e+002  1.180000e+001
      vertex -3.642985e+001  1.745994e+002  7.083307e+000
    endloop
  endfacet
  facet normal -2.185328e-001  9.754710e-001  2.645296e-002
    outer loop
      vertex -4.154404e+001  1.734537e+002  7.083307e+000
      vertex -3.642985e+001  1.745994e+002  7.083307e+000
      vertex -4.157315e+001  1.735752e+002  2.361653e+000
    endloop
  endfacet
  facet normal -2.185338e-001  9.754707e-001  2.645407e-002
    outer loop
      vertex -4.157315e+001  1.735752e+002  2.361653e+000
      vertex -3.642985e+001  1.745994e+002  7.083307e+000
      vertex -3.645538e+001  1.747217e+002  2.361653e+000
    endloop
  endfacet
  facet normal -2.186103e-001  9.758123e-001  0.000000e+000
    outer loop
      vertex -4.157315e+001  1.735752e+002  2.361653e+000
      vertex -3.645538e+001  1.747217e+002  2.361653e+000
      vertex -4.157315e+001  1.735752e+002 -2.361653e+000
    endloop
  endfacet
  facet normal -2.186103e-001  9.758123e-001  0.000000e+000
    outer loop
      vertex -4.157315e+001  1.735752e+002 -2.361653e+000
      vertex -3.645538e+001  1.747217e+002  2.361653e+000
      vertex -3.645538e+001  1.747217e+002 -2.361653e+000
    endloop
  endfacet
  facet normal -2.185338e-001  9.754708e-001 -2.645296e-002
    outer loop
      vertex -4.157315e+001  1.735752e+002 -2.361653e+000
      vertex -3.645538e+001  1.747217e+002 -2.361653e+000
      vertex -4.154404e+001  1.734537e+002 -7.083306e+000
    endloop
  endfacet
  facet normal -2.185328e-001  9.754710e-001 -2.645408e-002
    outer loop
      vertex -4.154404e+001  1.734537e+002 -7.083306e+000
      vertex -3.645538e+001  1.747217e+002 -2.361653e+000
      vertex -3.642985e+001  1.745994e+002 -7.083306e+000
    endloop
  endfacet
  facet normal -2.183032e-001  9.744464e-001 -5.289540e-002
    outer loop
      vertex -4.154404e+001  1.734537e+002 -7.083306e+000
      vertex -3.642985e+001  1.745994e+002 -7.083306e+000
      vertex -4.148584e+001  1.732107e+002 -1.180000e+001
    endloop
  endfacet
  facet normal -2.183038e-001  9.744463e-001 -5.289483e-002
    outer loop
      vertex -4.148584e+001  1.732107e+002 -1.180000e+001
      vertex -3.642985e+001  1.745994e+002 -7.083306e+000
      vertex -3.637882e+001  1.743548e+002 -1.180000e+001
    endloop
  endfacet
  facet normal -2.468388e-001  9.676120e-001  5.289207e-002
    outer loop
      vertex -4.655705e+001  1.719170e+002  1.180000e+001
      vertex -4.148584e+001  1.732107e+002  1.180000e+001
      vertex -4.662236e+001  1.721582e+002  7.083307e+000
    endloop
  endfacet
  facet normal -2.468417e-001  9.676111e-001  5.289538e-002
    outer loop
      vertex -4.662236e+001  1.721582e+002  7.083307e+000
      vertex -4.148584e+001  1.732107e+002  1.180000e+001
      vertex -4.154404e+001  1.734537e+002  7.083307e+000
    endloop
  endfacet
  facet normal -2.471012e-001  9.686285e-001  2.645748e-002
    outer loop
      vertex -4.662236e+001  1.721582e+002  7.083307e+000
      vertex -4.154404e+001  1.734537e+002  7.083307e+000
      vertex -4.665503e+001  1.722788e+002  2.361653e+000
    endloop
  endfacet
  facet normal -2.470973e-001  9.686296e-001  2.645298e-002
    outer loop
      vertex -4.665503e+001  1.722788e+002  2.361653e+000
      vertex -4.154404e+001  1.734537e+002  7.083307e+000
      vertex -4.157315e+001  1.735752e+002  2.361653e+000
    endloop
  endfacet
  facet normal -2.471838e-001  9.689686e-001  0.000000e+000
    outer loop
      vertex -4.665503e+001  1.722788e+002  2.361653e+000
      vertex -4.157315e+001  1.735752e+002  2.361653e+000
      vertex -4.665503e+001  1.722788e+002 -2.361653e+000
    endloop
  endfacet
  facet normal -2.471838e-001  9.689686e-001  0.000000e+000
    outer loop
      vertex -4.665503e+001  1.722788e+002 -2.361653e+000
      vertex -4.157315e+001  1.735752e+002  2.361653e+000
      vertex -4.157315e+001  1.735752e+002 -2.361653e+000
    endloop
  endfacet
  facet normal -2.470973e-001  9.686294e-001 -2.645750e-002
    outer loop
      vertex -4.665503e+001  1.722788e+002 -2.361653e+000
      vertex -4.157315e+001  1.735752e+002 -2.361653e+000
      vertex -4.662236e+001  1.721582e+002 -7.083306e+000
    endloop
  endfacet
  facet normal -2.471012e-001  9.686285e-001 -2.645298e-002
    outer loop
      vertex -4.662236e+001  1.721582e+002 -7.083306e+000
      vertex -4.157315e+001  1.735752e+002 -2.361653e+000
      vertex -4.154404e+001  1.734537e+002 -7.083306e+000
    endloop
  endfacet
  facet normal -2.468417e-001  9.676113e-001 -5.289207e-002
    outer loop
      vertex -4.662236e+001  1.721582e+002 -7.083306e+000
      vertex -4.154404e+001  1.734537e+002 -7.083306e+000
      vertex -4.655705e+001  1.719170e+002 -1.180000e+001
    endloop
  endfacet
  facet normal -2.468388e-001  9.676120e-001 -5.289538e-002
    outer loop
      vertex -4.655705e+001  1.719170e+002 -1.180000e+001
      vertex -4.154404e+001  1.734537e+002 -7.083306e+000
      vertex -4.148584e+001  1.732107e+002 -1.180000e+001
    endloop
  endfacet
  facet normal -2.751644e-001  9.599411e-001  5.289387e-002
    outer loop
      vertex -5.158806e+001  1.704749e+002  1.180000e+001
      vertex -4.655705e+001  1.719170e+002  1.180000e+001
      vertex -5.166043e+001  1.707140e+002  7.083307e+000
    endloop
  endfacet
  facet normal -2.751628e-001  9.599416e-001  5.289207e-002
    outer loop
      vertex -5.166043e+001  1.707140e+002  7.083307e+000
      vertex -4.655705e+001  1.719170e+002  1.180000e+001
      vertex -4.662236e+001  1.721582e+002  7.083307e+000
    endloop
  endfacet
  facet normal -2.754521e-001  9.609508e-001  2.645546e-002
    outer loop
      vertex -5.166043e+001  1.707140e+002  7.083307e+000
      vertex -4.662236e+001  1.721582e+002  7.083307e+000
      vertex -5.169662e+001  1.708336e+002  2.361653e+000
    endloop
  endfacet
  facet normal -2.754538e-001  9.609502e-001  2.645745e-002
    outer loop
      vertex -5.169662e+001  1.708336e+002  2.361653e+000
      vertex -4.662236e+001  1.721582e+002  7.083307e+000
      vertex -4.665503e+001  1.722788e+002  2.361653e+000
    endloop
  endfacet
  facet normal -2.755502e-001  9.612867e-001  0.000000e+000
    outer loop
      vertex -5.169662e+001  1.708336e+002  2.361653e+000
      vertex -4.665503e+001  1.722788e+002  2.361653e+000
      vertex -5.169662e+001  1.708336e+002 -2.361653e+000
    endloop
  endfacet
  facet normal -2.755502e-001  9.612867e-001  0.000000e+000
    outer loop
      vertex -5.169662e+001  1.708336e+002 -2.361653e+000
      vertex -4.665503e+001  1.722788e+002  2.361653e+000
      vertex -4.665503e+001  1.722788e+002 -2.361653e+000
    endloop
  endfacet
  facet normal -2.754538e-001  9.609503e-001 -2.645547e-002
    outer loop
      vertex -5.169662e+001  1.708336e+002 -2.361653e+000
      vertex -4.665503e+001  1.722788e+002 -2.361653e+000
      vertex -5.166043e+001  1.707140e+002 -7.083306e+000
    endloop
  endfacet
  facet normal -2.754521e-001  9.609506e-001 -2.645744e-002
    outer loop
      vertex -5.166043e+001  1.707140e+002 -7.083306e+000
      vertex -4.665503e+001  1.722788e+002 -2.361653e+000
      vertex -4.662236e+001  1.721582e+002 -7.083306e+000
    endloop
  endfacet
  facet normal -2.751628e-001  9.599415e-001 -5.289384e-002
    outer loop
      vertex -5.166043e+001  1.707140e+002 -7.083306e+000
      vertex -4.662236e+001  1.721582e+002 -7.083306e+000
      vertex -5.158806e+001  1.704749e+002 -1.180000e+001
    endloop
  endfacet
  facet normal -2.751644e-001  9.599411e-001 -5.289207e-002
    outer loop
      vertex -5.158806e+001  1.704749e+002 -1.180000e+001
      vertex -4.662236e+001  1.721582e+002 -7.083306e+000
      vertex -4.655705e+001  1.719170e+002 -1.180000e+001
    endloop
  endfacet
  facet normal -3.032482e-001  9.514425e-001  5.289427e-002
    outer loop
      vertex -5.657452e+001  1.688856e+002  1.180000e+001
      vertex -5.158806e+001  1.704749e+002  1.180000e+001
      vertex -5.665389e+001  1.691225e+002  7.083307e+000
    endloop
  endfacet
  facet normal -3.032479e-001  9.514426e-001  5.289387e-002
    outer loop
      vertex -5.665389e+001  1.691225e+002  7.083307e+000
      vertex -5.158806e+001  1.704749e+002  1.180000e+001
      vertex -5.166043e+001  1.707140e+002  7.083307e+000
    endloop
  endfacet
  facet normal -3.035667e-001  9.524428e-001  2.645569e-002
    outer loop
      vertex -5.665389e+001  1.691225e+002  7.083307e+000
      vertex -5.166043e+001  1.707140e+002  7.083307e+000
      vertex -5.669358e+001  1.692410e+002  2.361653e+000
    endloop
  endfacet
  facet normal -3.035665e-001  9.524429e-001  2.645546e-002
    outer loop
      vertex -5.669358e+001  1.692410e+002  2.361653e+000
      vertex -5.166043e+001  1.707140e+002  7.083307e+000
      vertex -5.169662e+001  1.708336e+002  2.361653e+000
    endloop
  endfacet
  facet normal -3.036728e-001  9.527764e-001  0.000000e+000
    outer loop
      vertex -5.669358e+001  1.692410e+002  2.361653e+000
      vertex -5.169662e+001  1.708336e+002  2.361653e+000
      vertex -5.669358e+001  1.692410e+002 -2.361653e+000
    endloop
  endfacet
  facet normal -3.036728e-001  9.527764e-001  0.000000e+000
    outer loop
      vertex -5.669358e+001  1.692410e+002 -2.361653e+000
      vertex -5.169662e+001  1.708336e+002  2.361653e+000
      vertex -5.169662e+001  1.708336e+002 -2.361653e+000
    endloop
  endfacet
  facet normal -3.035665e-001  9.524429e-001 -2.645569e-002
    outer loop
      vertex -5.669358e+001  1.692410e+002 -2.361653e+000
      vertex -5.169662e+001  1.708336e+002 -2.361653e+000
      vertex -5.665389e+001  1.691225e+002 -7.083306e+000
    endloop
  endfacet
  facet normal -3.035667e-001  9.524428e-001 -2.645546e-002
    outer loop
      vertex -5.665389e+001  1.691225e+002 -7.083306e+000
      vertex -5.169662e+001  1.708336e+002 -2.361653e+000
      vertex -5.166043e+001  1.707140e+002 -7.083306e+000
    endloop
  endfacet
  facet normal -3.032478e-001  9.514425e-001 -5.289426e-002
    outer loop
      vertex -5.665389e+001  1.691225e+002 -7.083306e+000
      vertex -5.166043e+001  1.707140e+002 -7.083306e+000
      vertex -5.657452e+001  1.688856e+002 -1.180000e+001
    endloop
  endfacet
  facet normal -3.032482e-001  9.514425e-001 -5.289382e-002
    outer loop
      vertex -5.657452e+001  1.688856e+002 -1.180000e+001
      vertex -5.166043e+001  1.707140e+002 -7.083306e+000
      vertex -5.158806e+001  1.704749e+002 -1.180000e+001
    endloop
  endfacet
  facet normal -3.310704e-001  9.421225e-001  5.289286e-002
    outer loop
      vertex -6.151214e+001  1.671504e+002  1.180000e+001
      vertex -5.657452e+001  1.688856e+002  1.180000e+001
      vertex -6.159843e+001  1.673849e+002  7.083307e+000
    endloop
  endfacet
  facet normal -3.310716e-001  9.421220e-001  5.289426e-002
    outer loop
      vertex -6.159843e+001  1.673849e+002  7.083307e+000
      vertex -5.657452e+001  1.688856e+002  1.180000e+001
      vertex -5.665389e+001  1.691225e+002  7.083307e+000
    endloop
  endfacet
  facet normal -3.314196e-001  9.431124e-001  2.645497e-002
    outer loop
      vertex -6.159843e+001  1.673849e+002  7.083307e+000
      vertex -5.665389e+001  1.691225e+002  7.083307e+000
      vertex -6.164159e+001  1.675022e+002  2.361653e+000
    endloop
  endfacet
  facet normal -3.314202e-001  9.431123e-001  2.645569e-002
    outer loop
      vertex -6.164159e+001  1.675022e+002  2.361653e+000
      vertex -5.665389e+001  1.691225e+002  7.083307e+000
      vertex -5.669358e+001  1.692410e+002  2.361653e+000
    endloop
  endfacet
  facet normal -3.315362e-001  9.434424e-001  0.000000e+000
    outer loop
      vertex -6.164159e+001  1.675022e+002  2.361653e+000
      vertex -5.669358e+001  1.692410e+002  2.361653e+000
      vertex -6.164159e+001  1.675022e+002 -2.361653e+000
    endloop
  endfacet
  facet normal -3.315362e-001  9.434424e-001  0.000000e+000
    outer loop
      vertex -6.164159e+001  1.675022e+002 -2.361653e+000
      vertex -5.669358e+001  1.692410e+002  2.361653e+000
      vertex -5.669358e+001  1.692410e+002 -2.361653e+000
    endloop
  endfacet
  facet normal -3.314202e-001  9.431123e-001 -2.645497e-002
    outer loop
      vertex -6.164159e+001  1.675022e+002 -2.361653e+000
      vertex -5.669358e+001  1.692410e+002 -2.361653e+000
      vertex -6.159843e+001  1.673849e+002 -7.083306e+000
    endloop
  endfacet
  facet normal -3.314197e-001  9.431125e-001 -2.645567e-002
    outer loop
      vertex -6.159843e+001  1.673849e+002 -7.083306e+000
      vertex -5.669358e+001  1.692410e+002 -2.361653e+000
      vertex -5.665389e+001  1.691225e+002 -7.083306e+000
    endloop
  endfacet
  facet normal -3.310716e-001  9.421220e-001 -5.289289e-002
    outer loop
      vertex -6.159843e+001  1.673849e+002 -7.083306e+000
      vertex -5.665389e+001  1.691225e+002 -7.083306e+000
      vertex -6.151214e+001  1.671504e+002 -1.180000e+001
    endloop
  endfacet
  facet normal -3.310704e-001  9.421224e-001 -5.289428e-002
    outer loop
      vertex -6.151214e+001  1.671504e+002 -1.180000e+001
      vertex -5.665389e+001  1.691225e+002 -7.083306e+000
      vertex -5.657452e+001  1.688856e+002 -1.180000e+001
    endloop
  endfacet
  facet normal -3.586095e-001  9.319881e-001  5.289191e-002
    outer loop
      vertex -6.639664e+001  1.652710e+002  1.180000e+001
      vertex -6.151214e+001  1.671504e+002  1.180000e+001
      vertex -6.648978e+001  1.655028e+002  7.083307e+000
    endloop
  endfacet
  facet normal -3.586103e-001  9.319876e-001  5.289289e-002
    outer loop
      vertex -6.648978e+001  1.655028e+002  7.083307e+000
      vertex -6.151214e+001  1.671504e+002  1.180000e+001
      vertex -6.159843e+001  1.673849e+002  7.083307e+000
    endloop
  endfacet
  facet normal -3.589873e-001  9.329674e-001  2.645670e-002
    outer loop
      vertex -6.648978e+001  1.655028e+002  7.083307e+000
      vertex -6.159843e+001  1.673849e+002  7.083307e+000
      vertex -6.653638e+001  1.656188e+002  2.361653e+000
    endloop
  endfacet
  facet normal -3.589858e-001  9.329680e-001  2.645495e-002
    outer loop
      vertex -6.653638e+001  1.656188e+002  2.361653e+000
      vertex -6.159843e+001  1.673849e+002  7.083307e+000
      vertex -6.164159e+001  1.675022e+002  2.361653e+000
    endloop
  endfacet
  facet normal -3.591115e-001  9.332947e-001  0.000000e+000
    outer loop
      vertex -6.653638e+001  1.656188e+002  2.361653e+000
      vertex -6.164159e+001  1.675022e+002  2.361653e+000
      vertex -6.653638e+001  1.656188e+002 -2.361653e+000
    endloop
  endfacet
  facet normal -3.591115e-001  9.332947e-001  0.000000e+000
    outer loop
      vertex -6.653638e+001  1.656188e+002 -2.361653e+000
      vertex -6.164159e+001  1.675022e+002  2.361653e+000
      vertex -6.164159e+001  1.675022e+002 -2.361653e+000
    endloop
  endfacet
  facet normal -3.589858e-001  9.329679e-001 -2.645672e-002
    outer loop
      vertex -6.653638e+001  1.656188e+002 -2.361653e+000
      vertex -6.164159e+001  1.675022e+002 -2.361653e+000
      vertex -6.648978e+001  1.655028e+002 -7.083306e+000
    endloop
  endfacet
  facet normal -3.589873e-001  9.329675e-001 -2.645498e-002
    outer loop
      vertex -6.648978e+001  1.655028e+002 -7.083306e+000
      vertex -6.164159e+001  1.675022e+002 -2.361653e+000
      vertex -6.159843e+001  1.673849e+002 -7.083306e+000
    endloop
  endfacet
  facet normal -3.586103e-001  9.319877e-001 -5.289189e-002
    outer loop
      vertex -6.648978e+001  1.655028e+002 -7.083306e+000
      vertex -6.159843e+001  1.673849e+002 -7.083306e+000
      vertex -6.639664e+001  1.652710e+002 -1.180000e+001
    endloop
  endfacet
  facet normal -3.586094e-001  9.319880e-001 -5.289287e-002
    outer loop
      vertex -6.639664e+001  1.652710e+002 -1.180000e+001
      vertex -6.159843e+001  1.673849e+002 -7.083306e+000
      vertex -6.151214e+001  1.671504e+002 -1.180000e+001
    endloop
  endfacet
  facet normal -3.858378e-001  9.210492e-001  5.289247e-002
    outer loop
      vertex -7.122382e+001  1.632488e+002  1.180000e+001
      vertex -6.639664e+001  1.652710e+002  1.180000e+001
      vertex -7.132374e+001  1.634778e+002  7.083307e+000
    endloop
  endfacet
  facet normal -3.858373e-001  9.210495e-001  5.289185e-002
    outer loop
      vertex -7.132374e+001  1.634778e+002  7.083307e+000
      vertex -6.639664e+001  1.652710e+002  1.180000e+001
      vertex -6.648978e+001  1.655028e+002  7.083307e+000
    endloop
  endfacet
  facet normal -3.862428e-001  9.220176e-001  2.645612e-002
    outer loop
      vertex -7.132374e+001  1.634778e+002  7.083307e+000
      vertex -6.648978e+001  1.655028e+002  7.083307e+000
      vertex -7.137371e+001  1.635924e+002  2.361653e+000
    endloop
  endfacet
  facet normal -3.862434e-001  9.220175e-001  2.645673e-002
    outer loop
      vertex -7.137371e+001  1.635924e+002  2.361653e+000
      vertex -6.648978e+001  1.655028e+002  7.083307e+000
      vertex -6.653638e+001  1.656188e+002  2.361653e+000
    endloop
  endfacet
  facet normal -3.863786e-001  9.223402e-001  0.000000e+000
    outer loop
      vertex -7.137371e+001  1.635924e+002  2.361653e+000
      vertex -6.653638e+001  1.656188e+002  2.361653e+000
      vertex -7.137371e+001  1.635924e+002 -2.361653e+000
    endloop
  endfacet
  facet normal -3.863786e-001  9.223402e-001  0.000000e+000
    outer loop
      vertex -7.137371e+001  1.635924e+002 -2.361653e+000
      vertex -6.653638e+001  1.656188e+002  2.361653e+000
      vertex -6.653638e+001  1.656188e+002 -2.361653e+000
    endloop
  endfacet
  facet normal -3.862434e-001  9.220175e-001 -2.645611e-002
    outer loop
      vertex -7.137371e+001  1.635924e+002 -2.361653e+000
      vertex -6.653638e+001  1.656188e+002 -2.361653e+000
      vertex -7.132374e+001  1.634778e+002 -7.083306e+000
    endloop
  endfacet
  facet normal -3.862428e-001  9.220176e-001 -2.645674e-002
    outer loop
      vertex -7.132374e+001  1.634778e+002 -7.083306e+000
      vertex -6.653638e+001  1.656188e+002 -2.361653e+000
      vertex -6.648978e+001  1.655028e+002 -7.083306e+000
    endloop
  endfacet
  facet normal -3.858373e-001  9.210495e-001 -5.289247e-002
    outer loop
      vertex -7.132374e+001  1.634778e+002 -7.083306e+000
      vertex -6.648978e+001  1.655028e+002 -7.083306e+000
      vertex -7.122382e+001  1.632488e+002 -1.180000e+001
    endloop
  endfacet
  facet normal -3.858378e-001  9.210492e-001 -5.289188e-002
    outer loop
      vertex -7.122382e+001  1.632488e+002 -1.180000e+001
      vertex -6.648978e+001  1.655028e+002 -7.083306e+000
      vertex -6.639664e+001  1.652710e+002 -1.180000e+001
    endloop
  endfacet
  facet normal -4.127332e-001  9.093148e-001  5.289490e-002
    outer loop
      vertex -7.598949e+001  1.610857e+002  1.180000e+001
      vertex -7.122382e+001  1.632488e+002  1.180000e+001
      vertex -7.609610e+001  1.613117e+002  7.083307e+000
    endloop
  endfacet
  facet normal -4.127313e-001  9.093158e-001  5.289254e-002
    outer loop
      vertex -7.609610e+001  1.613117e+002  7.083307e+000
      vertex -7.122382e+001  1.632488e+002  1.180000e+001
      vertex -7.132374e+001  1.634778e+002  7.083307e+000
    endloop
  endfacet
  facet normal -4.131653e-001  9.102718e-001  2.645434e-002
    outer loop
      vertex -7.609610e+001  1.613117e+002  7.083307e+000
      vertex -7.132374e+001  1.634778e+002  7.083307e+000
      vertex -7.614941e+001  1.614247e+002  2.361653e+000
    endloop
  endfacet
  facet normal -4.131666e-001  9.102710e-001  2.645605e-002
    outer loop
      vertex -7.614941e+001  1.614247e+002  2.361653e+000
      vertex -7.132374e+001  1.634778e+002  7.083307e+000
      vertex -7.137371e+001  1.635924e+002  2.361653e+000
    endloop
  endfacet
  facet normal -4.133113e-001  9.105898e-001  0.000000e+000
    outer loop
      vertex -7.614941e+001  1.614247e+002  2.361653e+000
      vertex -7.137371e+001  1.635924e+002  2.361653e+000
      vertex -7.614941e+001  1.614247e+002 -2.361653e+000
    endloop
  endfacet
  facet normal -4.133113e-001  9.105898e-001  0.000000e+000
    outer loop
      vertex -7.614941e+001  1.614247e+002 -2.361653e+000
      vertex -7.137371e+001  1.635924e+002  2.361653e+000
      vertex -7.137371e+001  1.635924e+002 -2.361653e+000
    endloop
  endfacet
  facet normal -4.131667e-001  9.102712e-001 -2.645433e-002
    outer loop
      vertex -7.614941e+001  1.614247e+002 -2.361653e+000
      vertex -7.137371e+001  1.635924e+002 -2.361653e+000
      vertex -7.609610e+001  1.613117e+002 -7.083306e+000
    endloop
  endfacet
  facet normal -4.131652e-001  9.102717e-001 -2.645611e-002
    outer loop
      vertex -7.609610e+001  1.613117e+002 -7.083306e+000
      vertex -7.137371e+001  1.635924e+002 -2.361653e+000
      vertex -7.132374e+001  1.634778e+002 -7.083306e+000
    endloop
  endfacet
  facet normal -4.127313e-001  9.093156e-001 -5.289488e-002
    outer loop
      vertex -7.609610e+001  1.613117e+002 -7.083306e+000
      vertex -7.132374e+001  1.634778e+002 -7.083306e+000
      vertex -7.598949e+001  1.610857e+002 -1.180000e+001
    endloop
  endfacet
  facet normal -4.127333e-001  9.093149e-001 -5.289251e-002
    outer loop
      vertex -7.598949e+001  1.610857e+002 -1.180000e+001
      vertex -7.132374e+001  1.634778e+002 -7.083306e+000
      vertex -7.122382e+001  1.632488e+002 -1.180000e+001
    endloop
  endfacet
  facet normal -4.392713e-001  8.967959e-001  5.289377e-002
    outer loop
      vertex -8.068956e+001  1.587835e+002  1.180000e+001
      vertex -7.598949e+001  1.610857e+002  1.180000e+001
      vertex -8.080276e+001  1.590063e+002  7.083307e+000
    endloop
  endfacet
  facet normal -4.392722e-001  8.967954e-001  5.289489e-002
    outer loop
      vertex -8.080276e+001  1.590063e+002  7.083307e+000
      vertex -7.598949e+001  1.610857e+002  1.180000e+001
      vertex -7.609610e+001  1.613117e+002  7.083307e+000
    endloop
  endfacet
  facet normal -4.397340e-001  8.977382e-001  2.645738e-002
    outer loop
      vertex -8.080276e+001  1.590063e+002  7.083307e+000
      vertex -7.609610e+001  1.613117e+002  7.083307e+000
      vertex -8.085938e+001  1.591177e+002  2.361653e+000
    endloop
  endfacet
  facet normal -4.397316e-001  8.977395e-001  2.645434e-002
    outer loop
      vertex -8.085938e+001  1.591177e+002  2.361653e+000
      vertex -7.609610e+001  1.613117e+002  7.083307e+000
      vertex -7.614941e+001  1.614247e+002  2.361653e+000
    endloop
  endfacet
  facet normal -4.398856e-001  8.980538e-001  0.000000e+000
    outer loop
      vertex -8.085938e+001  1.591177e+002  2.361653e+000
      vertex -7.614941e+001  1.614247e+002  2.361653e+000
      vertex -8.085938e+001  1.591177e+002 -2.361653e+000
    endloop
  endfacet
  facet normal -4.398856e-001  8.980538e-001  0.000000e+000
    outer loop
      vertex -8.085938e+001  1.591177e+002 -2.361653e+000
      vertex -7.614941e+001  1.614247e+002  2.361653e+000
      vertex -7.614941e+001  1.614247e+002 -2.361653e+000
    endloop
  endfacet
  facet normal -4.397316e-001  8.977395e-001 -2.645738e-002
    outer loop
      vertex -8.085938e+001  1.591177e+002 -2.361653e+000
      vertex -7.614941e+001  1.614247e+002 -2.361653e+000
      vertex -8.080276e+001  1.590063e+002 -7.083306e+000
    endloop
  endfacet
  facet normal -4.397340e-001  8.977383e-001 -2.645430e-002
    outer loop
      vertex -8.080276e+001  1.590063e+002 -7.083306e+000
      vertex -7.614941e+001  1.614247e+002 -2.361653e+000
      vertex -7.609610e+001  1.613117e+002 -7.083306e+000
    endloop
  endfacet
  facet normal -4.392722e-001  8.967955e-001 -5.289374e-002
    outer loop
      vertex -8.080276e+001  1.590063e+002 -7.083306e+000
      vertex -7.609610e+001  1.613117e+002 -7.083306e+000
      vertex -8.068956e+001  1.587835e+002 -1.180000e+001
    endloop
  endfacet
  facet normal -4.392713e-001  8.967959e-001 -5.289488e-002
    outer loop
      vertex -8.068956e+001  1.587835e+002 -1.180000e+001
      vertex -7.609610e+001  1.613117e+002 -7.083306e+000
      vertex -7.598949e+001  1.610857e+002 -1.180000e+001
    endloop
  endfacet
  facet normal -4.654280e-001  8.835040e-001  5.289136e-002
    outer loop
      vertex -8.531996e+001  1.563442e+002  1.180000e+001
      vertex -8.068956e+001  1.587835e+002  1.180000e+001
      vertex -8.543965e+001  1.565635e+002  7.083307e+000
    endloop
  endfacet
  facet normal -4.654298e-001  8.835028e-001  5.289382e-002
    outer loop
      vertex -8.543965e+001  1.565635e+002  7.083307e+000
      vertex -8.068956e+001  1.587835e+002  1.180000e+001
      vertex -8.080276e+001  1.590063e+002  7.083307e+000
    endloop
  endfacet
  facet normal -4.659191e-001  8.844317e-001  2.645796e-002
    outer loop
      vertex -8.543965e+001  1.565635e+002  7.083307e+000
      vertex -8.080276e+001  1.590063e+002  7.083307e+000
      vertex -8.549952e+001  1.566732e+002  2.361653e+000
    endloop
  endfacet
  facet normal -4.659187e-001  8.844320e-001  2.645734e-002
    outer loop
      vertex -8.549952e+001  1.566732e+002  2.361653e+000
      vertex -8.080276e+001  1.590063e+002  7.083307e+000
      vertex -8.085938e+001  1.591177e+002  2.361653e+000
    endloop
  endfacet
  facet normal -4.660818e-001  8.847417e-001  0.000000e+000
    outer loop
      vertex -8.549952e+001  1.566732e+002  2.361653e+000
      vertex -8.085938e+001  1.591177e+002  2.361653e+000
      vertex -8.549952e+001  1.566732e+002 -2.361653e+000
    endloop
  endfacet
  facet normal -4.660818e-001  8.847417e-001  0.000000e+000
    outer loop
      vertex -8.549952e+001  1.566732e+002 -2.361653e+000
      vertex -8.085938e+001  1.591177e+002  2.361653e+000
      vertex -8.085938e+001  1.591177e+002 -2.361653e+000
    endloop
  endfacet
  facet normal -4.659186e-001  8.844319e-001 -2.645795e-002
    outer loop
      vertex -8.549952e+001  1.566732e+002 -2.361653e+000
      vertex -8.085938e+001  1.591177e+002 -2.361653e+000
      vertex -8.543965e+001  1.565635e+002 -7.083306e+000
    endloop
  endfacet
  facet normal -4.659191e-001  8.844316e-001 -2.645734e-002
    outer loop
      vertex -8.543965e+001  1.565635e+002 -7.083306e+000
      vertex -8.085938e+001  1.591177e+002 -2.361653e+000
      vertex -8.080276e+001  1.590063e+002 -7.083306e+000
    endloop
  endfacet
  facet normal -4.654298e-001  8.835030e-001 -5.289135e-002
    outer loop
      vertex -8.543965e+001  1.565635e+002 -7.083306e+000
      vertex -8.080276e+001  1.590063e+002 -7.083306e+000
      vertex -8.531996e+001  1.563442e+002 -1.180000e+001
    endloop
  endfacet
  facet normal -4.654279e-001  8.835039e-001 -5.289377e-002
    outer loop
      vertex -8.531996e+001  1.563442e+002 -1.180000e+001
      vertex -8.080276e+001  1.590063e+002 -7.083306e+000
      vertex -8.068956e+001  1.587835e+002 -1.180000e+001
    endloop
  endfacet
  facet normal -4.911885e-001  8.694460e-001  5.289340e-002
    outer loop
      vertex -8.987669e+001  1.537699e+002  1.180000e+001
      vertex -8.531996e+001  1.563442e+002  1.180000e+001
      vertex -9.000277e+001  1.539856e+002  7.083307e+000
    endloop
  endfacet
  facet normal -4.911869e-001  8.694469e-001  5.289142e-002
    outer loop
      vertex -9.000277e+001  1.539856e+002  7.083307e+000
      vertex -8.531996e+001  1.563442e+002  1.180000e+001
      vertex -8.543965e+001  1.565635e+002  7.083307e+000
    endloop
  endfacet
  facet normal -4.917032e-001  8.703609e-001  2.645610e-002
    outer loop
      vertex -9.000277e+001  1.539856e+002  7.083307e+000
      vertex -8.543965e+001  1.565635e+002  7.083307e+000
      vertex -9.006583e+001  1.540935e+002  2.361653e+000
    endloop
  endfacet
  facet normal -4.917046e-001  8.703600e-001  2.645792e-002
    outer loop
      vertex -9.006583e+001  1.540935e+002  2.361653e+000
      vertex -8.543965e+001  1.565635e+002  7.083307e+000
      vertex -8.549952e+001  1.566732e+002  2.361653e+000
    endloop
  endfacet
  facet normal -4.918768e-001  8.706648e-001  0.000000e+000
    outer loop
      vertex -9.006583e+001  1.540935e+002  2.361653e+000
      vertex -8.549952e+001  1.566732e+002  2.361653e+000
      vertex -9.006583e+001  1.540935e+002 -2.361653e+000
    endloop
  endfacet
  facet normal -4.918768e-001  8.706648e-001  0.000000e+000
    outer loop
      vertex -9.006583e+001  1.540935e+002 -2.361653e+000
      vertex -8.549952e+001  1.566732e+002  2.361653e+000
      vertex -8.549952e+001  1.566732e+002 -2.361653e+000
    endloop
  endfacet
  facet normal -4.917047e-001  8.703600e-001 -2.645608e-002
    outer loop
      vertex -9.006583e+001  1.540935e+002 -2.361653e+000
      vertex -8.549952e+001  1.566732e+002 -2.361653e+000
      vertex -9.000277e+001  1.539856e+002 -7.083306e+000
    endloop
  endfacet
  facet normal -4.917032e-001  8.703608e-001 -2.645795e-002
    outer loop
      vertex -9.000277e+001  1.539856e+002 -7.083306e+000
      vertex -8.549952e+001  1.566732e+002 -2.361653e+000
      vertex -8.543965e+001  1.565635e+002 -7.083306e+000
    endloop
  endfacet
  facet normal -4.911869e-001  8.694468e-001 -5.289337e-002
    outer loop
      vertex -9.000277e+001  1.539856e+002 -7.083306e+000
      vertex -8.543965e+001  1.565635e+002 -7.083306e+000
      vertex -8.987669e+001  1.537699e+002 -1.180000e+001
    endloop
  endfacet
  facet normal -4.911885e-001  8.694460e-001 -5.289139e-002
    outer loop
      vertex -8.987669e+001  1.537699e+002 -1.180000e+001
      vertex -8.543965e+001  1.565635e+002 -7.083306e+000
      vertex -8.531996e+001  1.563442e+002 -1.180000e+001
    endloop
  endfacet
  facet normal -5.165209e-001  8.546395e-001  5.289342e-002
    outer loop
      vertex -9.435581e+001  1.510629e+002  1.180000e+001
      vertex -8.987669e+001  1.537699e+002  1.180000e+001
      vertex -9.448818e+001  1.512748e+002  7.083307e+000
    endloop
  endfacet
  facet normal -5.165208e-001  8.546394e-001  5.289340e-002
    outer loop
      vertex -9.448818e+001  1.512748e+002  7.083307e+000
      vertex -8.987669e+001  1.537699e+002  1.180000e+001
      vertex -9.000277e+001  1.539856e+002  7.083307e+000
    endloop
  endfacet
  facet normal -5.170638e-001  8.555379e-001  2.645667e-002
    outer loop
      vertex -9.448818e+001  1.512748e+002  7.083307e+000
      vertex -9.000277e+001  1.539856e+002  7.083307e+000
      vertex -9.455438e+001  1.513808e+002  2.361653e+000
    endloop
  endfacet
  facet normal -5.170634e-001  8.555381e-001  2.645610e-002
    outer loop
      vertex -9.455438e+001  1.513808e+002  2.361653e+000
      vertex -9.000277e+001  1.539856e+002  7.083307e+000
      vertex -9.006583e+001  1.540935e+002  2.361653e+000
    endloop
  endfacet
  facet normal -5.172444e-001  8.558378e-001  0.000000e+000
    outer loop
      vertex -9.455438e+001  1.513808e+002  2.361653e+000
      vertex -9.006583e+001  1.540935e+002  2.361653e+000
      vertex -9.455438e+001  1.513808e+002 -2.361653e+000
    endloop
  endfacet
  facet normal -5.172444e-001  8.558378e-001  0.000000e+000
    outer loop
      vertex -9.455438e+001  1.513808e+002 -2.361653e+000
      vertex -9.006583e+001  1.540935e+002  2.361653e+000
      vertex -9.006583e+001  1.540935e+002 -2.361653e+000
    endloop
  endfacet
  facet normal -5.170634e-001  8.555382e-001 -2.645664e-002
    outer loop
      vertex -9.455438e+001  1.513808e+002 -2.361653e+000
      vertex -9.006583e+001  1.540935e+002 -2.361653e+000
      vertex -9.448818e+001  1.512748e+002 -7.083306e+000
    endloop
  endfacet
  facet normal -5.170638e-001  8.555379e-001 -2.645609e-002
    outer loop
      vertex -9.448818e+001  1.512748e+002 -7.083306e+000
      vertex -9.006583e+001  1.540935e+002 -2.361653e+000
      vertex -9.000277e+001  1.539856e+002 -7.083306e+000
    endloop
  endfacet
  facet normal -5.165208e-001  8.546394e-001 -5.289339e-002
    outer loop
      vertex -9.448818e+001  1.512748e+002 -7.083306e+000
      vertex -9.000277e+001  1.539856e+002 -7.083306e+000
      vertex -9.435581e+001  1.510629e+002 -1.180000e+001
    endloop
  endfacet
  facet normal -5.165208e-001  8.546395e-001 -5.289337e-002
    outer loop
      vertex -9.435581e+001  1.510629e+002 -1.180000e+001
      vertex -9.000277e+001  1.539856e+002 -7.083306e+000
      vertex -8.987669e+001  1.537699e+002 -1.180000e+001
    endloop
  endfacet
  facet normal -5.414076e-001  8.390947e-001  5.289527e-002
    outer loop
      vertex -9.875347e+001  1.482254e+002  1.180000e+001
      vertex -9.435581e+001  1.510629e+002  1.180000e+001
      vertex -9.889201e+001  1.484333e+002  7.083307e+000
    endloop
  endfacet
  facet normal -5.414063e-001  8.390957e-001  5.289345e-002
    outer loop
      vertex -9.889201e+001  1.484333e+002  7.083307e+000
      vertex -9.435581e+001  1.510629e+002  1.180000e+001
      vertex -9.448818e+001  1.512748e+002  7.083307e+000
    endloop
  endfacet
  facet normal -5.419754e-001  8.399778e-001  2.645569e-002
    outer loop
      vertex -9.889201e+001  1.484333e+002  7.083307e+000
      vertex -9.448818e+001  1.512748e+002  7.083307e+000
      vertex -9.896130e+001  1.485373e+002  2.361653e+000
    endloop
  endfacet
  facet normal -5.419761e-001  8.399773e-001  2.645661e-002
    outer loop
      vertex -9.896130e+001  1.485373e+002  2.361653e+000
      vertex -9.448818e+001  1.512748e+002  7.083307e+000
      vertex -9.455438e+001  1.513808e+002  2.361653e+000
    endloop
  endfacet
  facet normal -5.421659e-001  8.402715e-001  0.000000e+000
    outer loop
      vertex -9.896130e+001  1.485373e+002  2.361653e+000
      vertex -9.455438e+001  1.513808e+002  2.361653e+000
      vertex -9.896130e+001  1.485373e+002 -2.361653e+000
    endloop
  endfacet
  facet normal -5.421659e-001  8.402715e-001  0.000000e+000
    outer loop
      vertex -9.896130e+001  1.485373e+002 -2.361653e+000
      vertex -9.455438e+001  1.513808e+002  2.361653e+000
      vertex -9.455438e+001  1.513808e+002 -2.361653e+000
    endloop
  endfacet
  facet normal -5.419762e-001  8.399773e-001 -2.645569e-002
    outer loop
      vertex -9.896130e+001  1.485373e+002 -2.361653e+000
      vertex -9.455438e+001  1.513808e+002 -2.361653e+000
      vertex -9.889201e+001  1.484333e+002 -7.083306e+000
    endloop
  endfacet
  facet normal -5.419754e-001  8.399778e-001 -2.645662e-002
    outer loop
      vertex -9.889201e+001  1.484333e+002 -7.083306e+000
      vertex -9.455438e+001  1.513808e+002 -2.361653e+000
      vertex -9.448818e+001  1.512748e+002 -7.083306e+000
    endloop
  endfacet
  facet normal -5.414063e-001  8.390957e-001 -5.289525e-002
    outer loop
      vertex -9.889201e+001  1.484333e+002 -7.083306e+000
      vertex -9.448818e+001  1.512748e+002 -7.083306e+000
      vertex -9.875347e+001  1.482254e+002 -1.180000e+001
    endloop
  endfacet
  facet normal -5.414076e-001  8.390948e-001 -5.289342e-002
    outer loop
      vertex -9.875347e+001  1.482254e+002 -1.180000e+001
      vertex -9.448818e+001  1.512748e+002 -7.083306e+000
      vertex -9.435581e+001  1.510629e+002 -1.180000e+001
    endloop
  endfacet
  facet normal -5.658270e-001  8.228257e-001  5.289429e-002
    outer loop
      vertex -1.030659e+002  1.452599e+002  1.180000e+001
      vertex -9.875347e+001  1.482254e+002  1.180000e+001
      vertex -1.032104e+002  1.454637e+002  7.083307e+000
    endloop
  endfacet
  facet normal -5.658277e-001  8.228251e-001  5.289520e-002
    outer loop
      vertex -1.032104e+002  1.454637e+002  7.083307e+000
      vertex -9.875347e+001  1.482254e+002  1.180000e+001
      vertex -9.889201e+001  1.484333e+002  7.083307e+000
    endloop
  endfacet
  facet normal -5.664226e-001  8.236902e-001  2.645432e-002
    outer loop
      vertex -1.032104e+002  1.454637e+002  7.083307e+000
      vertex -9.889201e+001  1.484333e+002  7.083307e+000
      vertex -1.032828e+002  1.455656e+002  2.361653e+000
    endloop
  endfacet
  facet normal -5.664235e-001  8.236895e-001  2.645566e-002
    outer loop
      vertex -1.032828e+002  1.455656e+002  2.361653e+000
      vertex -9.889201e+001  1.484333e+002  7.083307e+000
      vertex -9.896130e+001  1.485373e+002  2.361653e+000
    endloop
  endfacet
  facet normal -5.666218e-001  8.239779e-001  0.000000e+000
    outer loop
      vertex -1.032828e+002  1.455656e+002  2.361653e+000
      vertex -9.896130e+001  1.485373e+002  2.361653e+000
      vertex -1.032828e+002  1.455656e+002 -2.361653e+000
    endloop
  endfacet
  facet normal -5.666218e-001  8.239779e-001  0.000000e+000
    outer loop
      vertex -1.032828e+002  1.455656e+002 -2.361653e+000
      vertex -9.896130e+001  1.485373e+002  2.361653e+000
      vertex -9.896130e+001  1.485373e+002 -2.361653e+000
    endloop
  endfacet
  facet normal -5.664236e-001  8.236896e-001 -2.645435e-002
    outer loop
      vertex -1.032828e+002  1.455656e+002 -2.361653e+000
      vertex -9.896130e+001  1.485373e+002 -2.361653e+000
      vertex -1.032104e+002  1.454637e+002 -7.083306e+000
    endloop
  endfacet
  facet normal -5.664226e-001  8.236902e-001 -2.645567e-002
    outer loop
      vertex -1.032104e+002  1.454637e+002 -7.083306e+000
      vertex -9.896130e+001  1.485373e+002 -2.361653e+000
      vertex -9.889201e+001  1.484333e+002 -7.083306e+000
    endloop
  endfacet
  facet normal -5.658277e-001  8.228251e-001 -5.289428e-002
    outer loop
      vertex -1.032104e+002  1.454637e+002 -7.083306e+000
      vertex -9.889201e+001  1.484333e+002 -7.083306e+000
      vertex -1.030659e+002  1.452599e+002 -1.180000e+001
    endloop
  endfacet
  facet normal -5.658270e-001  8.228256e-001 -5.289521e-002
    outer loop
      vertex -1.030659e+002  1.452599e+002 -1.180000e+001
      vertex -9.889201e+001  1.484333e+002 -7.083306e+000
      vertex -9.875347e+001  1.482254e+002 -1.180000e+001
    endloop
  endfacet
  facet normal -5.897588e-001  8.058455e-001  5.289252e-002
    outer loop
      vertex -1.072893e+002  1.421690e+002  1.180000e+001
      vertex -1.030659e+002  1.452599e+002  1.180000e+001
      vertex -1.074398e+002  1.423684e+002  7.083307e+000
    endloop
  endfacet
  facet normal -5.897601e-001  8.058445e-001  5.289429e-002
    outer loop
      vertex -1.074398e+002  1.423684e+002  7.083307e+000
      vertex -1.030659e+002  1.452599e+002  1.180000e+001
      vertex -1.032104e+002  1.454637e+002  7.083307e+000
    endloop
  endfacet
  facet normal -5.903800e-001  8.066916e-001  2.645692e-002
    outer loop
      vertex -1.074398e+002  1.423684e+002  7.083307e+000
      vertex -1.032104e+002  1.454637e+002  7.083307e+000
      vertex -1.075150e+002  1.424682e+002  2.361653e+000
    endloop
  endfacet
  facet normal -5.903783e-001  8.066931e-001  2.645440e-002
    outer loop
      vertex -1.075150e+002  1.424682e+002  2.361653e+000
      vertex -1.032104e+002  1.454637e+002  7.083307e+000
      vertex -1.032828e+002  1.455656e+002  2.361653e+000
    endloop
  endfacet
  facet normal -5.905849e-001  8.069755e-001  0.000000e+000
    outer loop
      vertex -1.075150e+002  1.424682e+002  2.361653e+000
      vertex -1.032828e+002  1.455656e+002  2.361653e+000
      vertex -1.075150e+002  1.424682e+002 -2.361653e+000
    endloop
  endfacet
  facet normal -5.905849e-001  8.069755e-001  0.000000e+000
    outer loop
      vertex -1.075150e+002  1.424682e+002 -2.361653e+000
      vertex -1.032828e+002  1.455656e+002  2.361653e+000
      vertex -1.032828e+002  1.455656e+002 -2.361653e+000
    endloop
  endfacet
  facet normal -5.903782e-001  8.066930e-001 -2.645694e-002
    outer loop
      vertex -1.075150e+002  1.424682e+002 -2.361653e+000
      vertex -1.032828e+002  1.455656e+002 -2.361653e+000
      vertex -1.074398e+002  1.423684e+002 -7.083306e+000
    endloop
  endfacet
  facet normal -5.903801e-001  8.066918e-001 -2.645442e-002
    outer loop
      vertex -1.074398e+002  1.423684e+002 -7.083306e+000
      vertex -1.032828e+002  1.455656e+002 -2.361653e+000
      vertex -1.032104e+002  1.454637e+002 -7.083306e+000
    endloop
  endfacet
  facet normal -5.897601e-001  8.058447e-001 -5.289252e-002
    outer loop
      vertex -1.074398e+002  1.423684e+002 -7.083306e+000
      vertex -1.032104e+002  1.454637e+002 -7.083306e+000
      vertex -1.072893e+002  1.421690e+002 -1.180000e+001
    endloop
  endfacet
  facet normal -5.897588e-001  8.058454e-001 -5.289429e-002
    outer loop
      vertex -1.072893e+002  1.421690e+002 -1.180000e+001
      vertex -1.032104e+002  1.454637e+002 -7.083306e+000
      vertex -1.030659e+002  1.452599e+002 -1.180000e+001
    endloop
  endfacet
  facet normal -6.131811e-001  7.881696e-001  5.289318e-002
    outer loop
      vertex -1.114200e+002  1.389554e+002  1.180000e+001
      vertex -1.072893e+002  1.421690e+002  1.180000e+001
      vertex -1.115763e+002  1.391503e+002  7.083307e+000
    endloop
  endfacet
  facet normal -6.131807e-001  7.881700e-001  5.289256e-002
    outer loop
      vertex -1.115763e+002  1.391503e+002  7.083307e+000
      vertex -1.072893e+002  1.421690e+002  1.180000e+001
      vertex -1.074398e+002  1.423684e+002  7.083307e+000
    endloop
  endfacet
  facet normal -6.138253e-001  7.889985e-001  2.645646e-002
    outer loop
      vertex -1.115763e+002  1.391503e+002  7.083307e+000
      vertex -1.074398e+002  1.423684e+002  7.083307e+000
      vertex -1.116545e+002  1.392478e+002  2.361653e+000
    endloop
  endfacet
  facet normal -6.138256e-001  7.889982e-001  2.645690e-002
    outer loop
      vertex -1.116545e+002  1.392478e+002  2.361653e+000
      vertex -1.074398e+002  1.423684e+002  7.083307e+000
      vertex -1.075150e+002  1.424682e+002  2.361653e+000
    endloop
  endfacet
  facet normal -6.140405e-001  7.892745e-001  0.000000e+000
    outer loop
      vertex -1.116545e+002  1.392478e+002  2.361653e+000
      vertex -1.075150e+002  1.424682e+002  2.361653e+000
      vertex -1.116545e+002  1.392478e+002 -2.361653e+000
    endloop
  endfacet
  facet normal -6.140405e-001  7.892745e-001  0.000000e+000
    outer loop
      vertex -1.116545e+002  1.392478e+002 -2.361653e+000
      vertex -1.075150e+002  1.424682e+002  2.361653e+000
      vertex -1.075150e+002  1.424682e+002 -2.361653e+000
    endloop
  endfacet
  facet normal -6.138256e-001  7.889982e-001 -2.645644e-002
    outer loop
      vertex -1.116545e+002  1.392478e+002 -2.361653e+000
      vertex -1.075150e+002  1.424682e+002 -2.361653e+000
      vertex -1.115763e+002  1.391503e+002 -7.083306e+000
    endloop
  endfacet
  facet normal -6.138252e-001  7.889985e-001 -2.645692e-002
    outer loop
      vertex -1.115763e+002  1.391503e+002 -7.083306e+000
      vertex -1.075150e+002  1.424682e+002 -2.361653e+000
      vertex -1.074398e+002  1.423684e+002 -7.083306e+000
    endloop
  endfacet
  facet normal -6.131806e-001  7.881699e-001 -5.289316e-002
    outer loop
      vertex -1.115763e+002  1.391503e+002 -7.083306e+000
      vertex -1.074398e+002  1.423684e+002 -7.083306e+000
      vertex -1.114200e+002  1.389554e+002 -1.180000e+001
    endloop
  endfacet
  facet normal -6.131811e-001  7.881697e-001 -5.289257e-002
    outer loop
      vertex -1.114200e+002  1.389554e+002 -1.180000e+001
      vertex -1.074398e+002  1.423684e+002 -7.083306e+000
      vertex -1.072893e+002  1.421690e+002 -1.180000e+001
    endloop
  endfacet
  facet normal -6.360732e-001  7.698136e-001  5.289456e-002
    outer loop
      vertex -1.154546e+002  1.356217e+002  1.180000e+001
      vertex -1.114200e+002  1.389554e+002  1.180000e+001
      vertex -1.156165e+002  1.358120e+002  7.083307e+000
    endloop
  endfacet
  facet normal -6.360723e-001  7.698144e-001  5.289320e-002
    outer loop
      vertex -1.156165e+002  1.358120e+002  7.083307e+000
      vertex -1.114200e+002  1.389554e+002  1.180000e+001
      vertex -1.115763e+002  1.391503e+002  7.083307e+000
    endloop
  endfacet
  facet normal -6.367410e-001  7.706237e-001  2.645461e-002
    outer loop
      vertex -1.156165e+002  1.358120e+002  7.083307e+000
      vertex -1.115763e+002  1.391503e+002  7.083307e+000
      vertex -1.156975e+002  1.359071e+002  2.361653e+000
    endloop
  endfacet
  facet normal -6.367422e-001  7.706226e-001  2.645641e-002
    outer loop
      vertex -1.156975e+002  1.359071e+002  2.361653e+000
      vertex -1.115763e+002  1.391503e+002  7.083307e+000
      vertex -1.116545e+002  1.392478e+002  2.361653e+000
    endloop
  endfacet
  facet normal -6.369652e-001  7.708925e-001  0.000000e+000
    outer loop
      vertex -1.156975e+002  1.359071e+002  2.361653e+000
      vertex -1.116545e+002  1.392478e+002  2.361653e+000
      vertex -1.156975e+002  1.359071e+002 -2.361653e+000
    endloop
  endfacet
  facet normal -6.369652e-001  7.708925e-001  0.000000e+000
    outer loop
      vertex -1.156975e+002  1.359071e+002 -2.361653e+000
      vertex -1.116545e+002  1.392478e+002  2.361653e+000
      vertex -1.116545e+002  1.392478e+002 -2.361653e+000
    endloop
  endfacet
  facet normal -6.367424e-001  7.706228e-001 -2.645461e-002
    outer loop
      vertex -1.156975e+002  1.359071e+002 -2.361653e+000
      vertex -1.116545e+002  1.392478e+002 -2.361653e+000
      vertex -1.156165e+002  1.358120e+002 -7.083306e+000
    endloop
  endfacet
  facet normal -6.367410e-001  7.706237e-001 -2.645642e-002
    outer loop
      vertex -1.156165e+002  1.358120e+002 -7.083306e+000
      vertex -1.116545e+002  1.392478e+002 -2.361653e+000
      vertex -1.115763e+002  1.391503e+002 -7.083306e+000
    endloop
  endfacet
  facet normal -6.360723e-001  7.698144e-001 -5.289454e-002
    outer loop
      vertex -1.156165e+002  1.358120e+002 -7.083306e+000
      vertex -1.115763e+002  1.391503e+002 -7.083306e+000
      vertex -1.154546e+002  1.356217e+002 -1.180000e+001
    endloop
  endfacet
  facet normal -6.360733e-001  7.698137e-001 -5.289317e-002
    outer loop
      vertex -1.154546e+002  1.356217e+002 -1.180000e+001
      vertex -1.115763e+002  1.391503e+002 -7.083306e+000
      vertex -1.114200e+002  1.389554e+002 -1.180000e+001
    endloop
  endfacet
  facet normal -6.584166e-001  7.507927e-001  5.289456e-002
    outer loop
      vertex -1.193894e+002  1.321710e+002  1.180000e+001
      vertex -1.154546e+002  1.356217e+002  1.180000e+001
      vertex -1.195569e+002  1.323564e+002  7.083307e+000
    endloop
  endfacet
  facet normal -6.584166e-001  7.507927e-001  5.289452e-002
    outer loop
      vertex -1.195569e+002  1.323564e+002  7.083307e+000
      vertex -1.154546e+002  1.356217e+002  1.180000e+001
      vertex -1.156165e+002  1.358120e+002  7.083307e+000
    endloop
  endfacet
  facet normal -6.591089e-001  7.515821e-001  2.645400e-002
    outer loop
      vertex -1.195569e+002  1.323564e+002  7.083307e+000
      vertex -1.156165e+002  1.358120e+002  7.083307e+000
      vertex -1.196407e+002  1.324491e+002  2.361653e+000
    endloop
  endfacet
  facet normal -6.591092e-001  7.515817e-001  2.645463e-002
    outer loop
      vertex -1.196407e+002  1.324491e+002  2.361653e+000
      vertex -1.156165e+002  1.358120e+002  7.083307e+000
      vertex -1.156975e+002  1.359071e+002  2.361653e+000
    endloop
  endfacet
  facet normal -6.593400e-001  7.518449e-001  0.000000e+000
    outer loop
      vertex -1.196407e+002  1.324491e+002  2.361653e+000
      vertex -1.156975e+002  1.359071e+002  2.361653e+000
      vertex -1.196407e+002  1.324491e+002 -2.361653e+000
    endloop
  endfacet
  facet normal -6.593400e-001  7.518449e-001  0.000000e+000
    outer loop
      vertex -1.196407e+002  1.324491e+002 -2.361653e+000
      vertex -1.156975e+002  1.359071e+002  2.361653e+000
      vertex -1.156975e+002  1.359071e+002 -2.361653e+000
    endloop
  endfacet
  facet normal -6.591092e-001  7.515817e-001 -2.645398e-002
    outer loop
      vertex -1.196407e+002  1.324491e+002 -2.361653e+000
      vertex -1.156975e+002  1.359071e+002 -2.361653e+000
      vertex -1.195569e+002  1.323564e+002 -7.083306e+000
    endloop
  endfacet
  facet normal -6.591089e-001  7.515821e-001 -2.645462e-002
    outer loop
      vertex -1.195569e+002  1.323564e+002 -7.083306e+000
      vertex -1.156975e+002  1.359071e+002 -2.361653e+000
      vertex -1.156165e+002  1.358120e+002 -7.083306e+000
    endloop
  endfacet
  facet normal -6.584166e-001  7.507928e-001 -5.289456e-002
    outer loop
      vertex -1.195569e+002  1.323564e+002 -7.083306e+000
      vertex -1.156165e+002  1.358120e+002 -7.083306e+000
      vertex -1.193894e+002  1.321710e+002 -1.180000e+001
    endloop
  endfacet
  facet normal -6.584166e-001  7.507927e-001 -5.289451e-002
    outer loop
      vertex -1.193894e+002  1.321710e+002 -1.180000e+001
      vertex -1.156165e+002  1.358120e+002 -7.083306e+000
      vertex -1.154546e+002  1.356217e+002 -1.180000e+001
    endloop
  endfacet
  facet normal -6.801918e-001  7.311233e-001  5.289436e-002
    outer loop
      vertex -1.232212e+002  1.286061e+002  1.180000e+001
      vertex -1.193894e+002  1.321710e+002  1.180000e+001
      vertex -1.233941e+002  1.287866e+002  7.083307e+000
    endloop
  endfacet
  facet normal -6.801918e-001  7.311233e-001  5.289452e-002
    outer loop
      vertex -1.233941e+002  1.287866e+002  7.083307e+000
      vertex -1.193894e+002  1.321710e+002  1.180000e+001
      vertex -1.195569e+002  1.323564e+002  7.083307e+000
    endloop
  endfacet
  facet normal -6.809070e-001  7.318919e-001  2.645685e-002
    outer loop
      vertex -1.233941e+002  1.287866e+002  7.083307e+000
      vertex -1.195569e+002  1.323564e+002  7.083307e+000
      vertex -1.234805e+002  1.288768e+002  2.361653e+000
    endloop
  endfacet
  facet normal -6.809051e-001  7.318937e-001  2.645402e-002
    outer loop
      vertex -1.234805e+002  1.288768e+002  2.361653e+000
      vertex -1.195569e+002  1.323564e+002  7.083307e+000
      vertex -1.196407e+002  1.324491e+002  2.361653e+000
    endloop
  endfacet
  facet normal -6.811435e-001  7.321499e-001  0.000000e+000
    outer loop
      vertex -1.234805e+002  1.288768e+002  2.361653e+000
      vertex -1.196407e+002  1.324491e+002  2.361653e+000
      vertex -1.234805e+002  1.288768e+002 -2.361653e+000
    endloop
  endfacet
  facet normal -6.811435e-001  7.321499e-001  0.000000e+000
    outer loop
      vertex -1.234805e+002  1.288768e+002 -2.361653e+000
      vertex -1.196407e+002  1.324491e+002  2.361653e+000
      vertex -1.196407e+002  1.324491e+002 -2.361653e+000
    endloop
  endfacet
  facet normal -6.809051e-001  7.318937e-001 -2.645687e-002
    outer loop
      vertex -1.234805e+002  1.288768e+002 -2.361653e+000
      vertex -1.196407e+002  1.324491e+002 -2.361653e+000
      vertex -1.233941e+002  1.287866e+002 -7.083306e+000
    endloop
  endfacet
  facet normal -6.809071e-001  7.318920e-001 -2.645404e-002
    outer loop
      vertex -1.233941e+002  1.287866e+002 -7.083306e+000
      vertex -1.196407e+002  1.324491e+002 -2.361653e+000
      vertex -1.195569e+002  1.323564e+002 -7.083306e+000
    endloop
  endfacet
  facet normal -6.801919e-001  7.311233e-001 -5.289437e-002
    outer loop
      vertex -1.233941e+002  1.287866e+002 -7.083306e+000
      vertex -1.195569e+002  1.323564e+002 -7.083306e+000
      vertex -1.232212e+002  1.286061e+002 -1.180000e+001
    endloop
  endfacet
  facet normal -6.801918e-001  7.311233e-001 -5.289454e-002
    outer loop
      vertex -1.232212e+002  1.286061e+002 -1.180000e+001
      vertex -1.195569e+002  1.323564e+002 -7.083306e+000
      vertex -1.193894e+002  1.321710e+002 -1.180000e+001
    endloop
  endfacet
  facet normal -7.013788e-001  7.108235e-001  5.289423e-002
    outer loop
      vertex -1.269466e+002  1.249302e+002  1.180000e+001
      vertex -1.232212e+002  1.286061e+002  1.180000e+001
      vertex -1.271247e+002  1.251055e+002  7.083307e+000
    endloop
  endfacet
  facet normal -7.013788e-001  7.108234e-001  5.289437e-002
    outer loop
      vertex -1.271247e+002  1.251055e+002  7.083307e+000
      vertex -1.232212e+002  1.286061e+002  1.180000e+001
      vertex -1.233941e+002  1.287866e+002  7.083307e+000
    endloop
  endfacet
  facet normal -7.021163e-001  7.115707e-001  2.645510e-002
    outer loop
      vertex -1.271247e+002  1.251055e+002  7.083307e+000
      vertex -1.233941e+002  1.287866e+002  7.083307e+000
      vertex -1.272138e+002  1.251932e+002  2.361653e+000
    endloop
  endfacet
  facet normal -7.021173e-001  7.115696e-001  2.645685e-002
    outer loop
      vertex -1.272138e+002  1.251932e+002  2.361653e+000
      vertex -1.233941e+002  1.287866e+002  7.083307e+000
      vertex -1.234805e+002  1.288768e+002  2.361653e+000
    endloop
  endfacet
  facet normal -7.023632e-001  7.118188e-001  0.000000e+000
    outer loop
      vertex -1.272138e+002  1.251932e+002  2.361653e+000
      vertex -1.234805e+002  1.288768e+002  2.361653e+000
      vertex -1.272138e+002  1.251932e+002 -2.361653e+000
    endloop
  endfacet
  facet normal -7.023632e-001  7.118188e-001  0.000000e+000
    outer loop
      vertex -1.272138e+002  1.251932e+002 -2.361653e+000
      vertex -1.234805e+002  1.288768e+002  2.361653e+000
      vertex -1.234805e+002  1.288768e+002 -2.361653e+000
    endloop
  endfacet
  facet normal -7.021173e-001  7.115696e-001 -2.645512e-002
    outer loop
      vertex -1.272138e+002  1.251932e+002 -2.361653e+000
      vertex -1.234805e+002  1.288768e+002 -2.361653e+000
      vertex -1.271247e+002  1.251055e+002 -7.083306e+000
    endloop
  endfacet
  facet normal -7.021161e-001  7.115707e-001 -2.645687e-002
    outer loop
      vertex -1.271247e+002  1.251055e+002 -7.083306e+000
      vertex -1.234805e+002  1.288768e+002 -2.361653e+000
      vertex -1.233941e+002  1.287866e+002 -7.083306e+000
    endloop
  endfacet
  facet normal -7.013788e-001  7.108234e-001 -5.289425e-002
    outer loop
      vertex -1.271247e+002  1.251055e+002 -7.083306e+000
      vertex -1.233941e+002  1.287866e+002 -7.083306e+000
      vertex -1.269466e+002  1.249302e+002 -1.180000e+001
    endloop
  endfacet
  facet normal -7.013788e-001  7.108235e-001 -5.289435e-002
    outer loop
      vertex -1.269466e+002  1.249302e+002 -1.180000e+001
      vertex -1.233941e+002  1.287866e+002 -7.083306e+000
      vertex -1.232212e+002  1.286061e+002 -1.180000e+001
    endloop
  endfacet
  facet normal -7.219611e-001  6.899089e-001  5.289530e-002
    outer loop
      vertex -1.305624e+002  1.211465e+002  1.180000e+001
      vertex -1.269466e+002  1.249302e+002  1.180000e+001
      vertex -1.307456e+002  1.213164e+002  7.083307e+000
    endloop
  endfacet
  facet normal -7.219605e-001  6.899096e-001  5.289420e-002
    outer loop
      vertex -1.307456e+002  1.213164e+002  7.083307e+000
      vertex -1.269466e+002  1.249302e+002  1.180000e+001
      vertex -1.271247e+002  1.251055e+002  7.083307e+000
    endloop
  endfacet
  facet normal -7.227195e-001  6.906350e-001  2.645330e-002
    outer loop
      vertex -1.307456e+002  1.213164e+002  7.083307e+000
      vertex -1.271247e+002  1.251055e+002  7.083307e+000
      vertex -1.308372e+002  1.214014e+002  2.361653e+000
    endloop
  endfacet
  facet normal -7.227206e-001  6.906337e-001  2.645510e-002
    outer loop
      vertex -1.308372e+002  1.214014e+002  2.361653e+000
      vertex -1.271247e+002  1.251055e+002  7.083307e+000
      vertex -1.272138e+002  1.251932e+002  2.361653e+000
    endloop
  endfacet
  facet normal -7.229737e-001  6.908756e-001  0.000000e+000
    outer loop
      vertex -1.308372e+002  1.214014e+002  2.361653e+000
      vertex -1.272138e+002  1.251932e+002  2.361653e+000
      vertex -1.308372e+002  1.214014e+002 -2.361653e+000
    endloop
  endfacet
  facet normal -7.229737e-001  6.908756e-001  0.000000e+000
    outer loop
      vertex -1.308372e+002  1.214014e+002 -2.361653e+000
      vertex -1.272138e+002  1.251932e+002  2.361653e+000
      vertex -1.272138e+002  1.251932e+002 -2.361653e+000
    endloop
  endfacet
  facet normal -7.227207e-001  6.906338e-001 -2.645330e-002
    outer loop
      vertex -1.308372e+002  1.214014e+002 -2.361653e+000
      vertex -1.272138e+002  1.251932e+002 -2.361653e+000
      vertex -1.307456e+002  1.213164e+002 -7.083306e+000
    endloop
  endfacet
  facet normal -7.227195e-001  6.906349e-001 -2.645515e-002
    outer loop
      vertex -1.307456e+002  1.213164e+002 -7.083306e+000
      vertex -1.272138e+002  1.251932e+002 -2.361653e+000
      vertex -1.271247e+002  1.251055e+002 -7.083306e+000
    endloop
  endfacet
  facet normal -7.219604e-001  6.899096e-001 -5.289527e-002
    outer loop
      vertex -1.307456e+002  1.213164e+002 -7.083306e+000
      vertex -1.271247e+002  1.251055e+002 -7.083306e+000
      vertex -1.305624e+002  1.211465e+002 -1.180000e+001
    endloop
  endfacet
  facet normal -7.219611e-001  6.899089e-001 -5.289421e-002
    outer loop
      vertex -1.305624e+002  1.211465e+002 -1.180000e+001
      vertex -1.271247e+002  1.251055e+002 -7.083306e+000
      vertex -1.269466e+002  1.249302e+002 -1.180000e+001
    endloop
  endfacet
  facet normal -7.419194e-001  6.683995e-001  5.289274e-002
    outer loop
      vertex -1.340654e+002  1.172581e+002  1.180000e+001
      vertex -1.305624e+002  1.211465e+002  1.180000e+001
      vertex -1.342535e+002  1.174226e+002  7.083307e+000
    endloop
  endfacet
  facet normal -7.419209e-001  6.683977e-001  5.289530e-002
    outer loop
      vertex -1.342535e+002  1.174226e+002  7.083307e+000
      vertex -1.305624e+002  1.211465e+002  1.180000e+001
      vertex -1.307456e+002  1.213164e+002  7.083307e+000
    endloop
  endfacet
  facet normal -7.427011e-001  6.691005e-001  2.645612e-002
    outer loop
      vertex -1.342535e+002  1.174226e+002  7.083307e+000
      vertex -1.307456e+002  1.213164e+002  7.083307e+000
      vertex -1.343476e+002  1.175049e+002  2.361653e+000
    endloop
  endfacet
  facet normal -7.426993e-001  6.691023e-001  2.645327e-002
    outer loop
      vertex -1.343476e+002  1.175049e+002  2.361653e+000
      vertex -1.307456e+002  1.213164e+002  7.083307e+000
      vertex -1.308372e+002  1.214014e+002  2.361653e+000
    endloop
  endfacet
  facet normal -7.429593e-001  6.693366e-001  0.000000e+000
    outer loop
      vertex -1.343476e+002  1.175049e+002  2.361653e+000
      vertex -1.308372e+002  1.214014e+002  2.361653e+000
      vertex -1.343476e+002  1.175049e+002 -2.361653e+000
    endloop
  endfacet
  facet normal -7.429593e-001  6.693366e-001  0.000000e+000
    outer loop
      vertex -1.343476e+002  1.175049e+002 -2.361653e+000
      vertex -1.308372e+002  1.214014e+002  2.361653e+000
      vertex -1.308372e+002  1.214014e+002 -2.361653e+000
    endloop
  endfacet
  facet normal -7.426993e-001  6.691023e-001 -2.645616e-002
    outer loop
      vertex -1.343476e+002  1.175049e+002 -2.361653e+000
      vertex -1.308372e+002  1.214014e+002 -2.361653e+000
      vertex -1.342535e+002  1.174226e+002 -7.083306e+000
    endloop
  endfacet
  facet normal -7.427010e-001  6.691004e-001 -2.645327e-002
    outer loop
      vertex -1.342535e+002  1.174226e+002 -7.083306e+000
      vertex -1.308372e+002  1.214014e+002 -2.361653e+000
      vertex -1.307456e+002  1.213164e+002 -7.083306e+000
    endloop
  endfacet
  facet normal -7.419211e-001  6.683978e-001 -5.289272e-002
    outer loop
      vertex -1.342535e+002  1.174226e+002 -7.083306e+000
      vertex -1.307456e+002  1.213164e+002 -7.083306e+000
      vertex -1.340654e+002  1.172581e+002 -1.180000e+001
    endloop
  endfacet
  facet normal -7.419193e-001  6.683994e-001 -5.289528e-002
    outer loop
      vertex -1.340654e+002  1.172581e+002 -1.180000e+001
      vertex -1.307456e+002  1.213164e+002 -7.083306e+000
      vertex -1.305624e+002  1.211465e+002 -1.180000e+001
    endloop
  endfacet
  facet normal -7.612370e-001  6.463133e-001  5.289121e-002
    outer loop
      vertex -1.374527e+002  1.132685e+002  1.180000e+001
      vertex -1.340654e+002  1.172581e+002  1.180000e+001
      vertex -1.376456e+002  1.134274e+002  7.083307e+000
    endloop
  endfacet
  facet normal -7.612378e-001  6.463122e-001  5.289271e-002
    outer loop
      vertex -1.376456e+002  1.134274e+002  7.083307e+000
      vertex -1.340654e+002  1.172581e+002  1.180000e+001
      vertex -1.342535e+002  1.174226e+002  7.083307e+000
    endloop
  endfacet
  facet normal -7.620379e-001  6.469916e-001  2.645665e-002
    outer loop
      vertex -1.376456e+002  1.134274e+002  7.083307e+000
      vertex -1.342535e+002  1.174226e+002  7.083307e+000
      vertex -1.377420e+002  1.135069e+002  2.361653e+000
    endloop
  endfacet
  facet normal -7.620378e-001  6.469920e-001  2.645613e-002
    outer loop
      vertex -1.377420e+002  1.135069e+002  2.361653e+000
      vertex -1.342535e+002  1.174226e+002  7.083307e+000
      vertex -1.343476e+002  1.175049e+002  2.361653e+000
    endloop
  endfacet
  facet normal -7.623046e-001  6.472185e-001  0.000000e+000
    outer loop
      vertex -1.377420e+002  1.135069e+002  2.361653e+000
      vertex -1.343476e+002  1.175049e+002  2.361653e+000
      vertex -1.377420e+002  1.135069e+002 -2.361653e+000
    endloop
  endfacet
  facet normal -7.623046e-001  6.472185e-001  0.000000e+000
    outer loop
      vertex -1.377420e+002  1.135069e+002 -2.361653e+000
      vertex -1.343476e+002  1.175049e+002  2.361653e+000
      vertex -1.343476e+002  1.175049e+002 -2.361653e+000
    endloop
  endfacet
  facet normal -7.620378e-001  6.469919e-001 -2.645663e-002
    outer loop
      vertex -1.377420e+002  1.135069e+002 -2.361653e+000
      vertex -1.343476e+002  1.175049e+002 -2.361653e+000
      vertex -1.376456e+002  1.134274e+002 -7.083306e+000
    endloop
  endfacet
  facet normal -7.620381e-001  6.469917e-001 -2.645615e-002
    outer loop
      vertex -1.376456e+002  1.134274e+002 -7.083306e+000
      vertex -1.343476e+002  1.175049e+002 -2.361653e+000
      vertex -1.342535e+002  1.174226e+002 -7.083306e+000
    endloop
  endfacet
  facet normal -7.612379e-001  6.463122e-001 -5.289120e-002
    outer loop
      vertex -1.376456e+002  1.134274e+002 -7.083306e+000
      vertex -1.342535e+002  1.174226e+002 -7.083306e+000
      vertex -1.374527e+002  1.132685e+002 -1.180000e+001
    endloop
  endfacet
  facet normal -7.612368e-001  6.463132e-001 -5.289266e-002
    outer loop
      vertex -1.374527e+002  1.132685e+002 -1.180000e+001
      vertex -1.342535e+002  1.174226e+002 -7.083306e+000
      vertex -1.340654e+002  1.172581e+002 -1.180000e+001
    endloop
  endfacet
  facet normal -7.798992e-001  6.236661e-001  5.289445e-002
    outer loop
      vertex -1.407213e+002  1.091811e+002  1.180000e+001
      vertex -1.374527e+002  1.132685e+002  1.180000e+001
      vertex -1.409188e+002  1.093343e+002  7.083307e+000
    endloop
  endfacet
  facet normal -7.798975e-001  6.236686e-001  5.289116e-002
    outer loop
      vertex -1.409188e+002  1.093343e+002  7.083307e+000
      vertex -1.374527e+002  1.132685e+002  1.180000e+001
      vertex -1.376456e+002  1.134274e+002  7.083307e+000
    endloop
  endfacet
  facet normal -7.807173e-001  6.243241e-001  2.645683e-002
    outer loop
      vertex -1.409188e+002  1.093343e+002  7.083307e+000
      vertex -1.376456e+002  1.134274e+002  7.083307e+000
      vertex -1.410175e+002  1.094109e+002  2.361653e+000
    endloop
  endfacet
  facet normal -7.807172e-001  6.243243e-001  2.645668e-002
    outer loop
      vertex -1.410175e+002  1.094109e+002  2.361653e+000
      vertex -1.376456e+002  1.134274e+002  7.083307e+000
      vertex -1.377420e+002  1.135069e+002  2.361653e+000
    endloop
  endfacet
  facet normal -7.809906e-001  6.245429e-001  0.000000e+000
    outer loop
      vertex -1.410175e+002  1.094109e+002  2.361653e+000
      vertex -1.377420e+002  1.135069e+002  2.361653e+000
      vertex -1.410175e+002  1.094109e+002 -2.361653e+000
    endloop
  endfacet
  facet normal -7.809906e-001  6.245429e-001  0.000000e+000
    outer loop
      vertex -1.410175e+002  1.094109e+002 -2.361653e+000
      vertex -1.377420e+002  1.135069e+002  2.361653e+000
      vertex -1.377420e+002  1.135069e+002 -2.361653e+000
    endloop
  endfacet
  facet normal -7.807172e-001  6.243242e-001 -2.645680e-002
    outer loop
      vertex -1.410175e+002  1.094109e+002 -2.361653e+000
      vertex -1.377420e+002  1.135069e+002 -2.361653e+000
      vertex -1.409188e+002  1.093343e+002 -7.083306e+000
    endloop
  endfacet
  facet normal -7.807173e-001  6.243241e-001 -2.645668e-002
    outer loop
      vertex -1.409188e+002  1.093343e+002 -7.083306e+000
      vertex -1.377420e+002  1.135069e+002 -2.361653e+000
      vertex -1.376456e+002  1.134274e+002 -7.083306e+000
    endloop
  endfacet
  facet normal -7.798974e-001  6.236685e-001 -5.289446e-002
    outer loop
      vertex -1.409188e+002  1.093343e+002 -7.083306e+000
      vertex -1.376456e+002  1.134274e+002 -7.083306e+000
      vertex -1.407213e+002  1.091811e+002 -1.180000e+001
    endloop
  endfacet
  facet normal -7.798994e-001  6.236662e-001 -5.289114e-002
    outer loop
      vertex -1.407213e+002  1.091811e+002 -1.180000e+001
      vertex -1.376456e+002  1.134274e+002 -7.083306e+000
      vertex -1.374527e+002  1.132685e+002 -1.180000e+001
    endloop
  endfacet
  facet normal -7.978852e-001  6.004844e-001  5.289358e-002
    outer loop
      vertex -1.438685e+002  1.049994e+002  1.180000e+001
      vertex -1.407213e+002  1.091811e+002  1.180000e+001
      vertex -1.440703e+002  1.051467e+002  7.083307e+000
    endloop
  endfacet
  facet normal -7.978857e-001  6.004836e-001  5.289455e-002
    outer loop
      vertex -1.440703e+002  1.051467e+002  7.083307e+000
      vertex -1.407213e+002  1.091811e+002  1.180000e+001
      vertex -1.409188e+002  1.093343e+002  7.083307e+000
    endloop
  endfacet
  facet normal -7.987246e-001  6.011149e-001  2.645455e-002
    outer loop
      vertex -1.440703e+002  1.051467e+002  7.083307e+000
      vertex -1.409188e+002  1.093343e+002  7.083307e+000
      vertex -1.441712e+002  1.052204e+002  2.361653e+000
    endloop
  endfacet
  facet normal -7.987258e-001  6.011133e-001  2.645680e-002
    outer loop
      vertex -1.441712e+002  1.052204e+002  2.361653e+000
      vertex -1.409188e+002  1.093343e+002  7.083307e+000
      vertex -1.410175e+002  1.094109e+002  2.361653e+000
    endloop
  endfacet
  facet normal -7.990055e-001  6.013238e-001  0.000000e+000
    outer loop
      vertex -1.441712e+002  1.052204e+002  2.361653e+000
      vertex -1.410175e+002  1.094109e+002  2.361653e+000
      vertex -1.441712e+002  1.052204e+002 -2.361653e+000
    endloop
  endfacet
  facet normal -7.990055e-001  6.013238e-001  0.000000e+000
    outer loop
      vertex -1.441712e+002  1.052204e+002 -2.361653e+000
      vertex -1.410175e+002  1.094109e+002  2.361653e+000
      vertex -1.410175e+002  1.094109e+002 -2.361653e+000
    endloop
  endfacet
  facet normal -7.987258e-001  6.011133e-001 -2.645453e-002
    outer loop
      vertex -1.441712e+002  1.052204e+002 -2.361653e+000
      vertex -1.410175e+002  1.094109e+002 -2.361653e+000
      vertex -1.440703e+002  1.051467e+002 -7.083306e+000
    endloop
  endfacet
  facet normal -7.987245e-001  6.011149e-001 -2.645679e-002
    outer loop
      vertex -1.440703e+002  1.051467e+002 -7.083306e+000
      vertex -1.410175e+002  1.094109e+002 -2.361653e+000
      vertex -1.409188e+002  1.093343e+002 -7.083306e+000
    endloop
  endfacet
  facet normal -7.978858e-001  6.004837e-001 -5.289355e-002
    outer loop
      vertex -1.440703e+002  1.051467e+002 -7.083306e+000
      vertex -1.409188e+002  1.093343e+002 -7.083306e+000
      vertex -1.438685e+002  1.049994e+002 -1.180000e+001
    endloop
  endfacet
  facet normal -7.978852e-001  6.004843e-001 -5.289453e-002
    outer loop
      vertex -1.438685e+002  1.049994e+002 -1.180000e+001
      vertex -1.409188e+002  1.093343e+002 -7.083306e+000
      vertex -1.407213e+002  1.091811e+002 -1.180000e+001
    endloop
  endfacet
  facet normal -8.151838e-001  5.767823e-001  5.289343e-002
    outer loop
      vertex -1.468913e+002  1.007271e+002  1.180000e+001
      vertex -1.438685e+002  1.049994e+002  1.180000e+001
      vertex -1.470974e+002  1.008684e+002  7.083307e+000
    endloop
  endfacet
  facet normal -8.151838e-001  5.767821e-001  5.289361e-002
    outer loop
      vertex -1.470974e+002  1.008684e+002  7.083307e+000
      vertex -1.438685e+002  1.049994e+002  1.180000e+001
      vertex -1.440703e+002  1.051467e+002  7.083307e+000
    endloop
  endfacet
  facet normal -8.160409e-001  5.773886e-001  2.645441e-002
    outer loop
      vertex -1.470974e+002  1.008684e+002  7.083307e+000
      vertex -1.440703e+002  1.051467e+002  7.083307e+000
      vertex -1.472005e+002  1.009391e+002  2.361653e+000
    endloop
  endfacet
  facet normal -8.160409e-001  5.773884e-001  2.645448e-002
    outer loop
      vertex -1.472005e+002  1.009391e+002  2.361653e+000
      vertex -1.440703e+002  1.051467e+002  7.083307e+000
      vertex -1.441712e+002  1.052204e+002  2.361653e+000
    endloop
  endfacet
  facet normal -8.163266e-001  5.775906e-001  0.000000e+000
    outer loop
      vertex -1.472005e+002  1.009391e+002  2.361653e+000
      vertex -1.441712e+002  1.052204e+002  2.361653e+000
      vertex -1.472005e+002  1.009391e+002 -2.361653e+000
    endloop
  endfacet
  facet normal -8.163266e-001  5.775906e-001  0.000000e+000
    outer loop
      vertex -1.472005e+002  1.009391e+002 -2.361653e+000
      vertex -1.441712e+002  1.052204e+002  2.361653e+000
      vertex -1.441712e+002  1.052204e+002 -2.361653e+000
    endloop
  endfacet
  facet normal -8.160409e-001  5.773885e-001 -2.645441e-002
    outer loop
      vertex -1.472005e+002  1.009391e+002 -2.361653e+000
      vertex -1.441712e+002  1.052204e+002 -2.361653e+000
      vertex -1.470974e+002  1.008684e+002 -7.083306e+000
    endloop
  endfacet
  facet normal -8.160409e-001  5.773886e-001 -2.645449e-002
    outer loop
      vertex -1.470974e+002  1.008684e+002 -7.083306e+000
      vertex -1.441712e+002  1.052204e+002 -2.361653e+000
      vertex -1.440703e+002  1.051467e+002 -7.083306e+000
    endloop
  endfacet
  facet normal -8.151839e-001  5.767822e-001 -5.289346e-002
    outer loop
      vertex -1.470974e+002  1.008684e+002 -7.083306e+000
      vertex -1.440703e+002  1.051467e+002 -7.083306e+000
      vertex -1.468913e+002  1.007271e+002 -1.180000e+001
    endloop
  endfacet
  facet normal -8.151837e-001  5.767823e-001 -5.289358e-002
    outer loop
      vertex -1.468913e+002  1.007271e+002 -1.180000e+001
      vertex -1.440703e+002  1.051467e+002 -7.083306e+000
      vertex -1.438685e+002  1.049994e+002 -1.180000e+001
    endloop
  endfacet
  facet normal -8.317785e-001  5.525819e-001  5.289328e-002
    outer loop
      vertex -1.497874e+002  9.636777e+001  1.180000e+001
      vertex -1.468913e+002  1.007271e+002  1.180000e+001
      vertex -1.499975e+002  9.650295e+001  7.083307e+000
    endloop
  endfacet
  facet normal -8.317786e-001  5.525818e-001  5.289349e-002
    outer loop
      vertex -1.499975e+002  9.650295e+001  7.083307e+000
      vertex -1.468913e+002  1.007271e+002  1.180000e+001
      vertex -1.470974e+002  1.008684e+002  7.083307e+000
    endloop
  endfacet
  facet normal -8.326531e-001  5.531628e-001  2.645382e-002
    outer loop
      vertex -1.499975e+002  9.650295e+001  7.083307e+000
      vertex -1.470974e+002  1.008684e+002  7.083307e+000
      vertex -1.501026e+002  9.657057e+001  2.361653e+000
    endloop
  endfacet
  facet normal -8.326533e-001  5.531623e-001  2.645432e-002
    outer loop
      vertex -1.501026e+002  9.657057e+001  2.361653e+000
      vertex -1.470974e+002  1.008684e+002  7.083307e+000
      vertex -1.472005e+002  1.009391e+002  2.361653e+000
    endloop
  endfacet
  facet normal -8.329448e-001  5.533560e-001  0.000000e+000
    outer loop
      vertex -1.501026e+002  9.657057e+001  2.361653e+000
      vertex -1.472005e+002  1.009391e+002  2.361653e+000
      vertex -1.501026e+002  9.657057e+001 -2.361653e+000
    endloop
  endfacet
  facet normal -8.329448e-001  5.533560e-001  0.000000e+000
    outer loop
      vertex -1.501026e+002  9.657057e+001 -2.361653e+000
      vertex -1.472005e+002  1.009391e+002  2.361653e+000
      vertex -1.472005e+002  1.009391e+002 -2.361653e+000
    endloop
  endfacet
  facet normal -8.326534e-001  5.531623e-001 -2.645383e-002
    outer loop
      vertex -1.501026e+002  9.657057e+001 -2.361653e+000
      vertex -1.472005e+002  1.009391e+002 -2.361653e+000
      vertex -1.499975e+002  9.650295e+001 -7.083306e+000
    endloop
  endfacet
  facet normal -8.326531e-001  5.531628e-001 -2.645433e-002
    outer loop
      vertex -1.499975e+002  9.650295e+001 -7.083306e+000
      vertex -1.472005e+002  1.009391e+002 -2.361653e+000
      vertex -1.470974e+002  1.008684e+002 -7.083306e+000
    endloop
  endfacet
  facet normal -8.317786e-001  5.525818e-001 -5.289328e-002
    outer loop
      vertex -1.499975e+002  9.650295e+001 -7.083306e+000
      vertex -1.470974e+002  1.008684e+002 -7.083306e+000
      vertex -1.497874e+002  9.636777e+001 -1.180000e+001
    endloop
  endfacet
  facet normal -8.317785e-001  5.525819e-001 -5.289347e-002
    outer loop
      vertex -1.497874e+002  9.636777e+001 -1.180000e+001
      vertex -1.470974e+002  1.008684e+002 -7.083306e+000
      vertex -1.468913e+002  1.007271e+002 -1.180000e+001
    endloop
  endfacet
  facet normal -8.476550e-001  5.279047e-001  5.289222e-002
    outer loop
      vertex -1.525541e+002  9.192525e+001  1.180000e+001
      vertex -1.497874e+002  9.636777e+001  1.180000e+001
      vertex -1.527681e+002  9.205420e+001  7.083307e+000
    endloop
  endfacet
  facet normal -8.476555e-001  5.279038e-001  5.289335e-002
    outer loop
      vertex -1.527681e+002  9.205420e+001  7.083307e+000
      vertex -1.497874e+002  9.636777e+001  1.180000e+001
      vertex -1.499975e+002  9.650295e+001  7.083307e+000
    endloop
  endfacet
  facet normal -8.485466e-001  5.284588e-001  2.645635e-002
    outer loop
      vertex -1.527681e+002  9.205420e+001  7.083307e+000
      vertex -1.499975e+002  9.650295e+001  7.083307e+000
      vertex -1.528752e+002  9.211871e+001  2.361653e+000
    endloop
  endfacet
  facet normal -8.485454e-001  5.284608e-001  2.645376e-002
    outer loop
      vertex -1.528752e+002  9.211871e+001  2.361653e+000
      vertex -1.499975e+002  9.650295e+001  7.083307e+000
      vertex -1.501026e+002  9.657057e+001  2.361653e+000
    endloop
  endfacet
  facet normal -8.488424e-001  5.286458e-001  0.000000e+000
    outer loop
      vertex -1.528752e+002  9.211871e+001  2.361653e+000
      vertex -1.501026e+002  9.657057e+001  2.361653e+000
      vertex -1.528752e+002  9.211871e+001 -2.361653e+000
    endloop
  endfacet
  facet normal -8.488424e-001  5.286458e-001  0.000000e+000
    outer loop
      vertex -1.528752e+002  9.211871e+001 -2.361653e+000
      vertex -1.501026e+002  9.657057e+001  2.361653e+000
      vertex -1.501026e+002  9.657057e+001 -2.361653e+000
    endloop
  endfacet
  facet normal -8.485454e-001  5.284608e-001 -2.645638e-002
    outer loop
      vertex -1.528752e+002  9.211871e+001 -2.361653e+000
      vertex -1.501026e+002  9.657057e+001 -2.361653e+000
      vertex -1.527681e+002  9.205420e+001 -7.083306e+000
    endloop
  endfacet
  facet normal -8.485467e-001  5.284588e-001 -2.645378e-002
    outer loop
      vertex -1.527681e+002  9.205420e+001 -7.083306e+000
      vertex -1.501026e+002  9.657057e+001 -2.361653e+000
      vertex -1.499975e+002  9.650295e+001 -7.083306e+000
    endloop
  endfacet
  facet normal -8.476555e-001  5.279039e-001 -5.289219e-002
    outer loop
      vertex -1.527681e+002  9.205420e+001 -7.083306e+000
      vertex -1.499975e+002  9.650295e+001 -7.083306e+000
      vertex -1.525541e+002  9.192525e+001 -1.180000e+001
    endloop
  endfacet
  facet normal -8.476550e-001  5.279047e-001 -5.289334e-002
    outer loop
      vertex -1.525541e+002  9.192525e+001 -1.180000e+001
      vertex -1.499975e+002  9.650295e+001 -7.083306e+000
      vertex -1.497874e+002  9.636777e+001 -1.180000e+001
    endloop
  endfacet
  facet normal -8.628000e-001  5.027707e-001  5.289468e-002
    outer loop
      vertex -1.551891e+002  8.740336e+001  1.180000e+001
      vertex -1.525541e+002  9.192525e+001  1.180000e+001
      vertex -1.554068e+002  8.752597e+001  7.083307e+000
    endloop
  endfacet
  facet normal -8.627989e-001  5.027726e-001  5.289222e-002
    outer loop
      vertex -1.554068e+002  8.752597e+001  7.083307e+000
      vertex -1.525541e+002  9.192525e+001  1.180000e+001
      vertex -1.527681e+002  9.205420e+001  7.083307e+000
    endloop
  endfacet
  facet normal -8.637059e-001  5.033012e-001  2.645498e-002
    outer loop
      vertex -1.554068e+002  8.752597e+001  7.083307e+000
      vertex -1.527681e+002  9.205420e+001  7.083307e+000
      vertex -1.555157e+002  8.758730e+001  2.361653e+000
    endloop
  endfacet
  facet normal -8.637065e-001  5.033001e-001  2.645637e-002
    outer loop
      vertex -1.555157e+002  8.758730e+001  2.361653e+000
      vertex -1.527681e+002  9.205420e+001  7.083307e+000
      vertex -1.528752e+002  9.211871e+001  2.361653e+000
    endloop
  endfacet
  facet normal -8.640091e-001  5.034764e-001  0.000000e+000
    outer loop
      vertex -1.555157e+002  8.758730e+001  2.361653e+000
      vertex -1.528752e+002  9.211871e+001  2.361653e+000
      vertex -1.555157e+002  8.758730e+001 -2.361653e+000
    endloop
  endfacet
  facet normal -8.640091e-001  5.034764e-001  0.000000e+000
    outer loop
      vertex -1.555157e+002  8.758730e+001 -2.361653e+000
      vertex -1.528752e+002  9.211871e+001  2.361653e+000
      vertex -1.528752e+002  9.211871e+001 -2.361653e+000
    endloop
  endfacet
  facet normal -8.637067e-001  5.033002e-001 -2.645495e-002
    outer loop
      vertex -1.555157e+002  8.758730e+001 -2.361653e+000
      vertex -1.528752e+002  9.211871e+001 -2.361653e+000
      vertex -1.554068e+002  8.752597e+001 -7.083306e+000
    endloop
  endfacet
  facet normal -8.637059e-001  5.033012e-001 -2.645633e-002
    outer loop
      vertex -1.554068e+002  8.752597e+001 -7.083306e+000
      vertex -1.528752e+002  9.211871e+001 -2.361653e+000
      vertex -1.527681e+002  9.205420e+001 -7.083306e+000
    endloop
  endfacet
  facet normal -8.627988e-001  5.027726e-001 -5.289467e-002
    outer loop
      vertex -1.554068e+002  8.752597e+001 -7.083306e+000
      vertex -1.527681e+002  9.205420e+001 -7.083306e+000
      vertex -1.551891e+002  8.740336e+001 -1.180000e+001
    endloop
  endfacet
  facet normal -8.628001e-001  5.027708e-001 -5.289222e-002
    outer loop
      vertex -1.551891e+002  8.740336e+001 -1.180000e+001
      vertex -1.527681e+002  9.205420e+001 -7.083306e+000
      vertex -1.525541e+002  9.192525e+001 -1.180000e+001
    endloop
  endfacet
  facet normal -8.771989e-001  4.772046e-001  5.289515e-002
    outer loop
      vertex -1.576901e+002  8.280600e+001  1.180000e+001
      vertex -1.551891e+002  8.740336e+001  1.180000e+001
      vertex -1.579113e+002  8.292216e+001  7.083307e+000
    endloop
  endfacet
  facet normal -8.771988e-001  4.772050e-001  5.289470e-002
    outer loop
      vertex -1.579113e+002  8.292216e+001  7.083307e+000
      vertex -1.551891e+002  8.740336e+001  1.180000e+001
      vertex -1.554068e+002  8.752597e+001  7.083307e+000
    endloop
  endfacet
  facet normal -8.781210e-001  4.777066e-001  2.645481e-002
    outer loop
      vertex -1.579113e+002  8.292216e+001  7.083307e+000
      vertex -1.554068e+002  8.752597e+001  7.083307e+000
      vertex -1.580220e+002  8.298026e+001  2.361653e+000
    endloop
  endfacet
  facet normal -8.781211e-001  4.777066e-001  2.645492e-002
    outer loop
      vertex -1.580220e+002  8.298026e+001  2.361653e+000
      vertex -1.554068e+002  8.752597e+001  7.083307e+000
      vertex -1.555157e+002  8.758730e+001  2.361653e+000
    endloop
  endfacet
  facet normal -8.784285e-001  4.778738e-001  0.000000e+000
    outer loop
      vertex -1.580220e+002  8.298026e+001  2.361653e+000
      vertex -1.555157e+002  8.758730e+001  2.361653e+000
      vertex -1.580220e+002  8.298026e+001 -2.361653e+000
    endloop
  endfacet
  facet normal -8.784285e-001  4.778738e-001  0.000000e+000
    outer loop
      vertex -1.580220e+002  8.298026e+001 -2.361653e+000
      vertex -1.555157e+002  8.758730e+001  2.361653e+000
      vertex -1.555157e+002  8.758730e+001 -2.361653e+000
    endloop
  endfacet
  facet normal -8.781211e-001  4.777066e-001 -2.645481e-002
    outer loop
      vertex -1.580220e+002  8.298026e+001 -2.361653e+000
      vertex -1.555157e+002  8.758730e+001 -2.361653e+000
      vertex -1.579113e+002  8.292216e+001 -7.083306e+000
    endloop
  endfacet
  facet normal -8.781210e-001  4.777066e-001 -2.645493e-002
    outer loop
      vertex -1.579113e+002  8.292216e+001 -7.083306e+000
      vertex -1.555157e+002  8.758730e+001 -2.361653e+000
      vertex -1.554068e+002  8.752597e+001 -7.083306e+000
    endloop
  endfacet
  facet normal -8.771987e-001  4.772049e-001 -5.289515e-002
    outer loop
      vertex -1.579113e+002  8.292216e+001 -7.083306e+000
      vertex -1.554068e+002  8.752597e+001 -7.083306e+000
      vertex -1.576901e+002  8.280600e+001 -1.180000e+001
    endloop
  endfacet
  facet normal -8.771990e-001  4.772046e-001 -5.289469e-002
    outer loop
      vertex -1.576901e+002  8.280600e+001 -1.180000e+001
      vertex -1.554068e+002  8.752597e+001 -7.083306e+000
      vertex -1.551891e+002  8.740336e+001 -1.180000e+001
    endloop
  endfacet
  facet normal -9.037141e-001  4.248562e-001  5.289507e-002
    outer loop
      vertex -1.622816e+002  7.340082e+001  1.180000e+001
      vertex -1.600550e+002  7.813715e+001  1.180000e+001
      vertex -1.625093e+002  7.350379e+001  7.083307e+000
    endloop
  endfacet
  facet normal -9.037136e-001  4.248575e-001  5.289359e-002
    outer loop
      vertex -1.625093e+002  7.350379e+001  7.083307e+000
      vertex -1.600550e+002  7.813715e+001  1.180000e+001
      vertex -1.602795e+002  7.824676e+001  7.083307e+000
    endloop
  endfacet
  facet normal -9.046637e-001  4.253042e-001  2.645438e-002
    outer loop
      vertex -1.625093e+002  7.350379e+001  7.083307e+000
      vertex -1.602795e+002  7.824676e+001  7.083307e+000
      vertex -1.626232e+002  7.355529e+001  2.361653e+000
    endloop
  endfacet
  facet normal -9.046643e-001  4.253030e-001  2.645583e-002
    outer loop
      vertex -1.626232e+002  7.355529e+001  2.361653e+000
      vertex -1.602795e+002  7.824676e+001  7.083307e+000
      vertex -1.603918e+002  7.830158e+001  2.361653e+000
    endloop
  endfacet
  facet normal -9.049810e-001  4.254519e-001  0.000000e+000
    outer loop
      vertex -1.626232e+002  7.355529e+001  2.361653e+000
      vertex -1.603918e+002  7.830158e+001  2.361653e+000
      vertex -1.626232e+002  7.355529e+001 -2.361653e+000
    endloop
  endfacet
  facet normal -9.049810e-001  4.254519e-001  0.000000e+000
    outer loop
      vertex -1.626232e+002  7.355529e+001 -2.361653e+000
      vertex -1.603918e+002  7.830158e+001  2.361653e+000
      vertex -1.603918e+002  7.830158e+001 -2.361653e+000
    endloop
  endfacet
  facet normal -9.046643e-001  4.253030e-001 -2.645441e-002
    outer loop
      vertex -1.626232e+002  7.355529e+001 -2.361653e+000
      vertex -1.603918e+002  7.830158e+001 -2.361653e+000
      vertex -1.625093e+002  7.350379e+001 -7.083306e+000
    endloop
  endfacet
  facet normal -9.046637e-001  4.253042e-001 -2.645585e-002
    outer loop
      vertex -1.625093e+002  7.350379e+001 -7.083306e+000
      vertex -1.603918e+002  7.830158e+001 -2.361653e+000
      vertex -1.602795e+002  7.824676e+001 -7.083306e+000
    endloop
  endfacet
  facet normal -9.037136e-001  4.248575e-001 -5.289505e-002
    outer loop
      vertex -1.625093e+002  7.350379e+001 -7.083306e+000
      vertex -1.602795e+002  7.824676e+001 -7.083306e+000
      vertex -1.622816e+002  7.340082e+001 -1.180000e+001
    endloop
  endfacet
  facet normal -9.037142e-001  4.248563e-001 -5.289356e-002
    outer loop
      vertex -1.622816e+002  7.340082e+001 -1.180000e+001
      vertex -1.602795e+002  7.824676e+001 -7.083306e+000
      vertex -1.600550e+002  7.813715e+001 -1.180000e+001
    endloop
  endfacet
  facet normal -9.271086e-001  3.710417e-001  5.289289e-002
    outer loop
      vertex -1.663128e+002  6.374219e+001  1.180000e+001
      vertex -1.643682e+002  6.860112e+001  1.180000e+001
      vertex -1.665461e+002  6.383161e+001  7.083307e+000
    endloop
  endfacet
  facet normal -9.271085e-001  3.710423e-001  5.289224e-002
    outer loop
      vertex -1.665461e+002  6.383161e+001  7.083307e+000
      vertex -1.643682e+002  6.860112e+001  1.180000e+001
      vertex -1.645988e+002  6.869736e+001  7.083307e+000
    endloop
  endfacet
  facet normal -9.280829e-001  3.714322e-001  2.645678e-002
    outer loop
      vertex -1.665461e+002  6.383161e+001  7.083307e+000
      vertex -1.645988e+002  6.869736e+001  7.083307e+000
      vertex -1.666628e+002  6.387634e+001  2.361653e+000
    endloop
  endfacet
  facet normal -9.280825e-001  3.714339e-001  2.645481e-002
    outer loop
      vertex -1.666628e+002  6.387634e+001  2.361653e+000
      vertex -1.645988e+002  6.869736e+001  7.083307e+000
      vertex -1.647141e+002  6.874549e+001  2.361653e+000
    endloop
  endfacet
  facet normal -9.284073e-001  3.715639e-001  0.000000e+000
    outer loop
      vertex -1.666628e+002  6.387634e+001  2.361653e+000
      vertex -1.647141e+002  6.874549e+001  2.361653e+000
      vertex -1.666628e+002  6.387634e+001 -2.361653e+000
    endloop
  endfacet
  facet normal -9.284073e-001  3.715639e-001  0.000000e+000
    outer loop
      vertex -1.666628e+002  6.387634e+001 -2.361653e+000
      vertex -1.647141e+002  6.874549e+001  2.361653e+000
      vertex -1.647141e+002  6.874549e+001 -2.361653e+000
    endloop
  endfacet
  facet normal -9.280824e-001  3.714339e-001 -2.645678e-002
    outer loop
      vertex -1.666628e+002  6.387634e+001 -2.361653e+000
      vertex -1.647141e+002  6.874549e+001 -2.361653e+000
      vertex -1.665461e+002  6.383161e+001 -7.083306e+000
    endloop
  endfacet
  facet normal -9.280831e-001  3.714323e-001 -2.645482e-002
    outer loop
      vertex -1.665461e+002  6.383161e+001 -7.083306e+000
      vertex -1.647141e+002  6.874549e+001 -2.361653e+000
      vertex -1.645988e+002  6.869736e+001 -7.083306e+000
    endloop
  endfacet
  facet normal -9.271085e-001  3.710423e-001 -5.289289e-002
    outer loop
      vertex -1.665461e+002  6.383161e+001 -7.083306e+000
      vertex -1.645988e+002  6.869736e+001 -7.083306e+000
      vertex -1.663128e+002  6.374219e+001 -1.180000e+001
    endloop
  endfacet
  facet normal -9.271087e-001  3.710417e-001 -5.289227e-002
    outer loop
      vertex -1.663128e+002  6.374219e+001 -1.180000e+001
      vertex -1.645988e+002  6.869736e+001 -7.083306e+000
      vertex -1.643682e+002  6.860112e+001 -1.180000e+001
    endloop
  endfacet
  facet normal  8.409687e-001 -5.404217e-001 -2.676013e-002
    outer loop
      vertex -1.500000e+002  9.287928e+001  5.068392e+000
      vertex -1.474836e+002  9.692915e+001  2.361691e+000
      vertex -1.473780e+002  9.685973e+001  7.083382e+000
    endloop
  endfacet
  facet normal  8.433242e-001 -5.370503e-001  1.952642e-002
    outer loop
      vertex -1.474836e+002  9.692915e+001 -2.361691e+000
      vertex -1.500000e+002  9.300211e+001 -1.690156e+000
      vertex -1.500000e+002  9.287928e+001 -5.068325e+000
    endloop
  endfacet
  facet normal  8.409688e-001 -5.404213e-001  2.676013e-002
    outer loop
      vertex -1.500000e+002  9.287928e+001 -5.068325e+000
      vertex -1.473780e+002  9.685973e+001 -7.083382e+000
      vertex -1.474836e+002  9.692915e+001 -2.361691e+000
    endloop
  endfacet
  facet normal  8.434218e-001 -5.358335e-001 -3.901584e-002
    outer loop
      vertex -1.500000e+002  9.287928e+001  5.068392e+000
      vertex -1.473780e+002  9.685973e+001  7.083382e+000
      vertex -1.500000e+002  9.263380e+001  8.439796e+000
    endloop
  endfacet
  facet normal  8.407277e-001 -5.388091e-001 -5.349442e-002
    outer loop
      vertex -1.500000e+002  9.263380e+001  8.439796e+000
      vertex -1.473780e+002  9.685973e+001  7.083382e+000
      vertex -1.471668e+002  9.672094e+001  1.180000e+001
    endloop
  endfacet
  facet normal  8.423626e-001 -5.357112e-001 -5.864096e-002
    outer loop
      vertex -1.500000e+002  9.263380e+001  8.439796e+000
      vertex -1.471668e+002  9.672094e+001  1.180000e+001
      vertex -1.500000e+002  9.226598e+001  1.180000e+001
    endloop
  endfacet
  facet normal  8.433239e-001 -5.370506e-001 -1.952657e-002
    outer loop
      vertex -1.500000e+002  9.287928e+001  5.068392e+000
      vertex -1.500000e+002  9.300211e+001  1.690247e+000
      vertex -1.474836e+002  9.692915e+001  2.361691e+000
    endloop
  endfacet
  facet normal  8.419712e-001 -5.395225e-001  0.000000e+000
    outer loop
      vertex -1.474836e+002  9.692915e+001  2.361691e+000
      vertex -1.500000e+002  9.300211e+001  1.690247e+000
      vertex -1.500000e+002  9.300211e+001 -1.690156e+000
    endloop
  endfacet
  facet normal  8.419712e-001 -5.395225e-001  0.000000e+000
    outer loop
      vertex -1.474836e+002  9.692915e+001  2.361691e+000
      vertex -1.500000e+002  9.300211e+001 -1.690156e+000
      vertex -1.474836e+002  9.692915e+001 -2.361691e+000
    endloop
  endfacet
  facet normal  8.434219e-001 -5.358331e-001  3.901540e-002
    outer loop
      vertex -1.500000e+002  9.287928e+001 -5.068325e+000
      vertex -1.500000e+002  9.263380e+001 -8.439766e+000
      vertex -1.473780e+002  9.685973e+001 -7.083382e+000
    endloop
  endfacet
  facet normal  8.396329e-001 -5.399293e-001  5.910223e-002
    outer loop
      vertex -1.473780e+002  9.685973e+001 -7.083382e+000
      vertex -1.500000e+002  9.263380e+001 -8.439766e+000
      vertex -1.500000e+002  9.226598e+001 -1.180000e+001
    endloop
  endfacet
  facet normal  8.426066e-001 -5.358664e-001  5.349194e-002
    outer loop
      vertex -1.473780e+002  9.685973e+001 -7.083382e+000
      vertex -1.500000e+002  9.226598e+001 -1.180000e+001
      vertex -1.471668e+002  9.672094e+001 -1.180000e+001
    endloop
  endfacet
  facet normal  1.498465e-002 -9.995297e-001 -2.675739e-002
    outer loop
      vertex -5.290324e+000  1.764049e+002  2.361691e+000
      vertex  1.079880e-014  1.763578e+002  7.083382e+000
      vertex -5.286535e+000  1.762785e+002  7.083382e+000
    endloop
  endfacet
  facet normal  1.496856e-002 -9.984562e-001 -5.349075e-002
    outer loop
      vertex -5.286535e+000  1.762785e+002  7.083382e+000
      vertex  1.079880e-014  1.763578e+002  7.083382e+000
      vertex  1.078333e-014  1.761051e+002  1.180000e+001
    endloop
  endfacet
  facet normal  1.496983e-002 -9.984561e-001 -5.349218e-002
    outer loop
      vertex -5.286535e+000  1.762785e+002  7.083382e+000
      vertex  1.078333e-014  1.761051e+002  1.180000e+001
      vertex -5.278960e+000  1.760260e+002  1.180000e+001
    endloop
  endfacet
  facet normal  1.498257e-002 -9.995297e-001 -2.675506e-002
    outer loop
      vertex  1.079880e-014  1.763578e+002  7.083382e+000
      vertex -5.290324e+000  1.764049e+002  2.361691e+000
      vertex  1.080654e-014  1.764842e+002  2.361691e+000
    endloop
  endfacet
  facet normal  1.498793e-002 -9.998876e-001  0.000000e+000
    outer loop
      vertex  1.080654e-014  1.764842e+002  2.361691e+000
      vertex -5.290324e+000  1.764049e+002  2.361691e+000
      vertex -5.290324e+000  1.764049e+002 -2.361691e+000
    endloop
  endfacet
  facet normal  1.498793e-002 -9.998876e-001  0.000000e+000
    outer loop
      vertex  1.080654e-014  1.764842e+002  2.361691e+000
      vertex -5.290324e+000  1.764049e+002 -2.361691e+000
      vertex  1.080654e-014  1.764842e+002 -2.361691e+000
    endloop
  endfacet
  facet normal  1.498257e-002 -9.995297e-001  2.675739e-002
    outer loop
      vertex  1.080654e-014  1.764842e+002 -2.361691e+000
      vertex -5.290324e+000  1.764049e+002 -2.361691e+000
      vertex -5.286535e+000  1.762785e+002 -7.083382e+000
    endloop
  endfacet
  facet normal  1.498465e-002 -9.995297e-001  2.675506e-002
    outer loop
      vertex  1.080654e-014  1.764842e+002 -2.361691e+000
      vertex -5.286535e+000  1.762785e+002 -7.083382e+000
      vertex  1.079880e-014  1.763578e+002 -7.083382e+000
    endloop
  endfacet
  facet normal  1.496856e-002 -9.984562e-001  5.349218e-002
    outer loop
      vertex  1.079880e-014  1.763578e+002 -7.083382e+000
      vertex -5.286535e+000  1.762785e+002 -7.083382e+000
      vertex -5.278960e+000  1.760260e+002 -1.180000e+001
    endloop
  endfacet
  facet normal  1.496983e-002 -9.984561e-001  5.349075e-002
    outer loop
      vertex  1.079880e-014  1.763578e+002 -7.083382e+000
      vertex -5.278960e+000  1.760260e+002 -1.180000e+001
      vertex  1.078333e-014  1.761051e+002 -1.180000e+001
    endloop
  endfacet
  facet normal  4.493952e-002 -9.986313e-001 -2.675792e-002
    outer loop
      vertex -1.057589e+001  1.761670e+002  2.361691e+000
      vertex -5.286535e+000  1.762785e+002  7.083382e+000
      vertex -1.056832e+001  1.760409e+002  7.083382e+000
    endloop
  endfacet
  facet normal  4.489125e-002 -9.975587e-001 -5.349217e-002
    outer loop
      vertex -1.056832e+001  1.760409e+002  7.083382e+000
      vertex -5.286535e+000  1.762785e+002  7.083382e+000
      vertex -5.278960e+000  1.760260e+002  1.180000e+001
    endloop
  endfacet
  facet normal  4.489218e-002 -9.975587e-001 -5.349321e-002
    outer loop
      vertex -1.056832e+001  1.760409e+002  7.083382e+000
      vertex -5.278960e+000  1.760260e+002  1.180000e+001
      vertex -1.055317e+001  1.757886e+002  1.180000e+001
    endloop
  endfacet
  facet normal  4.493905e-002 -9.986313e-001 -2.675739e-002
    outer loop
      vertex -5.286535e+000  1.762785e+002  7.083382e+000
      vertex -1.057589e+001  1.761670e+002  2.361691e+000
      vertex -5.290324e+000  1.764049e+002  2.361691e+000
    endloop
  endfacet
  facet normal  4.495515e-002 -9.989890e-001  0.000000e+000
    outer loop
      vertex -5.290324e+000  1.764049e+002  2.361691e+000
      vertex -1.057589e+001  1.761670e+002  2.361691e+000
      vertex -1.057589e+001  1.761670e+002 -2.361691e+000
    endloop
  endfacet
  facet normal  4.495515e-002 -9.989890e-001  0.000000e+000
    outer loop
      vertex -5.290324e+000  1.764049e+002  2.361691e+000
      vertex -1.057589e+001  1.761670e+002 -2.361691e+000
      vertex -5.290324e+000  1.764049e+002 -2.361691e+000
    endloop
  endfacet
  facet normal  4.493905e-002 -9.986313e-001  2.675791e-002
    outer loop
      vertex -5.290324e+000  1.764049e+002 -2.361691e+000
      vertex -1.057589e+001  1.761670e+002 -2.361691e+000
      vertex -1.056832e+001  1.760409e+002 -7.083382e+000
    endloop
  endfacet
  facet normal  4.493952e-002 -9.986313e-001  2.675739e-002
    outer loop
      vertex -5.290324e+000  1.764049e+002 -2.361691e+000
      vertex -1.056832e+001  1.760409e+002 -7.083382e+000
      vertex -5.286535e+000  1.762785e+002 -7.083382e+000
    endloop
  endfacet
  facet normal  4.489125e-002 -9.975587e-001  5.349321e-002
    outer loop
      vertex -5.286535e+000  1.762785e+002 -7.083382e+000
      vertex -1.056832e+001  1.760409e+002 -7.083382e+000
      vertex -1.055317e+001  1.757886e+002 -1.180000e+001
    endloop
  endfacet
  facet normal  4.489218e-002 -9.975587e-001  5.349218e-002
    outer loop
      vertex -5.286535e+000  1.762785e+002 -7.083382e+000
      vertex -1.055317e+001  1.757886e+002 -1.180000e+001
      vertex -5.278960e+000  1.760260e+002 -1.180000e+001
    endloop
  endfacet
  facet normal  7.485402e-002 -9.968354e-001 -2.675661e-002
    outer loop
      vertex -1.585196e+001  1.757708e+002  2.361691e+000
      vertex -1.056832e+001  1.760409e+002  7.083382e+000
      vertex -1.584060e+001  1.756450e+002  7.083382e+000
    endloop
  endfacet
  facet normal  7.477362e-002 -9.957647e-001 -5.349322e-002
    outer loop
      vertex -1.584060e+001  1.756450e+002  7.083382e+000
      vertex -1.056832e+001  1.760409e+002  7.083382e+000
      vertex -1.055317e+001  1.757886e+002  1.180000e+001
    endloop
  endfacet
  facet normal  7.477411e-002 -9.957646e-001 -5.349377e-002
    outer loop
      vertex -1.584060e+001  1.756450e+002  7.083382e+000
      vertex -1.055317e+001  1.757886e+002  1.180000e+001
      vertex -1.581791e+001  1.753933e+002  1.180000e+001
    endloop
  endfacet
  facet normal  7.485518e-002 -9.968354e-001 -2.675791e-002
    outer loop
      vertex -1.056832e+001  1.760409e+002  7.083382e+000
      vertex -1.585196e+001  1.757708e+002  2.361691e+000
      vertex -1.057589e+001  1.761670e+002  2.361691e+000
    endloop
  endfacet
  facet normal  7.488199e-002 -9.971924e-001  0.000000e+000
    outer loop
      vertex -1.057589e+001  1.761670e+002  2.361691e+000
      vertex -1.585196e+001  1.757708e+002  2.361691e+000
      vertex -1.585196e+001  1.757708e+002 -2.361691e+000
    endloop
  endfacet
  facet normal  7.488199e-002 -9.971924e-001  0.000000e+000
    outer loop
      vertex -1.057589e+001  1.761670e+002  2.361691e+000
      vertex -1.585196e+001  1.757708e+002 -2.361691e+000
      vertex -1.057589e+001  1.761670e+002 -2.361691e+000
    endloop
  endfacet
  facet normal  7.485518e-002 -9.968354e-001  2.675661e-002
    outer loop
      vertex -1.057589e+001  1.761670e+002 -2.361691e+000
      vertex -1.585196e+001  1.757708e+002 -2.361691e+000
      vertex -1.584060e+001  1.756450e+002 -7.083382e+000
    endloop
  endfacet
  facet normal  7.485402e-002 -9.968354e-001  2.675792e-002
    outer loop
      vertex -1.057589e+001  1.761670e+002 -2.361691e+000
      vertex -1.584060e+001  1.756450e+002 -7.083382e+000
      vertex -1.056832e+001  1.760409e+002 -7.083382e+000
    endloop
  endfacet
  facet normal  7.477362e-002 -9.957647e-001  5.349378e-002
    outer loop
      vertex -1.056832e+001  1.760409e+002 -7.083382e+000
      vertex -1.584060e+001  1.756450e+002 -7.083382e+000
      vertex -1.581791e+001  1.753933e+002 -1.180000e+001
    endloop
  endfacet
  facet normal  7.477412e-002 -9.957647e-001  5.349321e-002
    outer loop
      vertex -1.056832e+001  1.760409e+002 -7.083382e+000
      vertex -1.581791e+001  1.753933e+002 -1.180000e+001
      vertex -1.055317e+001  1.757886e+002 -1.180000e+001
    endloop
  endfacet
  facet normal  1.047022e-001 -9.941436e-001 -2.675665e-002
    outer loop
      vertex -2.111377e+001  1.752167e+002  2.361691e+000
      vertex -1.584060e+001  1.756450e+002  7.083382e+000
      vertex -2.109865e+001  1.750912e+002  7.083382e+000
    endloop
  endfacet
  facet normal  1.045897e-001 -9.930758e-001 -5.349378e-002
    outer loop
      vertex -2.109865e+001  1.750912e+002  7.083382e+000
      vertex -1.584060e+001  1.756450e+002  7.083382e+000
      vertex -1.581791e+001  1.753933e+002  1.180000e+001
    endloop
  endfacet
  facet normal  1.045897e-001 -9.930757e-001 -5.349378e-002
    outer loop
      vertex -2.109865e+001  1.750912e+002  7.083382e+000
      vertex -1.581791e+001  1.753933e+002  1.180000e+001
      vertex -2.106842e+001  1.748403e+002  1.180000e+001
    endloop
  endfacet
  facet normal  1.047021e-001 -9.941437e-001 -2.675660e-002
    outer loop
      vertex -1.584060e+001  1.756450e+002  7.083382e+000
      vertex -2.111377e+001  1.752167e+002  2.361691e+000
      vertex -1.585196e+001  1.757708e+002  2.361691e+000
    endloop
  endfacet
  facet normal  1.047396e-001 -9.944997e-001  0.000000e+000
    outer loop
      vertex -1.585196e+001  1.757708e+002  2.361691e+000
      vertex -2.111377e+001  1.752167e+002  2.361691e+000
      vertex -2.111377e+001  1.752167e+002 -2.361691e+000
    endloop
  endfacet
  facet normal  1.047396e-001 -9.944997e-001  0.000000e+000
    outer loop
      vertex -1.585196e+001  1.757708e+002  2.361691e+000
      vertex -2.111377e+001  1.752167e+002 -2.361691e+000
      vertex -1.585196e+001  1.757708e+002 -2.361691e+000
    endloop
  endfacet
  facet normal  1.047021e-001 -9.941437e-001  2.675665e-002
    outer loop
      vertex -1.585196e+001  1.757708e+002 -2.361691e+000
      vertex -2.111377e+001  1.752167e+002 -2.361691e+000
      vertex -2.109865e+001  1.750912e+002 -7.083382e+000
    endloop
  endfacet
  facet normal  1.047022e-001 -9.941436e-001  2.675660e-002
    outer loop
      vertex -1.585196e+001  1.757708e+002 -2.361691e+000
      vertex -2.109865e+001  1.750912e+002 -7.083382e+000
      vertex -1.584060e+001  1.756450e+002 -7.083382e+000
    endloop
  endfacet
  facet normal  1.045897e-001 -9.930758e-001  5.349377e-002
    outer loop
      vertex -1.584060e+001  1.756450e+002 -7.083382e+000
      vertex -2.109865e+001  1.750912e+002 -7.083382e+000
      vertex -2.106842e+001  1.748403e+002 -1.180000e+001
    endloop
  endfacet
  facet normal  1.045897e-001 -9.930757e-001  5.349378e-002
    outer loop
      vertex -1.584060e+001  1.756450e+002 -7.083382e+000
      vertex -2.106842e+001  1.748403e+002 -1.180000e+001
      vertex -1.581791e+001  1.753933e+002 -1.180000e+001
    endloop
  endfacet
  facet normal  1.344579e-001 -9.905580e-001 -2.675790e-002
    outer loop
      vertex -2.635661e+001  1.745050e+002  2.361691e+000
      vertex -2.109865e+001  1.750912e+002  7.083382e+000
      vertex -2.633774e+001  1.743800e+002  7.083382e+000
    endloop
  endfacet
  facet normal  1.343134e-001 -9.894939e-001 -5.349377e-002
    outer loop
      vertex -2.633774e+001  1.743800e+002  7.083382e+000
      vertex -2.109865e+001  1.750912e+002  7.083382e+000
      vertex -2.106842e+001  1.748403e+002  1.180000e+001
    endloop
  endfacet
  facet normal  1.343100e-001 -9.894947e-001 -5.348989e-002
    outer loop
      vertex -2.633774e+001  1.743800e+002  7.083382e+000
      vertex -2.106842e+001  1.748403e+002  1.180000e+001
      vertex -2.630000e+001  1.741302e+002  1.180000e+001
    endloop
  endfacet
  facet normal  1.344568e-001 -9.905582e-001 -2.675666e-002
    outer loop
      vertex -2.109865e+001  1.750912e+002  7.083382e+000
      vertex -2.635661e+001  1.745050e+002  2.361691e+000
      vertex -2.111377e+001  1.752167e+002  2.361691e+000
    endloop
  endfacet
  facet normal  1.345049e-001 -9.909130e-001  0.000000e+000
    outer loop
      vertex -2.111377e+001  1.752167e+002  2.361691e+000
      vertex -2.635661e+001  1.745050e+002  2.361691e+000
      vertex -2.635661e+001  1.745050e+002 -2.361691e+000
    endloop
  endfacet
  facet normal  1.345049e-001 -9.909130e-001  0.000000e+000
    outer loop
      vertex -2.111377e+001  1.752167e+002  2.361691e+000
      vertex -2.635661e+001  1.745050e+002 -2.361691e+000
      vertex -2.111377e+001  1.752167e+002 -2.361691e+000
    endloop
  endfacet
  facet normal  1.344568e-001 -9.905582e-001  2.675791e-002
    outer loop
      vertex -2.111377e+001  1.752167e+002 -2.361691e+000
      vertex -2.635661e+001  1.745050e+002 -2.361691e+000
      vertex -2.633774e+001  1.743800e+002 -7.083382e+000
    endloop
  endfacet
  facet normal  1.344579e-001 -9.905580e-001  2.675665e-002
    outer loop
      vertex -2.111377e+001  1.752167e+002 -2.361691e+000
      vertex -2.633774e+001  1.743800e+002 -7.083382e+000
      vertex -2.109865e+001  1.750912e+002 -7.083382e+000
    endloop
  endfacet
  facet normal  1.343135e-001 -9.894942e-001  5.348990e-002
    outer loop
      vertex -2.109865e+001  1.750912e+002 -7.083382e+000
      vertex -2.633774e+001  1.743800e+002 -7.083382e+000
      vertex -2.630000e+001  1.741302e+002 -1.180000e+001
    endloop
  endfacet
  facet normal  1.343100e-001 -9.894944e-001  5.349379e-002
    outer loop
      vertex -2.109865e+001  1.750912e+002 -7.083382e+000
      vertex -2.630000e+001  1.741302e+002 -1.180000e+001
      vertex -2.106842e+001  1.748403e+002 -1.180000e+001
    endloop
  endfacet
  facet normal  1.640869e-001 -9.860830e-001 -2.675396e-002
    outer loop
      vertex -3.157576e+001  1.736365e+002  2.361691e+000
      vertex -2.633774e+001  1.743800e+002  7.083382e+000
      vertex -3.155315e+001  1.735122e+002  7.083382e+000
    endloop
  endfacet
  facet normal  1.639107e-001 -9.850239e-001 -5.348991e-002
    outer loop
      vertex -3.155315e+001  1.735122e+002  7.083382e+000
      vertex -2.633774e+001  1.743800e+002  7.083382e+000
      vertex -2.630000e+001  1.741302e+002  1.180000e+001
    endloop
  endfacet
  facet normal  1.639148e-001 -9.850230e-001 -5.349460e-002
    outer loop
      vertex -3.155315e+001  1.735122e+002  7.083382e+000
      vertex -2.630000e+001  1.741302e+002  1.180000e+001
      vertex -3.150794e+001  1.732635e+002  1.180000e+001
    endloop
  endfacet
  facet normal  1.640904e-001 -9.860824e-001 -2.675788e-002
    outer loop
      vertex -2.633774e+001  1.743800e+002  7.083382e+000
      vertex -3.157576e+001  1.736365e+002  2.361691e+000
      vertex -2.635661e+001  1.745050e+002  2.361691e+000
    endloop
  endfacet
  facet normal  1.641491e-001 -9.864356e-001  0.000000e+000
    outer loop
      vertex -2.635661e+001  1.745050e+002  2.361691e+000
      vertex -3.157576e+001  1.736365e+002  2.361691e+000
      vertex -3.157576e+001  1.736365e+002 -2.361691e+000
    endloop
  endfacet
  facet normal  1.641491e-001 -9.864356e-001  0.000000e+000
    outer loop
      vertex -2.635661e+001  1.745050e+002  2.361691e+000
      vertex -3.157576e+001  1.736365e+002 -2.361691e+000
      vertex -2.635661e+001  1.745050e+002 -2.361691e+000
    endloop
  endfacet
  facet normal  1.640904e-001 -9.860825e-001  2.675396e-002
    outer loop
      vertex -2.635661e+001  1.745050e+002 -2.361691e+000
      vertex -3.157576e+001  1.736365e+002 -2.361691e+000
      vertex -3.155315e+001  1.735122e+002 -7.083382e+000
    endloop
  endfacet
  facet normal  1.640869e-001 -9.860829e-001  2.675788e-002
    outer loop
      vertex -2.635661e+001  1.745050e+002 -2.361691e+000
      vertex -3.155315e+001  1.735122e+002 -7.083382e+000
      vertex -2.633774e+001  1.743800e+002 -7.083382e+000
    endloop
  endfacet
  facet normal  1.639106e-001 -9.850236e-001  5.349459e-002
    outer loop
      vertex -2.633774e+001  1.743800e+002 -7.083382e+000
      vertex -3.155315e+001  1.735122e+002 -7.083382e+000
      vertex -3.150794e+001  1.732635e+002 -1.180000e+001
    endloop
  endfacet
  facet normal  1.639148e-001 -9.850232e-001  5.348991e-002
    outer loop
      vertex -2.633774e+001  1.743800e+002 -7.083382e+000
      vertex -3.150794e+001  1.732635e+002 -1.180000e+001
      vertex -2.630000e+001  1.741302e+002 -1.180000e+001
    endloop
  endfacet
  facet normal  1.935743e-001 -9.807208e-001 -2.675417e-002
    outer loop
      vertex -3.676653e+001  1.726120e+002  2.361691e+000
      vertex -3.155315e+001  1.735122e+002  7.083382e+000
      vertex -3.674020e+001  1.724884e+002  7.083382e+000
    endloop
  endfacet
  facet normal  1.933663e-001 -9.796671e-001 -5.349456e-002
    outer loop
      vertex -3.674020e+001  1.724884e+002  7.083382e+000
      vertex -3.155315e+001  1.735122e+002  7.083382e+000
      vertex -3.150794e+001  1.732635e+002  1.180000e+001
    endloop
  endfacet
  facet normal  1.933640e-001 -9.796678e-001 -5.349188e-002
    outer loop
      vertex -3.674020e+001  1.724884e+002  7.083382e+000
      vertex -3.150794e+001  1.732635e+002  1.180000e+001
      vertex -3.668756e+001  1.722412e+002  1.180000e+001
    endloop
  endfacet
  facet normal  1.935741e-001 -9.807208e-001 -2.675399e-002
    outer loop
      vertex -3.155315e+001  1.735122e+002  7.083382e+000
      vertex -3.676653e+001  1.726120e+002  2.361691e+000
      vertex -3.157576e+001  1.736365e+002  2.361691e+000
    endloop
  endfacet
  facet normal  1.936434e-001 -9.810720e-001  0.000000e+000
    outer loop
      vertex -3.157576e+001  1.736365e+002  2.361691e+000
      vertex -3.676653e+001  1.726120e+002  2.361691e+000
      vertex -3.676653e+001  1.726120e+002 -2.361691e+000
    endloop
  endfacet
  facet normal  1.936434e-001 -9.810720e-001  0.000000e+000
    outer loop
      vertex -3.157576e+001  1.736365e+002  2.361691e+000
      vertex -3.676653e+001  1.726120e+002 -2.361691e+000
      vertex -3.157576e+001  1.736365e+002 -2.361691e+000
    endloop
  endfacet
  facet normal  1.935741e-001 -9.807208e-001  2.675416e-002
    outer loop
      vertex -3.157576e+001  1.736365e+002 -2.361691e+000
      vertex -3.676653e+001  1.726120e+002 -2.361691e+000
      vertex -3.674020e+001  1.724884e+002 -7.083382e+000
    endloop
  endfacet
  facet normal  1.935743e-001 -9.807208e-001  2.675398e-002
    outer loop
      vertex -3.157576e+001  1.736365e+002 -2.361691e+000
      vertex -3.674020e+001  1.724884e+002 -7.083382e+000
      vertex -3.155315e+001  1.735122e+002 -7.083382e+000
    endloop
  endfacet
  facet normal  1.933663e-001 -9.796672e-001  5.349188e-002
    outer loop
      vertex -3.155315e+001  1.735122e+002 -7.083382e+000
      vertex -3.674020e+001  1.724884e+002 -7.083382e+000
      vertex -3.668756e+001  1.722412e+002 -1.180000e+001
    endloop
  endfacet
  facet normal  1.933639e-001 -9.796676e-001  5.349458e-002
    outer loop
      vertex -3.155315e+001  1.735122e+002 -7.083382e+000
      vertex -3.668756e+001  1.722412e+002 -1.180000e+001
      vertex -3.150794e+001  1.732635e+002 -1.180000e+001
    endloop
  endfacet
  facet normal  2.228860e-001 -9.744773e-001 -2.675545e-002
    outer loop
      vertex -4.192426e+001  1.714323e+002  2.361691e+000
      vertex -3.674020e+001  1.724884e+002  7.083382e+000
      vertex -4.189423e+001  1.713095e+002  7.083382e+000
    endloop
  endfacet
  facet normal  2.226465e-001 -9.734306e-001 -5.349189e-002
    outer loop
      vertex -4.189423e+001  1.713095e+002  7.083382e+000
      vertex -3.674020e+001  1.724884e+002  7.083382e+000
      vertex -3.668756e+001  1.722412e+002  1.180000e+001
    endloop
  endfacet
  facet normal  2.226457e-001 -9.734308e-001 -5.349095e-002
    outer loop
      vertex -4.189423e+001  1.713095e+002  7.083382e+000
      vertex -3.668756e+001  1.722412e+002  1.180000e+001
      vertex -4.183421e+001  1.710641e+002  1.180000e+001
    endloop
  endfacet
  facet normal  2.228848e-001 -9.744776e-001 -2.675417e-002
    outer loop
      vertex -3.674020e+001  1.724884e+002  7.083382e+000
      vertex -4.192426e+001  1.714323e+002  2.361691e+000
      vertex -3.676653e+001  1.726120e+002  2.361691e+000
    endloop
  endfacet
  facet normal  2.229647e-001 -9.748265e-001  0.000000e+000
    outer loop
      vertex -3.676653e+001  1.726120e+002  2.361691e+000
      vertex -4.192426e+001  1.714323e+002  2.361691e+000
      vertex -4.192426e+001  1.714323e+002 -2.361691e+000
    endloop
  endfacet
  facet normal  2.229647e-001 -9.748265e-001  0.000000e+000
    outer loop
      vertex -3.676653e+001  1.726120e+002  2.361691e+000
      vertex -4.192426e+001  1.714323e+002 -2.361691e+000
      vertex -3.676653e+001  1.726120e+002 -2.361691e+000
    endloop
  endfacet
  facet normal  2.228848e-001 -9.744775e-001  2.675544e-002
    outer loop
      vertex -3.676653e+001  1.726120e+002 -2.361691e+000
      vertex -4.192426e+001  1.714323e+002 -2.361691e+000
      vertex -4.189423e+001  1.713095e+002 -7.083382e+000
    endloop
  endfacet
  facet normal  2.228860e-001 -9.744773e-001  2.675417e-002
    outer loop
      vertex -3.676653e+001  1.726120e+002 -2.361691e+000
      vertex -4.189423e+001  1.713095e+002 -7.083382e+000
      vertex -3.674020e+001  1.724884e+002 -7.083382e+000
    endloop
  endfacet
  facet normal  2.226465e-001 -9.734306e-001  5.349096e-002
    outer loop
      vertex -3.674020e+001  1.724884e+002 -7.083382e+000
      vertex -4.189423e+001  1.713095e+002 -7.083382e+000
      vertex -4.183421e+001  1.710641e+002 -1.180000e+001
    endloop
  endfacet
  facet normal  2.226457e-001 -9.734308e-001  5.349188e-002
    outer loop
      vertex -3.674020e+001  1.724884e+002 -7.083382e+000
      vertex -4.183421e+001  1.710641e+002 -1.180000e+001
      vertex -3.668756e+001  1.722412e+002 -1.180000e+001
    endloop
  endfacet
  facet normal  2.519954e-001 -9.673585e-001 -2.675415e-002
    outer loop
      vertex -4.704431e+001  1.700985e+002  2.361691e+000
      vertex -4.189423e+001  1.713095e+002  7.083382e+000
      vertex -4.701062e+001  1.699767e+002  7.083382e+000
    endloop
  endfacet
  facet normal  2.517247e-001 -9.663195e-001 -5.349097e-002
    outer loop
      vertex -4.701062e+001  1.699767e+002  7.083382e+000
      vertex -4.189423e+001  1.713095e+002  7.083382e+000
      vertex -4.183421e+001  1.710641e+002  1.180000e+001
    endloop
  endfacet
  facet normal  2.517278e-001 -9.663185e-001 -5.349461e-002
    outer loop
      vertex -4.701062e+001  1.699767e+002  7.083382e+000
      vertex -4.183421e+001  1.710641e+002  1.180000e+001
      vertex -4.694326e+001  1.697331e+002  1.180000e+001
    endloop
  endfacet
  facet normal  2.519965e-001 -9.673582e-001 -2.675546e-002
    outer loop
      vertex -4.189423e+001  1.713095e+002  7.083382e+000
      vertex -4.704431e+001  1.700985e+002  2.361691e+000
      vertex -4.192426e+001  1.714323e+002  2.361691e+000
    endloop
  endfacet
  facet normal  2.520867e-001 -9.677046e-001  0.000000e+000
    outer loop
      vertex -4.192426e+001  1.714323e+002  2.361691e+000
      vertex -4.704431e+001  1.700985e+002  2.361691e+000
      vertex -4.704431e+001  1.700985e+002 -2.361691e+000
    endloop
  endfacet
  facet normal  2.520867e-001 -9.677046e-001  0.000000e+000
    outer loop
      vertex -4.192426e+001  1.714323e+002  2.361691e+000
      vertex -4.704431e+001  1.700985e+002 -2.361691e+000
      vertex -4.192426e+001  1.714323e+002 -2.361691e+000
    endloop
  endfacet
  facet normal  2.519965e-001 -9.673582e-001  2.675417e-002
    outer loop
      vertex -4.192426e+001  1.714323e+002 -2.361691e+000
      vertex -4.704431e+001  1.700985e+002 -2.361691e+000
      vertex -4.701062e+001  1.699767e+002 -7.083382e+000
    endloop
  endfacet
  facet normal  2.519953e-001 -9.673585e-001  2.675547e-002
    outer loop
      vertex -4.192426e+001  1.714323e+002 -2.361691e+000
      vertex -4.701062e+001  1.699767e+002 -7.083382e+000
      vertex -4.189423e+001  1.713095e+002 -7.083382e+000
    endloop
  endfacet
  facet normal  2.517246e-001 -9.663192e-001  5.349462e-002
    outer loop
      vertex -4.189423e+001  1.713095e+002 -7.083382e+000
      vertex -4.701062e+001  1.699767e+002 -7.083382e+000
      vertex -4.694326e+001  1.697331e+002 -1.180000e+001
    endloop
  endfacet
  facet normal  2.517278e-001 -9.663187e-001  5.349097e-002
    outer loop
      vertex -4.189423e+001  1.713095e+002 -7.083382e+000
      vertex -4.694326e+001  1.697331e+002 -1.180000e+001
      vertex -4.183421e+001  1.710641e+002 -1.180000e+001
    endloop
  endfacet
  facet normal  2.808801e-001 -9.593700e-001 -2.675343e-002
    outer loop
      vertex -5.212207e+001  1.686119e+002  2.361691e+000
      vertex -4.701062e+001  1.699767e+002  7.083382e+000
      vertex -5.208474e+001  1.684911e+002  7.083382e+000
    endloop
  endfacet
  facet normal  2.805783e-001 -9.583393e-001 -5.349460e-002
    outer loop
      vertex -5.208474e+001  1.684911e+002  7.083382e+000
      vertex -4.701062e+001  1.699767e+002  7.083382e+000
      vertex -4.694326e+001  1.697331e+002  1.180000e+001
    endloop
  endfacet
  facet normal  2.805770e-001 -9.583398e-001 -5.349309e-002
    outer loop
      vertex -5.208474e+001  1.684911e+002  7.083382e+000
      vertex -4.694326e+001  1.697331e+002  1.180000e+001
      vertex -5.201011e+001  1.682497e+002  1.180000e+001
    endloop
  endfacet
  facet normal  2.808807e-001 -9.593697e-001 -2.675417e-002
    outer loop
      vertex -4.701062e+001  1.699767e+002  7.083382e+000
      vertex -5.212207e+001  1.686119e+002  2.361691e+000
      vertex -4.704431e+001  1.700985e+002  2.361691e+000
    endloop
  endfacet
  facet normal  2.809813e-001 -9.597133e-001  0.000000e+000
    outer loop
      vertex -4.704431e+001  1.700985e+002  2.361691e+000
      vertex -5.212207e+001  1.686119e+002  2.361691e+000
      vertex -5.212207e+001  1.686119e+002 -2.361691e+000
    endloop
  endfacet
  facet normal  2.809813e-001 -9.597133e-001  0.000000e+000
    outer loop
      vertex -4.704431e+001  1.700985e+002  2.361691e+000
      vertex -5.212207e+001  1.686119e+002 -2.361691e+000
      vertex -4.704431e+001  1.700985e+002 -2.361691e+000
    endloop
  endfacet
  facet normal  2.808807e-001 -9.593697e-001  2.675342e-002
    outer loop
      vertex -4.704431e+001  1.700985e+002 -2.361691e+000
      vertex -5.212207e+001  1.686119e+002 -2.361691e+000
      vertex -5.208474e+001  1.684911e+002 -7.083382e+000
    endloop
  endfacet
  facet normal  2.808801e-001 -9.593700e-001  2.675417e-002
    outer loop
      vertex -4.704431e+001  1.700985e+002 -2.361691e+000
      vertex -5.208474e+001  1.684911e+002 -7.083382e+000
      vertex -4.701062e+001  1.699767e+002 -7.083382e+000
    endloop
  endfacet
  facet normal  2.805783e-001 -9.583393e-001  5.349310e-002
    outer loop
      vertex -4.701062e+001  1.699767e+002 -7.083382e+000
      vertex -5.208474e+001  1.684911e+002 -7.083382e+000
      vertex -5.201011e+001  1.682497e+002 -1.180000e+001
    endloop
  endfacet
  facet normal  2.805770e-001 -9.583396e-001  5.349461e-002
    outer loop
      vertex -4.701062e+001  1.699767e+002 -7.083382e+000
      vertex -5.201011e+001  1.682497e+002 -1.180000e+001
      vertex -4.694326e+001  1.697331e+002 -1.180000e+001
    endloop
  endfacet
  facet normal  3.095135e-001 -9.505185e-001 -2.675626e-002
    outer loop
      vertex -5.715299e+001  1.669737e+002  2.361691e+000
      vertex -5.208474e+001  1.684911e+002  7.083382e+000
      vertex -5.711206e+001  1.668541e+002  7.083382e+000
    endloop
  endfacet
  facet normal  3.091811e-001 -9.494976e-001 -5.349307e-002
    outer loop
      vertex -5.711206e+001  1.668541e+002  7.083382e+000
      vertex -5.208474e+001  1.684911e+002  7.083382e+000
      vertex -5.201011e+001  1.682497e+002  1.180000e+001
    endloop
  endfacet
  facet normal  3.091803e-001 -9.494978e-001 -5.349214e-002
    outer loop
      vertex -5.711206e+001  1.668541e+002  7.083382e+000
      vertex -5.201011e+001  1.682497e+002  1.180000e+001
      vertex -5.703022e+001  1.666150e+002  1.180000e+001
    endloop
  endfacet
  facet normal  3.095112e-001 -9.505194e-001 -2.675341e-002
    outer loop
      vertex -5.208474e+001  1.684911e+002  7.083382e+000
      vertex -5.715299e+001  1.669737e+002  2.361691e+000
      vertex -5.212207e+001  1.686119e+002  2.361691e+000
    endloop
  endfacet
  facet normal  3.096220e-001 -9.508597e-001  0.000000e+000
    outer loop
      vertex -5.212207e+001  1.686119e+002  2.361691e+000
      vertex -5.715299e+001  1.669737e+002  2.361691e+000
      vertex -5.715299e+001  1.669737e+002 -2.361691e+000
    endloop
  endfacet
  facet normal  3.096220e-001 -9.508597e-001  0.000000e+000
    outer loop
      vertex -5.212207e+001  1.686119e+002  2.361691e+000
      vertex -5.715299e+001  1.669737e+002 -2.361691e+000
      vertex -5.212207e+001  1.686119e+002 -2.361691e+000
    endloop
  endfacet
  facet normal  3.095111e-001 -9.505193e-001  2.675629e-002
    outer loop
      vertex -5.212207e+001  1.686119e+002 -2.361691e+000
      vertex -5.715299e+001  1.669737e+002 -2.361691e+000
      vertex -5.711206e+001  1.668541e+002 -7.083382e+000
    endloop
  endfacet
  facet normal  3.095136e-001 -9.505186e-001  2.675342e-002
    outer loop
      vertex -5.212207e+001  1.686119e+002 -2.361691e+000
      vertex -5.711206e+001  1.668541e+002 -7.083382e+000
      vertex -5.208474e+001  1.684911e+002 -7.083382e+000
    endloop
  endfacet
  facet normal  3.091811e-001 -9.494976e-001  5.349212e-002
    outer loop
      vertex -5.208474e+001  1.684911e+002 -7.083382e+000
      vertex -5.711206e+001  1.668541e+002 -7.083382e+000
      vertex -5.703022e+001  1.666150e+002 -1.180000e+001
    endloop
  endfacet
  facet normal  3.091803e-001 -9.494978e-001  5.349307e-002
    outer loop
      vertex -5.208474e+001  1.684911e+002 -7.083382e+000
      vertex -5.703022e+001  1.666150e+002 -1.180000e+001
      vertex -5.201011e+001  1.682497e+002 -1.180000e+001
    endloop
  endfacet
  facet normal  3.378670e-001 -9.408135e-001 -2.675585e-002
    outer loop
      vertex -6.213254e+001  1.651854e+002  2.361691e+000
      vertex -5.711206e+001  1.668541e+002  7.083382e+000
      vertex -6.208804e+001  1.650671e+002  7.083382e+000
    endloop
  endfacet
  facet normal  3.375041e-001 -9.398029e-001 -5.349214e-002
    outer loop
      vertex -6.208804e+001  1.650671e+002  7.083382e+000
      vertex -5.711206e+001  1.668541e+002  7.083382e+000
      vertex -5.703022e+001  1.666150e+002  1.180000e+001
    endloop
  endfacet
  facet normal  3.375036e-001 -9.398032e-001 -5.349154e-002
    outer loop
      vertex -6.208804e+001  1.650671e+002  7.083382e+000
      vertex -5.703022e+001  1.666150e+002  1.180000e+001
      vertex -6.199908e+001  1.648306e+002  1.180000e+001
    endloop
  endfacet
  facet normal  3.378674e-001 -9.408133e-001 -2.675627e-002
    outer loop
      vertex -5.711206e+001  1.668541e+002  7.083382e+000
      vertex -6.213254e+001  1.651854e+002  2.361691e+000
      vertex -5.715299e+001  1.669737e+002  2.361691e+000
    endloop
  endfacet
  facet normal  3.379884e-001 -9.411504e-001  0.000000e+000
    outer loop
      vertex -5.715299e+001  1.669737e+002  2.361691e+000
      vertex -6.213254e+001  1.651854e+002  2.361691e+000
      vertex -6.213254e+001  1.651854e+002 -2.361691e+000
    endloop
  endfacet
  facet normal  3.379884e-001 -9.411504e-001  0.000000e+000
    outer loop
      vertex -5.715299e+001  1.669737e+002  2.361691e+000
      vertex -6.213254e+001  1.651854e+002 -2.361691e+000
      vertex -5.715299e+001  1.669737e+002 -2.361691e+000
    endloop
  endfacet
  facet normal  3.378674e-001 -9.408134e-001  2.675586e-002
    outer loop
      vertex -5.715299e+001  1.669737e+002 -2.361691e+000
      vertex -6.213254e+001  1.651854e+002 -2.361691e+000
      vertex -6.208804e+001  1.650671e+002 -7.083382e+000
    endloop
  endfacet
  facet normal  3.378670e-001 -9.408135e-001  2.675630e-002
    outer loop
      vertex -5.715299e+001  1.669737e+002 -2.361691e+000
      vertex -6.208804e+001  1.650671e+002 -7.083382e+000
      vertex -5.711206e+001  1.668541e+002 -7.083382e+000
    endloop
  endfacet
  facet normal  3.375041e-001 -9.398029e-001  5.349181e-002
    outer loop
      vertex -5.711206e+001  1.668541e+002 -7.083382e+000
      vertex -6.208804e+001  1.650671e+002 -7.083382e+000
      vertex -6.199908e+001  1.648306e+002 -1.180000e+001
    endloop
  endfacet
  facet normal  3.375039e-001 -9.398031e-001  5.349217e-002
    outer loop
      vertex -5.711206e+001  1.668541e+002 -7.083382e+000
      vertex -6.199908e+001  1.648306e+002 -1.180000e+001
      vertex -5.703022e+001  1.666150e+002 -1.180000e+001
    endloop
  endfacet
  facet normal  3.659153e-001 -9.302634e-001 -2.675542e-002
    outer loop
      vertex -6.705624e+001  1.632487e+002  2.361691e+000
      vertex -6.208804e+001  1.650671e+002  7.083382e+000
      vertex -6.700822e+001  1.631318e+002  7.083382e+000
    endloop
  endfacet
  facet normal  3.655223e-001 -9.292642e-001 -5.349157e-002
    outer loop
      vertex -6.700822e+001  1.631318e+002  7.083382e+000
      vertex -6.208804e+001  1.650671e+002  7.083382e+000
      vertex -6.199908e+001  1.648306e+002  1.180000e+001
    endloop
  endfacet
  facet normal  3.655243e-001 -9.292634e-001 -5.349401e-002
    outer loop
      vertex -6.700822e+001  1.631318e+002  7.083382e+000
      vertex -6.199908e+001  1.648306e+002  1.180000e+001
      vertex -6.691221e+001  1.628980e+002  1.180000e+001
    endloop
  endfacet
  facet normal  3.659157e-001 -9.302633e-001 -2.675584e-002
    outer loop
      vertex -6.208804e+001  1.650671e+002  7.083382e+000
      vertex -6.705624e+001  1.632487e+002  2.361691e+000
      vertex -6.213254e+001  1.651854e+002  2.361691e+000
    endloop
  endfacet
  facet normal  3.660468e-001 -9.305965e-001  0.000000e+000
    outer loop
      vertex -6.213254e+001  1.651854e+002  2.361691e+000
      vertex -6.705624e+001  1.632487e+002  2.361691e+000
      vertex -6.705624e+001  1.632487e+002 -2.361691e+000
    endloop
  endfacet
  facet normal  3.660468e-001 -9.305965e-001  0.000000e+000
    outer loop
      vertex -6.213254e+001  1.651854e+002  2.361691e+000
      vertex -6.705624e+001  1.632487e+002 -2.361691e+000
      vertex -6.213254e+001  1.651854e+002 -2.361691e+000
    endloop
  endfacet
  facet normal  3.659157e-001 -9.302633e-001  2.675542e-002
    outer loop
      vertex -6.213254e+001  1.651854e+002 -2.361691e+000
      vertex -6.705624e+001  1.632487e+002 -2.361691e+000
      vertex -6.700822e+001  1.631318e+002 -7.083382e+000
    endloop
  endfacet
  facet normal  3.659153e-001 -9.302634e-001  2.675584e-002
    outer loop
      vertex -6.213254e+001  1.651854e+002 -2.361691e+000
      vertex -6.700822e+001  1.631318e+002 -7.083382e+000
      vertex -6.208804e+001  1.650671e+002 -7.083382e+000
    endloop
  endfacet
  facet normal  3.655223e-001 -9.292641e-001  5.349401e-002
    outer loop
      vertex -6.208804e+001  1.650671e+002 -7.083382e+000
      vertex -6.700822e+001  1.631318e+002 -7.083382e+000
      vertex -6.691221e+001  1.628980e+002 -1.180000e+001
    endloop
  endfacet
  facet normal  3.655241e-001 -9.292635e-001  5.349187e-002
    outer loop
      vertex -6.208804e+001  1.650671e+002 -7.083382e+000
      vertex -6.691221e+001  1.628980e+002 -1.180000e+001
      vertex -6.199908e+001  1.648306e+002 -1.180000e+001
    endloop
  endfacet
  facet normal  3.936397e-001 -9.188754e-001 -2.675505e-002
    outer loop
      vertex -7.191969e+001  1.611652e+002  2.361691e+000
      vertex -6.700822e+001  1.631318e+002  7.083382e+000
      vertex -7.186818e+001  1.610498e+002  7.083382e+000
    endloop
  endfacet
  facet normal  3.932168e-001 -9.178883e-001 -5.349406e-002
    outer loop
      vertex -7.186818e+001  1.610498e+002  7.083382e+000
      vertex -6.700822e+001  1.631318e+002  7.083382e+000
      vertex -6.691221e+001  1.628980e+002  1.180000e+001
    endloop
  endfacet
  facet normal  3.932153e-001 -9.178891e-001 -5.349211e-002
    outer loop
      vertex -7.186818e+001  1.610498e+002  7.083382e+000
      vertex -6.691221e+001  1.628980e+002  1.180000e+001
      vertex -7.176521e+001  1.608190e+002  1.180000e+001
    endloop
  endfacet
  facet normal  3.936400e-001 -9.188752e-001 -2.675540e-002
    outer loop
      vertex -6.700822e+001  1.631318e+002  7.083382e+000
      vertex -7.191969e+001  1.611652e+002  2.361691e+000
      vertex -6.705624e+001  1.632487e+002  2.361691e+000
    endloop
  endfacet
  facet normal  3.937809e-001 -9.192044e-001  0.000000e+000
    outer loop
      vertex -6.705624e+001  1.632487e+002  2.361691e+000
      vertex -7.191969e+001  1.611652e+002  2.361691e+000
      vertex -7.191969e+001  1.611652e+002 -2.361691e+000
    endloop
  endfacet
  facet normal  3.937809e-001 -9.192044e-001  0.000000e+000
    outer loop
      vertex -6.705624e+001  1.632487e+002  2.361691e+000
      vertex -7.191969e+001  1.611652e+002 -2.361691e+000
      vertex -6.705624e+001  1.632487e+002 -2.361691e+000
    endloop
  endfacet
  facet normal  3.936400e-001 -9.188752e-001  2.675506e-002
    outer loop
      vertex -6.705624e+001  1.632487e+002 -2.361691e+000
      vertex -7.191969e+001  1.611652e+002 -2.361691e+000
      vertex -7.186818e+001  1.610498e+002 -7.083382e+000
    endloop
  endfacet
  facet normal  3.936397e-001 -9.188754e-001  2.675539e-002
    outer loop
      vertex -6.705624e+001  1.632487e+002 -2.361691e+000
      vertex -7.186818e+001  1.610498e+002 -7.083382e+000
      vertex -6.700822e+001  1.631318e+002 -7.083382e+000
    endloop
  endfacet
  facet normal  3.932169e-001 -9.178883e-001  5.349208e-002
    outer loop
      vertex -6.700822e+001  1.631318e+002 -7.083382e+000
      vertex -7.186818e+001  1.610498e+002 -7.083382e+000
      vertex -7.176521e+001  1.608190e+002 -1.180000e+001
    endloop
  endfacet
  facet normal  3.932153e-001 -9.178891e-001  5.349405e-002
    outer loop
      vertex -6.700822e+001  1.631318e+002 -7.083382e+000
      vertex -7.176521e+001  1.608190e+002 -1.180000e+001
      vertex -6.691221e+001  1.628980e+002 -1.180000e+001
    endloop
  endfacet
  facet normal  4.210042e-001 -9.066641e-001 -2.675351e-002
    outer loop
      vertex -7.671848e+001  1.589369e+002  2.361691e+000
      vertex -7.186818e+001  1.610498e+002  7.083382e+000
      vertex -7.666354e+001  1.588231e+002  7.083382e+000
    endloop
  endfacet
  facet normal  4.205520e-001 -9.056901e-001 -5.349209e-002
    outer loop
      vertex -7.666354e+001  1.588231e+002  7.083382e+000
      vertex -7.186818e+001  1.610498e+002  7.083382e+000
      vertex -7.176521e+001  1.608190e+002  1.180000e+001
    endloop
  endfacet
  facet normal  4.205524e-001 -9.056899e-001 -5.349265e-002
    outer loop
      vertex -7.666354e+001  1.588231e+002  7.083382e+000
      vertex -7.176521e+001  1.608190e+002  1.180000e+001
      vertex -7.655370e+001  1.585955e+002  1.180000e+001
    endloop
  endfacet
  facet normal  4.210055e-001 -9.066635e-001 -2.675507e-002
    outer loop
      vertex -7.186818e+001  1.610498e+002  7.083382e+000
      vertex -7.671848e+001  1.589369e+002  2.361691e+000
      vertex -7.191969e+001  1.611652e+002  2.361691e+000
    endloop
  endfacet
  facet normal  4.211562e-001 -9.069881e-001  0.000000e+000
    outer loop
      vertex -7.191969e+001  1.611652e+002  2.361691e+000
      vertex -7.671848e+001  1.589369e+002  2.361691e+000
      vertex -7.671848e+001  1.589369e+002 -2.361691e+000
    endloop
  endfacet
  facet normal  4.211562e-001 -9.069881e-001  0.000000e+000
    outer loop
      vertex -7.191969e+001  1.611652e+002  2.361691e+000
      vertex -7.671848e+001  1.589369e+002 -2.361691e+000
      vertex -7.191969e+001  1.611652e+002 -2.361691e+000
    endloop
  endfacet
  facet normal  4.210055e-001 -9.066635e-001  2.675351e-002
    outer loop
      vertex -7.191969e+001  1.611652e+002 -2.361691e+000
      vertex -7.671848e+001  1.589369e+002 -2.361691e+000
      vertex -7.666354e+001  1.588231e+002 -7.083382e+000
    endloop
  endfacet
  facet normal  4.210042e-001 -9.066641e-001  2.675507e-002
    outer loop
      vertex -7.191969e+001  1.611652e+002 -2.361691e+000
      vertex -7.666354e+001  1.588231e+002 -7.083382e+000
      vertex -7.186818e+001  1.610498e+002 -7.083382e+000
    endloop
  endfacet
  facet normal  4.205520e-001 -9.056901e-001  5.349266e-002
    outer loop
      vertex -7.186818e+001  1.610498e+002 -7.083382e+000
      vertex -7.666354e+001  1.588231e+002 -7.083382e+000
      vertex -7.655370e+001  1.585955e+002 -1.180000e+001
    endloop
  endfacet
  facet normal  4.205524e-001 -9.056899e-001  5.349208e-002
    outer loop
      vertex -7.186818e+001  1.610498e+002 -7.083382e+000
      vertex -7.655370e+001  1.585955e+002 -1.180000e+001
      vertex -7.176521e+001  1.608190e+002 -1.180000e+001
    endloop
  endfacet
  facet normal  4.479961e-001 -8.936351e-001 -2.675800e-002
    outer loop
      vertex -8.144833e+001  1.565658e+002  2.361691e+000
      vertex -7.666354e+001  1.588231e+002  7.083382e+000
      vertex -8.139000e+001  1.564536e+002  7.083382e+000
    endloop
  endfacet
  facet normal  4.475148e-001 -8.926752e-001 -5.349264e-002
    outer loop
      vertex -8.139000e+001  1.564536e+002  7.083382e+000
      vertex -7.666354e+001  1.588231e+002  7.083382e+000
      vertex -7.655370e+001  1.585955e+002  1.180000e+001
    endloop
  endfacet
  facet normal  4.475133e-001 -8.926760e-001 -5.349073e-002
    outer loop
      vertex -8.139000e+001  1.564536e+002  7.083382e+000
      vertex -7.655370e+001  1.585955e+002  1.180000e+001
      vertex -8.127338e+001  1.562295e+002  1.180000e+001
    endloop
  endfacet
  facet normal  4.479925e-001 -8.936369e-001 -2.675354e-002
    outer loop
      vertex -7.666354e+001  1.588231e+002  7.083382e+000
      vertex -8.144833e+001  1.565658e+002  2.361691e+000
      vertex -7.671848e+001  1.589369e+002  2.361691e+000
    endloop
  endfacet
  facet normal  4.481529e-001 -8.939570e-001  0.000000e+000
    outer loop
      vertex -7.671848e+001  1.589369e+002  2.361691e+000
      vertex -8.144833e+001  1.565658e+002  2.361691e+000
      vertex -8.144833e+001  1.565658e+002 -2.361691e+000
    endloop
  endfacet
  facet normal  4.481529e-001 -8.939570e-001  0.000000e+000
    outer loop
      vertex -7.671848e+001  1.589369e+002  2.361691e+000
      vertex -8.144833e+001  1.565658e+002 -2.361691e+000
      vertex -7.671848e+001  1.589369e+002 -2.361691e+000
    endloop
  endfacet
  facet normal  4.479925e-001 -8.936368e-001  2.675796e-002
    outer loop
      vertex -7.671848e+001  1.589369e+002 -2.361691e+000
      vertex -8.144833e+001  1.565658e+002 -2.361691e+000
      vertex -8.139000e+001  1.564536e+002 -7.083382e+000
    endloop
  endfacet
  facet normal  4.479961e-001 -8.936351e-001  2.675353e-002
    outer loop
      vertex -7.671848e+001  1.589369e+002 -2.361691e+000
      vertex -8.139000e+001  1.564536e+002 -7.083382e+000
      vertex -7.666354e+001  1.588231e+002 -7.083382e+000
    endloop
  endfacet
  facet normal  4.475149e-001 -8.926753e-001  5.349074e-002
    outer loop
      vertex -7.666354e+001  1.588231e+002 -7.083382e+000
      vertex -8.139000e+001  1.564536e+002 -7.083382e+000
      vertex -8.127338e+001  1.562295e+002 -1.180000e+001
    endloop
  endfacet
  facet normal  4.475133e-001 -8.926759e-001  5.349264e-002
    outer loop
      vertex -7.666354e+001  1.588231e+002 -7.083382e+000
      vertex -8.127338e+001  1.562295e+002 -1.180000e+001
      vertex -7.655370e+001  1.585955e+002 -1.180000e+001
    endloop
  endfacet
  facet normal  4.745809e-001 -8.798052e-001 -2.675683e-002
    outer loop
      vertex -8.610497e+001  1.540539e+002  2.361691e+000
      vertex -8.139000e+001  1.564536e+002  7.083382e+000
      vertex -8.604331e+001  1.539436e+002  7.083382e+000
    endloop
  endfacet
  facet normal  4.740712e-001 -8.788602e-001 -5.349070e-002
    outer loop
      vertex -8.604331e+001  1.539436e+002  7.083382e+000
      vertex -8.139000e+001  1.564536e+002  7.083382e+000
      vertex -8.127338e+001  1.562295e+002  1.180000e+001
    endloop
  endfacet
  facet normal  4.740733e-001 -8.788589e-001 -5.349354e-002
    outer loop
      vertex -8.604331e+001  1.539436e+002  7.083382e+000
      vertex -8.127338e+001  1.562295e+002  1.180000e+001
      vertex -8.592002e+001  1.537230e+002  1.180000e+001
    endloop
  endfacet
  facet normal  4.745818e-001 -8.798046e-001 -2.675797e-002
    outer loop
      vertex -8.139000e+001  1.564536e+002  7.083382e+000
      vertex -8.610497e+001  1.540539e+002  2.361691e+000
      vertex -8.144833e+001  1.565658e+002  2.361691e+000
    endloop
  endfacet
  facet normal  4.747517e-001 -8.801197e-001  0.000000e+000
    outer loop
      vertex -8.144833e+001  1.565658e+002  2.361691e+000
      vertex -8.610497e+001  1.540539e+002  2.361691e+000
      vertex -8.610497e+001  1.540539e+002 -2.361691e+000
    endloop
  endfacet
  facet normal  4.747517e-001 -8.801197e-001  0.000000e+000
    outer loop
      vertex -8.144833e+001  1.565658e+002  2.361691e+000
      vertex -8.610497e+001  1.540539e+002 -2.361691e+000
      vertex -8.144833e+001  1.565658e+002 -2.361691e+000
    endloop
  endfacet
  facet normal  4.745818e-001 -8.798046e-001  2.675682e-002
    outer loop
      vertex -8.144833e+001  1.565658e+002 -2.361691e+000
      vertex -8.610497e+001  1.540539e+002 -2.361691e+000
      vertex -8.604331e+001  1.539436e+002 -7.083382e+000
    endloop
  endfacet
  facet normal  4.745809e-001 -8.798052e-001  2.675798e-002
    outer loop
      vertex -8.144833e+001  1.565658e+002 -2.361691e+000
      vertex -8.604331e+001  1.539436e+002 -7.083382e+000
      vertex -8.139000e+001  1.564536e+002 -7.083382e+000
    endloop
  endfacet
  facet normal  4.740711e-001 -8.788601e-001  5.349356e-002
    outer loop
      vertex -8.139000e+001  1.564536e+002 -7.083382e+000
      vertex -8.604331e+001  1.539436e+002 -7.083382e+000
      vertex -8.592002e+001  1.537230e+002 -1.180000e+001
    endloop
  endfacet
  facet normal  4.740734e-001 -8.788590e-001  5.349072e-002
    outer loop
      vertex -8.139000e+001  1.564536e+002 -7.083382e+000
      vertex -8.592002e+001  1.537230e+002 -1.180000e+001
      vertex -8.127338e+001  1.562295e+002 -1.180000e+001
    endloop
  endfacet
  facet normal  5.007400e-001 -8.651841e-001 -2.675520e-002
    outer loop
      vertex -9.068423e+001  1.514036e+002  2.361691e+000
      vertex -8.604331e+001  1.539436e+002  7.083382e+000
      vertex -9.061929e+001  1.512952e+002  7.083382e+000
    endloop
  endfacet
  facet normal  5.002022e-001 -8.642548e-001 -5.349354e-002
    outer loop
      vertex -9.061929e+001  1.512952e+002  7.083382e+000
      vertex -8.604331e+001  1.539436e+002  7.083382e+000
      vertex -8.592002e+001  1.537230e+002  1.180000e+001
    endloop
  endfacet
  facet normal  5.002033e-001 -8.642540e-001 -5.349518e-002
    outer loop
      vertex -9.061929e+001  1.512952e+002  7.083382e+000
      vertex -8.592002e+001  1.537230e+002  1.180000e+001
      vertex -9.048944e+001  1.510784e+002  1.180000e+001
    endloop
  endfacet
  facet normal  5.007412e-001 -8.651834e-001 -2.675677e-002
    outer loop
      vertex -8.604331e+001  1.539436e+002  7.083382e+000
      vertex -9.068423e+001  1.514036e+002  2.361691e+000
      vertex -8.610497e+001  1.540539e+002  2.361691e+000
    endloop
  endfacet
  facet normal  5.009205e-001 -8.654932e-001  0.000000e+000
    outer loop
      vertex -8.610497e+001  1.540539e+002  2.361691e+000
      vertex -9.068423e+001  1.514036e+002  2.361691e+000
      vertex -9.068423e+001  1.514036e+002 -2.361691e+000
    endloop
  endfacet
  facet normal  5.009205e-001 -8.654932e-001  0.000000e+000
    outer loop
      vertex -8.610497e+001  1.540539e+002  2.361691e+000
      vertex -9.068423e+001  1.514036e+002 -2.361691e+000
      vertex -8.610497e+001  1.540539e+002 -2.361691e+000
    endloop
  endfacet
  facet normal  5.007412e-001 -8.651835e-001  2.675521e-002
    outer loop
      vertex -8.610497e+001  1.540539e+002 -2.361691e+000
      vertex -9.068423e+001  1.514036e+002 -2.361691e+000
      vertex -9.061929e+001  1.512952e+002 -7.083382e+000
    endloop
  endfacet
  facet normal  5.007400e-001 -8.651841e-001  2.675677e-002
    outer loop
      vertex -8.610497e+001  1.540539e+002 -2.361691e+000
      vertex -9.061929e+001  1.512952e+002 -7.083382e+000
      vertex -8.604331e+001  1.539436e+002 -7.083382e+000
    endloop
  endfacet
  facet normal  5.002021e-001 -8.642548e-001  5.349518e-002
    outer loop
      vertex -8.604331e+001  1.539436e+002 -7.083382e+000
      vertex -9.061929e+001  1.512952e+002 -7.083382e+000
      vertex -9.048944e+001  1.510784e+002 -1.180000e+001
    endloop
  endfacet
  facet normal  5.002033e-001 -8.642540e-001  5.349354e-002
    outer loop
      vertex -8.604331e+001  1.539436e+002 -7.083382e+000
      vertex -9.048944e+001  1.510784e+002 -1.180000e+001
      vertex -8.592002e+001  1.537230e+002 -1.180000e+001
    endloop
  endfacet
  facet normal  5.264526e-001 -8.497833e-001 -2.675716e-002
    outer loop
      vertex -9.518198e+001  1.486172e+002  2.361691e+000
      vertex -9.061929e+001  1.512952e+002  7.083382e+000
      vertex -9.511382e+001  1.485107e+002  7.083382e+000
    endloop
  endfacet
  facet normal  5.258871e-001 -8.488705e-001 -5.349512e-002
    outer loop
      vertex -9.511382e+001  1.485107e+002  7.083382e+000
      vertex -9.061929e+001  1.512952e+002  7.083382e+000
      vertex -9.048944e+001  1.510784e+002  1.180000e+001
    endloop
  endfacet
  facet normal  5.258839e-001 -8.488726e-001 -5.349085e-002
    outer loop
      vertex -9.511382e+001  1.485107e+002  7.083382e+000
      vertex -9.048944e+001  1.510784e+002  1.180000e+001
      vertex -9.497753e+001  1.482979e+002  1.180000e+001
    endloop
  endfacet
  facet normal  5.264511e-001 -8.497843e-001 -2.675517e-002
    outer loop
      vertex -9.061929e+001  1.512952e+002  7.083382e+000
      vertex -9.518198e+001  1.486172e+002  2.361691e+000
      vertex -9.068423e+001  1.514036e+002  2.361691e+000
    endloop
  endfacet
  facet normal  5.266397e-001 -8.500886e-001  0.000000e+000
    outer loop
      vertex -9.068423e+001  1.514036e+002  2.361691e+000
      vertex -9.518198e+001  1.486172e+002  2.361691e+000
      vertex -9.518198e+001  1.486172e+002 -2.361691e+000
    endloop
  endfacet
  facet normal  5.266397e-001 -8.500886e-001  0.000000e+000
    outer loop
      vertex -9.068423e+001  1.514036e+002  2.361691e+000
      vertex -9.518198e+001  1.486172e+002 -2.361691e+000
      vertex -9.068423e+001  1.514036e+002 -2.361691e+000
    endloop
  endfacet
  facet normal  5.264511e-001 -8.497843e-001  2.675715e-002
    outer loop
      vertex -9.068423e+001  1.514036e+002 -2.361691e+000
      vertex -9.518198e+001  1.486172e+002 -2.361691e+000
      vertex -9.511382e+001  1.485107e+002 -7.083382e+000
    endloop
  endfacet
  facet normal  5.264527e-001 -8.497834e-001  2.675521e-002
    outer loop
      vertex -9.068423e+001  1.514036e+002 -2.361691e+000
      vertex -9.511382e+001  1.485107e+002 -7.083382e+000
      vertex -9.061929e+001  1.512952e+002 -7.083382e+000
    endloop
  endfacet
  facet normal  5.258871e-001 -8.488706e-001  5.349085e-002
    outer loop
      vertex -9.061929e+001  1.512952e+002 -7.083382e+000
      vertex -9.511382e+001  1.485107e+002 -7.083382e+000
      vertex -9.497753e+001  1.482979e+002 -1.180000e+001
    endloop
  endfacet
  facet normal  5.258839e-001 -8.488725e-001  5.349513e-002
    outer loop
      vertex -9.061929e+001  1.512952e+002 -7.083382e+000
      vertex -9.497753e+001  1.482979e+002 -1.180000e+001
      vertex -9.048944e+001  1.510784e+002 -1.180000e+001
    endloop
  endfacet
  facet normal  5.516863e-001 -8.336225e-001 -2.675525e-002
    outer loop
      vertex -9.959418e+001  1.456972e+002  2.361691e+000
      vertex -9.511382e+001  1.485107e+002  7.083382e+000
      vertex -9.952286e+001  1.455928e+002  7.083382e+000
    endloop
  endfacet
  facet normal  5.510937e-001 -8.327271e-001 -5.349088e-002
    outer loop
      vertex -9.952286e+001  1.455928e+002  7.083382e+000
      vertex -9.511382e+001  1.485107e+002  7.083382e+000
      vertex -9.497753e+001  1.482979e+002  1.180000e+001
    endloop
  endfacet
  facet normal  5.510955e-001 -8.327256e-001 -5.349354e-002
    outer loop
      vertex -9.952286e+001  1.455928e+002  7.083382e+000
      vertex -9.497753e+001  1.482979e+002  1.180000e+001
      vertex -9.938026e+001  1.453842e+002  1.180000e+001
    endloop
  endfacet
  facet normal  5.516875e-001 -8.336215e-001 -2.675708e-002
    outer loop
      vertex -9.511382e+001  1.485107e+002  7.083382e+000
      vertex -9.959418e+001  1.456972e+002  2.361691e+000
      vertex -9.518198e+001  1.486172e+002  2.361691e+000
    endloop
  endfacet
  facet normal  5.518851e-001 -8.339201e-001  0.000000e+000
    outer loop
      vertex -9.518198e+001  1.486172e+002  2.361691e+000
      vertex -9.959418e+001  1.456972e+002  2.361691e+000
      vertex -9.959418e+001  1.456972e+002 -2.361691e+000
    endloop
  endfacet
  facet normal  5.518851e-001 -8.339201e-001  0.000000e+000
    outer loop
      vertex -9.518198e+001  1.486172e+002  2.361691e+000
      vertex -9.959418e+001  1.456972e+002 -2.361691e+000
      vertex -9.518198e+001  1.486172e+002 -2.361691e+000
    endloop
  endfacet
  facet normal  5.516876e-001 -8.336216e-001  2.675525e-002
    outer loop
      vertex -9.518198e+001  1.486172e+002 -2.361691e+000
      vertex -9.959418e+001  1.456972e+002 -2.361691e+000
      vertex -9.952286e+001  1.455928e+002 -7.083382e+000
    endloop
  endfacet
  facet normal  5.516863e-001 -8.336225e-001  2.675708e-002
    outer loop
      vertex -9.518198e+001  1.486172e+002 -2.361691e+000
      vertex -9.952286e+001  1.455928e+002 -7.083382e+000
      vertex -9.511382e+001  1.485107e+002 -7.083382e+000
    endloop
  endfacet
  facet normal  5.510936e-001 -8.327270e-001  5.349351e-002
    outer loop
      vertex -9.511382e+001  1.485107e+002 -7.083382e+000
      vertex -9.952286e+001  1.455928e+002 -7.083382e+000
      vertex -9.938026e+001  1.453842e+002 -1.180000e+001
    endloop
  endfacet
  facet normal  5.510957e-001 -8.327258e-001  5.349087e-002
    outer loop
      vertex -9.511382e+001  1.485107e+002 -7.083382e+000
      vertex -9.938026e+001  1.453842e+002 -1.180000e+001
      vertex -9.497753e+001  1.482979e+002 -1.180000e+001
    endloop
  endfacet
  facet normal  5.764295e-001 -8.167087e-001 -2.675507e-002
    outer loop
      vertex -1.039169e+002  1.426463e+002  2.361691e+000
      vertex -9.952286e+001  1.455928e+002  7.083382e+000
      vertex -1.038425e+002  1.425441e+002  7.083382e+000
    endloop
  endfacet
  facet normal  5.758104e-001 -8.158315e-001 -5.349347e-002
    outer loop
      vertex -1.038425e+002  1.425441e+002  7.083382e+000
      vertex -9.952286e+001  1.455928e+002  7.083382e+000
      vertex -9.938026e+001  1.453842e+002  1.180000e+001
    endloop
  endfacet
  facet normal  5.758095e-001 -8.158321e-001 -5.349233e-002
    outer loop
      vertex -1.038425e+002  1.425441e+002  7.083382e+000
      vertex -9.938026e+001  1.453842e+002  1.180000e+001
      vertex -1.036937e+002  1.423399e+002  1.180000e+001
    endloop
  endfacet
  facet normal  5.764297e-001 -8.167086e-001 -2.675525e-002
    outer loop
      vertex -9.952286e+001  1.455928e+002  7.083382e+000
      vertex -1.039169e+002  1.426463e+002  2.361691e+000
      vertex -9.959418e+001  1.456972e+002  2.361691e+000
    endloop
  endfacet
  facet normal  5.766361e-001 -8.170011e-001  0.000000e+000
    outer loop
      vertex -9.959418e+001  1.456972e+002  2.361691e+000
      vertex -1.039169e+002  1.426463e+002  2.361691e+000
      vertex -1.039169e+002  1.426463e+002 -2.361691e+000
    endloop
  endfacet
  facet normal  5.766361e-001 -8.170011e-001  0.000000e+000
    outer loop
      vertex -9.959418e+001  1.456972e+002  2.361691e+000
      vertex -1.039169e+002  1.426463e+002 -2.361691e+000
      vertex -9.959418e+001  1.456972e+002 -2.361691e+000
    endloop
  endfacet
  facet normal  5.764297e-001 -8.167086e-001  2.675506e-002
    outer loop
      vertex -9.959418e+001  1.456972e+002 -2.361691e+000
      vertex -1.039169e+002  1.426463e+002 -2.361691e+000
      vertex -1.038425e+002  1.425441e+002 -7.083382e+000
    endloop
  endfacet
  facet normal  5.764295e-001 -8.167087e-001  2.675530e-002
    outer loop
      vertex -9.959418e+001  1.456972e+002 -2.361691e+000
      vertex -1.038425e+002  1.425441e+002 -7.083382e+000
      vertex -9.952286e+001  1.455928e+002 -7.083382e+000
    endloop
  endfacet
  facet normal  5.758104e-001 -8.158315e-001  5.349232e-002
    outer loop
      vertex -9.952286e+001  1.455928e+002 -7.083382e+000
      vertex -1.038425e+002  1.425441e+002 -7.083382e+000
      vertex -1.036937e+002  1.423399e+002 -1.180000e+001
    endloop
  endfacet
  facet normal  5.758094e-001 -8.158320e-001  5.349350e-002
    outer loop
      vertex -9.952286e+001  1.455928e+002 -7.083382e+000
      vertex -1.036937e+002  1.423399e+002 -1.180000e+001
      vertex -9.938026e+001  1.453842e+002 -1.180000e+001
    endloop
  endfacet
  facet normal  6.006508e-001 -7.990637e-001 -2.675656e-002
    outer loop
      vertex -1.081462e+002  1.394671e+002  2.361691e+000
      vertex -1.038425e+002  1.425441e+002  7.083382e+000
      vertex -1.080687e+002  1.393672e+002  7.083382e+000
    endloop
  endfacet
  facet normal  6.000056e-001 -7.982053e-001 -5.349236e-002
    outer loop
      vertex -1.080687e+002  1.393672e+002  7.083382e+000
      vertex -1.038425e+002  1.425441e+002  7.083382e+000
      vertex -1.036937e+002  1.423399e+002  1.180000e+001
    endloop
  endfacet
  facet normal  6.000057e-001 -7.982054e-001 -5.349249e-002
    outer loop
      vertex -1.080687e+002  1.393672e+002  7.083382e+000
      vertex -1.036937e+002  1.423399e+002  1.180000e+001
      vertex -1.079139e+002  1.391676e+002  1.180000e+001
    endloop
  endfacet
  facet normal  6.006498e-001 -7.990645e-001 -2.675505e-002
    outer loop
      vertex -1.038425e+002  1.425441e+002  7.083382e+000
      vertex -1.081462e+002  1.394671e+002  2.361691e+000
      vertex -1.039169e+002  1.426463e+002  2.361691e+000
    endloop
  endfacet
  facet normal  6.008648e-001 -7.993506e-001  0.000000e+000
    outer loop
      vertex -1.039169e+002  1.426463e+002  2.361691e+000
      vertex -1.081462e+002  1.394671e+002  2.361691e+000
      vertex -1.081462e+002  1.394671e+002 -2.361691e+000
    endloop
  endfacet
  facet normal  6.008648e-001 -7.993506e-001  0.000000e+000
    outer loop
      vertex -1.039169e+002  1.426463e+002  2.361691e+000
      vertex -1.081462e+002  1.394671e+002 -2.361691e+000
      vertex -1.039169e+002  1.426463e+002 -2.361691e+000
    endloop
  endfacet
  facet normal  6.006497e-001 -7.990645e-001  2.675657e-002
    outer loop
      vertex -1.039169e+002  1.426463e+002 -2.361691e+000
      vertex -1.081462e+002  1.394671e+002 -2.361691e+000
      vertex -1.080687e+002  1.393672e+002 -7.083382e+000
    endloop
  endfacet
  facet normal  6.006508e-001 -7.990637e-001  2.675508e-002
    outer loop
      vertex -1.039169e+002  1.426463e+002 -2.361691e+000
      vertex -1.080687e+002  1.393672e+002 -7.083382e+000
      vertex -1.038425e+002  1.425441e+002 -7.083382e+000
    endloop
  endfacet
  facet normal  6.000056e-001 -7.982053e-001  5.349252e-002
    outer loop
      vertex -1.038425e+002  1.425441e+002 -7.083382e+000
      vertex -1.080687e+002  1.393672e+002 -7.083382e+000
      vertex -1.079139e+002  1.391676e+002 -1.180000e+001
    endloop
  endfacet
  facet normal  6.000057e-001 -7.982054e-001  5.349237e-002
    outer loop
      vertex -1.038425e+002  1.425441e+002 -7.083382e+000
      vertex -1.079139e+002  1.391676e+002 -1.180000e+001
      vertex -1.036937e+002  1.423399e+002 -1.180000e+001
    endloop
  endfacet
  facet normal  6.243349e-001 -7.806985e-001 -2.675695e-002
    outer loop
      vertex -1.122783e+002  1.361626e+002  2.361691e+000
      vertex -1.080687e+002  1.393672e+002  7.083382e+000
      vertex -1.121978e+002  1.360651e+002  7.083382e+000
    endloop
  endfacet
  facet normal  6.236643e-001 -7.798600e-001 -5.349249e-002
    outer loop
      vertex -1.121978e+002  1.360651e+002  7.083382e+000
      vertex -1.080687e+002  1.393672e+002  7.083382e+000
      vertex -1.079139e+002  1.391676e+002  1.180000e+001
    endloop
  endfacet
  facet normal  6.236641e-001 -7.798600e-001 -5.349222e-002
    outer loop
      vertex -1.121978e+002  1.360651e+002  7.083382e+000
      vertex -1.079139e+002  1.391676e+002  1.180000e+001
      vertex -1.120371e+002  1.358702e+002  1.180000e+001
    endloop
  endfacet
  facet normal  6.243346e-001 -7.806986e-001 -2.675660e-002
    outer loop
      vertex -1.080687e+002  1.393672e+002  7.083382e+000
      vertex -1.122783e+002  1.361626e+002  2.361691e+000
      vertex -1.081462e+002  1.394671e+002  2.361691e+000
    endloop
  endfacet
  facet normal  6.245582e-001 -7.809783e-001  0.000000e+000
    outer loop
      vertex -1.081462e+002  1.394671e+002  2.361691e+000
      vertex -1.122783e+002  1.361626e+002  2.361691e+000
      vertex -1.122783e+002  1.361626e+002 -2.361691e+000
    endloop
  endfacet
  facet normal  6.245582e-001 -7.809783e-001  0.000000e+000
    outer loop
      vertex -1.081462e+002  1.394671e+002  2.361691e+000
      vertex -1.122783e+002  1.361626e+002 -2.361691e+000
      vertex -1.081462e+002  1.394671e+002 -2.361691e+000
    endloop
  endfacet
  facet normal  6.243346e-001 -7.806986e-001  2.675694e-002
    outer loop
      vertex -1.081462e+002  1.394671e+002 -2.361691e+000
      vertex -1.122783e+002  1.361626e+002 -2.361691e+000
      vertex -1.121978e+002  1.360651e+002 -7.083382e+000
    endloop
  endfacet
  facet normal  6.243349e-001 -7.806985e-001  2.675657e-002
    outer loop
      vertex -1.081462e+002  1.394671e+002 -2.361691e+000
      vertex -1.121978e+002  1.360651e+002 -7.083382e+000
      vertex -1.080687e+002  1.393672e+002 -7.083382e+000
    endloop
  endfacet
  facet normal  6.236643e-001 -7.798600e-001  5.349218e-002
    outer loop
      vertex -1.080687e+002  1.393672e+002 -7.083382e+000
      vertex -1.121978e+002  1.360651e+002 -7.083382e+000
      vertex -1.120371e+002  1.358702e+002 -1.180000e+001
    endloop
  endfacet
  facet normal  6.236641e-001 -7.798600e-001  5.349249e-002
    outer loop
      vertex -1.080687e+002  1.393672e+002 -7.083382e+000
      vertex -1.120371e+002  1.358702e+002 -1.180000e+001
      vertex -1.079139e+002  1.391676e+002 -1.180000e+001
    endloop
  endfacet
  facet normal  6.474555e-001 -7.616333e-001 -2.675616e-002
    outer loop
      vertex -1.163094e+002  1.327358e+002  2.361691e+000
      vertex -1.121978e+002  1.360651e+002  7.083382e+000
      vertex -1.162261e+002  1.326407e+002  7.083382e+000
    endloop
  endfacet
  facet normal  6.467602e-001 -7.608154e-001 -5.349221e-002
    outer loop
      vertex -1.162261e+002  1.326407e+002  7.083382e+000
      vertex -1.121978e+002  1.360651e+002  7.083382e+000
      vertex -1.120371e+002  1.358702e+002  1.180000e+001
    endloop
  endfacet
  facet normal  6.467597e-001 -7.608157e-001 -5.349160e-002
    outer loop
      vertex -1.162261e+002  1.326407e+002  7.083382e+000
      vertex -1.120371e+002  1.358702e+002  1.180000e+001
      vertex -1.160596e+002  1.324507e+002  1.180000e+001
    endloop
  endfacet
  facet normal  6.474561e-001 -7.616330e-001 -2.675696e-002
    outer loop
      vertex -1.121978e+002  1.360651e+002  7.083382e+000
      vertex -1.163094e+002  1.327358e+002  2.361691e+000
      vertex -1.122783e+002  1.361626e+002  2.361691e+000
    endloop
  endfacet
  facet normal  6.476880e-001 -7.619057e-001  0.000000e+000
    outer loop
      vertex -1.122783e+002  1.361626e+002  2.361691e+000
      vertex -1.163094e+002  1.327358e+002  2.361691e+000
      vertex -1.163094e+002  1.327358e+002 -2.361691e+000
    endloop
  endfacet
  facet normal  6.476880e-001 -7.619057e-001  0.000000e+000
    outer loop
      vertex -1.122783e+002  1.361626e+002  2.361691e+000
      vertex -1.163094e+002  1.327358e+002 -2.361691e+000
      vertex -1.122783e+002  1.361626e+002 -2.361691e+000
    endloop
  endfacet
  facet normal  6.474561e-001 -7.616330e-001  2.675612e-002
    outer loop
      vertex -1.122783e+002  1.361626e+002 -2.361691e+000
      vertex -1.163094e+002  1.327358e+002 -2.361691e+000
      vertex -1.162261e+002  1.326407e+002 -7.083382e+000
    endloop
  endfacet
  facet normal  6.474555e-001 -7.616333e-001  2.675696e-002
    outer loop
      vertex -1.122783e+002  1.361626e+002 -2.361691e+000
      vertex -1.162261e+002  1.326407e+002 -7.083382e+000
      vertex -1.121978e+002  1.360651e+002 -7.083382e+000
    endloop
  endfacet
  facet normal  6.467602e-001 -7.608154e-001  5.349160e-002
    outer loop
      vertex -1.121978e+002  1.360651e+002 -7.083382e+000
      vertex -1.162261e+002  1.326407e+002 -7.083382e+000
      vertex -1.160596e+002  1.324507e+002 -1.180000e+001
    endloop
  endfacet
  facet normal  6.467597e-001 -7.608157e-001  5.349220e-002
    outer loop
      vertex -1.121978e+002  1.360651e+002 -7.083382e+000
      vertex -1.160596e+002  1.324507e+002 -1.180000e+001
      vertex -1.120371e+002  1.358702e+002 -1.180000e+001
    endloop
  endfacet
  facet normal  6.699966e-001 -7.418819e-001 -2.675763e-002
    outer loop
      vertex -1.202361e+002  1.291896e+002  2.361691e+000
      vertex -1.162261e+002  1.326407e+002  7.083382e+000
      vertex -1.201500e+002  1.290971e+002  7.083382e+000
    endloop
  endfacet
  facet normal  6.692769e-001 -7.410851e-001 -5.349164e-002
    outer loop
      vertex -1.201500e+002  1.290971e+002  7.083382e+000
      vertex -1.162261e+002  1.326407e+002  7.083382e+000
      vertex -1.160596e+002  1.324507e+002  1.180000e+001
    endloop
  endfacet
  facet normal  6.692781e-001 -7.410839e-001 -5.349355e-002
    outer loop
      vertex -1.201500e+002  1.290971e+002  7.083382e+000
      vertex -1.160596e+002  1.324507e+002  1.180000e+001
      vertex -1.199778e+002  1.289121e+002  1.180000e+001
    endloop
  endfacet
  facet normal  6.699955e-001 -7.418829e-001 -2.675611e-002
    outer loop
      vertex -1.162261e+002  1.326407e+002  7.083382e+000
      vertex -1.202361e+002  1.291896e+002  2.361691e+000
      vertex -1.163094e+002  1.327358e+002  2.361691e+000
    endloop
  endfacet
  facet normal  6.702355e-001 -7.421485e-001  0.000000e+000
    outer loop
      vertex -1.163094e+002  1.327358e+002  2.361691e+000
      vertex -1.202361e+002  1.291896e+002  2.361691e+000
      vertex -1.202361e+002  1.291896e+002 -2.361691e+000
    endloop
  endfacet
  facet normal  6.702355e-001 -7.421485e-001  0.000000e+000
    outer loop
      vertex -1.163094e+002  1.327358e+002  2.361691e+000
      vertex -1.202361e+002  1.291896e+002 -2.361691e+000
      vertex -1.163094e+002  1.327358e+002 -2.361691e+000
    endloop
  endfacet
  facet normal  6.699955e-001 -7.418827e-001  2.675760e-002
    outer loop
      vertex -1.163094e+002  1.327358e+002 -2.361691e+000
      vertex -1.202361e+002  1.291896e+002 -2.361691e+000
      vertex -1.201500e+002  1.290971e+002 -7.083382e+000
    endloop
  endfacet
  facet normal  6.699966e-001 -7.418819e-001  2.675614e-002
    outer loop
      vertex -1.163094e+002  1.327358e+002 -2.361691e+000
      vertex -1.201500e+002  1.290971e+002 -7.083382e+000
      vertex -1.162261e+002  1.326407e+002 -7.083382e+000
    endloop
  endfacet
  facet normal  6.692768e-001 -7.410851e-001  5.349355e-002
    outer loop
      vertex -1.162261e+002  1.326407e+002 -7.083382e+000
      vertex -1.201500e+002  1.290971e+002 -7.083382e+000
      vertex -1.199778e+002  1.289121e+002 -1.180000e+001
    endloop
  endfacet
  facet normal  6.692781e-001 -7.410839e-001  5.349160e-002
    outer loop
      vertex -1.162261e+002  1.326407e+002 -7.083382e+000
      vertex -1.199778e+002  1.289121e+002 -1.180000e+001
      vertex -1.160596e+002  1.324507e+002 -1.180000e+001
    endloop
  endfacet
  facet normal  6.919333e-001 -7.214655e-001 -2.675570e-002
    outer loop
      vertex -1.240547e+002  1.255273e+002  2.361691e+000
      vertex -1.201500e+002  1.290971e+002  7.083382e+000
      vertex -1.239658e+002  1.254374e+002  7.083382e+000
    endloop
  endfacet
  facet normal  6.911900e-001 -7.206905e-001 -5.349348e-002
    outer loop
      vertex -1.239658e+002  1.254374e+002  7.083382e+000
      vertex -1.201500e+002  1.290971e+002  7.083382e+000
      vertex -1.199778e+002  1.289121e+002  1.180000e+001
    endloop
  endfacet
  facet normal  6.911898e-001 -7.206907e-001 -5.349309e-002
    outer loop
      vertex -1.239658e+002  1.254374e+002  7.083382e+000
      vertex -1.199778e+002  1.289121e+002  1.180000e+001
      vertex -1.237882e+002  1.252577e+002  1.180000e+001
    endloop
  endfacet
  facet normal  6.919345e-001 -7.214643e-001 -2.675761e-002
    outer loop
      vertex -1.201500e+002  1.290971e+002  7.083382e+000
      vertex -1.240547e+002  1.255273e+002  2.361691e+000
      vertex -1.202361e+002  1.291896e+002  2.361691e+000
    endloop
  endfacet
  facet normal  6.921823e-001 -7.217227e-001  0.000000e+000
    outer loop
      vertex -1.202361e+002  1.291896e+002  2.361691e+000
      vertex -1.240547e+002  1.255273e+002  2.361691e+000
      vertex -1.240547e+002  1.255273e+002 -2.361691e+000
    endloop
  endfacet
  facet normal  6.921823e-001 -7.217227e-001  0.000000e+000
    outer loop
      vertex -1.202361e+002  1.291896e+002  2.361691e+000
      vertex -1.240547e+002  1.255273e+002 -2.361691e+000
      vertex -1.202361e+002  1.291896e+002 -2.361691e+000
    endloop
  endfacet
  facet normal  6.919345e-001 -7.214643e-001  2.675567e-002
    outer loop
      vertex -1.202361e+002  1.291896e+002 -2.361691e+000
      vertex -1.240547e+002  1.255273e+002 -2.361691e+000
      vertex -1.239658e+002  1.254374e+002 -7.083382e+000
    endloop
  endfacet
  facet normal  6.919333e-001 -7.214655e-001  2.675760e-002
    outer loop
      vertex -1.202361e+002  1.291896e+002 -2.361691e+000
      vertex -1.239658e+002  1.254374e+002 -7.083382e+000
      vertex -1.201500e+002  1.290971e+002 -7.083382e+000
    endloop
  endfacet
  facet normal  6.911900e-001 -7.206905e-001  5.349310e-002
    outer loop
      vertex -1.201500e+002  1.290971e+002 -7.083382e+000
      vertex -1.239658e+002  1.254374e+002 -7.083382e+000
      vertex -1.237882e+002  1.252577e+002 -1.180000e+001
    endloop
  endfacet
  facet normal  6.911898e-001 -7.206907e-001  5.349347e-002
    outer loop
      vertex -1.201500e+002  1.290971e+002 -7.083382e+000
      vertex -1.237882e+002  1.252577e+002 -1.180000e+001
      vertex -1.199778e+002  1.289121e+002 -1.180000e+001
    endloop
  endfacet
  facet normal  7.132493e-001 -7.003996e-001 -2.675609e-002
    outer loop
      vertex -1.277617e+002  1.217522e+002  2.361691e+000
      vertex -1.239658e+002  1.254374e+002  7.083382e+000
      vertex -1.276702e+002  1.216650e+002  7.083382e+000
    endloop
  endfacet
  facet normal  7.124832e-001 -6.996472e-001 -5.349313e-002
    outer loop
      vertex -1.276702e+002  1.216650e+002  7.083382e+000
      vertex -1.239658e+002  1.254374e+002  7.083382e+000
      vertex -1.237882e+002  1.252577e+002  1.180000e+001
    endloop
  endfacet
  facet normal  7.124830e-001 -6.996474e-001 -5.349287e-002
    outer loop
      vertex -1.276702e+002  1.216650e+002  7.083382e+000
      vertex -1.237882e+002  1.252577e+002  1.180000e+001
      vertex -1.274873e+002  1.214907e+002  1.180000e+001
    endloop
  endfacet
  facet normal  7.132491e-001 -7.003999e-001 -2.675567e-002
    outer loop
      vertex -1.239658e+002  1.254374e+002  7.083382e+000
      vertex -1.277617e+002  1.217522e+002  2.361691e+000
      vertex -1.240547e+002  1.255273e+002  2.361691e+000
    endloop
  endfacet
  facet normal  7.135045e-001 -7.006507e-001  0.000000e+000
    outer loop
      vertex -1.240547e+002  1.255273e+002  2.361691e+000
      vertex -1.277617e+002  1.217522e+002  2.361691e+000
      vertex -1.277617e+002  1.217522e+002 -2.361691e+000
    endloop
  endfacet
  facet normal  7.135045e-001 -7.006507e-001  0.000000e+000
    outer loop
      vertex -1.240547e+002  1.255273e+002  2.361691e+000
      vertex -1.277617e+002  1.217522e+002 -2.361691e+000
      vertex -1.240547e+002  1.255273e+002 -2.361691e+000
    endloop
  endfacet
  facet normal  7.132491e-001 -7.003999e-001  2.675613e-002
    outer loop
      vertex -1.240547e+002  1.255273e+002 -2.361691e+000
      vertex -1.277617e+002  1.217522e+002 -2.361691e+000
      vertex -1.276702e+002  1.216650e+002 -7.083382e+000
    endloop
  endfacet
  facet normal  7.132493e-001 -7.003996e-001  2.675566e-002
    outer loop
      vertex -1.240547e+002  1.255273e+002 -2.361691e+000
      vertex -1.276702e+002  1.216650e+002 -7.083382e+000
      vertex -1.239658e+002  1.254374e+002 -7.083382e+000
    endloop
  endfacet
  facet normal  7.124832e-001 -6.996472e-001  5.349282e-002
    outer loop
      vertex -1.239658e+002  1.254374e+002 -7.083382e+000
      vertex -1.276702e+002  1.216650e+002 -7.083382e+000
      vertex -1.274873e+002  1.214907e+002 -1.180000e+001
    endloop
  endfacet
  facet normal  7.124830e-001 -6.996474e-001  5.349310e-002
    outer loop
      vertex -1.239658e+002  1.254374e+002 -7.083382e+000
      vertex -1.274873e+002  1.214907e+002 -1.180000e+001
      vertex -1.237882e+002  1.252577e+002 -1.180000e+001
    endloop
  endfacet
  facet normal  7.339242e-001 -6.787041e-001 -2.675661e-002
    outer loop
      vertex -1.313540e+002  1.178677e+002  2.361691e+000
      vertex -1.276702e+002  1.216650e+002  7.083382e+000
      vertex -1.312599e+002  1.177833e+002  7.083382e+000
    endloop
  endfacet
  facet normal  7.331359e-001 -6.779751e-001 -5.349287e-002
    outer loop
      vertex -1.312599e+002  1.177833e+002  7.083382e+000
      vertex -1.276702e+002  1.216650e+002  7.083382e+000
      vertex -1.274873e+002  1.214907e+002  1.180000e+001
    endloop
  endfacet
  facet normal  7.331358e-001 -6.779752e-001 -5.349272e-002
    outer loop
      vertex -1.312599e+002  1.177833e+002  7.083382e+000
      vertex -1.274873e+002  1.214907e+002  1.180000e+001
      vertex -1.310719e+002  1.176145e+002  1.180000e+001
    endloop
  endfacet
  facet normal  7.339240e-001 -6.787044e-001 -2.675613e-002
    outer loop
      vertex -1.276702e+002  1.216650e+002  7.083382e+000
      vertex -1.313540e+002  1.178677e+002  2.361691e+000
      vertex -1.277617e+002  1.217522e+002  2.361691e+000
    endloop
  endfacet
  facet normal  7.341869e-001 -6.789474e-001  0.000000e+000
    outer loop
      vertex -1.277617e+002  1.217522e+002  2.361691e+000
      vertex -1.313540e+002  1.178677e+002  2.361691e+000
      vertex -1.313540e+002  1.178677e+002 -2.361691e+000
    endloop
  endfacet
  facet normal  7.341869e-001 -6.789474e-001  0.000000e+000
    outer loop
      vertex -1.277617e+002  1.217522e+002  2.361691e+000
      vertex -1.313540e+002  1.178677e+002 -2.361691e+000
      vertex -1.277617e+002  1.217522e+002 -2.361691e+000
    endloop
  endfacet
  facet normal  7.339240e-001 -6.787044e-001  2.675655e-002
    outer loop
      vertex -1.277617e+002  1.217522e+002 -2.361691e+000
      vertex -1.313540e+002  1.178677e+002 -2.361691e+000
      vertex -1.312599e+002  1.177833e+002 -7.083382e+000
    endloop
  endfacet
  facet normal  7.339242e-001 -6.787041e-001  2.675611e-002
    outer loop
      vertex -1.277617e+002  1.217522e+002 -2.361691e+000
      vertex -1.312599e+002  1.177833e+002 -7.083382e+000
      vertex -1.276702e+002  1.216650e+002 -7.083382e+000
    endloop
  endfacet
  facet normal  7.331359e-001 -6.779751e-001  5.349272e-002
    outer loop
      vertex -1.276702e+002  1.216650e+002 -7.083382e+000
      vertex -1.312599e+002  1.177833e+002 -7.083382e+000
      vertex -1.310719e+002  1.176145e+002 -1.180000e+001
    endloop
  endfacet
  facet normal  7.331358e-001 -6.779752e-001  5.349287e-002
    outer loop
      vertex -1.276702e+002  1.216650e+002 -7.083382e+000
      vertex -1.310719e+002  1.176145e+002 -1.180000e+001
      vertex -1.274873e+002  1.214907e+002 -1.180000e+001
    endloop
  endfacet
  facet normal  7.539406e-001 -6.563974e-001 -2.675839e-002
    outer loop
      vertex -1.348282e+002  1.138773e+002  2.361691e+000
      vertex -1.312599e+002  1.177833e+002  7.083382e+000
      vertex -1.347316e+002  1.137957e+002  7.083382e+000
    endloop
  endfacet
  facet normal  7.531308e-001 -6.556923e-001 -5.349273e-002
    outer loop
      vertex -1.347316e+002  1.137957e+002  7.083382e+000
      vertex -1.312599e+002  1.177833e+002  7.083382e+000
      vertex -1.310719e+002  1.176145e+002  1.180000e+001
    endloop
  endfacet
  facet normal  7.531295e-001 -6.556942e-001 -5.349020e-002
    outer loop
      vertex -1.347316e+002  1.137957e+002  7.083382e+000
      vertex -1.310719e+002  1.176145e+002  1.180000e+001
      vertex -1.345386e+002  1.136327e+002  1.180000e+001
    endloop
  endfacet
  facet normal  7.539396e-001 -6.563987e-001 -2.675653e-002
    outer loop
      vertex -1.312599e+002  1.177833e+002  7.083382e+000
      vertex -1.348282e+002  1.138773e+002  2.361691e+000
      vertex -1.313540e+002  1.178677e+002  2.361691e+000
    endloop
  endfacet
  facet normal  7.542096e-001 -6.566339e-001  0.000000e+000
    outer loop
      vertex -1.313540e+002  1.178677e+002  2.361691e+000
      vertex -1.348282e+002  1.138773e+002  2.361691e+000
      vertex -1.348282e+002  1.138773e+002 -2.361691e+000
    endloop
  endfacet
  facet normal  7.542096e-001 -6.566339e-001  0.000000e+000
    outer loop
      vertex -1.313540e+002  1.178677e+002  2.361691e+000
      vertex -1.348282e+002  1.138773e+002 -2.361691e+000
      vertex -1.313540e+002  1.178677e+002 -2.361691e+000
    endloop
  endfacet
  facet normal  7.539395e-001 -6.563986e-001  2.675836e-002
    outer loop
      vertex -1.313540e+002  1.178677e+002 -2.361691e+000
      vertex -1.348282e+002  1.138773e+002 -2.361691e+000
      vertex -1.347316e+002  1.137957e+002 -7.083382e+000
    endloop
  endfacet
  facet normal  7.539407e-001 -6.563975e-001  2.675652e-002
    outer loop
      vertex -1.313540e+002  1.178677e+002 -2.361691e+000
      vertex -1.347316e+002  1.137957e+002 -7.083382e+000
      vertex -1.312599e+002  1.177833e+002 -7.083382e+000
    endloop
  endfacet
  facet normal  7.531309e-001 -6.556924e-001  5.349022e-002
    outer loop
      vertex -1.312599e+002  1.177833e+002 -7.083382e+000
      vertex -1.347316e+002  1.137957e+002 -7.083382e+000
      vertex -1.345386e+002  1.136327e+002 -1.180000e+001
    endloop
  endfacet
  facet normal  7.531293e-001 -6.556941e-001  5.349272e-002
    outer loop
      vertex -1.312599e+002  1.177833e+002 -7.083382e+000
      vertex -1.345386e+002  1.136327e+002 -1.180000e+001
      vertex -1.310719e+002  1.176145e+002 -1.180000e+001
    endloop
  endfacet
  facet normal  7.732764e-001 -6.335043e-001 -2.675668e-002
    outer loop
      vertex -1.381812e+002  1.097844e+002  2.361691e+000
      vertex -1.347316e+002  1.137957e+002  7.083382e+000
      vertex -1.380822e+002  1.097058e+002  7.083382e+000
    endloop
  endfacet
  facet normal  7.724459e-001 -6.328239e-001 -5.349016e-002
    outer loop
      vertex -1.380822e+002  1.097058e+002  7.083382e+000
      vertex -1.347316e+002  1.137957e+002  7.083382e+000
      vertex -1.345386e+002  1.136327e+002  1.180000e+001
    endloop
  endfacet
  facet normal  7.724470e-001 -6.328224e-001 -5.349219e-002
    outer loop
      vertex -1.380822e+002  1.097058e+002  7.083382e+000
      vertex -1.345386e+002  1.136327e+002  1.180000e+001
      vertex -1.378844e+002  1.095486e+002  1.180000e+001
    endloop
  endfacet
  facet normal  7.732774e-001 -6.335030e-001 -2.675842e-002
    outer loop
      vertex -1.347316e+002  1.137957e+002  7.083382e+000
      vertex -1.381812e+002  1.097844e+002  2.361691e+000
      vertex -1.348282e+002  1.138773e+002  2.361691e+000
    endloop
  endfacet
  facet normal  7.735544e-001 -6.337299e-001  0.000000e+000
    outer loop
      vertex -1.348282e+002  1.138773e+002  2.361691e+000
      vertex -1.381812e+002  1.097844e+002  2.361691e+000
      vertex -1.381812e+002  1.097844e+002 -2.361691e+000
    endloop
  endfacet
  facet normal  7.735544e-001 -6.337299e-001  0.000000e+000
    outer loop
      vertex -1.348282e+002  1.138773e+002  2.361691e+000
      vertex -1.381812e+002  1.097844e+002 -2.361691e+000
      vertex -1.348282e+002  1.138773e+002 -2.361691e+000
    endloop
  endfacet
  facet normal  7.732774e-001 -6.335030e-001  2.675663e-002
    outer loop
      vertex -1.348282e+002  1.138773e+002 -2.361691e+000
      vertex -1.381812e+002  1.097844e+002 -2.361691e+000
      vertex -1.380822e+002  1.097058e+002 -7.083382e+000
    endloop
  endfacet
  facet normal  7.732764e-001 -6.335042e-001  2.675843e-002
    outer loop
      vertex -1.348282e+002  1.138773e+002 -2.361691e+000
      vertex -1.380822e+002  1.097058e+002 -7.083382e+000
      vertex -1.347316e+002  1.137957e+002 -7.083382e+000
    endloop
  endfacet
  facet normal  7.724459e-001 -6.328238e-001  5.349221e-002
    outer loop
      vertex -1.347316e+002  1.137957e+002 -7.083382e+000
      vertex -1.380822e+002  1.097058e+002 -7.083382e+000
      vertex -1.378844e+002  1.095486e+002 -1.180000e+001
    endloop
  endfacet
  facet normal  7.724470e-001 -6.328225e-001  5.349017e-002
    outer loop
      vertex -1.347316e+002  1.137957e+002 -7.083382e+000
      vertex -1.378844e+002  1.095486e+002 -1.180000e+001
      vertex -1.345386e+002  1.136327e+002 -1.180000e+001
    endloop
  endfacet
  facet normal  7.919192e-001 -6.100394e-001 -2.675575e-002
    outer loop
      vertex -1.414100e+002  1.055930e+002  2.361691e+000
      vertex -1.380822e+002  1.097058e+002  7.083382e+000
      vertex -1.413088e+002  1.055173e+002  7.083382e+000
    endloop
  endfacet
  facet normal  7.910686e-001 -6.093842e-001 -5.349215e-002
    outer loop
      vertex -1.413088e+002  1.055173e+002  7.083382e+000
      vertex -1.380822e+002  1.097058e+002  7.083382e+000
      vertex -1.378844e+002  1.095486e+002  1.180000e+001
    endloop
  endfacet
  facet normal  7.910684e-001 -6.093844e-001 -5.349184e-002
    outer loop
      vertex -1.413088e+002  1.055173e+002  7.083382e+000
      vertex -1.378844e+002  1.095486e+002  1.180000e+001
      vertex -1.411063e+002  1.053661e+002  1.180000e+001
    endloop
  endfacet
  facet normal  7.919197e-001 -6.100388e-001 -2.675670e-002
    outer loop
      vertex -1.380822e+002  1.097058e+002  7.083382e+000
      vertex -1.414100e+002  1.055930e+002  2.361691e+000
      vertex -1.381812e+002  1.097844e+002  2.361691e+000
    endloop
  endfacet
  facet normal  7.922033e-001 -6.102572e-001  0.000000e+000
    outer loop
      vertex -1.381812e+002  1.097844e+002  2.361691e+000
      vertex -1.414100e+002  1.055930e+002  2.361691e+000
      vertex -1.414100e+002  1.055930e+002 -2.361691e+000
    endloop
  endfacet
  facet normal  7.922033e-001 -6.102572e-001  0.000000e+000
    outer loop
      vertex -1.381812e+002  1.097844e+002  2.361691e+000
      vertex -1.414100e+002  1.055930e+002 -2.361691e+000
      vertex -1.381812e+002  1.097844e+002 -2.361691e+000
    endloop
  endfacet
  facet normal  7.919197e-001 -6.100388e-001  2.675574e-002
    outer loop
      vertex -1.381812e+002  1.097844e+002 -2.361691e+000
      vertex -1.414100e+002  1.055930e+002 -2.361691e+000
      vertex -1.413088e+002  1.055173e+002 -7.083382e+000
    endloop
  endfacet
  facet normal  7.919192e-001 -6.100394e-001  2.675670e-002
    outer loop
      vertex -1.381812e+002  1.097844e+002 -2.361691e+000
      vertex -1.413088e+002  1.055173e+002 -7.083382e+000
      vertex -1.380822e+002  1.097058e+002 -7.083382e+000
    endloop
  endfacet
  facet normal  7.910686e-001 -6.093842e-001  5.349184e-002
    outer loop
      vertex -1.380822e+002  1.097058e+002 -7.083382e+000
      vertex -1.413088e+002  1.055173e+002 -7.083382e+000
      vertex -1.411063e+002  1.053661e+002 -1.180000e+001
    endloop
  endfacet
  facet normal  7.910684e-001 -6.093844e-001  5.349218e-002
    outer loop
      vertex -1.380822e+002  1.097058e+002 -7.083382e+000
      vertex -1.411063e+002  1.053661e+002 -1.180000e+001
      vertex -1.378844e+002  1.095486e+002 -1.180000e+001
    endloop
  endfacet
  facet normal  8.098501e-001 -5.860264e-001 -2.675624e-002
    outer loop
      vertex -1.445118e+002  1.013066e+002  2.361691e+000
      vertex -1.413088e+002  1.055173e+002  7.083382e+000
      vertex -1.444083e+002  1.012340e+002  7.083382e+000
    endloop
  endfacet
  facet normal  8.089803e-001 -5.853969e-001 -5.349180e-002
    outer loop
      vertex -1.444083e+002  1.012340e+002  7.083382e+000
      vertex -1.413088e+002  1.055173e+002  7.083382e+000
      vertex -1.411063e+002  1.053661e+002  1.180000e+001
    endloop
  endfacet
  facet normal  8.089804e-001 -5.853967e-001 -5.349208e-002
    outer loop
      vertex -1.444083e+002  1.012340e+002  7.083382e+000
      vertex -1.411063e+002  1.053661e+002  1.180000e+001
      vertex -1.442014e+002  1.010890e+002  1.180000e+001
    endloop
  endfacet
  facet normal  8.098499e-001 -5.860267e-001 -2.675578e-002
    outer loop
      vertex -1.413088e+002  1.055173e+002  7.083382e+000
      vertex -1.445118e+002  1.013066e+002  2.361691e+000
      vertex -1.414100e+002  1.055930e+002  2.361691e+000
    endloop
  endfacet
  facet normal  8.101399e-001 -5.862366e-001  0.000000e+000
    outer loop
      vertex -1.414100e+002  1.055930e+002  2.361691e+000
      vertex -1.445118e+002  1.013066e+002  2.361691e+000
      vertex -1.445118e+002  1.013066e+002 -2.361691e+000
    endloop
  endfacet
  facet normal  8.101399e-001 -5.862366e-001  0.000000e+000
    outer loop
      vertex -1.414100e+002  1.055930e+002  2.361691e+000
      vertex -1.445118e+002  1.013066e+002 -2.361691e+000
      vertex -1.414100e+002  1.055930e+002 -2.361691e+000
    endloop
  endfacet
  facet normal  8.098499e-001 -5.860267e-001  2.675627e-002
    outer loop
      vertex -1.414100e+002  1.055930e+002 -2.361691e+000
      vertex -1.445118e+002  1.013066e+002 -2.361691e+000
      vertex -1.444083e+002  1.012340e+002 -7.083382e+000
    endloop
  endfacet
  facet normal  8.098501e-001 -5.860264e-001  2.675578e-002
    outer loop
      vertex -1.414100e+002  1.055930e+002 -2.361691e+000
      vertex -1.444083e+002  1.012340e+002 -7.083382e+000
      vertex -1.413088e+002  1.055173e+002 -7.083382e+000
    endloop
  endfacet
  facet normal  8.089803e-001 -5.853969e-001  5.349206e-002
    outer loop
      vertex -1.413088e+002  1.055173e+002 -7.083382e+000
      vertex -1.444083e+002  1.012340e+002 -7.083382e+000
      vertex -1.442014e+002  1.010890e+002 -1.180000e+001
    endloop
  endfacet
  facet normal  8.089804e-001 -5.853967e-001  5.349185e-002
    outer loop
      vertex -1.413088e+002  1.055173e+002 -7.083382e+000
      vertex -1.442014e+002  1.010890e+002 -1.180000e+001
      vertex -1.411063e+002  1.053661e+002 -1.180000e+001
    endloop
  endfacet
  facet normal  8.270537e-001 -5.614858e-001 -2.675849e-002
    outer loop
      vertex -1.474836e+002  9.692915e+001  2.361691e+000
      vertex -1.444083e+002  1.012340e+002  7.083382e+000
      vertex -1.473780e+002  9.685973e+001  7.083382e+000
    endloop
  endfacet
  facet normal  8.261653e-001 -5.608827e-001 -5.349203e-002
    outer loop
      vertex -1.473780e+002  9.685973e+001  7.083382e+000
      vertex -1.444083e+002  1.012340e+002  7.083382e+000
      vertex -1.442014e+002  1.010890e+002  1.180000e+001
    endloop
  endfacet
  facet normal  8.261653e-001 -5.608828e-001 -5.349196e-002
    outer loop
      vertex -1.473780e+002  9.685973e+001  7.083382e+000
      vertex -1.442014e+002  1.010890e+002  1.180000e+001
      vertex -1.471668e+002  9.672094e+001  1.180000e+001
    endloop
  endfacet
  facet normal  8.270525e-001 -5.614874e-001 -2.675628e-002
    outer loop
      vertex -1.444083e+002  1.012340e+002  7.083382e+000
      vertex -1.474836e+002  9.692915e+001  2.361691e+000
      vertex -1.445118e+002  1.013066e+002  2.361691e+000
    endloop
  endfacet
  facet normal  8.273488e-001 -5.616885e-001  0.000000e+000
    outer loop
      vertex -1.445118e+002  1.013066e+002  2.361691e+000
      vertex -1.474836e+002  9.692915e+001  2.361691e+000
      vertex -1.474836e+002  9.692915e+001 -2.361691e+000
    endloop
  endfacet
  facet normal  8.273488e-001 -5.616885e-001  0.000000e+000
    outer loop
      vertex -1.445118e+002  1.013066e+002  2.361691e+000
      vertex -1.474836e+002  9.692915e+001 -2.361691e+000
      vertex -1.445118e+002  1.013066e+002 -2.361691e+000
    endloop
  endfacet
  facet normal  8.270525e-001 -5.614874e-001  2.675849e-002
    outer loop
      vertex -1.445118e+002  1.013066e+002 -2.361691e+000
      vertex -1.474836e+002  9.692915e+001 -2.361691e+000
      vertex -1.473780e+002  9.685973e+001 -7.083382e+000
    endloop
  endfacet
  facet normal  8.270537e-001 -5.614858e-001  2.675632e-002
    outer loop
      vertex -1.445118e+002  1.013066e+002 -2.361691e+000
      vertex -1.473780e+002  9.685973e+001 -7.083382e+000
      vertex -1.444083e+002  1.012340e+002 -7.083382e+000
    endloop
  endfacet
  facet normal  8.261653e-001 -5.608827e-001  5.349195e-002
    outer loop
      vertex -1.444083e+002  1.012340e+002 -7.083382e+000
      vertex -1.473780e+002  9.685973e+001 -7.083382e+000
      vertex -1.471668e+002  9.672094e+001 -1.180000e+001
    endloop
  endfacet
  facet normal  8.261653e-001 -5.608828e-001  5.349204e-002
    outer loop
      vertex -1.444083e+002  1.012340e+002 -7.083382e+000
      vertex -1.471668e+002  9.672094e+001 -1.180000e+001
      vertex -1.442014e+002  1.010890e+002 -1.180000e+001
    endloop
  endfacet
  facet normal  0.000000e+000  0.000000e+000 -9.999999e-001
    outer loop
      vertex -1.500000e+002  9.226598e+001 -1.180000e+001
      vertex -1.500000e+002  5.882822e+001 -1.180000e+001
      vertex -1.525541e+002  9.192525e+001 -1.180000e+001
    endloop
  endfacet
  facet normal  0.000000e+000  0.000000e+000 -1.000000e+000
    outer loop
      vertex -1.500000e+002  9.226598e+001 -1.180000e+001
      vertex -1.525541e+002  9.192525e+001 -1.180000e+001
      vertex -1.497874e+002  9.636777e+001 -1.180000e+001
    endloop
  endfacet
  facet normal  0.000000e+000  -0.000000e+000 -1.000000e+000
    outer loop
      vertex -1.500000e+002  9.226598e+001 -1.180000e+001
      vertex -1.497874e+002  9.636777e+001 -1.180000e+001
      vertex -1.468913e+002  1.007271e+002 -1.180000e+001
    endloop
  endfacet
  facet normal  0.000000e+000  0.000000e+000 -1.000000e+000
    outer loop
      vertex -1.500000e+002  9.226598e+001 -1.180000e+001
      vertex -1.468913e+002  1.007271e+002 -1.180000e+001
      vertex -1.471668e+002  9.672094e+001 -1.180000e+001
    endloop
  endfacet
  facet normal  0.000000e+000  0.000000e+000 -9.999999e-001
    outer loop
      vertex -1.500000e+002  5.882822e+001 -1.180000e+001
      vertex -1.681138e+002  5.882822e+001 -1.180000e+001
      vertex -1.663128e+002  6.374219e+001 -1.180000e+001
    endloop
  endfacet
  facet normal  0.000000e+000  0.000000e+000 -9.999999e-001
    outer loop
      vertex -1.500000e+002  5.882822e+001 -1.180000e+001
      vertex -1.663128e+002  6.374219e+001 -1.180000e+001
      vertex -1.643682e+002  6.860112e+001 -1.180000e+001
    endloop
  endfacet
  facet normal  0.000000e+000  0.000000e+000 -1.000000e+000
    outer loop
      vertex -1.500000e+002  5.882822e+001 -1.180000e+001
      vertex -1.643682e+002  6.860112e+001 -1.180000e+001
      vertex -1.622816e+002  7.340082e+001 -1.180000e+001
    endloop
  endfacet
  facet normal  0.000000e+000  0.000000e+000 -9.999999e-001
    outer loop
      vertex -1.500000e+002  5.882822e+001 -1.180000e+001
      vertex -1.622816e+002  7.340082e+001 -1.180000e+001
      vertex -1.600550e+002  7.813715e+001 -1.180000e+001
    endloop
  endfacet
  facet normal  0.000000e+000  0.000000e+000 -1.000000e+000
    outer loop
      vertex -1.500000e+002  5.882822e+001 -1.180000e+001
      vertex -1.600550e+002  7.813715e+001 -1.180000e+001
      vertex -1.576901e+002  8.280600e+001 -1.180000e+001
    endloop
  endfacet
  facet normal  0.000000e+000  0.000000e+000 -9.999999e-001
    outer loop
      vertex -1.500000e+002  5.882822e+001 -1.180000e+001
      vertex -1.576901e+002  8.280600e+001 -1.180000e+001
      vertex -1.551891e+002  8.740336e+001 -1.180000e+001
    endloop
  endfacet
  facet normal  0.000000e+000  0.000000e+000 -1.000000e+000
    outer loop
      vertex -1.500000e+002  5.882822e+001 -1.180000e+001
      vertex -1.551891e+002  8.740336e+001 -1.180000e+001
      vertex -1.525541e+002  9.192525e+001 -1.180000e+001
    endloop
  endfacet
  facet normal  0.000000e+000  -0.000000e+000 -1.000000e+000
    outer loop
      vertex -1.471668e+002  9.672094e+001 -1.180000e+001
      vertex -1.468913e+002  1.007271e+002 -1.180000e+001
      vertex -1.442014e+002  1.010890e+002 -1.180000e+001
    endloop
  endfacet
  facet normal  -0.000000e+000  0.000000e+000 -1.000000e+000
    outer loop
      vertex -1.442014e+002  1.010890e+002 -1.180000e+001
      vertex -1.468913e+002  1.007271e+002 -1.180000e+001
      vertex -1.438685e+002  1.049994e+002 -1.180000e+001
    endloop
  endfacet
  facet normal  0.000000e+000  -0.000000e+000 -9.999999e-001
    outer loop
      vertex -1.442014e+002  1.010890e+002 -1.180000e+001
      vertex -1.438685e+002  1.049994e+002 -1.180000e+001
      vertex -1.411063e+002  1.053661e+002 -1.180000e+001
    endloop
  endfacet
  facet normal  -0.000000e+000  0.000000e+000 -1.000000e+000
    outer loop
      vertex -1.411063e+002  1.053661e+002 -1.180000e+001
      vertex -1.438685e+002  1.049994e+002 -1.180000e+001
      vertex -1.407213e+002  1.091811e+002 -1.180000e+001
    endloop
  endfacet
  facet normal  0.000000e+000  -0.000000e+000 -1.000000e+000
    outer loop
      vertex -1.411063e+002  1.053661e+002 -1.180000e+001
      vertex -1.407213e+002  1.091811e+002 -1.180000e+001
      vertex -1.378844e+002  1.095486e+002 -1.180000e+001
    endloop
  endfacet
  facet normal  -0.000000e+000  0.000000e+000 -9.999999e-001
    outer loop
      vertex -1.378844e+002  1.095486e+002 -1.180000e+001
      vertex -1.407213e+002  1.091811e+002 -1.180000e+001
      vertex -1.374527e+002  1.132685e+002 -1.180000e+001
    endloop
  endfacet
  facet normal  0.000000e+000  -0.000000e+000 -1.000000e+000
    outer loop
      vertex -1.378844e+002  1.095486e+002 -1.180000e+001
      vertex -1.374527e+002  1.132685e+002 -1.180000e+001
      vertex -1.345386e+002  1.136327e+002 -1.180000e+001
    endloop
  endfacet
  facet normal  -0.000000e+000  0.000000e+000 -1.000000e+000
    outer loop
      vertex -1.345386e+002  1.136327e+002 -1.180000e+001
      vertex -1.374527e+002  1.132685e+002 -1.180000e+001
      vertex -1.340654e+002  1.172581e+002 -1.180000e+001
    endloop
  endfacet
  facet normal  0.000000e+000  -0.000000e+000 -9.999999e-001
    outer loop
      vertex -1.345386e+002  1.136327e+002 -1.180000e+001
      vertex -1.340654e+002  1.172581e+002 -1.180000e+001
      vertex -1.310719e+002  1.176145e+002 -1.180000e+001
    endloop
  endfacet
  facet normal  -0.000000e+000  0.000000e+000 -1.000000e+000
    outer loop
      vertex -1.310719e+002  1.176145e+002 -1.180000e+001
      vertex -1.340654e+002  1.172581e+002 -1.180000e+001
      vertex -1.305624e+002  1.211465e+002 -1.180000e+001
    endloop
  endfacet
  facet normal  0.000000e+000  -0.000000e+000 -1.000000e+000
    outer loop
      vertex -1.310719e+002  1.176145e+002 -1.180000e+001
      vertex -1.305624e+002  1.211465e+002 -1.180000e+001
      vertex -1.274873e+002  1.214907e+002 -1.180000e+001
    endloop
  endfacet
  facet normal  -0.000000e+000  0.000000e+000 -1.000000e+000
    outer loop
      vertex -1.274873e+002  1.214907e+002 -1.180000e+001
      vertex -1.305624e+002  1.211465e+002 -1.180000e+001
      vertex -1.269466e+002  1.249302e+002 -1.180000e+001
    endloop
  endfacet
  facet normal  0.000000e+000  -0.000000e+000 -1.000000e+000
    outer loop
      vertex -1.274873e+002  1.214907e+002 -1.180000e+001
      vertex -1.269466e+002  1.249302e+002 -1.180000e+001
      vertex -1.237882e+002  1.252577e+002 -1.180000e+001
    endloop
  endfacet
  facet normal  -0.000000e+000  0.000000e+000 -1.000000e+000
    outer loop
      vertex -1.237882e+002  1.252577e+002 -1.180000e+001
      vertex -1.269466e+002  1.249302e+002 -1.180000e+001
      vertex -1.232212e+002  1.286061e+002 -1.180000e+001
    endloop
  endfacet
  facet normal  0.000000e+000  -0.000000e+000 -1.000000e+000
    outer loop
      vertex -1.237882e+002  1.252577e+002 -1.180000e+001
      vertex -1.232212e+002  1.286061e+002 -1.180000e+001
      vertex -1.199778e+002  1.289121e+002 -1.180000e+001
    endloop
  endfacet
  facet normal  -0.000000e+000  0.000000e+000 -1.000000e+000
    outer loop
      vertex -1.199778e+002  1.289121e+002 -1.180000e+001
      vertex -1.232212e+002  1.286061e+002 -1.180000e+001
      vertex -1.193894e+002  1.321710e+002 -1.180000e+001
    endloop
  endfacet
  facet normal  0.000000e+000  -0.000000e+000 -1.000000e+000
    outer loop
      vertex -1.199778e+002  1.289121e+002 -1.180000e+001
      vertex -1.193894e+002  1.321710e+002 -1.180000e+001
      vertex -1.160596e+002  1.324507e+002 -1.180000e+001
    endloop
  endfacet
  facet normal  -0.000000e+000  0.000000e+000 -1.000000e+000
    outer loop
      vertex -1.160596e+002  1.324507e+002 -1.180000e+001
      vertex -1.193894e+002  1.321710e+002 -1.180000e+001
      vertex -1.154546e+002  1.356217e+002 -1.180000e+001
    endloop
  endfacet
  facet normal  0.000000e+000  -0.000000e+000 -1.000000e+000
    outer loop
      vertex -1.160596e+002  1.324507e+002 -1.180000e+001
      vertex -1.154546e+002  1.356217e+002 -1.180000e+001
      vertex -1.120371e+002  1.358702e+002 -1.180000e+001
    endloop
  endfacet
  facet normal  -0.000000e+000  0.000000e+000 -1.000000e+000
    outer loop
      vertex -1.120371e+002  1.358702e+002 -1.180000e+001
      vertex -1.154546e+002  1.356217e+002 -1.180000e+001
      vertex -1.114200e+002  1.389554e+002 -1.180000e+001
    endloop
  endfacet
  facet normal  0.000000e+000  -0.000000e+000 -1.000000e+000
    outer loop
      vertex -1.120371e+002  1.358702e+002 -1.180000e+001
      vertex -1.114200e+002  1.389554e+002 -1.180000e+001
      vertex -1.079139e+002  1.391676e+002 -1.180000e+001
    endloop
  endfacet
  facet normal  -0.000000e+000  0.000000e+000 -1.000000e+000
    outer loop
      vertex -1.079139e+002  1.391676e+002 -1.180000e+001
      vertex -1.114200e+002  1.389554e+002 -1.180000e+001
      vertex -1.072893e+002  1.421690e+002 -1.180000e+001
    endloop
  endfacet
  facet normal  0.000000e+000  -0.000000e+000 -1.000000e+000
    outer loop
      vertex -1.079139e+002  1.391676e+002 -1.180000e+001
      vertex -1.072893e+002  1.421690e+002 -1.180000e+001
      vertex -1.036937e+002  1.423399e+002 -1.180000e+001
    endloop
  endfacet
  facet normal  -0.000000e+000  0.000000e+000 -1.000000e+000
    outer loop
      vertex -1.036937e+002  1.423399e+002 -1.180000e+001
      vertex -1.072893e+002  1.421690e+002 -1.180000e+001
      vertex -1.030659e+002  1.452599e+002 -1.180000e+001
    endloop
  endfacet
  facet normal  0.000000e+000  -0.000000e+000 -1.000000e+000
    outer loop
      vertex -1.036937e+002  1.423399e+002 -1.180000e+001
      vertex -1.030659e+002  1.452599e+002 -1.180000e+001
      vertex -9.938026e+001  1.453842e+002 -1.180000e+001
    endloop
  endfacet
  facet normal  -0.000000e+000  0.000000e+000 -9.999999e-001
    outer loop
      vertex -9.938026e+001  1.453842e+002 -1.180000e+001
      vertex -1.030659e+002  1.452599e+002 -1.180000e+001
      vertex -9.875347e+001  1.482254e+002 -1.180000e+001
    endloop
  endfacet
  facet normal  0.000000e+000  -0.000000e+000 -1.000000e+000
    outer loop
      vertex -9.938026e+001  1.453842e+002 -1.180000e+001
      vertex -9.875347e+001  1.482254e+002 -1.180000e+001
      vertex -9.497753e+001  1.482979e+002 -1.180000e+001
    endloop
  endfacet
  facet normal  -0.000000e+000  0.000000e+000 -1.000000e+000
    outer loop
      vertex -9.497753e+001  1.482979e+002 -1.180000e+001
      vertex -9.875347e+001  1.482254e+002 -1.180000e+001
      vertex -9.435581e+001  1.510629e+002 -1.180000e+001
    endloop
  endfacet
  facet normal  0.000000e+000  -0.000000e+000 -1.000000e+000
    outer loop
      vertex -9.497753e+001  1.482979e+002 -1.180000e+001
      vertex -9.435581e+001  1.510629e+002 -1.180000e+001
      vertex -9.048944e+001  1.510784e+002 -1.180000e+001
    endloop
  endfacet
  facet normal  -0.000000e+000  0.000000e+000 -1.000000e+000
    outer loop
      vertex -9.048944e+001  1.510784e+002 -1.180000e+001
      vertex -9.435581e+001  1.510629e+002 -1.180000e+001
      vertex -8.987669e+001  1.537699e+002 -1.180000e+001
    endloop
  endfacet
  facet normal  0.000000e+000  -0.000000e+000 -1.000000e+000
    outer loop
      vertex -9.048944e+001  1.510784e+002 -1.180000e+001
      vertex -8.987669e+001  1.537699e+002 -1.180000e+001
      vertex -8.592002e+001  1.537230e+002 -1.180000e+001
    endloop
  endfacet
  facet normal  0.000000e+000  0.000000e+000 -1.000000e+000
    outer loop
      vertex -8.592002e+001  1.537230e+002 -1.180000e+001
      vertex -8.987669e+001  1.537699e+002 -1.180000e+001
      vertex -8.531996e+001  1.563442e+002 -1.180000e+001
    endloop
  endfacet
  facet normal  0.000000e+000  -0.000000e+000 -1.000000e+000
    outer loop
      vertex -8.592002e+001  1.537230e+002 -1.180000e+001
      vertex -8.531996e+001  1.563442e+002 -1.180000e+001
      vertex -8.127338e+001  1.562295e+002 -1.180000e+001
    endloop
  endfacet
  facet normal  0.000000e+000  0.000000e+000 -1.000000e+000
    outer loop
      vertex -8.127338e+001  1.562295e+002 -1.180000e+001
      vertex -8.531996e+001  1.563442e+002 -1.180000e+001
      vertex -8.068956e+001  1.587835e+002 -1.180000e+001
    endloop
  endfacet
  facet normal  0.000000e+000  -0.000000e+000 -1.000000e+000
    outer loop
      vertex -8.127338e+001  1.562295e+002 -1.180000e+001
      vertex -8.068956e+001  1.587835e+002 -1.180000e+001
      vertex -7.655370e+001  1.585955e+002 -1.180000e+001
    endloop
  endfacet
  facet normal  0.000000e+000  0.000000e+000 -9.999999e-001
    outer loop
      vertex -7.655370e+001  1.585955e+002 -1.180000e+001
      vertex -8.068956e+001  1.587835e+002 -1.180000e+001
      vertex -7.598949e+001  1.610857e+002 -1.180000e+001
    endloop
  endfacet
  facet normal  0.000000e+000  -0.000000e+000 -1.000000e+000
    outer loop
      vertex -7.655370e+001  1.585955e+002 -1.180000e+001
      vertex -7.598949e+001  1.610857e+002 -1.180000e+001
      vertex -7.176521e+001  1.608190e+002 -1.180000e+001
    endloop
  endfacet
  facet normal  0.000000e+000  0.000000e+000 -1.000000e+000
    outer loop
      vertex -7.176521e+001  1.608190e+002 -1.180000e+001
      vertex -7.598949e+001  1.610857e+002 -1.180000e+001
      vertex -7.122382e+001  1.632488e+002 -1.180000e+001
    endloop
  endfacet
  facet normal  0.000000e+000  -0.000000e+000 -9.999999e-001
    outer loop
      vertex -7.176521e+001  1.608190e+002 -1.180000e+001
      vertex -7.122382e+001  1.632488e+002 -1.180000e+001
      vertex -6.691221e+001  1.628980e+002 -1.180000e+001
    endloop
  endfacet
  facet normal  0.000000e+000  0.000000e+000 -1.000000e+000
    outer loop
      vertex -6.691221e+001  1.628980e+002 -1.180000e+001
      vertex -7.122382e+001  1.632488e+002 -1.180000e+001
      vertex -6.639664e+001  1.652710e+002 -1.180000e+001
    endloop
  endfacet
  facet normal  0.000000e+000  -0.000000e+000 -1.000000e+000
    outer loop
      vertex -6.691221e+001  1.628980e+002 -1.180000e+001
      vertex -6.639664e+001  1.652710e+002 -1.180000e+001
      vertex -6.199908e+001  1.648306e+002 -1.180000e+001
    endloop
  endfacet
  facet normal  0.000000e+000  0.000000e+000 -1.000000e+000
    outer loop
      vertex -6.199908e+001  1.648306e+002 -1.180000e+001
      vertex -6.639664e+001  1.652710e+002 -1.180000e+001
      vertex -6.151214e+001  1.671504e+002 -1.180000e+001
    endloop
  endfacet
  facet normal  0.000000e+000  -0.000000e+000 -1.000000e+000
    outer loop
      vertex -6.199908e+001  1.648306e+002 -1.180000e+001
      vertex -6.151214e+001  1.671504e+002 -1.180000e+001
      vertex -5.703022e+001  1.666150e+002 -1.180000e+001
    endloop
  endfacet
  facet normal  0.000000e+000  0.000000e+000 -1.000000e+000
    outer loop
      vertex -5.703022e+001  1.666150e+002 -1.180000e+001
      vertex -6.151214e+001  1.671504e+002 -1.180000e+001
      vertex -5.657452e+001  1.688856e+002 -1.180000e+001
    endloop
  endfacet
  facet normal  0.000000e+000  -0.000000e+000 -1.000000e+000
    outer loop
      vertex -5.703022e+001  1.666150e+002 -1.180000e+001
      vertex -5.657452e+001  1.688856e+002 -1.180000e+001
      vertex -5.201011e+001  1.682497e+002 -1.180000e+001
    endloop
  endfacet
  facet normal  0.000000e+000  0.000000e+000 -1.000000e+000
    outer loop
      vertex -5.201011e+001  1.682497e+002 -1.180000e+001
      vertex -5.657452e+001  1.688856e+002 -1.180000e+001
      vertex -5.158806e+001  1.704749e+002 -1.180000e+001
    endloop
  endfacet
  facet normal  0.000000e+000  -0.000000e+000 -1.000000e+000
    outer loop
      vertex -5.201011e+001  1.682497e+002 -1.180000e+001
      vertex -5.158806e+001  1.704749e+002 -1.180000e+001
      vertex -4.694326e+001  1.697331e+002 -1.180000e+001
    endloop
  endfacet
  facet normal  0.000000e+000  0.000000e+000 -1.000000e+000
    outer loop
      vertex -4.694326e+001  1.697331e+002 -1.180000e+001
      vertex -5.158806e+001  1.704749e+002 -1.180000e+001
      vertex -4.655705e+001  1.719170e+002 -1.180000e+001
    endloop
  endfacet
  facet normal  0.000000e+000  -0.000000e+000 -1.000000e+000
    outer loop
      vertex -4.694326e+001  1.697331e+002 -1.180000e+001
      vertex -4.655705e+001  1.719170e+002 -1.180000e+001
      vertex -4.183421e+001  1.710641e+002 -1.180000e+001
    endloop
  endfacet
  facet normal  0.000000e+000  0.000000e+000 -1.000000e+000
    outer loop
      vertex -4.183421e+001  1.710641e+002 -1.180000e+001
      vertex -4.655705e+001  1.719170e+002 -1.180000e+001
      vertex -4.148584e+001  1.732107e+002 -1.180000e+001
    endloop
  endfacet
  facet normal  0.000000e+000  -0.000000e+000 -9.999999e-001
    outer loop
      vertex -4.183421e+001  1.710641e+002 -1.180000e+001
      vertex -4.148584e+001  1.732107e+002 -1.180000e+001
      vertex -3.668756e+001  1.722412e+002 -1.180000e+001
    endloop
  endfacet
  facet normal  0.000000e+000  0.000000e+000 -1.000000e+000
    outer loop
      vertex -3.668756e+001  1.722412e+002 -1.180000e+001
      vertex -4.148584e+001  1.732107e+002 -1.180000e+001
      vertex -3.637882e+001  1.743548e+002 -1.180000e+001
    endloop
  endfacet
  facet normal  0.000000e+000  -0.000000e+000 -1.000000e+000
    outer loop
      vertex -3.668756e+001  1.722412e+002 -1.180000e+001
      vertex -3.637882e+001  1.743548e+002 -1.180000e+001
      vertex -3.150794e+001  1.732635e+002 -1.180000e+001
    endloop
  endfacet
  facet normal  0.000000e+000  0.000000e+000 -1.000000e+000
    outer loop
      vertex -3.150794e+001  1.732635e+002 -1.180000e+001
      vertex -3.637882e+001  1.743548e+002 -1.180000e+001
      vertex -3.124038e+001  1.753484e+002 -1.180000e+001
    endloop
  endfacet
  facet normal  0.000000e+000  -0.000000e+000 -1.000000e+000
    outer loop
      vertex -3.150794e+001  1.732635e+002 -1.180000e+001
      vertex -3.124038e+001  1.753484e+002 -1.180000e+001
      vertex -2.630000e+001  1.741302e+002 -1.180000e+001
    endloop
  endfacet
  facet normal  0.000000e+000  0.000000e+000 -1.000000e+000
    outer loop
      vertex -2.630000e+001  1.741302e+002 -1.180000e+001
      vertex -3.124038e+001  1.753484e+002 -1.180000e+001
      vertex -2.607497e+001  1.761905e+002 -1.180000e+001
    endloop
  endfacet
  facet normal  0.000000e+000  -0.000000e+000 -1.000000e+000
    outer loop
      vertex -2.630000e+001  1.741302e+002 -1.180000e+001
      vertex -2.607497e+001  1.761905e+002 -1.180000e+001
      vertex -2.106842e+001  1.748403e+002 -1.180000e+001
    endloop
  endfacet
  facet normal  0.000000e+000  0.000000e+000 -1.000000e+000
    outer loop
      vertex -2.106842e+001  1.748403e+002 -1.180000e+001
      vertex -2.607497e+001  1.761905e+002 -1.180000e+001
      vertex -2.088704e+001  1.768806e+002 -1.180000e+001
    endloop
  endfacet
  facet normal  0.000000e+000  -0.000000e+000 -1.000000e+000
    outer loop
      vertex -2.106842e+001  1.748403e+002 -1.180000e+001
      vertex -2.088704e+001  1.768806e+002 -1.180000e+001
      vertex -1.581791e+001  1.753933e+002 -1.180000e+001
    endloop
  endfacet
  facet normal  0.000000e+000  0.000000e+000 -1.000000e+000
    outer loop
      vertex -1.581791e+001  1.753933e+002 -1.180000e+001
      vertex -2.088704e+001  1.768806e+002 -1.180000e+001
      vertex -1.568108e+001  1.774179e+002 -1.180000e+001
    endloop
  endfacet
  facet normal  0.000000e+000  -0.000000e+000 -1.000000e+000
    outer loop
      vertex -1.581791e+001  1.753933e+002 -1.180000e+001
      vertex -1.568108e+001  1.774179e+002 -1.180000e+001
      vertex -1.055317e+001  1.757886e+002 -1.180000e+001
    endloop
  endfacet
  facet normal  0.000000e+000  0.000000e+000 -1.000000e+000
    outer loop
      vertex -1.055317e+001  1.757886e+002 -1.180000e+001
      vertex -1.568108e+001  1.774179e+002 -1.180000e+001
      vertex -1.046158e+001  1.778020e+002 -1.180000e+001
    endloop
  endfacet
  facet normal  0.000000e+000  -0.000000e+000 -1.000000e+000
    outer loop
      vertex -1.055317e+001  1.757886e+002 -1.180000e+001
      vertex -1.046158e+001  1.778020e+002 -1.180000e+001
      vertex -5.278960e+000  1.760260e+002 -1.180000e+001
    endloop
  endfacet
  facet normal  0.000000e+000  0.000000e+000 -1.000000e+000
    outer loop
      vertex -5.278960e+000  1.760260e+002 -1.180000e+001
      vertex -1.046158e+001  1.778020e+002 -1.180000e+001
      vertex -5.233051e+000  1.780327e+002 -1.180000e+001
    endloop
  endfacet
  facet normal  0.000000e+000  -0.000000e+000 -9.999999e-001
    outer loop
      vertex -5.278960e+000  1.760260e+002 -1.180000e+001
      vertex -5.233051e+000  1.780327e+002 -1.180000e+001
      vertex  1.078333e-014  1.761051e+002 -1.180000e+001
    endloop
  endfacet
  facet normal  0.000000e+000  0.000000e+000 -1.000000e+000
    outer loop
      vertex  1.078333e-014  1.761051e+002 -1.180000e+001
      vertex -5.233051e+000  1.780327e+002 -1.180000e+001
      vertex  9.000259e-014  1.781095e+002 -1.180000e+001
    endloop
  endfacet
  facet normal  0.000000e+000  -0.000000e+000  1.000000e+000
    outer loop
      vertex -1.500000e+002  9.226598e+001  1.180000e+001
      vertex -1.471668e+002  9.672094e+001  1.180000e+001
      vertex -1.468913e+002  1.007271e+002  1.180000e+001
    endloop
  endfacet
  facet normal  0.000000e+000  0.000000e+000  1.000000e+000
    outer loop
      vertex -1.500000e+002  9.226598e+001  1.180000e+001
      vertex -1.468913e+002  1.007271e+002  1.180000e+001
      vertex -1.497874e+002  9.636777e+001  1.180000e+001
    endloop
  endfacet
  facet normal  0.000000e+000  0.000000e+000  1.000000e+000
    outer loop
      vertex -1.500000e+002  9.226598e+001  1.180000e+001
      vertex -1.497874e+002  9.636777e+001  1.180000e+001
      vertex -1.525541e+002  9.192525e+001  1.180000e+001
    endloop
  endfacet
  facet normal  -0.000000e+000  0.000000e+000  9.999999e-001
    outer loop
      vertex -1.500000e+002  9.226598e+001  1.180000e+001
      vertex -1.525541e+002  9.192525e+001  1.180000e+001
      vertex -1.500000e+002  5.882822e+001  1.180000e+001
    endloop
  endfacet
  facet normal  0.000000e+000  0.000000e+000  1.000000e+000
    outer loop
      vertex -1.500000e+002  5.882822e+001  1.180000e+001
      vertex -1.525541e+002  9.192525e+001  1.180000e+001
      vertex -1.551891e+002  8.740336e+001  1.180000e+001
    endloop
  endfacet
  facet normal  0.000000e+000  0.000000e+000  9.999999e-001
    outer loop
      vertex -1.500000e+002  5.882822e+001  1.180000e+001
      vertex -1.551891e+002  8.740336e+001  1.180000e+001
      vertex -1.576901e+002  8.280600e+001  1.180000e+001
    endloop
  endfacet
  facet normal  0.000000e+000  0.000000e+000  1.000000e+000
    outer loop
      vertex -1.500000e+002  5.882822e+001  1.180000e+001
      vertex -1.576901e+002  8.280600e+001  1.180000e+001
      vertex -1.600550e+002  7.813715e+001  1.180000e+001
    endloop
  endfacet
  facet normal  0.000000e+000  0.000000e+000  9.999999e-001
    outer loop
      vertex -1.500000e+002  5.882822e+001  1.180000e+001
      vertex -1.600550e+002  7.813715e+001  1.180000e+001
      vertex -1.622816e+002  7.340082e+001  1.180000e+001
    endloop
  endfacet
  facet normal  0.000000e+000  0.000000e+000  1.000000e+000
    outer loop
      vertex -1.500000e+002  5.882822e+001  1.180000e+001
      vertex -1.622816e+002  7.340082e+001  1.180000e+001
      vertex -1.643682e+002  6.860112e+001  1.180000e+001
    endloop
  endfacet
  facet normal  0.000000e+000  0.000000e+000  9.999999e-001
    outer loop
      vertex -1.500000e+002  5.882822e+001  1.180000e+001
      vertex -1.643682e+002  6.860112e+001  1.180000e+001
      vertex -1.663128e+002  6.374219e+001  1.180000e+001
    endloop
  endfacet
  facet normal  0.000000e+000  0.000000e+000  9.999999e-001
    outer loop
      vertex -1.500000e+002  5.882822e+001  1.180000e+001
      vertex -1.663128e+002  6.374219e+001  1.180000e+001
      vertex -1.681138e+002  5.882822e+001  1.180000e+001
    endloop
  endfacet
  facet normal  0.000000e+000  0.000000e+000  1.000000e+000
    outer loop
      vertex -8.592002e+001  1.537230e+002  1.180000e+001
      vertex -8.987669e+001  1.537699e+002  1.180000e+001
      vertex -9.048944e+001  1.510784e+002  1.180000e+001
    endloop
  endfacet
  facet normal  0.000000e+000  -0.000000e+000  1.000000e+000
    outer loop
      vertex -9.048944e+001  1.510784e+002  1.180000e+001
      vertex -8.987669e+001  1.537699e+002  1.180000e+001
      vertex -9.435581e+001  1.510629e+002  1.180000e+001
    endloop
  endfacet
  facet normal  -0.000000e+000  0.000000e+000  1.000000e+000
    outer loop
      vertex -9.048944e+001  1.510784e+002  1.180000e+001
      vertex -9.435581e+001  1.510629e+002  1.180000e+001
      vertex -9.497753e+001  1.482979e+002  1.180000e+001
    endloop
  endfacet
  facet normal  0.000000e+000  -0.000000e+000  1.000000e+000
    outer loop
      vertex -9.497753e+001  1.482979e+002  1.180000e+001
      vertex -9.435581e+001  1.510629e+002  1.180000e+001
      vertex -9.875347e+001  1.482254e+002  1.180000e+001
    endloop
  endfacet
  facet normal  -0.000000e+000  0.000000e+000  1.000000e+000
    outer loop
      vertex -9.497753e+001  1.482979e+002  1.180000e+001
      vertex -9.875347e+001  1.482254e+002  1.180000e+001
      vertex -9.938026e+001  1.453842e+002  1.180000e+001
    endloop
  endfacet
  facet normal  0.000000e+000  -0.000000e+000  9.999999e-001
    outer loop
      vertex -9.938026e+001  1.453842e+002  1.180000e+001
      vertex -9.875347e+001  1.482254e+002  1.180000e+001
      vertex -1.030659e+002  1.452599e+002  1.180000e+001
    endloop
  endfacet
  facet normal  -0.000000e+000  0.000000e+000  1.000000e+000
    outer loop
      vertex -9.938026e+001  1.453842e+002  1.180000e+001
      vertex -1.030659e+002  1.452599e+002  1.180000e+001
      vertex -1.036937e+002  1.423399e+002  1.180000e+001
    endloop
  endfacet
  facet normal  0.000000e+000  -0.000000e+000  1.000000e+000
    outer loop
      vertex -1.036937e+002  1.423399e+002  1.180000e+001
      vertex -1.030659e+002  1.452599e+002  1.180000e+001
      vertex -1.072893e+002  1.421690e+002  1.180000e+001
    endloop
  endfacet
  facet normal  -0.000000e+000  0.000000e+000  1.000000e+000
    outer loop
      vertex -1.036937e+002  1.423399e+002  1.180000e+001
      vertex -1.072893e+002  1.421690e+002  1.180000e+001
      vertex -1.079139e+002  1.391676e+002  1.180000e+001
    endloop
  endfacet
  facet normal  0.000000e+000  -0.000000e+000  1.000000e+000
    outer loop
      vertex -1.079139e+002  1.391676e+002  1.180000e+001
      vertex -1.072893e+002  1.421690e+002  1.180000e+001
      vertex -1.114200e+002  1.389554e+002  1.180000e+001
    endloop
  endfacet
  facet normal  -0.000000e+000  0.000000e+000  1.000000e+000
    outer loop
      vertex -1.079139e+002  1.391676e+002  1.180000e+001
      vertex -1.114200e+002  1.389554e+002  1.180000e+001
      vertex -1.120371e+002  1.358702e+002  1.180000e+001
    endloop
  endfacet
  facet normal  0.000000e+000  -0.000000e+000  1.000000e+000
    outer loop
      vertex -1.120371e+002  1.358702e+002  1.180000e+001
      vertex -1.114200e+002  1.389554e+002  1.180000e+001
      vertex -1.154546e+002  1.356217e+002  1.180000e+001
    endloop
  endfacet
  facet normal  -0.000000e+000  0.000000e+000  1.000000e+000
    outer loop
      vertex -1.120371e+002  1.358702e+002  1.180000e+001
      vertex -1.154546e+002  1.356217e+002  1.180000e+001
      vertex -1.160596e+002  1.324507e+002  1.180000e+001
    endloop
  endfacet
  facet normal  0.000000e+000  -0.000000e+000  1.000000e+000
    outer loop
      vertex -1.160596e+002  1.324507e+002  1.180000e+001
      vertex -1.154546e+002  1.356217e+002  1.180000e+001
      vertex -1.193894e+002  1.321710e+002  1.180000e+001
    endloop
  endfacet
  facet normal  -0.000000e+000  0.000000e+000  1.000000e+000
    outer loop
      vertex -1.160596e+002  1.324507e+002  1.180000e+001
      vertex -1.193894e+002  1.321710e+002  1.180000e+001
      vertex -1.199778e+002  1.289121e+002  1.180000e+001
    endloop
  endfacet
  facet normal  0.000000e+000  -0.000000e+000  1.000000e+000
    outer loop
      vertex -1.199778e+002  1.289121e+002  1.180000e+001
      vertex -1.193894e+002  1.321710e+002  1.180000e+001
      vertex -1.232212e+002  1.286061e+002  1.180000e+001
    endloop
  endfacet
  facet normal  -0.000000e+000  0.000000e+000  1.000000e+000
    outer loop
      vertex -1.199778e+002  1.289121e+002  1.180000e+001
      vertex -1.232212e+002  1.286061e+002  1.180000e+001
      vertex -1.237882e+002  1.252577e+002  1.180000e+001
    endloop
  endfacet
  facet normal  0.000000e+000  -0.000000e+000  1.000000e+000
    outer loop
      vertex -1.237882e+002  1.252577e+002  1.180000e+001
      vertex -1.232212e+002  1.286061e+002  1.180000e+001
      vertex -1.269466e+002  1.249302e+002  1.180000e+001
    endloop
  endfacet
  facet normal  -0.000000e+000  0.000000e+000  1.000000e+000
    outer loop
      vertex -1.237882e+002  1.252577e+002  1.180000e+001
      vertex -1.269466e+002  1.249302e+002  1.180000e+001
      vertex -1.274873e+002  1.214907e+002  1.180000e+001
    endloop
  endfacet
  facet normal  0.000000e+000  -0.000000e+000  1.000000e+000
    outer loop
      vertex -1.274873e+002  1.214907e+002  1.180000e+001
      vertex -1.269466e+002  1.249302e+002  1.180000e+001
      vertex -1.305624e+002  1.211465e+002  1.180000e+001
    endloop
  endfacet
  facet normal  -0.000000e+000  0.000000e+000  1.000000e+000
    outer loop
      vertex -1.274873e+002  1.214907e+002  1.180000e+001
      vertex -1.305624e+002  1.211465e+002  1.180000e+001
      vertex -1.310719e+002  1.176145e+002  1.180000e+001
    endloop
  endfacet
  facet normal  0.000000e+000  -0.000000e+000  1.000000e+000
    outer loop
      vertex -1.310719e+002  1.176145e+002  1.180000e+001
      vertex -1.305624e+002  1.211465e+002  1.180000e+001
      vertex -1.340654e+002  1.172581e+002  1.180000e+001
    endloop
  endfacet
  facet normal  -0.000000e+000  0.000000e+000  9.999999e-001
    outer loop
      vertex -1.310719e+002  1.176145e+002  1.180000e+001
      vertex -1.340654e+002  1.172581e+002  1.180000e+001
      vertex -1.345386e+002  1.136327e+002  1.180000e+001
    endloop
  endfacet
  facet normal  0.000000e+000  -0.000000e+000  1.000000e+000
    outer loop
      vertex -1.345386e+002  1.136327e+002  1.180000e+001
      vertex -1.340654e+002  1.172581e+002  1.180000e+001
      vertex -1.374527e+002  1.132685e+002  1.180000e+001
    endloop
  endfacet
  facet normal  -0.000000e+000  0.000000e+000  1.000000e+000
    outer loop
      vertex -1.345386e+002  1.136327e+002  1.180000e+001
      vertex -1.374527e+002  1.132685e+002  1.180000e+001
      vertex -1.378844e+002  1.095486e+002  1.180000e+001
    endloop
  endfacet
  facet normal  0.000000e+000  -0.000000e+000  9.999999e-001
    outer loop
      vertex -1.378844e+002  1.095486e+002  1.180000e+001
      vertex -1.374527e+002  1.132685e+002  1.180000e+001
      vertex -1.407213e+002  1.091811e+002  1.180000e+001
    endloop
  endfacet
  facet normal  -0.000000e+000  0.000000e+000  1.000000e+000
    outer loop
      vertex -1.378844e+002  1.095486e+002  1.180000e+001
      vertex -1.407213e+002  1.091811e+002  1.180000e+001
      vertex -1.411063e+002  1.053661e+002  1.180000e+001
    endloop
  endfacet
  facet normal  0.000000e+000  -0.000000e+000  1.000000e+000
    outer loop
      vertex -1.411063e+002  1.053661e+002  1.180000e+001
      vertex -1.407213e+002  1.091811e+002  1.180000e+001
      vertex -1.438685e+002  1.049994e+002  1.180000e+001
    endloop
  endfacet
  facet normal  -0.000000e+000  0.000000e+000  9.999999e-001
    outer loop
      vertex -1.411063e+002  1.053661e+002  1.180000e+001
      vertex -1.438685e+002  1.049994e+002  1.180000e+001
      vertex -1.442014e+002  1.010890e+002  1.180000e+001
    endloop
  endfacet
  facet normal  0.000000e+000  -0.000000e+000  1.000000e+000
    outer loop
      vertex -1.442014e+002  1.010890e+002  1.180000e+001
      vertex -1.438685e+002  1.049994e+002  1.180000e+001
      vertex -1.468913e+002  1.007271e+002  1.180000e+001
    endloop
  endfacet
  facet normal  -0.000000e+000  0.000000e+000  1.000000e+000
    outer loop
      vertex -1.442014e+002  1.010890e+002  1.180000e+001
      vertex -1.468913e+002  1.007271e+002  1.180000e+001
      vertex -1.471668e+002  9.672094e+001  1.180000e+001
    endloop
  endfacet
  facet normal  0.000000e+000  -0.000000e+000  1.000000e+000
    outer loop
      vertex -8.987669e+001  1.537699e+002  1.180000e+001
      vertex -8.592002e+001  1.537230e+002  1.180000e+001
      vertex -8.531996e+001  1.563442e+002  1.180000e+001
    endloop
  endfacet
  facet normal  0.000000e+000  0.000000e+000  1.000000e+000
    outer loop
      vertex -8.531996e+001  1.563442e+002  1.180000e+001
      vertex -8.592002e+001  1.537230e+002  1.180000e+001
      vertex -8.127338e+001  1.562295e+002  1.180000e+001
    endloop
  endfacet
  facet normal  0.000000e+000  -0.000000e+000  1.000000e+000
    outer loop
      vertex -8.531996e+001  1.563442e+002  1.180000e+001
      vertex -8.127338e+001  1.562295e+002  1.180000e+001
      vertex -8.068956e+001  1.587835e+002  1.180000e+001
    endloop
  endfacet
  facet normal  0.000000e+000  0.000000e+000  1.000000e+000
    outer loop
      vertex -8.068956e+001  1.587835e+002  1.180000e+001
      vertex -8.127338e+001  1.562295e+002  1.180000e+001
      vertex -7.655370e+001  1.585955e+002  1.180000e+001
    endloop
  endfacet
  facet normal  0.000000e+000  -0.000000e+000  9.999999e-001
    outer loop
      vertex -8.068956e+001  1.587835e+002  1.180000e+001
      vertex -7.655370e+001  1.585955e+002  1.180000e+001
      vertex -7.598949e+001  1.610857e+002  1.180000e+001
    endloop
  endfacet
  facet normal  0.000000e+000  0.000000e+000  1.000000e+000
    outer loop
      vertex -7.598949e+001  1.610857e+002  1.180000e+001
      vertex -7.655370e+001  1.585955e+002  1.180000e+001
      vertex -7.176521e+001  1.608190e+002  1.180000e+001
    endloop
  endfacet
  facet normal  0.000000e+000  -0.000000e+000  1.000000e+000
    outer loop
      vertex -7.598949e+001  1.610857e+002  1.180000e+001
      vertex -7.176521e+001  1.608190e+002  1.180000e+001
      vertex -7.122382e+001  1.632488e+002  1.180000e+001
    endloop
  endfacet
  facet normal  0.000000e+000  0.000000e+000  9.999999e-001
    outer loop
      vertex -7.122382e+001  1.632488e+002  1.180000e+001
      vertex -7.176521e+001  1.608190e+002  1.180000e+001
      vertex -6.691221e+001  1.628980e+002  1.180000e+001
    endloop
  endfacet
  facet normal  0.000000e+000  -0.000000e+000  1.000000e+000
    outer loop
      vertex -7.122382e+001  1.632488e+002  1.180000e+001
      vertex -6.691221e+001  1.628980e+002  1.180000e+001
      vertex -6.639664e+001  1.652710e+002  1.180000e+001
    endloop
  endfacet
  facet normal  0.000000e+000  0.000000e+000  1.000000e+000
    outer loop
      vertex -6.639664e+001  1.652710e+002  1.180000e+001
      vertex -6.691221e+001  1.628980e+002  1.180000e+001
      vertex -6.199908e+001  1.648306e+002  1.180000e+001
    endloop
  endfacet
  facet normal  0.000000e+000  -0.000000e+000  9.999999e-001
    outer loop
      vertex -6.639664e+001  1.652710e+002  1.180000e+001
      vertex -6.199908e+001  1.648306e+002  1.180000e+001
      vertex -6.151214e+001  1.671504e+002  1.180000e+001
    endloop
  endfacet
  facet normal  0.000000e+000  0.000000e+000  1.000000e+000
    outer loop
      vertex -6.151214e+001  1.671504e+002  1.180000e+001
      vertex -6.199908e+001  1.648306e+002  1.180000e+001
      vertex -5.703022e+001  1.666150e+002  1.180000e+001
    endloop
  endfacet
  facet normal  0.000000e+000  -0.000000e+000  1.000000e+000
    outer loop
      vertex -6.151214e+001  1.671504e+002  1.180000e+001
      vertex -5.703022e+001  1.666150e+002  1.180000e+001
      vertex -5.657452e+001  1.688856e+002  1.180000e+001
    endloop
  endfacet
  facet normal  0.000000e+000  0.000000e+000  1.000000e+000
    outer loop
      vertex -5.657452e+001  1.688856e+002  1.180000e+001
      vertex -5.703022e+001  1.666150e+002  1.180000e+001
      vertex -5.201011e+001  1.682497e+002  1.180000e+001
    endloop
  endfacet
  facet normal  0.000000e+000  -0.000000e+000  1.000000e+000
    outer loop
      vertex -5.657452e+001  1.688856e+002  1.180000e+001
      vertex -5.201011e+001  1.682497e+002  1.180000e+001
      vertex -5.158806e+001  1.704749e+002  1.180000e+001
    endloop
  endfacet
  facet normal  0.000000e+000  0.000000e+000  1.000000e+000
    outer loop
      vertex -5.158806e+001  1.704749e+002  1.180000e+001
      vertex -5.201011e+001  1.682497e+002  1.180000e+001
      vertex -4.694326e+001  1.697331e+002  1.180000e+001
    endloop
  endfacet
  facet normal  0.000000e+000  -0.000000e+000  1.000000e+000
    outer loop
      vertex -5.158806e+001  1.704749e+002  1.180000e+001
      vertex -4.694326e+001  1.697331e+002  1.180000e+001
      vertex -4.655705e+001  1.719170e+002  1.180000e+001
    endloop
  endfacet
  facet normal  0.000000e+000  0.000000e+000  1.000000e+000
    outer loop
      vertex -4.655705e+001  1.719170e+002  1.180000e+001
      vertex -4.694326e+001  1.697331e+002  1.180000e+001
      vertex -4.183421e+001  1.710641e+002  1.180000e+001
    endloop
  endfacet
  facet normal  0.000000e+000  -0.000000e+000  1.000000e+000
    outer loop
      vertex -4.655705e+001  1.719170e+002  1.180000e+001
      vertex -4.183421e+001  1.710641e+002  1.180000e+001
      vertex -4.148584e+001  1.732107e+002  1.180000e+001
    endloop
  endfacet
  facet normal  0.000000e+000  0.000000e+000  9.999999e-001
    outer loop
      vertex -4.148584e+001  1.732107e+002  1.180000e+001
      vertex -4.183421e+001  1.710641e+002  1.180000e+001
      vertex -3.668756e+001  1.722412e+002  1.180000e+001
    endloop
  endfacet
  facet normal  0.000000e+000  -0.000000e+000  1.000000e+000
    outer loop
      vertex -4.148584e+001  1.732107e+002  1.180000e+001
      vertex -3.668756e+001  1.722412e+002  1.180000e+001
      vertex -3.637882e+001  1.743548e+002  1.180000e+001
    endloop
  endfacet
  facet normal  0.000000e+000  0.000000e+000  1.000000e+000
    outer loop
      vertex -3.637882e+001  1.743548e+002  1.180000e+001
      vertex -3.668756e+001  1.722412e+002  1.180000e+001
      vertex -3.150794e+001  1.732635e+002  1.180000e+001
    endloop
  endfacet
  facet normal  0.000000e+000  -0.000000e+000  1.000000e+000
    outer loop
      vertex -3.637882e+001  1.743548e+002  1.180000e+001
      vertex -3.150794e+001  1.732635e+002  1.180000e+001
      vertex -3.124038e+001  1.753484e+002  1.180000e+001
    endloop
  endfacet
  facet normal  0.000000e+000  0.000000e+000  1.000000e+000
    outer loop
      vertex -3.124038e+001  1.753484e+002  1.180000e+001
      vertex -3.150794e+001  1.732635e+002  1.180000e+001
      vertex -2.630000e+001  1.741302e+002  1.180000e+001
    endloop
  endfacet
  facet normal  0.000000e+000  -0.000000e+000  1.000000e+000
    outer loop
      vertex -3.124038e+001  1.753484e+002  1.180000e+001
      vertex -2.630000e+001  1.741302e+002  1.180000e+001
      vertex -2.607497e+001  1.761905e+002  1.180000e+001
    endloop
  endfacet
  facet normal  0.000000e+000  0.000000e+000  1.000000e+000
    outer loop
      vertex -2.607497e+001  1.761905e+002  1.180000e+001
      vertex -2.630000e+001  1.741302e+002  1.180000e+001
      vertex -2.106842e+001  1.748403e+002  1.180000e+001
    endloop
  endfacet
  facet normal  0.000000e+000  -0.000000e+000  1.000000e+000
    outer loop
      vertex -2.607497e+001  1.761905e+002  1.180000e+001
      vertex -2.106842e+001  1.748403e+002  1.180000e+001
      vertex -2.088704e+001  1.768806e+002  1.180000e+001
    endloop
  endfacet
  facet normal  0.000000e+000  0.000000e+000  1.000000e+000
    outer loop
      vertex -2.088704e+001  1.768806e+002  1.180000e+001
      vertex -2.106842e+001  1.748403e+002  1.180000e+001
      vertex -1.581791e+001  1.753933e+002  1.180000e+001
    endloop
  endfacet
  facet normal  0.000000e+000  -0.000000e+000  1.000000e+000
    outer loop
      vertex -2.088704e+001  1.768806e+002  1.180000e+001
      vertex -1.581791e+001  1.753933e+002  1.180000e+001
      vertex -1.568108e+001  1.774179e+002  1.180000e+001
    endloop
  endfacet
  facet normal  0.000000e+000  0.000000e+000  1.000000e+000
    outer loop
      vertex -1.568108e+001  1.774179e+002  1.180000e+001
      vertex -1.581791e+001  1.753933e+002  1.180000e+001
      vertex -1.055317e+001  1.757886e+002  1.180000e+001
    endloop
  endfacet
  facet normal  0.000000e+000  -0.000000e+000  1.000000e+000
    outer loop
      vertex -1.568108e+001  1.774179e+002  1.180000e+001
      vertex -1.055317e+001  1.757886e+002  1.180000e+001
      vertex -1.046158e+001  1.778020e+002  1.180000e+001
    endloop
  endfacet
  facet normal  0.000000e+000  0.000000e+000  1.000000e+000
    outer loop
      vertex -1.046158e+001  1.778020e+002  1.180000e+001
      vertex -1.055317e+001  1.757886e+002  1.180000e+001
      vertex -5.278960e+000  1.760260e+002  1.180000e+001
    endloop
  endfacet
  facet normal  0.000000e+000  -0.000000e+000  1.000000e+000
    outer loop
      vertex -1.046158e+001  1.778020e+002  1.180000e+001
      vertex -5.278960e+000  1.760260e+002  1.180000e+001
      vertex -5.233051e+000  1.780327e+002  1.180000e+001
    endloop
  endfacet
  facet normal  0.000000e+000  0.000000e+000  9.999999e-001
    outer loop
      vertex -5.233051e+000  1.780327e+002  1.180000e+001
      vertex -5.278960e+000  1.760260e+002  1.180000e+001
      vertex  1.078333e-014  1.761051e+002  1.180000e+001
    endloop
  endfacet
  facet normal  0.000000e+000  -0.000000e+000  1.000000e+000
    outer loop
      vertex -5.233051e+000  1.780327e+002  1.180000e+001
      vertex  1.078333e-014  1.761051e+002  1.180000e+001
      vertex  1.090606e-014  1.781095e+002  1.180000e+001
    endloop
  endfacet
  facet normal  1.000000e+000 -6.123248e-017  3.972242e-023
    outer loop
      vertex  1.078333e-014  1.761051e+002  1.180000e+001
      vertex  1.079880e-014  1.763578e+002  7.083382e+000
      vertex  1.090606e-014  1.781095e+002  1.180000e+001
    endloop
  endfacet
  facet normal  1.000000e+000 -6.123252e-017  5.317210e-023
    outer loop
      vertex  1.079880e-014  1.763578e+002  7.083382e+000
      vertex  1.080654e-014  1.764842e+002  2.361691e+000
      vertex  1.090606e-014  1.781095e+002  1.180000e+001
    endloop
  endfacet
  facet normal  1.000000e+000  3.164988e-013  -0.000000e+000
    outer loop
      vertex  9.000259e-014  1.781095e+002 -1.180000e+001
      vertex  1.092136e-014  1.783594e+002 -7.083306e+000
      vertex  1.092136e-014  1.783594e+002  7.083307e+000
    endloop
  endfacet
  facet normal  1.000000e+000  6.320642e-014  3.351548e-015
    outer loop
      vertex  9.000259e-014  1.781095e+002 -1.180000e+001
      vertex  1.092136e-014  1.783594e+002  7.083307e+000
      vertex  1.090606e-014  1.781095e+002  1.180000e+001
    endloop
  endfacet
  facet normal  1.000000e+000 -1.952345e-014  3.351547e-015
    outer loop
      vertex  9.000259e-014  1.781095e+002 -1.180000e+001
      vertex  1.090606e-014  1.781095e+002  1.180000e+001
      vertex  1.080654e-014  1.764842e+002  2.361691e+000
    endloop
  endfacet
  facet normal  1.000000e+000 -4.872551e-014  0.000000e+000
    outer loop
      vertex  9.000259e-014  1.781095e+002 -1.180000e+001
      vertex  1.080654e-014  1.764842e+002  2.361691e+000
      vertex  1.080654e-014  1.764842e+002 -2.361691e+000
    endloop
  endfacet
  facet normal  1.000000e+000 -4.217883e-014  1.127389e-015
    outer loop
      vertex  9.000259e-014  1.781095e+002 -1.180000e+001
      vertex  1.080654e-014  1.764842e+002 -2.361691e+000
      vertex  1.079880e-014  1.763578e+002 -7.083382e+000
    endloop
  endfacet
  facet normal  1.000000e+000 -3.952219e-014  2.114060e-015
    outer loop
      vertex  9.000259e-014  1.781095e+002 -1.180000e+001
      vertex  1.079880e-014  1.763578e+002 -7.083382e+000
      vertex  1.078333e-014  1.761051e+002 -1.180000e+001
    endloop
  endfacet
  facet normal  1.000000e+000 -6.123850e-017  0.000000e+000
    outer loop
      vertex  1.092902e-014  1.784844e+002  2.361653e+000
      vertex  1.092136e-014  1.783594e+002  7.083307e+000
      vertex  1.092902e-014  1.784844e+002 -2.361653e+000
    endloop
  endfacet
  facet normal  1.000000e+000 -6.123849e-017  0.000000e+000
    outer loop
      vertex  1.092902e-014  1.784844e+002 -2.361653e+000
      vertex  1.092136e-014  1.783594e+002  7.083307e+000
      vertex  1.092136e-014  1.783594e+002 -7.083306e+000
    endloop
  endfacet
  facet normal  1.000000e+000  0.000000e+000  0.000000e+000
    outer loop
      vertex -1.500000e+002  5.992654e+001 -2.968143e+000
      vertex -1.500000e+002  6.900000e+001  1.224647e-016
      vertex -1.500000e+002  6.000000e+001  0.000000e+000
    endloop
  endfacet
  facet normal  1.000000e+000  0.000000e+000  0.000000e+000
    outer loop
      vertex -1.500000e+002  6.900000e+001  1.224647e-016
      vertex -1.500000e+002  5.992654e+001  2.968143e+000
      vertex -1.500000e+002  6.000000e+001  0.000000e+000
    endloop
  endfacet
  facet normal  1.000000e+000  0.000000e+000  0.000000e+000
    outer loop
      vertex -1.500000e+002  5.992654e+001 -2.968143e+000
      vertex -1.500000e+002  5.970634e+001 -5.929019e+000
      vertex -1.500000e+002  6.900000e+001  1.224647e-016
    endloop
  endfacet
  facet normal  1.000000e+000  0.000000e+000  0.000000e+000
    outer loop
      vertex -1.500000e+002  5.970634e+001 -5.929019e+000
      vertex -1.500000e+002  5.933994e+001 -8.875376e+000
      vertex -1.500000e+002  6.900000e+001  1.224647e-016
    endloop
  endfacet
  facet normal  1.000000e+000  -0.000000e+000  -0.000000e+000
    outer loop
      vertex -1.500000e+002  5.933994e+001  8.875376e+000
      vertex -1.500000e+002  5.970634e+001  5.929019e+000
      vertex -1.500000e+002  6.900000e+001  1.224647e-016
    endloop
  endfacet
  facet normal  1.000000e+000  -0.000000e+000  -0.000000e+000
    outer loop
      vertex -1.500000e+002  5.970634e+001  5.929019e+000
      vertex -1.500000e+002  5.992654e+001  2.968143e+000
      vertex -1.500000e+002  6.900000e+001  1.224647e-016
    endloop
  endfacet
  facet normal  1.000000e+000  0.000000e+000  0.000000e+000
    outer loop
      vertex -1.500000e+002  7.900000e+001  1.224647e-016
      vertex -1.500000e+002  7.070711e+001  7.071068e-001
      vertex -1.500000e+002  7.092388e+001  3.826834e-001
    endloop
  endfacet
  facet normal  1.000000e+000  0.000000e+000  0.000000e+000
    outer loop
      vertex -1.500000e+002  7.900000e+001  1.224647e-016
      vertex -1.500000e+002  7.092388e+001  3.826834e-001
      vertex -1.500000e+002  7.100000e+001  0.000000e+000
    endloop
  endfacet
  facet normal  1.000000e+000  -0.000000e+000  0.000000e+000
    outer loop
      vertex -1.500000e+002  7.900000e+001  1.224647e-016
      vertex -1.500000e+002  7.100000e+001  0.000000e+000
      vertex -1.500000e+002  7.092388e+001 -3.826834e-001
    endloop
  endfacet
  facet normal  1.000000e+000  -0.000000e+000  0.000000e+000
    outer loop
      vertex -1.500000e+002  7.900000e+001  1.224647e-016
      vertex -1.500000e+002  7.092388e+001 -3.826834e-001
      vertex -1.500000e+002  7.070711e+001 -7.071068e-001
    endloop
  endfacet
  facet normal  1.000000e+000  -0.000000e+000  -0.000000e+000
    outer loop
      vertex -1.500000e+002  5.882822e+001  1.180000e+001
      vertex -1.500000e+002  5.933994e+001  8.875376e+000
      vertex -1.500000e+002  6.900000e+001  1.224647e-016
    endloop
  endfacet
  facet normal  1.000000e+000  0.000000e+000  -0.000000e+000
    outer loop
      vertex -1.500000e+002  5.882822e+001  1.180000e+001
      vertex -1.500000e+002  6.900000e+001  1.224647e-016
      vertex -1.500000e+002  6.907612e+001  3.826834e-001
    endloop
  endfacet
  facet normal  1.000000e+000  0.000000e+000  -0.000000e+000
    outer loop
      vertex -1.500000e+002  5.882822e+001  1.180000e+001
      vertex -1.500000e+002  6.907612e+001  3.826834e-001
      vertex -1.500000e+002  6.929289e+001  7.071068e-001
    endloop
  endfacet
  facet normal  1.000000e+000  0.000000e+000  -0.000000e+000
    outer loop
      vertex -1.500000e+002  5.882822e+001  1.180000e+001
      vertex -1.500000e+002  6.929289e+001  7.071068e-001
      vertex -1.500000e+002  6.961732e+001  9.238795e-001
    endloop
  endfacet
  facet normal  1.000000e+000  0.000000e+000  -0.000000e+000
    outer loop
      vertex -1.500000e+002  5.882822e+001  1.180000e+001
      vertex -1.500000e+002  6.961732e+001  9.238795e-001
      vertex -1.500000e+002  7.000000e+001  1.000000e+000
    endloop
  endfacet
  facet normal  1.000000e+000  -0.000000e+000  -0.000000e+000
    outer loop
      vertex -1.500000e+002  5.882822e+001  1.180000e+001
      vertex -1.500000e+002  7.000000e+001  1.000000e+000
      vertex -1.500000e+002  7.038268e+001  9.238795e-001
    endloop
  endfacet
  facet normal  1.000000e+000  -0.000000e+000  -0.000000e+000
    outer loop
      vertex -1.500000e+002  5.882822e+001  1.180000e+001
      vertex -1.500000e+002  7.038268e+001  9.238795e-001
      vertex -1.500000e+002  7.070711e+001  7.071068e-001
    endloop
  endfacet
  facet normal  1.000000e+000  -0.000000e+000  -0.000000e+000
    outer loop
      vertex -1.500000e+002  5.882822e+001  1.180000e+001
      vertex -1.500000e+002  7.070711e+001  7.071068e-001
      vertex -1.500000e+002  7.900000e+001  1.224647e-016
    endloop
  endfacet
  facet normal  1.000000e+000  0.000000e+000  -0.000000e+000
    outer loop
      vertex -1.500000e+002  5.882822e+001  1.180000e+001
      vertex -1.500000e+002  7.900000e+001  1.224647e-016
      vertex -1.500000e+002  7.907612e+001  3.826834e-001
    endloop
  endfacet
  facet normal  1.000000e+000  0.000000e+000  -0.000000e+000
    outer loop
      vertex -1.500000e+002  5.882822e+001  1.180000e+001
      vertex -1.500000e+002  7.907612e+001  3.826834e-001
      vertex -1.500000e+002  7.929289e+001  7.071068e-001
    endloop
  endfacet
  facet normal  1.000000e+000  0.000000e+000  -0.000000e+000
    outer loop
      vertex -1.500000e+002  5.882822e+001  1.180000e+001
      vertex -1.500000e+002  7.929289e+001  7.071068e-001
      vertex -1.500000e+002  7.961732e+001  9.238795e-001
    endloop
  endfacet
  facet normal  1.000000e+000  0.000000e+000  -0.000000e+000
    outer loop
      vertex -1.500000e+002  5.882822e+001  1.180000e+001
      vertex -1.500000e+002  7.961732e+001  9.238795e-001
      vertex -1.500000e+002  8.000000e+001  1.000000e+000
    endloop
  endfacet
  facet normal  1.000000e+000  -0.000000e+000  -0.000000e+000
    outer loop
      vertex -1.500000e+002  5.882822e+001  1.180000e+001
      vertex -1.500000e+002  8.000000e+001  1.000000e+000
      vertex -1.500000e+002  8.038268e+001  9.238795e-001
    endloop
  endfacet
  facet normal  1.000000e+000  -0.000000e+000  0.000000e+000
    outer loop
      vertex -1.500000e+002  9.226598e+001  1.180000e+001
      vertex -1.500000e+002  5.882822e+001  1.180000e+001
      vertex -1.500000e+002  8.038268e+001  9.238795e-001
    endloop
  endfacet
  facet normal  1.000000e+000  -0.000000e+000  0.000000e+000
    outer loop
      vertex -1.500000e+002  9.226598e+001  1.180000e+001
      vertex -1.500000e+002  8.038268e+001  9.238795e-001
      vertex -1.500000e+002  8.070711e+001  7.071068e-001
    endloop
  endfacet
  facet normal  1.000000e+000  -0.000000e+000  0.000000e+000
    outer loop
      vertex -1.500000e+002  9.226598e+001  1.180000e+001
      vertex -1.500000e+002  8.070711e+001  7.071068e-001
      vertex -1.500000e+002  8.092388e+001  3.826834e-001
    endloop
  endfacet
  facet normal  1.000000e+000  -0.000000e+000  0.000000e+000
    outer loop
      vertex -1.500000e+002  9.226598e+001  1.180000e+001
      vertex -1.500000e+002  8.092388e+001  3.826834e-001
      vertex -1.500000e+002  8.100000e+001  0.000000e+000
    endloop
  endfacet
  facet normal  1.000000e+000  0.000000e+000  -0.000000e+000
    outer loop
      vertex -1.500000e+002  8.100000e+001  0.000000e+000
      vertex -1.500000e+002  9.226598e+001 -1.180000e+001
      vertex -1.500000e+002  9.263380e+001 -8.439766e+000
    endloop
  endfacet
  facet normal  1.000000e+000  0.000000e+000  -0.000000e+000
    outer loop
      vertex -1.500000e+002  8.100000e+001  0.000000e+000
      vertex -1.500000e+002  9.263380e+001 -8.439766e+000
      vertex -1.500000e+002  9.287928e+001 -5.068325e+000
    endloop
  endfacet
  facet normal  1.000000e+000  0.000000e+000  -0.000000e+000
    outer loop
      vertex -1.500000e+002  8.100000e+001  0.000000e+000
      vertex -1.500000e+002  9.287928e+001 -5.068325e+000
      vertex -1.500000e+002  9.300211e+001 -1.690156e+000
    endloop
  endfacet
  facet normal  1.000000e+000  0.000000e+000  -0.000000e+000
    outer loop
      vertex -1.500000e+002  8.100000e+001  0.000000e+000
      vertex -1.500000e+002  9.300211e+001 -1.690156e+000
      vertex -1.500000e+002  9.300211e+001  1.690247e+000
    endloop
  endfacet
  facet normal  1.000000e+000  0.000000e+000  0.000000e+000
    outer loop
      vertex -1.500000e+002  8.100000e+001  0.000000e+000
      vertex -1.500000e+002  9.300211e+001  1.690247e+000
      vertex -1.500000e+002  9.287928e+001  5.068392e+000
    endloop
  endfacet
  facet normal  1.000000e+000  0.000000e+000  0.000000e+000
    outer loop
      vertex -1.500000e+002  8.100000e+001  0.000000e+000
      vertex -1.500000e+002  9.287928e+001  5.068392e+000
      vertex -1.500000e+002  9.263380e+001  8.439796e+000
    endloop
  endfacet
  facet normal  1.000000e+000  0.000000e+000  0.000000e+000
    outer loop
      vertex -1.500000e+002  8.100000e+001  0.000000e+000
      vertex -1.500000e+002  9.263380e+001  8.439796e+000
      vertex -1.500000e+002  9.226598e+001  1.180000e+001
    endloop
  endfacet
  facet normal  1.000000e+000  0.000000e+000  0.000000e+000
    outer loop
      vertex -1.500000e+002  5.882822e+001 -1.180000e+001
      vertex -1.500000e+002  8.038268e+001 -9.238795e-001
      vertex -1.500000e+002  8.000000e+001 -1.000000e+000
    endloop
  endfacet
  facet normal  1.000000e+000  0.000000e+000  0.000000e+000
    outer loop
      vertex -1.500000e+002  5.882822e+001 -1.180000e+001
      vertex -1.500000e+002  8.000000e+001 -1.000000e+000
      vertex -1.500000e+002  7.961732e+001 -9.238795e-001
    endloop
  endfacet
  facet normal  1.000000e+000  0.000000e+000  0.000000e+000
    outer loop
      vertex -1.500000e+002  5.882822e+001 -1.180000e+001
      vertex -1.500000e+002  7.961732e+001 -9.238795e-001
      vertex -1.500000e+002  7.929289e+001 -7.071068e-001
    endloop
  endfacet
  facet normal  1.000000e+000  0.000000e+000  0.000000e+000
    outer loop
      vertex -1.500000e+002  5.882822e+001 -1.180000e+001
      vertex -1.500000e+002  7.929289e+001 -7.071068e-001
      vertex -1.500000e+002  7.907612e+001 -3.826834e-001
    endloop
  endfacet
  facet normal  1.000000e+000  0.000000e+000  0.000000e+000
    outer loop
      vertex -1.500000e+002  5.882822e+001 -1.180000e+001
      vertex -1.500000e+002  7.907612e+001 -3.826834e-001
      vertex -1.500000e+002  7.900000e+001  1.224647e-016
    endloop
  endfacet
  facet normal  1.000000e+000  0.000000e+000  0.000000e+000
    outer loop
      vertex -1.500000e+002  5.882822e+001 -1.180000e+001
      vertex -1.500000e+002  7.900000e+001  1.224647e-016
      vertex -1.500000e+002  7.070711e+001 -7.071068e-001
    endloop
  endfacet
  facet normal  1.000000e+000  0.000000e+000  0.000000e+000
    outer loop
      vertex -1.500000e+002  5.882822e+001 -1.180000e+001
      vertex -1.500000e+002  7.070711e+001 -7.071068e-001
      vertex -1.500000e+002  7.038268e+001 -9.238795e-001
    endloop
  endfacet
  facet normal  1.000000e+000  0.000000e+000  0.000000e+000
    outer loop
      vertex -1.500000e+002  5.882822e+001 -1.180000e+001
      vertex -1.500000e+002  7.038268e+001 -9.238795e-001
      vertex -1.500000e+002  7.000000e+001 -1.000000e+000
    endloop
  endfacet
  facet normal  1.000000e+000  0.000000e+000  0.000000e+000
    outer loop
      vertex -1.500000e+002  5.882822e+001 -1.180000e+001
      vertex -1.500000e+002  7.000000e+001 -1.000000e+000
      vertex -1.500000e+002  6.961732e+001 -9.238795e-001
    endloop
  endfacet
  facet normal  1.000000e+000  0.000000e+000  0.000000e+000
    outer loop
      vertex -1.500000e+002  5.882822e+001 -1.180000e+001
      vertex -1.500000e+002  6.961732e+001 -9.238795e-001
      vertex -1.500000e+002  6.929289e+001 -7.071068e-001
    endloop
  endfacet
  facet normal  1.000000e+000  0.000000e+000  0.000000e+000
    outer loop
      vertex -1.500000e+002  5.882822e+001 -1.180000e+001
      vertex -1.500000e+002  6.929289e+001 -7.071068e-001
      vertex -1.500000e+002  6.907612e+001 -3.826834e-001
    endloop
  endfacet
  facet normal  1.000000e+000  0.000000e+000  0.000000e+000
    outer loop
      vertex -1.500000e+002  5.882822e+001 -1.180000e+001
      vertex -1.500000e+002  6.907612e+001 -3.826834e-001
      vertex -1.500000e+002  6.900000e+001  1.224647e-016
    endloop
  endfacet
  facet normal  1.000000e+000  0.000000e+000  0.000000e+000
    outer loop
      vertex -1.500000e+002  5.882822e+001 -1.180000e+001
      vertex -1.500000e+002  6.900000e+001  1.224647e-016
      vertex -1.500000e+002  5.933994e+001 -8.875376e+000
    endloop
  endfacet
  facet normal  1.000000e+000  0.000000e+000  0.000000e+000
    outer loop
      vertex -1.500000e+002  9.226598e+001 -1.180000e+001
      vertex -1.500000e+002  8.100000e+001  0.000000e+000
      vertex -1.500000e+002  8.092388e+001 -3.826834e-001
    endloop
  endfacet
  facet normal  1.000000e+000  0.000000e+000  0.000000e+000
    outer loop
      vertex -1.500000e+002  9.226598e+001 -1.180000e+001
      vertex -1.500000e+002  8.092388e+001 -3.826834e-001
      vertex -1.500000e+002  8.070711e+001 -7.071068e-001
    endloop
  endfacet
  facet normal  1.000000e+000  0.000000e+000  0.000000e+000
    outer loop
      vertex -1.500000e+002  9.226598e+001 -1.180000e+001
      vertex -1.500000e+002  8.070711e+001 -7.071068e-001
      vertex -1.500000e+002  8.038268e+001 -9.238795e-001
    endloop
  endfacet
  facet normal  1.000000e+000  0.000000e+000  0.000000e+000
    outer loop
      vertex -1.500000e+002  9.226598e+001 -1.180000e+001
      vertex -1.500000e+002  8.038268e+001 -9.238795e-001
      vertex -1.500000e+002  5.882822e+001 -1.180000e+001
    endloop
  endfacet
  facet normal -6.833315e-009 -9.972460e-001  7.416566e-002
    outer loop
      vertex -1.681138e+002  5.970634e+001 -5.929043e+000
      vertex -1.500000e+002  5.992654e+001 -2.968143e+000
      vertex -1.681138e+002  5.992654e+001 -2.968145e+000
    endloop
  endfacet
  facet normal -2.279604e-009 -9.996939e-001  2.474177e-002
    outer loop
      vertex -1.681138e+002  5.992654e+001 -2.968145e+000
      vertex -1.500000e+002  5.992654e+001 -2.968143e+000
      vertex -1.500000e+002  6.000000e+001  0.000000e+000
    endloop
  endfacet
  facet normal  0.000000e+000 -9.996939e-001  2.474176e-002
    outer loop
      vertex -1.681138e+002  5.992654e+001 -2.968145e+000
      vertex -1.500000e+002  6.000000e+001  0.000000e+000
      vertex -1.681138e+002  6.000000e+001  0.000000e+000
    endloop
  endfacet
  facet normal -9.761951e-008 -9.972459e-001  7.416622e-002
    outer loop
      vertex -1.500000e+002  5.992654e+001 -2.968143e+000
      vertex -1.681138e+002  5.970634e+001 -5.929043e+000
      vertex -1.500000e+002  5.970634e+001 -5.929019e+000
    endloop
  endfacet
  facet normal -1.624338e-007 -9.923559e-001  1.234087e-001
    outer loop
      vertex -1.500000e+002  5.970634e+001 -5.929019e+000
      vertex -1.681138e+002  5.970634e+001 -5.929043e+000
      vertex -1.681138e+002  5.933993e+001 -8.875419e+000
    endloop
  endfacet
  facet normal  1.255962e-007 -9.923561e-001  1.234070e-001
    outer loop
      vertex -1.500000e+002  5.970634e+001 -5.929019e+000
      vertex -1.681138e+002  5.933993e+001 -8.875419e+000
      vertex -1.500000e+002  5.933994e+001 -8.875376e+000
    endloop
  endfacet
  facet normal  6.561074e-009 -9.850361e-001  1.723482e-001
    outer loop
      vertex -1.500000e+002  5.933994e+001 -8.875376e+000
      vertex -1.681138e+002  5.933993e+001 -8.875419e+000
      vertex -1.681138e+002  5.882822e+001 -1.180000e+001
    endloop
  endfacet
  facet normal  0.000000e+000 -9.850361e-001  1.723482e-001
    outer loop
      vertex -1.500000e+002  5.933994e+001 -8.875376e+000
      vertex -1.681138e+002  5.882822e+001 -1.180000e+001
      vertex -1.500000e+002  5.882822e+001 -1.180000e+001
    endloop
  endfacet
  facet normal  1.255920e-007 -9.923559e-001 -1.234087e-001
    outer loop
      vertex -1.681138e+002  5.970634e+001  5.929043e+000
      vertex -1.500000e+002  5.933994e+001  8.875376e+000
      vertex -1.681138e+002  5.933993e+001  8.875419e+000
    endloop
  endfacet
  facet normal  6.560977e-009 -9.850361e-001 -1.723483e-001
    outer loop
      vertex -1.681138e+002  5.933993e+001  8.875419e+000
      vertex -1.500000e+002  5.933994e+001  8.875376e+000
      vertex -1.500000e+002  5.882822e+001  1.180000e+001
    endloop
  endfacet
  facet normal  -0.000000e+000 -9.850361e-001 -1.723482e-001
    outer loop
      vertex -1.681138e+002  5.933993e+001  8.875419e+000
      vertex -1.500000e+002  5.882822e+001  1.180000e+001
      vertex -1.681138e+002  5.882822e+001  1.180000e+001
    endloop
  endfacet
  facet normal -1.624315e-007 -9.923561e-001 -1.234070e-001
    outer loop
      vertex -1.500000e+002  5.933994e+001  8.875376e+000
      vertex -1.681138e+002  5.970634e+001  5.929043e+000
      vertex -1.500000e+002  5.970634e+001  5.929019e+000
    endloop
  endfacet
  facet normal -9.761879e-008 -9.972459e-001 -7.416566e-002
    outer loop
      vertex -1.500000e+002  5.970634e+001  5.929019e+000
      vertex -1.681138e+002  5.970634e+001  5.929043e+000
      vertex -1.681138e+002  5.992654e+001  2.968145e+000
    endloop
  endfacet
  facet normal -6.833367e-009 -9.972460e-001 -7.416622e-002
    outer loop
      vertex -1.500000e+002  5.970634e+001  5.929019e+000
      vertex -1.681138e+002  5.992654e+001  2.968145e+000
      vertex -1.500000e+002  5.992654e+001  2.968143e+000
    endloop
  endfacet
  facet normal -2.279603e-009 -9.996939e-001 -2.474176e-002
    outer loop
      vertex -1.500000e+002  5.992654e+001  2.968143e+000
      vertex -1.681138e+002  5.992654e+001  2.968145e+000
      vertex -1.681138e+002  6.000000e+001  0.000000e+000
    endloop
  endfacet
  facet normal  0.000000e+000 -9.996939e-001 -2.474177e-002
    outer loop
      vertex -1.500000e+002  5.992654e+001  2.968143e+000
      vertex -1.681138e+002  6.000000e+001  0.000000e+000
      vertex -1.500000e+002  6.000000e+001  0.000000e+000
    endloop
  endfacet
  facet normal -1.308667e-003  8.314674e-001 -5.555720e-001
    outer loop
      vertex -1.645571e+002  6.915864e+001  5.404716e-001
      vertex -1.500000e+002  6.929289e+001  7.071068e-001
      vertex -1.500000e+002  6.907612e+001  3.826834e-001
    endloop
  endfacet
  facet normal  9.486865e-004  7.365939e-001 -6.763347e-001
    outer loop
      vertex -1.644589e+002  6.938942e+001  7.919528e-001
      vertex -1.500000e+002  6.929289e+001  7.071068e-001
      vertex -1.645571e+002  6.915864e+001  5.404716e-001
    endloop
  endfacet
  facet normal -1.170182e-003  5.555682e-001 -8.314702e-001
    outer loop
      vertex -1.500000e+002  6.961732e+001  9.238795e-001
      vertex -1.500000e+002  6.929289e+001  7.071068e-001
      vertex -1.644589e+002  6.938942e+001  7.919528e-001
    endloop
  endfacet
  facet normal  6.431629e-004  4.701205e-001 -8.826020e-001
    outer loop
      vertex -1.643339e+002  6.968303e+001  9.484359e-001
      vertex -1.500000e+002  6.961732e+001  9.238795e-001
      vertex -1.644589e+002  6.938942e+001  7.919528e-001
    endloop
  endfacet
  facet normal -1.279063e-003 -5.555682e-001 -8.314701e-001
    outer loop
      vertex -1.639435e+002  7.059848e+001  8.011383e-001
      vertex -1.500000e+002  7.070711e+001  7.071068e-001
      vertex -1.500000e+002  7.038268e+001  9.238795e-001
    endloop
  endfacet
  facet normal  8.822243e-004 -7.168164e-001 -6.972614e-001
    outer loop
      vertex -1.500000e+002  7.070711e+001  7.071068e-001
      vertex -1.639435e+002  7.059848e+001  8.011383e-001
      vertex -1.638501e+002  7.081708e+001  5.765284e-001
    endloop
  endfacet
  facet normal -1.363949e-003 -8.314674e-001 -5.555719e-001
    outer loop
      vertex -1.638501e+002  7.081708e+001  5.765284e-001
      vertex -1.500000e+002  7.092388e+001  3.826834e-001
      vertex -1.500000e+002  7.070711e+001  7.071068e-001
    endloop
  endfacet
  facet normal  6.426722e-004  9.092591e-001 -4.162301e-001
    outer loop
      vertex -1.645571e+002  6.915864e+001  5.404716e-001
      vertex -1.500000e+002  6.907612e+001  3.826834e-001
      vertex -1.646071e+002  6.904102e+001  2.834470e-001
    endloop
  endfacet
  facet normal -1.031606e-003  9.807858e-001 -1.950853e-001
    outer loop
      vertex -1.646071e+002  6.904102e+001  2.834470e-001
      vertex -1.500000e+002  6.907612e+001  3.826834e-001
      vertex -1.500000e+002  6.900000e+001  1.224647e-016
    endloop
  endfacet
  facet normal  0.000000e+000  9.896921e-001 -1.432114e-001
    outer loop
      vertex -1.646071e+002  6.904102e+001  2.834470e-001
      vertex -1.500000e+002  6.900000e+001  1.224647e-016
      vertex -1.646246e+002  6.900000e+001  1.224647e-016
    endloop
  endfacet
  facet normal  5.169640e-004 -4.689555e-001 -8.832216e-001
    outer loop
      vertex -1.639435e+002  7.059848e+001  8.011383e-001
      vertex -1.500000e+002  7.038268e+001  9.238795e-001
      vertex -1.640589e+002  7.032803e+001  9.446672e-001
    endloop
  endfacet
  facet normal -6.918531e-004 -1.950907e-001 -9.807851e-001
    outer loop
      vertex -1.640589e+002  7.032803e+001  9.446672e-001
      vertex -1.500000e+002  7.038268e+001  9.238795e-001
      vertex -1.500000e+002  7.000000e+001  1.000000e+000
    endloop
  endfacet
  facet normal -6.810139e-005 -1.691678e-001 -9.855872e-001
    outer loop
      vertex -1.640589e+002  7.032803e+001  9.446672e-001
      vertex -1.500000e+002  7.000000e+001  1.000000e+000
      vertex -1.641963e+002  7.000581e+001  9.999831e-001
    endloop
  endfacet
  facet normal  8.106187e-005  1.950907e-001 -9.807852e-001
    outer loop
      vertex -1.641963e+002  7.000581e+001  9.999831e-001
      vertex -1.500000e+002  7.000000e+001  1.000000e+000
      vertex -1.500000e+002  6.961732e+001  9.238795e-001
    endloop
  endfacet
  facet normal -9.668398e-004  1.580988e-001 -9.874228e-001
    outer loop
      vertex -1.641963e+002  7.000581e+001  9.999831e-001
      vertex -1.500000e+002  6.961732e+001  9.238795e-001
      vertex -1.643339e+002  6.968303e+001  9.484359e-001
    endloop
  endfacet
  facet normal  6.657970e-004 -8.952005e-001 -4.456631e-001
    outer loop
      vertex -1.638501e+002  7.081708e+001  5.765284e-001
      vertex -1.637923e+002  7.095246e+001  3.046706e-001
      vertex -1.500000e+002  7.092388e+001  3.826834e-001
    endloop
  endfacet
  facet normal -1.174908e-003 -9.880320e-001 -1.542443e-001
    outer loop
      vertex -1.500000e+002  7.092388e+001  3.826834e-001
      vertex -1.637923e+002  7.095246e+001  3.046706e-001
      vertex -1.637719e+002  7.100000e+001  0.000000e+000
    endloop
  endfacet
  facet normal  0.000000e+000 -9.807863e-001 -1.950854e-001
    outer loop
      vertex -1.500000e+002  7.092388e+001  3.826834e-001
      vertex -1.637719e+002  7.100000e+001  0.000000e+000
      vertex -1.500000e+002  7.100000e+001  0.000000e+000
    endloop
  endfacet
  facet normal -9.565402e-004 -8.314678e-001  5.555722e-001
    outer loop
      vertex -1.500000e+002  7.070711e+001 -7.071068e-001
      vertex -1.500000e+002  7.092388e+001 -3.826834e-001
      vertex -1.638201e+002  7.088721e+001 -4.613534e-001
    endloop
  endfacet
  facet normal  2.428783e-004 -2.466853e-001  9.690955e-001
    outer loop
      vertex -1.500000e+002  7.038268e+001 -9.238795e-001
      vertex -1.640269e+002  7.040305e+001 -9.151806e-001
      vertex -1.641633e+002  7.008338e+001 -9.965176e-001
    endloop
  endfacet
  facet normal -9.073828e-004 -1.950906e-001  9.807848e-001
    outer loop
      vertex -1.641633e+002  7.008338e+001 -9.965176e-001
      vertex -1.500000e+002  7.000000e+001 -1.000000e+000
      vertex -1.500000e+002  7.038268e+001 -9.238795e-001
    endloop
  endfacet
  facet normal  7.227635e-004  8.114214e-002  9.967022e-001
    outer loop
      vertex -1.500000e+002  7.000000e+001 -1.000000e+000
      vertex -1.641633e+002  7.008338e+001 -9.965176e-001
      vertex -1.643028e+002  6.975594e+001 -9.697588e-001
    endloop
  endfacet
  facet normal -1.255315e-003  1.950906e-001  9.807845e-001
    outer loop
      vertex -1.643028e+002  6.975594e+001 -9.697588e-001
      vertex -1.500000e+002  6.961732e+001 -9.238795e-001
      vertex -1.500000e+002  7.000000e+001 -1.000000e+000
    endloop
  endfacet
  facet normal  8.293586e-004  3.902992e-001  9.206877e-001
    outer loop
      vertex -1.500000e+002  6.961732e+001 -9.238795e-001
      vertex -1.643028e+002  6.975594e+001 -9.697588e-001
      vertex -1.644237e+002  6.947220e+001 -8.493677e-001
    endloop
  endfacet
  facet normal -1.294329e-003  5.555682e-001  8.314701e-001
    outer loop
      vertex -1.644237e+002  6.947220e+001 -8.493677e-001
      vertex -1.500000e+002  6.929289e+001 -7.071068e-001
      vertex -1.500000e+002  6.961732e+001 -9.238795e-001
    endloop
  endfacet
  facet normal  6.861819e-004  6.548289e-001  7.557769e-001
    outer loop
      vertex -1.645250e+002  6.923417e+001 -6.430395e-001
      vertex -1.500000e+002  6.929289e+001 -7.071068e-001
      vertex -1.644237e+002  6.947220e+001 -8.493677e-001
    endloop
  endfacet
  facet normal  4.767907e-004 -9.358410e-001  3.524222e-001
    outer loop
      vertex -1.638201e+002  7.088721e+001 -4.613534e-001
      vertex -1.500000e+002  7.092388e+001 -3.826834e-001
      vertex -1.637843e+002  7.097112e+001 -2.386081e-001
    endloop
  endfacet
  facet normal -1.321725e-003 -9.807854e-001  1.950852e-001
    outer loop
      vertex -1.637843e+002  7.097112e+001 -2.386081e-001
      vertex -1.500000e+002  7.092388e+001 -3.826834e-001
      vertex -1.500000e+002  7.100000e+001  0.000000e+000
    endloop
  endfacet
  facet normal  0.000000e+000 -9.927523e-001  1.201784e-001
    outer loop
      vertex -1.637843e+002  7.097112e+001 -2.386081e-001
      vertex -1.500000e+002  7.100000e+001  0.000000e+000
      vertex -1.637719e+002  7.100000e+001  0.000000e+000
    endloop
  endfacet
  facet normal  3.403885e-004 -7.973574e-001  6.035073e-001
    outer loop
      vertex -1.638201e+002  7.088721e+001 -4.613534e-001
      vertex -1.639066e+002  7.068481e+001 -7.287170e-001
      vertex -1.500000e+002  7.070711e+001 -7.071068e-001
    endloop
  endfacet
  facet normal -4.115433e-004 -5.517426e-001  8.340143e-001
    outer loop
      vertex -1.500000e+002  7.070711e+001 -7.071068e-001
      vertex -1.639066e+002  7.068481e+001 -7.287170e-001
      vertex -1.640269e+002  7.040305e+001 -9.151806e-001
    endloop
  endfacet
  facet normal -2.908766e-004 -5.555685e-001  8.314708e-001
    outer loop
      vertex -1.500000e+002  7.070711e+001 -7.071068e-001
      vertex -1.640269e+002  7.040305e+001 -9.151806e-001
      vertex -1.500000e+002  7.038268e+001 -9.238795e-001
    endloop
  endfacet
  facet normal  0.000000e+000  9.991975e-001  4.005340e-002
    outer loop
      vertex -1.646246e+002  6.900000e+001  1.224647e-016
      vertex -1.500000e+002  6.900000e+001  1.224647e-016
      vertex -1.646232e+002  6.900321e+001 -8.012797e-002
    endloop
  endfacet
  facet normal -8.535431e-004  9.807859e-001  1.950853e-001
    outer loop
      vertex -1.646232e+002  6.900321e+001 -8.012797e-002
      vertex -1.500000e+002  6.900000e+001  1.224647e-016
      vertex -1.500000e+002  6.907612e+001 -3.826834e-001
    endloop
  endfacet
  facet normal -5.192995e-006  9.722302e-001  2.340264e-001
    outer loop
      vertex -1.646232e+002  6.900321e+001 -8.012797e-002
      vertex -1.500000e+002  6.907612e+001 -3.826834e-001
      vertex -1.645923e+002  6.907593e+001 -3.822148e-001
    endloop
  endfacet
  facet normal  6.972262e-006  8.314682e-001  5.555725e-001
    outer loop
      vertex -1.645923e+002  6.907593e+001 -3.822148e-001
      vertex -1.500000e+002  6.907612e+001 -3.826834e-001
      vertex -1.500000e+002  6.929289e+001 -7.071068e-001
    endloop
  endfacet
  facet normal -1.170147e-003  8.550902e-001  5.184779e-001
    outer loop
      vertex -1.645923e+002  6.907593e+001 -3.822148e-001
      vertex -1.500000e+002  6.929289e+001 -7.071068e-001
      vertex -1.645250e+002  6.923417e+001 -6.430395e-001
    endloop
  endfacet
  facet normal -1.910042e-003  8.314666e-001 -5.555714e-001
    outer loop
      vertex -1.599772e+002  7.917842e+001  5.700905e-001
      vertex -1.500000e+002  7.929289e+001  7.071068e-001
      vertex -1.500000e+002  7.907612e+001  3.826834e-001
    endloop
  endfacet
  facet normal  1.448962e-003  7.129842e-001 -7.011786e-001
    outer loop
      vertex -1.598586e+002  7.941545e+001  8.113564e-001
      vertex -1.500000e+002  7.929289e+001  7.071068e-001
      vertex -1.599772e+002  7.917842e+001  5.700905e-001
    endloop
  endfacet
  facet normal -1.885737e-003  5.555676e-001 -8.314693e-001
    outer loop
      vertex -1.500000e+002  7.961732e+001  9.238795e-001
      vertex -1.500000e+002  7.929289e+001  7.071068e-001
      vertex -1.598586e+002  7.941545e+001  8.113564e-001
    endloop
  endfacet
  facet normal  1.278200e-003  4.385326e-001 -8.987144e-001
    outer loop
      vertex -1.597066e+002  7.971909e+001  9.597328e-001
      vertex -1.500000e+002  7.961732e+001  9.238795e-001
      vertex -1.598586e+002  7.941545e+001  8.113564e-001
    endloop
  endfacet
  facet normal -1.577305e-003  1.950905e-001 -9.807840e-001
    outer loop
      vertex -1.500000e+002  8.000000e+001  1.000000e+000
      vertex -1.500000e+002  7.961732e+001  9.238795e-001
      vertex -1.597066e+002  7.971909e+001  9.597328e-001
    endloop
  endfacet
  facet normal  3.938288e-004 -4.924271e-001 -8.703536e-001
    outer loop
      vertex -1.500000e+002  8.038268e+001  9.238795e-001
      vertex -1.593866e+002  8.035732e+001  9.339803e-001
      vertex -1.592565e+002  8.061629e+001  7.875184e-001
    endloop
  endfacet
  facet normal -1.772501e-003 -5.555677e-001 -8.314695e-001
    outer loop
      vertex -1.592565e+002  8.061629e+001  7.875184e-001
      vertex -1.500000e+002  8.070711e+001  7.071068e-001
      vertex -1.500000e+002  8.038268e+001  9.238795e-001
    endloop
  endfacet
  facet normal  1.226836e-003 -7.301131e-001 -6.833252e-001
    outer loop
      vertex -1.500000e+002  8.070711e+001  7.071068e-001
      vertex -1.592565e+002  8.061629e+001  7.875184e-001
      vertex -1.591511e+002  8.082608e+001  5.635580e-001
    endloop
  endfacet
  facet normal -2.094856e-003 -8.314663e-001 -5.555712e-001
    outer loop
      vertex -1.591511e+002  8.082608e+001  5.635580e-001
      vertex -1.500000e+002  8.092388e+001  3.826834e-001
      vertex -1.500000e+002  8.070711e+001  7.071068e-001
    endloop
  endfacet
  facet normal  1.249265e-003  9.042103e-001 -4.270857e-001
    outer loop
      vertex -1.599772e+002  7.917842e+001  5.700905e-001
      vertex -1.500000e+002  7.907612e+001  3.826834e-001
      vertex -1.600476e+002  7.903768e+001  2.719162e-001
    endloop
  endfacet
  facet normal -1.601312e-003  9.807850e-001 -1.950852e-001
    outer loop
      vertex -1.600476e+002  7.903768e+001  2.719162e-001
      vertex -1.500000e+002  7.907612e+001  3.826834e-001
      vertex -1.500000e+002  7.900000e+001  1.224647e-016
    endloop
  endfacet
  facet normal  0.000000e+000  9.905342e-001 -1.372662e-001
    outer loop
      vertex -1.600476e+002  7.903768e+001  2.719162e-001
      vertex -1.500000e+002  7.900000e+001  1.224647e-016
      vertex -1.600664e+002  7.900000e+001  1.224647e-016
    endloop
  endfacet
  facet normal  5.924709e-004  1.218041e-001 -9.925541e-001
    outer loop
      vertex -1.597066e+002  7.971909e+001  9.597328e-001
      vertex -1.595458e+002  8.003993e+001  9.992024e-001
      vertex -1.500000e+002  8.000000e+001  1.000000e+000
    endloop
  endfacet
  facet normal -7.586543e-004 -2.009233e-001 -9.796066e-001
    outer loop
      vertex -1.500000e+002  8.000000e+001  1.000000e+000
      vertex -1.595458e+002  8.003993e+001  9.992024e-001
      vertex -1.593866e+002  8.035732e+001  9.339803e-001
    endloop
  endfacet
  facet normal -5.283332e-004 -1.950907e-001 -9.807851e-001
    outer loop
      vertex -1.500000e+002  8.000000e+001  1.000000e+000
      vertex -1.593866e+002  8.035732e+001  9.339803e-001
      vertex -1.500000e+002  8.038268e+001  9.238795e-001
    endloop
  endfacet
  facet normal  1.019913e-003 -9.003254e-001 -4.352163e-001
    outer loop
      vertex -1.591511e+002  8.082608e+001  5.635580e-001
      vertex -1.590865e+002  8.095464e+001  2.977691e-001
      vertex -1.500000e+002  8.092388e+001  3.826834e-001
    endloop
  endfacet
  facet normal -1.937088e-003 -9.885693e-001 -1.507546e-001
    outer loop
      vertex -1.500000e+002  8.092388e+001  3.826834e-001
      vertex -1.590865e+002  8.095464e+001  2.977691e-001
      vertex -1.590637e+002  8.100000e+001  0.000000e+000
    endloop
  endfacet
  facet normal  0.000000e+000 -9.807862e-001 -1.950854e-001
    outer loop
      vertex -1.500000e+002  8.092388e+001  3.826834e-001
      vertex -1.590637e+002  8.100000e+001  0.000000e+000
      vertex -1.500000e+002  8.100000e+001  0.000000e+000
    endloop
  endfacet
  facet normal -2.033209e-003 -8.314664e-001  5.555713e-001
    outer loop
      vertex -1.591387e+002  8.085074e+001 -5.255938e-001
      vertex -1.500000e+002  8.070711e+001 -7.071068e-001
      vertex -1.500000e+002  8.092388e+001 -3.826834e-001
    endloop
  endfacet
  facet normal  1.344934e-003 -7.501291e-001  6.612900e-001
    outer loop
      vertex -1.592509e+002  8.062743e+001 -7.786781e-001
      vertex -1.500000e+002  8.070711e+001 -7.071068e-001
      vertex -1.591387e+002  8.085074e+001 -5.255938e-001
    endloop
  endfacet
  facet normal -1.647506e-003 -5.555679e-001  8.314696e-001
    outer loop
      vertex -1.500000e+002  8.038268e+001 -9.238795e-001
      vertex -1.500000e+002  8.070711e+001 -7.071068e-001
      vertex -1.592509e+002  8.062743e+001 -7.786781e-001
    endloop
  endfacet
  facet normal  8.263774e-004 -4.869519e-001  8.734283e-001
    outer loop
      vertex -1.593994e+002  8.033182e+001 -9.433447e-001
      vertex -1.500000e+002  8.038268e+001 -9.238795e-001
      vertex -1.592509e+002  8.062743e+001 -7.786781e-001
    endloop
  endfacet
  facet normal -1.886179e-003  5.555676e-001  8.314693e-001
    outer loop
      vertex -1.598586e+002  7.941553e+001 -8.114125e-001
      vertex -1.500000e+002  7.929289e+001 -7.071068e-001
      vertex -1.500000e+002  7.961732e+001 -9.238795e-001
    endloop
  endfacet
  facet normal  1.085112e-003  6.970701e-001  7.170022e-001
    outer loop
      vertex -1.599640e+002  7.920490e+001 -6.064761e-001
      vertex -1.500000e+002  7.929289e+001 -7.071068e-001
      vertex -1.598586e+002  7.941553e+001 -8.114125e-001
    endloop
  endfacet
  facet normal -1.732186e-003  8.314669e-001  5.555716e-001
    outer loop
      vertex -1.500000e+002  7.907612e+001 -3.826834e-001
      vertex -1.500000e+002  7.929289e+001 -7.071068e-001
      vertex -1.599640e+002  7.920490e+001 -6.064761e-001
    endloop
  endfacet
  facet normal  1.000700e-003 -9.146897e-001  4.041557e-001
    outer loop
      vertex -1.591387e+002  8.085074e+001 -5.255938e-001
      vertex -1.500000e+002  8.092388e+001 -3.826834e-001
      vertex -1.590831e+002  8.096130e+001 -2.755163e-001
    endloop
  endfacet
  facet normal -1.738268e-003 -9.807847e-001  1.950851e-001
    outer loop
      vertex -1.590831e+002  8.096130e+001 -2.755163e-001
      vertex -1.500000e+002  8.092388e+001 -3.826834e-001
      vertex -1.500000e+002  8.100000e+001  0.000000e+000
    endloop
  endfacet
  facet normal  0.000000e+000 -9.902767e-001  1.391119e-001
    outer loop
      vertex -1.590831e+002  8.096130e+001 -2.755163e-001
      vertex -1.500000e+002  8.100000e+001  0.000000e+000
      vertex -1.590637e+002  8.100000e+001  0.000000e+000
    endloop
  endfacet
  facet normal  1.019091e-003  4.483894e-001  8.938377e-001
    outer loop
      vertex -1.598586e+002  7.941553e+001 -8.114125e-001
      vertex -1.500000e+002  7.961732e+001 -9.238795e-001
      vertex -1.597171e+002  7.969818e+001 -9.533658e-001
    endloop
  endfacet
  facet normal -1.352662e-003  1.950905e-001  9.807843e-001
    outer loop
      vertex -1.597171e+002  7.969818e+001 -9.533658e-001
      vertex -1.500000e+002  7.961732e+001 -9.238795e-001
      vertex -1.500000e+002  8.000000e+001 -1.000000e+000
    endloop
  endfacet
  facet normal  8.415520e-005  1.500518e-001  9.886782e-001
    outer loop
      vertex -1.597171e+002  7.969818e+001 -9.533658e-001
      vertex -1.500000e+002  8.000000e+001 -1.000000e+000
      vertex -1.595632e+002  8.000527e+001 -9.999861e-001
    endloop
  endfacet
  facet normal -1.061238e-004 -1.950907e-001  9.807852e-001
    outer loop
      vertex -1.595632e+002  8.000527e+001 -9.999861e-001
      vertex -1.500000e+002  8.000000e+001 -1.000000e+000
      vertex -1.500000e+002  8.038268e+001 -9.238795e-001
    endloop
  endfacet
  facet normal -1.118723e-003 -1.703594e-001  9.853814e-001
    outer loop
      vertex -1.595632e+002  8.000527e+001 -9.999861e-001
      vertex -1.500000e+002  8.038268e+001 -9.238795e-001
      vertex -1.593994e+002  8.033182e+001 -9.433447e-001
    endloop
  endfacet
  facet normal  5.875728e-004  8.778319e-001  4.789683e-001
    outer loop
      vertex -1.599640e+002  7.920490e+001 -6.064761e-001
      vertex -1.600366e+002  7.905962e+001 -3.401402e-001
      vertex -1.500000e+002  7.907612e+001 -3.826834e-001
    endloop
  endfacet
  facet normal -8.872519e-004  9.849945e-001  1.725835e-001
    outer loop
      vertex -1.500000e+002  7.907612e+001 -3.826834e-001
      vertex -1.600366e+002  7.905962e+001 -3.401402e-001
      vertex -1.600664e+002  7.900000e+001  1.224647e-016
    endloop
  endfacet
  facet normal  -0.000000e+000  9.807863e-001  1.950854e-001
    outer loop
      vertex -1.500000e+002  7.907612e+001 -3.826834e-001
      vertex -1.600664e+002  7.900000e+001  1.224647e-016
      vertex -1.500000e+002  7.900000e+001  1.224647e-016
    endloop
  endfacet
endsolid CATIA STL
